{"type":"FeatureCollection","features":[{"type":"Feature","properties":{"OBJECTID":1,"AreaAcres":497659,"AreaSqKm":2013.96,"States":"OH, MI","HUC8":"04100006","Name":"Tiffin","ShapeSTArea":2012455753.6296518,"ShapeSTLength":315089.3146078074,"avgScore":70,"riskLevel":"moderate","facilityCount":0,"highRiskCount":0,"totalRsei":0,"topChemicals":[],"sensitivity":0.5},"geometry":{"type":"Polygon","coordinates":[[[-84.34386380443954,42.03459116899371],[-84.33975042923673,42.02746698482633],[-84.38825913297238,42.02417347037383],[-84.41344915895876,42.005264999404375],[-84.45162727441951,42.006524713746444],[-84.46783955769207,41.97086072242823],[-84.44199137754755,41.94126177014095],[-84.47669451433691,41.89903173110262],[-84.46198361069234,41.891750307589376],[-84.46449859929598,41.86847165402354],[-84.44532712262799,41.83411228777827],[-84.41065972079299,41.81144213870379],[-84.39984260860736,41.77667331875172],[-84.54222779387688,41.59831631332816],[-84.64081113365992,41.51612004788401],[-84.66292457541422,41.467279258123625],[-84.68507413865285,41.458248347896934],[-84.68222223472786,41.435556383492475],[-84.75266467233841,41.377718153046004],[-84.74390341554957,41.363949538208075],[-84.70672194908862,41.34799978328236],[-84.68234359041641,41.3516590324283],[-84.64410241218019,41.32069274954328],[-84.48837237299476,41.31162890930417],[-84.38599230586432,41.2796105767355],[-84.38107793246847,41.29479280335103],[-84.30580248154841,41.32139241919136],[-84.31993134599647,41.34265560145371],[-84.30502547553337,41.37214234664302],[-84.31645308714427,41.39068469508573],[-84.29735227343207,41.42346537222792],[-84.26814233136614,41.46220022688434],[-84.19960825454307,41.50712126799965],[-84.17108936960287,41.57183900754662],[-84.14691822613277,41.591070326192394],[-84.17580722611619,41.631980362453795],[-84.16133310293222,41.65065297734764],[-84.16911192647724,41.69670874193261],[-84.1493185648993,41.70879781600455],[-84.16043873566375,41.72729647426702],[-84.15050085240749,41.74821859774349],[-84.16416205823258,41.75297397607423],[-84.17637400736227,41.78316969046642],[-84.22562398372554,41.792267443283095],[-84.23926173541948,41.814814718748345],[-84.3040290680643,41.83036723822349],[-84.27358998719777,41.85099646633856],[-84.29862021361106,41.86693418297929],[-84.30304198436106,41.89025500675684],[-84.26686828247543,41.90943232451515],[-84.27643068541177,41.936537149357655],[-84.24629532350579,41.95812928838252],[-84.24733217574706,41.97383293648531],[-84.26896994384958,42.004451277730766],[-84.34386380443954,42.03459116899371]]]}},{"type":"Feature","properties":{"OBJECTID":2,"AreaAcres":1451979.29161177,"AreaSqKm":5875.96,"States":"MI","HUC8":"04090002","Name":"Lake St. Clair","ShapeSTArea":5796400581.472635,"ShapeSTLength":643064.6172553446,"avgScore":55,"riskLevel":"moderate","facilityCount":6,"highRiskCount":1,"totalRsei":484306903,"topChemicals":["Styrene (100-42-5)","Methyl methacrylate (80-62-6)","1,2,4-Trimethylbenzene (95-63-6)","Phenol (108-95-2)","Copper (7440-50-8)","Lead (7439-92-1)"],"sensitivity":0.6},"geometry":{"type":"Polygon","coordinates":[[[-81.3900501354178,43.120849998392146],[-81.41345012608393,43.10000000813535],[-81.43142012611547,43.057730009169646],[-81.4679701259402,43.06169999904481],[-81.51448012444386,43.02736999976233],[-81.54576012662409,43.02700999898985],[-81.55575012492886,43.014799989596774],[-81.5950301249705,43.012699998822825],[-81.69911012541141,42.97464999833879],[-81.74601012462668,42.980619997143044],[-81.79146012421032,43.00917999978919],[-81.78432013397465,43.03225998908382],[-81.79552012392728,43.051199997891345],[-81.8656001141864,43.047079989648786],[-81.87177472518417,43.05335927818768],[-81.85820010400997,43.060879998152586],[-81.87171011515439,43.06889999910364],[-81.90240011522033,43.04650999839099],[-81.97186011416585,43.03303999867189],[-82.00077011376906,42.997130008253535],[-82.03273011558086,42.99349999770089],[-82.09092011264983,42.957150008543785],[-82.16534010483082,42.94140999815922],[-82.2231400924708,42.90318000790055],[-82.26017118317787,42.90097486843446],[-82.23589608265694,42.89457221704812],[-82.26607010291595,42.87183999763824],[-82.31822007742858,42.8853304384163],[-82.39568764539729,42.87050345213038],[-82.37221822817268,42.82795611966927],[-82.38589231733394,42.76821450016519],[-82.40916742992846,42.73055541868919],[-82.39831637158665,42.70121862001572],[-82.4447064179955,42.69659754007151],[-82.45427430016602,42.67479519414476],[-82.47607519077934,42.66102679589133],[-82.49216861960733,42.665383806813324],[-82.49129662168303,42.64879431895044],[-82.51354052516872,42.64191428342203],[-82.52547575828751,42.69391632012441],[-82.50896974634615,42.72038690553489],[-82.57476051874565,42.72561625347829],[-82.57198181098417,42.764839833611155],[-82.64120581070274,42.79632053330937],[-82.72714262510841,42.79500973769046],[-82.79036267824154,42.81761789712064],[-82.80841662708244,42.74626195888464],[-82.88174255878158,42.611989532217635],[-82.85585775228185,42.60974452353815],[-82.8491524077734,42.59486130293761],[-82.78067969504687,42.59575468731136],[-82.89068036527976,42.57957780812246],[-82.95838671032543,42.48605820892957],[-83.00899859379244,42.444656048635046],[-82.99555247171459,42.437550429862135],[-83.00950678351363,42.41019741102462],[-82.99544741078255,42.40237077424843],[-82.94030294001055,42.40786378191262],[-82.9003724521701,42.39228244654239],[-82.92612336045565,42.36259612760409],[-82.92106008254846,42.330639188402515],[-82.91334550687351,42.31729978170088],[-82.86978508379083,42.305114649215156],[-82.8719080527179,42.28854040981819],[-82.90192685940211,42.272772979804685],[-82.90174691954654,42.24348194014453],[-82.94576951450075,42.21482463873141],[-82.91461323057031,42.204736249837744],[-82.90097488987509,42.183058992058946],[-82.82216598872793,42.17447311011791],[-82.76160924780511,42.14212160159622],[-82.69683834233962,42.07730936920189],[-82.62450774059258,42.09096828398684],[-82.57900738202416,42.14717419660926],[-82.5544801319625,42.14630999896866],[-82.56136019225,42.23659724844878],[-82.52030569292114,42.23038666343537],[-82.50336303213442,42.246879604585445],[-82.50220143655338,42.28715192338795],[-82.48450432145735,42.29003617272559],[-82.48070145372857,42.30651024161151],[-82.45831848076804,42.307763595726676],[-82.41803930305471,42.3448513360415],[-82.40273860856867,42.33811726364208],[-82.37676223971279,42.358706398500175],[-82.3645813739593,42.3475736860627],[-82.17540664350967,42.418821516945464],[-82.15368300490601,42.44439285398637],[-82.1452101731171,42.486999988371515],[-82.11449013227075,42.490390008721086],[-82.08991016245147,42.507099987589754],[-82.09360991413412,42.51981189868089],[-82.05260010159202,42.52413997849187],[-82.03752011389328,42.560229998661924],[-81.98406017315716,42.5790499878276],[-81.98376016290398,42.59477997911088],[-81.96429017356398,42.60853998767625],[-81.92184100225008,42.625526459113956],[-81.87431017294058,42.62534998816756],[-81.82652017272612,42.65432997870902],[-81.80373017194987,42.65527999790486],[-81.79128018354587,42.68071998906268],[-81.74368014383936,42.68156998876082],[-81.75945013283813,42.703199998047985],[-81.74855017287587,42.71076999008895],[-81.75666017406594,42.72457998046615],[-81.74157017448256,42.72866998858891],[-81.75115017395733,42.75072999878949],[-81.71905018338965,42.75005998862444],[-81.69244013492022,42.808379999547064],[-81.61852014355874,42.81517999034328],[-81.59485017456473,42.84749998904869],[-81.5087301641101,42.86425998830787],[-81.4959301754497,42.90479999934474],[-81.5047201749009,42.93126999921283],[-81.42400014505444,42.98971998926178],[-81.37640014631113,43.0610400106178],[-81.3760301464597,43.10889999904799],[-81.3900501354178,43.120849998392146]]]}},{"type":"Feature","properties":{"OBJECTID":3,"AreaAcres":680354.68401984,"AreaSqKm":2753.3,"States":"MI, OH","HUC8":"04100002","Name":"Raisin","ShapeSTArea":2751137560.171344,"ShapeSTLength":418857.37540614756,"avgScore":48,"riskLevel":"moderate","facilityCount":14,"highRiskCount":6,"totalRsei":14660434402,"topChemicals":["Manganese (7439-96-5)","Ammonia (7664-41-7)","Xylene (mixed isomers) (1330-20-7)","Toluene (108-88-3)","Diisocyanates (N120)","Methyl methacrylate (80-62-6)"],"sensitivity":0.75},"geometry":{"type":"Polygon","coordinates":[[[-83.79245006128451,42.2576190858975],[-83.83704515335778,42.2392596344075],[-83.86201195966873,42.20944619539144],[-83.86696009961565,42.224165174433566],[-83.88313682984966,42.22529968845078],[-83.92210557053019,42.203777315175515],[-83.92722406101383,42.18845299211318],[-83.96765266874719,42.19831872179085],[-84.0029839477364,42.17738807386704],[-84.05171485907228,42.18626576887533],[-84.06478961398447,42.20380574703749],[-84.15405257534232,42.23244223183998],[-84.15237583904533,42.21617764491422],[-84.19184710736101,42.20112213726295],[-84.19156702524374,42.185252489742254],[-84.21086712719679,42.16980228040806],[-84.32203271071616,42.15483385481197],[-84.31146391137743,42.13254121142035],[-84.34689860589182,42.116796494967225],[-84.32093026146545,42.1114153294724],[-84.31415199299693,42.09595641632446],[-84.42648114749058,42.05030724527084],[-84.4569035666071,42.01014953992669],[-84.42703669170344,42.00122079438732],[-84.38810162770785,42.025273057393704],[-84.3393500041825,42.02687680986552],[-84.3449560306207,42.03319183309793],[-84.25835530948133,41.99680900705018],[-84.24629532350579,41.95812928838252],[-84.27957927225498,41.94159200942045],[-84.26499383523485,41.91298994759092],[-84.30539291025792,41.889522226566555],[-84.29933898498813,41.8663702037675],[-84.27488942957874,41.84789330072268],[-84.30630054210344,41.83581504412081],[-84.23932244282038,41.81555465146615],[-84.23328523834256,41.79556501123686],[-84.17085503388982,41.7767567666428],[-84.16416205823258,41.75297397607423],[-84.15055446674174,41.749854268835094],[-84.16079028349316,41.72862902579051],[-84.14890580279463,41.709786030808644],[-84.16654541156143,41.699841442827825],[-84.15536286393639,41.65434319026479],[-84.05041022936408,41.66955143537817],[-84.00311459991704,41.69288933502657],[-83.98255648117944,41.717846665105384],[-83.88288693594411,41.7366980647943],[-83.88165782878892,41.75341949220351],[-83.85903217343566,41.771628591074496],[-83.82165004621746,41.76928016904234],[-83.79301043238104,41.78801322231676],[-83.79586239677754,41.81932211189073],[-83.76744120279758,41.82095644445367],[-83.76504029871968,41.849606755818314],[-83.68158115958803,41.87058726298941],[-83.66953967929531,41.92352187937786],[-83.60965316431948,41.964460286475074],[-83.46096130137585,41.93214246855028],[-83.34873782586153,41.89053822002915],[-83.33533907550174,41.899167466984316],[-83.43705873719634,41.96302745064461],[-83.51393019175345,41.99057710514402],[-83.61322181437605,42.002985629916395],[-83.6063331569962,42.01681623184456],[-83.61694013048455,42.04644990388062],[-83.60240619408617,42.06691605315442],[-83.65047307908475,42.06299510970743],[-83.72052760987131,42.10850575917408],[-83.70603509825682,42.11931491214267],[-83.70995186825428,42.14153907057878],[-83.67912959087266,42.1681781441952],[-83.70488288163963,42.17120880122103],[-83.68529962649738,42.21639323634586],[-83.71539961339701,42.21093413514919],[-83.79245006128451,42.2576190858975]]]}},{"type":"Feature","properties":{"OBJECTID":4,"AreaAcres":660988,"AreaSqKm":2674.93,"States":"MI","HUC8":"04020105","Name":"Dead-Kelsey","ShapeSTArea":2406387973.0053854,"ShapeSTLength":500752.81704383355,"avgScore":51,"riskLevel":"moderate","facilityCount":2,"highRiskCount":1,"totalRsei":2926789227,"topChemicals":["Nickel compounds (N495)","Copper compounds (N100)","Lead compounds (N420)","Cobalt compounds (N096)","Mercury compounds (N458)","Nitrate compounds (water dissociable) (N511)"],"sensitivity":0.35},"geometry":{"type":"Polygon","coordinates":[[[-88.46219975115315,46.9822934214194],[-88.47779101703723,46.95572617124335],[-88.45695102672863,46.94131135357809],[-88.50967732504309,46.86000045455407],[-88.54494908848476,46.83780115341492],[-88.57738629378063,46.791277878928945],[-88.58558673066794,46.76900371420534],[-88.54776406678901,46.76491394159072],[-88.55216426133613,46.74930345481362],[-88.6057944634361,46.71225076378576],[-88.58503636986403,46.68285983300587],[-88.56070909233846,46.6809402039692],[-88.5579260625206,46.666745478397495],[-88.51387119676684,46.64653914602289],[-88.42434028173226,46.65326412987267],[-88.4057752825264,46.63794722566382],[-88.35206106674067,46.637654240082455],[-88.31749970111238,46.657361352432375],[-88.26146802657175,46.6425768676932],[-88.23106104655194,46.653023507409706],[-88.23711219930516,46.68206679315661],[-88.2573028834767,46.68835773508644],[-88.22881591680283,46.7256500671326],[-88.18164495087548,46.71872251787082],[-88.13614648942745,46.73362719468431],[-88.09108362028596,46.719468916131405],[-88.09978184478172,46.70222845171965],[-88.03703293535413,46.706130618236976],[-87.99810481499816,46.66080066107153],[-87.91733679507308,46.63419514397663],[-87.92514145679978,46.61599394251886],[-87.87558895624116,46.61076828399748],[-87.88301027191116,46.59683861838452],[-87.87243628908752,46.58518924804949],[-87.84073436618733,46.587658193289045],[-87.85512668258117,46.55746170399172],[-87.79348221674627,46.537859465699434],[-87.80378544724157,46.5252106730294],[-87.78736162528794,46.50633131946909],[-87.80213866069707,46.46158149404737],[-87.79272574500864,46.449668552685935],[-87.74268421895015,46.44835304723567],[-87.69326457688163,46.473065849042314],[-87.61414167689054,46.471497680687015],[-87.60602128794308,46.48325848275659],[-87.64874619603617,46.50481211738198],[-87.64063051745278,46.50663080455076],[-87.53337851415893,46.499131080094436],[-87.49201095423604,46.47437867177257],[-87.45068782877206,46.49635946327036],[-87.35660061588676,46.50235220470934],[-87.39382386585933,46.53255855762351],[-87.37580913600466,46.54619037686709],[-87.39328369968798,46.572936560960514],[-87.38279509957619,46.59342336272134],[-87.39392096144921,46.58429169309348],[-87.43373209620412,46.59092425959531],[-87.47351545614038,46.6370413575534],[-87.50638902627925,46.65135803563807],[-87.52908325566428,46.693849052634235],[-87.58336797814286,46.73254739860909],[-87.59289637684172,46.78053152133828],[-87.63090956616972,46.810169365559375],[-87.67025891441494,46.818674828195704],[-87.67944604606015,46.84146481235184],[-87.69402337478135,46.82710030284062],[-87.72759339725648,46.82629343435521],[-87.7405799378881,46.863839681220554],[-87.77207458503679,46.86369007360456],[-87.78522882322905,46.880217278806924],[-87.85555839911582,46.88597204825523],[-87.90097704989438,46.90976339188092],[-87.9924255350279,46.90480008167919],[-88.08603272299989,46.919365579456176],[-88.2144680362277,46.891379351178344],[-88.28419131513589,46.8217615130313],[-88.2338305155407,46.89460095224118],[-88.13047963888475,46.96162193439842],[-88.147321616563,46.965566898419766],[-88.24292275793785,46.93020176264137],[-88.35623550864997,46.85606765283232],[-88.38950485522307,46.86718752464543],[-88.40395492809893,46.84754147634317],[-88.387350206531,46.84973278060403],[-88.38316506526083,46.83622618975399],[-88.45107406839483,46.76445310705967],[-88.47195357498087,46.750673944244824],[-88.49653408390506,46.75462528542604],[-88.4821555661972,46.78254380240303],[-88.46653542248089,46.78625028819739],[-88.48403671785364,46.831173920551144],[-88.44145352096724,46.980315799314674],[-88.46219975115315,46.9822934214194]]]}},{"type":"Feature","properties":{"OBJECTID":5,"AreaAcres":473504,"AreaSqKm":1916.2,"States":"MI","HUC8":"04050002","Name":"Black-Macatawa","ShapeSTArea":1574199016.748751,"ShapeSTLength":412571.97294517525,"avgScore":46,"riskLevel":"moderate","facilityCount":35,"highRiskCount":16,"totalRsei":4021114124899,"topChemicals":["Barium compounds (N040)","Vanadium compounds (N770)","Ammonia (7664-41-7)","Manganese compounds (N450)","Copper compounds (N100)","Zinc compounds (N982)"],"sensitivity":0.65},"geometry":{"type":"Polygon","coordinates":[[[-86.243053668332,43.05802136521903],[-86.21532975780508,42.91251557960604],[-86.20702051397016,42.913102209187194],[-86.21573718573018,42.90411653993676],[-86.20670150899356,42.72391641076103],[-86.24925317459432,42.482455579530594],[-86.2974686526934,42.35724091510573],[-86.35276700992296,42.25944918274756],[-86.4875326639336,42.117087422551094],[-86.38884349668581,42.20293474084611],[-86.31279616646705,42.22247126586008],[-86.27133103266623,42.2594920683879],[-86.16807623802286,42.28001254709052],[-86.1516457708566,42.29821512007842],[-86.13474174398942,42.26561722053778],[-86.11933078493674,42.260384439964064],[-86.00576021260183,42.26574686093383],[-85.98377387828714,42.297048419071785],[-85.96114482595203,42.30244415939908],[-85.98673542412236,42.33864197022003],[-85.97218035773209,42.35649734604785],[-85.88844197007228,42.37292188372359],[-85.88895182948811,42.38469305522888],[-85.94880511351258,42.420069813061076],[-85.9464424456597,42.440531938990645],[-86.00695030997235,42.46955758256699],[-86.03620608724202,42.46834394254728],[-86.03714316201213,42.484580217655],[-86.00363012228512,42.50698378579943],[-86.00741346787882,42.53441655463558],[-86.03597842700192,42.55988988267851],[-86.1274171091102,42.596366196700316],[-86.17192556614958,42.58767735876941],[-86.19563480320465,42.595483093454405],[-86.2241426624762,42.643561719899274],[-86.20607402129365,42.684190361911234],[-86.16534676374631,42.707709877947266],[-86.10504656134212,42.679333059939324],[-86.07446225665295,42.67862623703076],[-85.96450283252919,42.727502524219126],[-85.90755607905106,42.73562362794333],[-85.89753838479692,42.75744667539337],[-85.90556179627167,42.797709822584785],[-85.92600490920644,42.82093888401582],[-85.88717844214126,42.84179791753693],[-85.90785359517591,42.85960560939837],[-85.89626597755807,42.872467487642254],[-85.93495061254185,42.875499456757716],[-85.95009117481186,42.904046058896185],[-85.998585186587,42.91905087207598],[-86.04020177568994,42.95537823440963],[-86.1024109948413,42.96476617307002],[-86.12404357703426,42.93906244470213],[-86.14738788511681,42.94337493039617],[-86.17680930345185,42.98796894973239],[-86.22832804309104,43.003933667301716],[-86.243053668332,43.05802136521903]]]}},{"type":"Feature","properties":{"OBJECTID":6,"AreaAcres":753800,"AreaSqKm":3050.52,"States":"WI","HUC8":"07050002","Name":"Flambeau","ShapeSTArea":3053713176.3573785,"ShapeSTLength":693396.1732305887,"avgScore":70,"riskLevel":"moderate","facilityCount":0,"highRiskCount":0,"totalRsei":0,"topChemicals":[],"sensitivity":0.25},"geometry":{"type":"Polygon","coordinates":[[[-90.05984139667959,46.304702661224496],[-90.08628466976224,46.293303570682326],[-90.10129639674925,46.24842073685857],[-90.13871228862013,46.23409264590176],[-90.17860216020946,46.23267625909979],[-90.21581802053129,46.265131584495],[-90.24189445429606,46.24989815662763],[-90.28455096672019,46.26386856056143],[-90.30844292157289,46.21649157198238],[-90.32870134932965,46.20458763034803],[-90.34798249703769,46.12213035563006],[-90.45027428801606,46.0983356156707],[-90.50142779974968,46.04890569192729],[-90.54656338703712,46.053451082908175],[-90.5799803141444,46.021552971545354],[-90.61234724518938,46.062001100276134],[-90.6288432471337,46.02203228213681],[-90.69690781940845,45.96962960687878],[-90.75636199181028,45.95052139994949],[-90.74096375808504,45.924810191587035],[-90.74928638353276,45.90182959145119],[-90.77576628385991,45.884208788662605],[-90.7703413078547,45.86274485914401],[-90.8079213206365,45.82608409891363],[-90.80381002898788,45.8053269591005],[-90.81957194148748,45.78625162574887],[-90.83576029499343,45.78533293937866],[-90.85086137024531,45.710976173411666],[-90.8770456008294,45.69286422968436],[-90.85418346423414,45.66849946019137],[-90.97903630033767,45.596885820741036],[-91.01573157226461,45.556393077391796],[-91.00870916112962,45.53634472757558],[-91.02588632556912,45.510519941526596],[-91.08930358113427,45.501028230431345],[-91.14767056521383,45.44736816510017],[-91.2446842773408,45.41282259524578],[-91.23782047412956,45.390224654582184],[-91.27287006145154,45.34511738092085],[-91.25100585541252,45.325927664698],[-91.25224259270348,45.30924244720541],[-91.23857301288434,45.29873385034657],[-91.21861514160192,45.323498210011934],[-91.16246753620082,45.32835232141522],[-91.15276688087486,45.399850596919094],[-91.03606825851452,45.444389959748214],[-90.9918761829679,45.50151174268835],[-90.90877645951619,45.52940913061432],[-90.88372042570295,45.5501632595346],[-90.89204233905615,45.572268208042104],[-90.87915977712986,45.60305764447965],[-90.84202966024783,45.589131078392654],[-90.79798617869335,45.59903799647556],[-90.7924418430641,45.62055971267102],[-90.81796315169255,45.633216253379814],[-90.78143072099954,45.64208342780374],[-90.78654819737237,45.70420848422888],[-90.75651124161905,45.71778132568479],[-90.69933018136429,45.71600290209561],[-90.6614249345104,45.77536990371131],[-90.66617369613758,45.79122020939896],[-90.60869246648542,45.81994404405821],[-90.48851198041493,45.8491105648727],[-90.489619762515,45.885611378718174],[-90.43951520377404,45.902792028018546],[-90.4255023603057,45.922614744567],[-90.42975312453481,45.94537528536311],[-90.40420085232974,45.97072552778649],[-90.36361503689727,45.96454741677239],[-90.34810477564106,45.982205859322114],[-90.31739577709456,45.98711844476858],[-90.25665289279958,46.04803549408393],[-90.23429146467956,46.016671858640436],[-90.20669090815231,46.00357567479105],[-90.20149916483595,45.96491553542812],[-90.14404001932317,45.982692471749964],[-90.13349530135744,46.003884813284316],[-90.16550016541248,46.0206669186914],[-90.14206728348634,46.034815004576444],[-90.10984006682445,46.03153773352935],[-90.09544462015575,46.01180552566868],[-90.05767867013442,46.00310444012333],[-90.03851279650502,46.01432501465884],[-89.99371463099723,45.99553229604069],[-89.97181290477612,46.00199633101953],[-89.96065062361048,45.98246740699375],[-89.96994272021583,45.93782588110338],[-89.94127440503458,45.94762920606116],[-89.91960349754612,45.939620905248404],[-89.92629754425845,45.91949784061457],[-89.894432037984,45.919947140021975],[-89.86252608993857,45.89198659994555],[-89.81844213696652,45.92474471748785],[-89.77017244745434,45.935697429625996],[-89.75882768715971,45.992381416472476],[-89.66432312185442,45.98912476772545],[-89.61542418574618,45.96366479258769],[-89.61013203885955,45.98325773363233],[-89.58002960644957,45.992706291897555],[-89.55752819904363,46.025339029696404],[-89.56822932011289,46.04466938247323],[-89.53171250355376,46.05950873541859],[-89.45200717605428,46.04892551201564],[-89.45626479592764,46.06943150538293],[-89.4260764135207,46.069091193622064],[-89.38542884644679,46.089681945786175],[-89.41326415636682,46.10426365621834],[-89.42259270029022,46.15316113013816],[-89.4899804306804,46.15718241840502],[-89.55632174099347,46.18004196226746],[-89.59363195520429,46.16633670705279],[-89.6312311002703,46.198809794924536],[-89.75683397169624,46.174178622879076],[-89.80927029287885,46.207361272805436],[-89.81325921539283,46.24238680964408],[-89.86577353074031,46.26854386051983],[-89.87983131499489,46.295827143205976],[-89.98069980921596,46.289379946903516],[-90.05984139667959,46.304702661224496]]]}},{"type":"Feature","properties":{"OBJECTID":7,"AreaAcres":383992,"AreaSqKm":1553.96,"States":"MI","HUC8":"04070005","Name":"Black","ShapeSTArea":1553352832.1794114,"ShapeSTLength":279745.0208347823,"avgScore":70,"riskLevel":"moderate","facilityCount":0,"highRiskCount":0,"totalRsei":0,"topChemicals":[],"sensitivity":0.45},"geometry":{"type":"Polygon","coordinates":[[[-84.43013209367916,45.6140580787878],[-84.4568595905687,45.60376072084184],[-84.44591105088934,45.554027796217675],[-84.40054562813974,45.50981578349438],[-84.40774914828184,45.485757174123194],[-84.4500909461653,45.49197658969072],[-84.46984872397867,45.44799021012512],[-84.4376852223398,45.42723575409322],[-84.43288341203511,45.40771636478199],[-84.44969630242564,45.36574155228642],[-84.43333414360066,45.34904614314652],[-84.42092514169525,45.289617479914675],[-84.4372937392232,45.2656099214334],[-84.37803462177773,45.21979153273948],[-84.40410953717365,45.1530504847902],[-84.43476360981718,45.14872962368695],[-84.4440806210101,45.16025382465368],[-84.45894953585518,45.12563210900158],[-84.48124867578645,45.11083686583276],[-84.48983091156057,45.089138092276436],[-84.47193574805245,45.062529833159005],[-84.49379834476635,45.05096751563328],[-84.4933643637208,45.019685448700486],[-84.47652855468127,45.003520639835244],[-84.45216074554473,45.008974523252284],[-84.42461487547206,44.99765753863034],[-84.40413138295014,45.009760112846266],[-84.35056903876547,45.00536057452158],[-84.31332680589246,44.97934302848918],[-84.3089021735714,44.99518570530841],[-84.24571615499914,45.03705385632346],[-84.15364155213926,45.06698951359745],[-84.16224524249533,45.103805156162274],[-84.14851409171695,45.14529860194538],[-84.12589234153793,45.14905643653089],[-84.10617789733666,45.134880008297614],[-84.09015706259511,45.16492551819759],[-84.06640693565876,45.15914592280357],[-84.07284042337048,45.17384892917165],[-84.02386692295748,45.16671300113347],[-84.01847305962039,45.182095649651835],[-84.03578102630748,45.19986582008867],[-84.01301750568057,45.207684309418156],[-84.01569339746996,45.22095525593644],[-84.04195609739108,45.25138500451929],[-84.01890361366557,45.27213692837434],[-84.00280025635054,45.26914966288429],[-84.01216885511654,45.29153022393101],[-84.10022700035947,45.33837300695621],[-84.11114135429264,45.35373181217037],[-84.09195464922844,45.36058971448951],[-84.10417157564994,45.37067148209526],[-84.09720516354747,45.39208901076075],[-84.27028489194495,45.52908930447652],[-84.26339274738537,45.54336679138353],[-84.37645661995006,45.61113599076583],[-84.43013209367916,45.6140580787878]]]}},{"type":"Feature","properties":{"OBJECTID":8,"AreaAcres":300691.4959082,"AreaSqKm":1216.86,"States":"MI","HUC8":"04080104","Name":"Birch-Willow","ShapeSTArea":1357276864.6621137,"ShapeSTLength":357622.64972918044,"avgScore":42,"riskLevel":"high","facilityCount":2,"highRiskCount":1,"totalRsei":1314595,"topChemicals":["Formic acid (64-18-6)","Ammonia (7664-41-7)","Methanol (67-56-1)","1,2,4-Trimethylbenzene (95-63-6)","Hydrochloric acid (acid aerosols) (7647-01-0)"],"sensitivity":0.3},"geometry":{"type":"Polygon","coordinates":[[[-82.83297952793407,44.036685918520604],[-82.8564611054122,44.016011540140525],[-82.86521541658695,43.93514740917027],[-82.88947441815785,43.934651229632784],[-82.91719766966827,43.90367800440581],[-82.90328725726167,43.87500510145374],[-82.93618416316092,43.84999248776494],[-82.98317369431635,43.83968273263003],[-82.93007975452056,43.80622366525157],[-82.9223453368459,43.76684803155212],[-82.94152175932538,43.74112621387319],[-82.92075639526539,43.7510767019467],[-82.88111337664184,43.74465144204206],[-82.77473962036039,43.65697664483711],[-82.74357089037382,43.60203493176875],[-82.7428530712358,43.56215668256941],[-82.7242335932504,43.539110755333375],[-82.72093009558395,43.52309224522772],[-82.73648914186853,43.50169376000813],[-82.61104386560059,43.390411053960435],[-82.59665095308007,43.351499562586795],[-82.60123422129367,43.296946918034976],[-82.5865923417136,43.22358769638445],[-82.61273186804011,43.18873125789849],[-82.60006170814859,43.11782125166498],[-82.56992726795147,43.05303550294563],[-82.46322437502343,43.04213950524928],[-82.43612378158468,43.024178987732405],[-82.4502562225194,43.006088471689395],[-82.42692764193039,43.00638093056293],[-82.48624002341155,43.104308493327416],[-82.52231466202272,43.22296649698908],[-82.53962465556253,43.4351013355161],[-82.59789299458456,43.59128162720979],[-82.62156268553586,43.797226314644156],[-82.73670384012236,43.9857514251896],[-82.83297952793407,44.036685918520604]]]}},{"type":"Feature","properties":{"OBJECTID":9,"AreaAcres":888491,"AreaSqKm":3595.6,"States":"MI","HUC8":"04020102","Name":"Ontonagon","ShapeSTArea":3595594617.4997754,"ShapeSTLength":467761.87336857273,"avgScore":70,"riskLevel":"moderate","facilityCount":0,"highRiskCount":0,"totalRsei":0,"topChemicals":[],"sensitivity":0.32},"geometry":{"type":"Polygon","coordinates":[[[-89.32666486863727,46.876331620990875],[-89.34520382018758,46.849742196266],[-89.34342077698587,46.74860584042691],[-89.27496496266292,46.72666539939811],[-89.26657230046582,46.693213903563375],[-89.32385424123666,46.67730479685527],[-89.36239952186341,46.684614831292],[-89.40345567800246,46.66636287378573],[-89.46379298184338,46.67274656185152],[-89.47137329404089,46.70270963822699],[-89.50161648100989,46.69228284802339],[-89.52165222523908,46.667088918234164],[-89.54983768170854,46.67344322024165],[-89.5630415111711,46.65282195062286],[-89.60020360595257,46.63711064238183],[-89.58818134977858,46.60873683554745],[-89.61488521252416,46.58222743160673],[-89.63949558410744,46.58469932394492],[-89.6557426176598,46.604095928277594],[-89.67956123142856,46.596862219324805],[-89.70829960985674,46.613113693429014],[-89.72161382828119,46.60404526385928],[-89.71244997037793,46.566134712922704],[-89.69529202872145,46.564322016664406],[-89.68364194308035,46.542582146797784],[-89.69304090895311,46.52941005658979],[-89.68200114716517,46.50132396107748],[-89.6941369204538,46.493248990934134],[-89.68877583983215,46.47711663657904],[-89.64821320991118,46.4721461158025],[-89.61851141106919,46.44294562310389],[-89.6239623459425,46.418785773205045],[-89.66829961646916,46.37429731311464],[-89.6603732116111,46.34726988480628],[-89.63827088550362,46.35015841522944],[-89.62252745166086,46.31179722392703],[-89.53492629811294,46.301439368376954],[-89.55309322580467,46.25996207547858],[-89.53705844499551,46.24381714340807],[-89.54520437270006,46.221233599557756],[-89.52121967276322,46.16843592374825],[-89.42011177763753,46.15206589521743],[-89.41532042730083,46.10797070709842],[-89.40343368258253,46.09993495819039],[-89.37248128886971,46.11805661817016],[-89.33935561940316,46.17625796071134],[-89.30068961050597,46.169178925202615],[-89.29746899081641,46.18339052179829],[-89.32158708694843,46.201147429849335],[-89.29353553173928,46.21564566447514],[-89.25609010715858,46.20600932162301],[-89.26419314849466,46.18349223552336],[-89.25604561122036,46.180021725457685],[-89.18289429188322,46.174165928517795],[-89.13467419181383,46.18704282593404],[-89.10794419142046,46.17384513525198],[-89.114208907904,46.189164900067624],[-89.00877589111815,46.20994048600611],[-88.96681678512418,46.24877264522106],[-88.95314630982568,46.240114921669424],[-88.92782992350416,46.259890639531946],[-88.97109684589454,46.272315317457355],[-88.98265972939879,46.29326113419643],[-88.9518798605288,46.361268931113536],[-88.90524429401673,46.369296216095904],[-88.8579365035026,46.35717787694851],[-88.84156820353539,46.3733817290621],[-88.81152212876896,46.36465933326411],[-88.77301955560763,46.38099938045393],[-88.75010046704463,46.37496709223148],[-88.68046891866648,46.40989648774217],[-88.70994341751582,46.43601354303503],[-88.70881238858436,46.46852435964245],[-88.76004129976126,46.51640459313061],[-88.75811693262987,46.54058947451433],[-88.7768478124242,46.556620949297745],[-88.78277683587147,46.58514764318457],[-88.83182686927638,46.61332436799363],[-88.88188761877302,46.62296917413493],[-88.88204956321408,46.642144673494926],[-88.86095455668962,46.66183894254954],[-88.91296002701334,46.68316041769382],[-88.90718508050813,46.705922210205735],[-89.0123643015543,46.71603556851467],[-89.0101374426658,46.730388486486305],[-89.06364819737982,46.76987945371525],[-89.07909769238931,46.79830800792715],[-89.09946883186008,46.78482823927792],[-89.07749656124086,46.76206471856325],[-89.09479689995133,46.74460964747092],[-89.1665846742142,46.73290949419676],[-89.20605931032632,46.75573384046815],[-89.21968344280278,46.7846558015532],[-89.24499220003973,46.78426986351089],[-89.27204135315142,46.813294761621435],[-89.29925576258675,46.821620040578445],[-89.29754037085746,46.861490659882655],[-89.32666486863727,46.876331620990875]]]}},{"type":"Feature","properties":{"OBJECTID":10,"AreaAcres":587689.6229712,"AreaSqKm":2378.3,"States":"MI","HUC8":"04090005","Name":"Huron","ShapeSTArea":2376551801.9414954,"ShapeSTLength":513389.0472978721,"avgScore":53,"riskLevel":"moderate","facilityCount":35,"highRiskCount":8,"totalRsei":2947969992898,"topChemicals":["Asbestos (friable) (1332-21-4)","Lead compounds (N420)","Beryllium compounds (N050)","Polychlorinated biphenyls (PCBs) (1336-36-3)","Copper compounds (N100)","Chromium compounds (N090)"],"sensitivity":0.55},"geometry":{"type":"Polygon","coordinates":[[[-83.50431209133602,42.73530158790965],[-83.56311761505843,42.72146565040612],[-83.57791777765763,42.69339290605683],[-83.61256273767894,42.67698252600048],[-83.64777442049197,42.694695563935554],[-83.6723264081249,42.69210321125194],[-83.65906237809608,42.63942388142633],[-83.70955043343534,42.63710937285711],[-83.74246602427145,42.61734083580402],[-83.80600961246908,42.6169257192372],[-83.82060607562343,42.571656527997696],[-83.88506393832103,42.55586063973218],[-83.89270805469536,42.53016647887251],[-83.92002721787581,42.513381573537394],[-83.9409524417795,42.526125941964786],[-83.95324572100252,42.506963016959524],[-83.97327896137202,42.523419204216246],[-83.97971304423706,42.50816396151322],[-84.00959261489969,42.52244639741662],[-84.04893474934612,42.49835723833966],[-84.1853668601579,42.50777119702091],[-84.19669889500405,42.493420661836026],[-84.19004290486824,42.459124328787205],[-84.21117638667923,42.44968581457748],[-84.2219708776718,42.41931304596446],[-84.20191302077725,42.422913136873774],[-84.19570469025491,42.40749326658189],[-84.18580402988489,42.41770529971404],[-84.14078774300704,42.416072638889176],[-84.12402632069004,42.38757097921671],[-84.0882660064277,42.3720299325006],[-84.08203285005831,42.35689151559367],[-84.13250552741675,42.317345977707255],[-84.11154918954934,42.308278265529715],[-84.12819310094032,42.296935978182475],[-84.11328517461556,42.27750203469867],[-84.12148853198205,42.2606436632342],[-84.14102177976277,42.26930031450445],[-84.12704726126081,42.219143155792395],[-84.10930811461274,42.206418547039554],[-84.06976803210475,42.20576122509989],[-84.04843481429376,42.182124497333774],[-84.00064920392249,42.17741254205719],[-83.96687026922758,42.1982980101725],[-83.92654510531983,42.188628347534966],[-83.92125015656005,42.204073998032214],[-83.88236959783349,42.225918176118896],[-83.85777922561088,42.211905631768644],[-83.84871365730373,42.23185488900518],[-83.7969952724501,42.25553560528265],[-83.7131404491563,42.21099543882389],[-83.65903895300282,42.25281143539036],[-83.6289551176315,42.240930859774124],[-83.61222907018677,42.21356266981262],[-83.52852969472465,42.173800174082714],[-83.42095269904449,42.157361689371676],[-83.36656185060819,42.11168924274242],[-83.34845878707787,42.071826552265364],[-83.2973420696912,42.05636971800315],[-83.24892435135015,42.060211565645446],[-83.2028625652424,42.0382871905198],[-83.21134864231811,42.08710933142804],[-83.29640098489116,42.161264364117486],[-83.36066608819698,42.17321080308432],[-83.41305946428612,42.16834819690561],[-83.41716792330901,42.211433265432746],[-83.40005221111504,42.227924379800484],[-83.42235224549071,42.23832545043336],[-83.48265959862073,42.227329914123274],[-83.5535695169657,42.24063283522105],[-83.55990340388459,42.263708653683935],[-83.6017383243,42.25631276121524],[-83.59040953823364,42.2942236408422],[-83.6290172845103,42.30540207325656],[-83.57122128239313,42.34156006956977],[-83.56483983100637,42.36487082053978],[-83.5995955678319,42.38731655780434],[-83.64615210132506,42.37307548879191],[-83.65283241006387,42.38449070227705],[-83.63285469116488,42.40920803224818],[-83.58564191201671,42.41571596572919],[-83.60821794646367,42.42752108356508],[-83.56170772610929,42.44578171179103],[-83.53948392642896,42.43557188222781],[-83.52500580848965,42.44296724081665],[-83.5095225489876,42.479103806697836],[-83.53432737968615,42.49152717318107],[-83.51217272036816,42.51622870946225],[-83.47699441734335,42.536352101364784],[-83.46197645896444,42.53018912999548],[-83.40369369841821,42.551842186741176],[-83.40430774482941,42.567654940218944],[-83.37762128591639,42.57766342572929],[-83.41540940743342,42.60132795939159],[-83.41061084682497,42.62150007856961],[-83.44949548511704,42.63249185939095],[-83.43228399025551,42.67971471243695],[-83.46648874145318,42.69132018431628],[-83.44927888298918,42.71242878190646],[-83.45256065531602,42.72734243042663],[-83.50431209133602,42.73530158790965]]]}},{"type":"Feature","properties":{"OBJECTID":11,"AreaAcres":959414,"AreaSqKm":3882.61,"States":"MI","HUC8":"04060106","Name":"Manistique","ShapeSTArea":3807202681.0039554,"ShapeSTLength":402927.616183486,"avgScore":71,"riskLevel":"low","facilityCount":1,"highRiskCount":0,"totalRsei":0,"topChemicals":["Nitrate compounds (water dissociable) (N511)"],"sensitivity":0.28},"geometry":{"type":"Polygon","coordinates":[[[-86.1319457638474,46.59619712613962],[-86.16516903414062,46.57141688333696],[-86.19816181433185,46.571121899541104],[-86.2007736904241,46.55666449560688],[-86.23216644338888,46.56776442869808],[-86.2574728176188,46.557654051263725],[-86.30508634844179,46.524141994877176],[-86.3057237900971,46.54529479001778],[-86.36896035450171,46.529713956660174],[-86.40009525866282,46.506491658850415],[-86.42117226553108,46.46078779946708],[-86.47206956635473,46.44285926051086],[-86.48189721019213,46.455980685969955],[-86.50561914280804,46.456864146657914],[-86.48769450462909,46.422370550344695],[-86.5140751040991,46.39135566118221],[-86.59802598055656,46.381241885666235],[-86.60858425908917,46.400956420515996],[-86.62191784752567,46.366163280781024],[-86.72348365528437,46.35232880445606],[-86.74320528227534,46.32754429992894],[-86.72660717678474,46.29150637761433],[-86.73558655652378,46.268977222939256],[-86.70296576904802,46.26967215226623],[-86.70817405327504,46.248774228049925],[-86.66646007047466,46.22583618527612],[-86.65694544077886,46.17100229635728],[-86.60310808055029,46.1407406891068],[-86.60599249902992,46.12468543442297],[-86.56711372963316,46.11655264863995],[-86.58236757239648,46.09872156084569],[-86.55757826737911,46.095905719474],[-86.5476510556233,46.08163752886383],[-86.54245525952697,46.0657629044666],[-86.55934140292574,46.053705928810416],[-86.54138616064252,46.03315961083124],[-86.52476972644371,46.035233823836656],[-86.53654840922962,46.02667790308386],[-86.52838623701396,46.012473491117014],[-86.41811084913098,46.00262740075936],[-86.41211310218118,45.97795814045967],[-86.42463874945801,45.9588375074479],[-86.38916584931391,45.914744642486404],[-86.28377330503675,45.96901750413813],[-86.2426128113587,45.9489961849934],[-86.22631097010859,45.96604180088782],[-86.2016491621875,45.96607020313826],[-86.20846206244423,45.98918565918438],[-86.1578922290771,45.99550697027985],[-86.1482008122763,46.01648250063258],[-86.09828615541475,46.02524840611413],[-86.06345057795006,46.009397654511396],[-86.04086438072156,46.03333127389846],[-85.91760185630446,46.07031968074999],[-85.89681333683119,46.103628872117596],[-85.87370446609474,46.09430873265998],[-85.80185491104356,46.100976317645106],[-85.74219945314032,46.07437398838159],[-85.72513574692006,46.07805955333209],[-85.71105703911127,46.08457085392019],[-85.7274750492211,46.089480012366955],[-85.7460197534486,46.1356177316251],[-85.68866777654503,46.14811891197275],[-85.70870036155111,46.1700824199271],[-85.6829818810639,46.18347823469048],[-85.70191601401956,46.19841003379512],[-85.62271979775453,46.22178351792911],[-85.62611845491533,46.238096593901325],[-85.60593036116775,46.26227381677179],[-85.62922355981016,46.29229807758351],[-85.756127243298,46.322406262114846],[-85.77542821042529,46.33736178238842],[-85.82337031263685,46.42010626090493],[-85.81847376082042,46.451019435377056],[-85.86555493305661,46.48971334038744],[-85.86968392547395,46.50523361462462],[-85.8560445053612,46.51430010656257],[-85.87978297910392,46.51687499712762],[-85.90399936383685,46.548990665476765],[-85.96154076349534,46.520557908808534],[-85.98672867298947,46.524127185066874],[-86.01619267944547,46.55016818569648],[-86.07249311156431,46.56320637298922],[-86.11134323919154,46.595602450758655],[-86.1319457638474,46.59619712613962]]]}},{"type":"Feature","properties":{"OBJECTID":12,"AreaAcres":605302,"AreaSqKm":2449.57,"States":"MI","HUC8":"04050005","Name":"Maple","ShapeSTArea":2447676401.624883,"ShapeSTLength":404801.5178071988,"avgScore":49,"riskLevel":"moderate","facilityCount":6,"highRiskCount":3,"totalRsei":41669650024,"topChemicals":["Ammonia (7664-41-7)","Benzoyl peroxide (94-36-0)","Lead (7439-92-1)","Nitric acid (7697-37-2)","Peracetic acid (79-21-0)","Manganese compounds (N450)"],"sensitivity":0.45},"geometry":{"type":"Polygon","coordinates":[[[-84.96899124554677,43.38212692851004],[-85.00622546072886,43.375344932974414],[-85.00912650755781,43.34345755044647],[-85.02330985042803,43.33430323019559],[-85.01693131851526,43.3100343949295],[-85.06573664409106,43.301190794084675],[-85.10281356622978,43.31176626829363],[-85.14408250956852,43.29039198162506],[-85.14441486512217,43.273838342647856],[-85.12224426211439,43.24236628457435],[-85.08905440026399,43.23635986598077],[-85.09975635417511,43.213531882046176],[-85.05356650996222,43.20878860510166],[-85.02956392759828,43.22824579569471],[-84.97933610643447,43.217050254364544],[-84.94318642510406,43.12783360628757],[-84.94550915989161,43.09438753165301],[-84.90241038125053,43.06050458729287],[-84.92864891162351,43.02251047031299],[-84.95993023436604,43.02969098088914],[-84.98503854209513,43.010857017295955],[-84.86575876964618,42.96739411490538],[-84.8231938113696,42.91607132672292],[-84.83739586882771,42.8958097414749],[-84.78373434401627,42.87721473176556],[-84.77560504539639,42.83772856141861],[-84.6743394661833,42.85506671761339],[-84.65028213770132,42.84796130936006],[-84.49893277075851,42.89546311070205],[-84.42375104854476,42.87433150585696],[-84.40662660616668,42.893151404567],[-84.38570582190394,42.87949261394249],[-84.36190714727874,42.89797294284606],[-84.27042137950816,42.87885323390158],[-84.233411692162,42.897017688963736],[-84.16769059723548,42.89841684776099],[-84.13799270295432,42.911121311847644],[-84.10556041453852,42.900738092866014],[-84.0776148966065,42.915794166766844],[-84.09838446286828,42.954802992366936],[-84.1628076667114,42.97018686308321],[-84.20489596606139,42.95171523319338],[-84.21681236514283,42.97505247703118],[-84.20640938840668,42.99923217485739],[-84.2698746548538,43.01492411139353],[-84.28930156652083,43.04794588952403],[-84.27835937759949,43.05863070774086],[-84.29299854669951,43.09490075868625],[-84.33169906545886,43.08997559769992],[-84.34320818755184,43.12155592620956],[-84.360570334607,43.105363132345325],[-84.36333202656203,43.11620497896444],[-84.38464742341446,43.117833526171545],[-84.40773659337965,43.14681726851657],[-84.3942585535462,43.17572963330594],[-84.40598797112092,43.17592880242364],[-84.40563791313097,43.20048880755142],[-84.46111785667962,43.23491922227227],[-84.47198911815094,43.25699517344643],[-84.54727231862066,43.24522340439489],[-84.57573949528643,43.22546756364447],[-84.6096303702294,43.22564983530573],[-84.627512955678,43.24093786014609],[-84.64870029127773,43.230025710262915],[-84.65551351890072,43.23430758837348],[-84.62086745487134,43.273732662959596],[-84.6107643787008,43.30736404796702],[-84.65679221650991,43.3062728364172],[-84.66436319964454,43.29185000150321],[-84.70857872871707,43.28120139421442],[-84.74951376848512,43.2857287543791],[-84.78807445725822,43.263624012576294],[-84.8019406135514,43.28262475237929],[-84.85002409776096,43.27906394150902],[-84.91955085962879,43.31706953198334],[-84.90459823077538,43.366940797997735],[-84.96899124554677,43.38212692851004]]]}},{"type":"Feature","properties":{"OBJECTID":13,"AreaAcres":70626.25282679,"AreaSqKm":285.81,"States":"MI","HUC8":"04020203","Name":"Waiska","ShapeSTArea":285698595.17922163,"ShapeSTLength":134386.08573715593,"avgScore":70,"riskLevel":"moderate","facilityCount":0,"highRiskCount":0,"totalRsei":0,"topChemicals":[],"sensitivity":0.25},"geometry":{"type":"Polygon","coordinates":[[[-85.05056101573321,46.555671930450714],[-85.06643522266748,46.54039889659265],[-85.0994082438863,46.54375958509414],[-85.16364026598445,46.49833434769493],[-85.15784073336584,46.468361706313324],[-85.10026291451702,46.454464197371],[-85.11095184446268,46.443040490741744],[-85.09263274491325,46.42705851877834],[-85.05776912438539,46.42890149388116],[-84.9728742296034,46.39939278401332],[-84.95660764465813,46.40415668597081],[-84.96450534891659,46.41895401576942],[-84.93373519574011,46.426609963617786],[-84.86648032488124,46.374691010465035],[-84.82414809228582,46.37299749297865],[-84.80035010390357,46.37898603193398],[-84.78864366251617,46.409252286894414],[-84.70951655924281,46.41632062171816],[-84.67417494590329,46.46498375144637],[-84.68385968147398,46.48411810358934],[-84.82951030590033,46.444424510487316],[-84.86169904782969,46.4701679358492],[-84.92275444132281,46.470686108541216],[-84.93714410570674,46.489288390846234],[-84.96862510248067,46.47625777130291],[-85.01434776602699,46.479414463330066],[-85.05362093947434,46.511458665473015],[-85.05446163271368,46.529306113583665],[-85.02604237724775,46.54382610269902],[-85.05056101573321,46.555671930450714]]]}},{"type":"Feature","properties":{"OBJECTID":14,"AreaAcres":593652,"AreaSqKm":2402.43,"States":"MI","HUC8":"04030110","Name":"Escanaba","ShapeSTArea":2400851622.5057387,"ShapeSTLength":441736.6573623659,"avgScore":50,"riskLevel":"moderate","facilityCount":4,"highRiskCount":2,"totalRsei":3790966815,"topChemicals":["Nickel compounds (N495)","Copper compounds (N100)","Cobalt compounds (N096)","Lead compounds (N420)","Mercury compounds (N458)","Methanol (67-56-1)"],"sensitivity":0.3},"geometry":{"type":"Polygon","coordinates":[[[-87.8984289213271,46.59670957435641],[-87.96461382790488,46.58979448231307],[-87.99890625855579,46.54863786225421],[-87.98646477190621,46.52681839054492],[-87.95251617249063,46.52752911525867],[-87.9467982390931,46.517897571107504],[-88.01042086213464,46.5053657245325],[-88.03507879645956,46.48448657434759],[-88.01431608453979,46.44482200813671],[-87.94650337312174,46.40158816597796],[-87.8798477966558,46.33419435739578],[-87.87633291123943,46.31880008735142],[-87.9339573106954,46.27516674531922],[-87.93639004471186,46.261138375314665],[-87.95990908388279,46.25784280491469],[-87.95773944467946,46.24373101813227],[-87.89382869179605,46.20109790038902],[-87.79939598090179,46.18533163854327],[-87.76486531197976,46.16509717358],[-87.68817630620362,46.17821171526087],[-87.64868036111302,46.16370051780078],[-87.61435050025356,46.141974861692574],[-87.57891711714612,46.08253356500554],[-87.50208726935894,46.08346840303143],[-87.48057261241058,46.07311161982482],[-87.50253895100845,46.06203233861616],[-87.46215161893129,46.04377024968379],[-87.48685097825947,46.02705764409301],[-87.46627625953668,46.01145585992361],[-87.43033951793575,45.99293461160953],[-87.35896834984084,45.98667379853892],[-87.39725133973371,45.97062998681245],[-87.39291933280683,45.95855283478235],[-87.34345847554376,45.964215990334544],[-87.31095263555727,45.938626345851716],[-87.31356799742868,45.92156785362002],[-87.27598339455622,45.93345090328933],[-87.25413972361619,45.924465086843426],[-87.22714302164495,45.88511776532968],[-87.19001996710166,45.86953359451073],[-87.18684029660118,45.83837431355316],[-87.17167940903256,45.832430716943875],[-87.18302086262038,45.80699982982408],[-87.13088947521902,45.78790452792363],[-87.08941152973024,45.79180127077136],[-87.0653280925899,45.773847725793914],[-87.07555461067993,45.813318339004375],[-87.04992997847378,45.835046466913546],[-87.05051034862328,45.860954370824146],[-87.06532234169205,45.88554534000159],[-87.1121521307236,45.90784826594664],[-87.11561170450763,45.924626197525015],[-87.15996983773438,45.92116152925545],[-87.19609660031591,45.939578677906475],[-87.17570030923423,45.9881105396663],[-87.2043388208033,46.05088063709131],[-87.20016682321395,46.075026657780064],[-87.25704214166245,46.10295304345534],[-87.25875902356071,46.13235270660526],[-87.28548133627382,46.16901406156682],[-87.26006979072092,46.216702904534635],[-87.26708343932256,46.23229723783268],[-87.28396883986957,46.231734540250656],[-87.25232413746201,46.25628864488065],[-87.35005861882141,46.33677813068492],[-87.38113594349618,46.31304069900313],[-87.40316817452283,46.316934075508485],[-87.40601340236398,46.325037386098415],[-87.38281587066595,46.33317675832015],[-87.37857264671776,46.35737785365843],[-87.41798341610982,46.38798379449186],[-87.43091637163852,46.41663589609172],[-87.4527729785916,46.411133642123964],[-87.4534394484989,46.46759038744085],[-87.4941728139497,46.47273447734783],[-87.53614488529307,46.499118145355396],[-87.64246002110148,46.5056845807069],[-87.61331779056505,46.47819783897199],[-87.69462988192444,46.473003561679256],[-87.74384257510911,46.44829150615657],[-87.79342499651656,46.449317271642705],[-87.80288410548837,46.46242674681133],[-87.78844344898921,46.50359698684026],[-87.8030843178267,46.52220680859981],[-87.7983616329982,46.54088088471608],[-87.85810464895319,46.56203317138484],[-87.83696267372576,46.58606594312883],[-87.8600595638412,46.580562438983506],[-87.8984289213271,46.59670957435641]]]}},{"type":"Feature","properties":{"OBJECTID":15,"AreaAcres":837625,"AreaSqKm":3389.75,"States":"MI","HUC8":"04080101","Name":"Au Gres-Rifle","ShapeSTArea":2653105673.689195,"ShapeSTLength":366024.7073900382,"avgScore":54,"riskLevel":"moderate","facilityCount":4,"highRiskCount":2,"totalRsei":3814164368,"topChemicals":["Nitric acid (7697-37-2)","Nickel compounds (N495)","Cobalt (7440-48-4)","Nickel (7440-02-0)","Chromium (7440-47-3)","Barium (7440-39-3)"],"sensitivity":0.4},"geometry":{"type":"Polygon","coordinates":[[[-84.130275218006,44.51173061393774],[-84.14316561556225,44.48193237424376],[-84.13664084458345,44.45896992278983],[-84.17634960812015,44.442813846320924],[-84.18983378785836,44.451856674209765],[-84.18972292369186,44.416608781458955],[-84.23023798817772,44.38659858921295],[-84.216178653275,44.366711766886226],[-84.22202589913174,44.34671518356256],[-84.25322797630687,44.33980453189204],[-84.30369785261121,44.353116573531366],[-84.3285721200034,44.32488370081215],[-84.36654910212634,44.31597116731423],[-84.38089749062176,44.2966977077351],[-84.36072230096289,44.28405672541355],[-84.31992733122134,44.28371843932703],[-84.25318228904413,44.24559384678272],[-84.2291907339695,44.25178861873083],[-84.17593264072313,44.23078522227728],[-84.14417549681713,44.187217982372935],[-84.17206948739815,44.114254983553785],[-84.15845384903525,44.10565659514704],[-84.1502121648443,44.06388429036663],[-84.08476909681391,44.06313663846637],[-84.05791905080932,44.048538091299044],[-84.03421872394578,44.064656976360624],[-84.01032766447427,44.059811355241514],[-83.95087515997353,44.02563438140543],[-83.90992131464768,44.02609959536313],[-83.90704467406667,44.010869624908956],[-83.88397588937534,44.01044479253991],[-83.88688504340112,44.000044647713864],[-83.82597067602975,44.004372091814716],[-83.82067787209097,43.991165908184286],[-83.7651776634386,43.985825303823205],[-83.73421951794272,44.00444421482753],[-83.68516960452472,43.98880100562526],[-83.67700856587241,43.991165552079735],[-83.68899216867986,44.022740605411244],[-83.66619628267925,44.019916299549536],[-83.68529623485303,44.03462973559587],[-83.64757862494812,44.05314988154745],[-83.5782096344195,44.04880881563555],[-83.59097328497009,44.079917612432126],[-83.56423413446302,44.10508436264634],[-83.56767117648806,44.15402800182927],[-83.53646820534192,44.24959877412046],[-83.5103318661088,44.27253789042358],[-83.47635337513564,44.28001451903938],[-83.44442531162501,44.27261856574144],[-83.45660179578047,44.249261948628515],[-83.44816541413928,44.25131783216032],[-83.37327882490243,44.327900978933584],[-83.33384838482945,44.336381319257065],[-83.33481597665237,44.35245043489501],[-83.35724901960074,44.35137302099824],[-83.34984794051866,44.38300982456543],[-83.37372958350741,44.37855905517073],[-83.43418967537292,44.39590880593088],[-83.44279727164192,44.410842571411806],[-83.5117862799457,44.443495873549956],[-83.55346145948127,44.44428992568581],[-83.60680967621416,44.42673629869569],[-83.68037712411548,44.4298323720391],[-83.72769003972331,44.45258009698658],[-83.79348718989301,44.44012967073836],[-83.84066953968792,44.454634490391975],[-83.95091473863118,44.4112750012961],[-83.97762518957663,44.42865833931083],[-83.97784304378808,44.455820294168475],[-84.00446846948505,44.47446888916173],[-84.10607006943783,44.48129478330941],[-84.130275218006,44.51173061393774]]]}},{"type":"Feature","properties":{"OBJECTID":16,"AreaAcres":653052.65156846,"AreaSqKm":2642.81,"States":"MI","HUC8":"04070002","Name":"Carp-Pine","ShapeSTArea":1716769931.550041,"ShapeSTLength":503459.9459738331,"avgScore":70,"riskLevel":"moderate","facilityCount":0,"highRiskCount":0,"totalRsei":0,"topChemicals":[],"sensitivity":0.38},"geometry":{"type":"Polygon","coordinates":[[[-84.91595071986113,46.40242821050376],[-84.92304128814568,46.398583770017055],[-84.86963567562512,46.361744762106554],[-84.89383036318199,46.3222463137793],[-84.94247293878259,46.30402505492958],[-84.97146907839986,46.316180528320274],[-85.02064899056293,46.309626698978875],[-85.02042383363289,46.285817505379576],[-84.97846305791217,46.24887985044957],[-85.00127429167674,46.24045640273117],[-84.9859027006815,46.236181438457734],[-85.01933533311673,46.219791353114594],[-85.0432916328259,46.22345313498982],[-85.06766498511922,46.204814433724096],[-85.10671258428161,46.205053926500945],[-85.0882694167522,46.18311482648095],[-85.17273602164019,46.163877039066925],[-85.13154840898598,46.154174775008975],[-85.0779551601539,46.07832196346419],[-84.98956454144755,46.07689088663274],[-84.90565199012109,46.03624045801125],[-84.86910254113145,46.04060933043606],[-84.83926517053489,46.02484706029269],[-84.81635716860016,45.96047586334779],[-84.84350446105212,45.93076297660535],[-84.82118976387645,45.896982998816775],[-84.74298075203308,45.88111713729037],[-84.72370201549164,45.84566751299672],[-84.70104271353028,45.85285982584329],[-84.72832522087326,45.86944961720402],[-84.7353545756271,45.911132097601545],[-84.71370575078386,45.91592568238261],[-84.73926520598683,45.944917083380794],[-84.72563135978187,45.96577549064975],[-84.68726623267109,45.971535057763404],[-84.69097707014097,46.02989792922683],[-84.65808972997297,46.05226534781452],[-84.60785371326435,46.02670687598862],[-84.56556368096243,46.03237033003838],[-84.54350069597837,46.02248334945301],[-84.53149286254205,45.96924227675074],[-84.51592690011155,45.971136928657785],[-84.503280672217,45.99903771319563],[-84.468565824618,45.97074958707323],[-84.46921640783827,46.007851184013425],[-84.46047997819514,46.00855285164876],[-84.39003235307597,45.99926012945708],[-84.35541713583923,45.97107026174718],[-84.36248007688472,45.99378031614885],[-84.34615239801963,45.99700686467162],[-84.30636913053775,45.97022092564877],[-84.33080396318216,45.9938994663796],[-84.28105101230786,45.97352725407137],[-84.29919094273889,45.99794009574154],[-84.21957347079018,45.972303511083645],[-84.2300696392092,45.98313897955681],[-84.17789903620294,45.97195175534262],[-84.1833386449804,45.97838658292286],[-84.12038934548357,45.98342758648672],[-84.10469192594209,45.969718518200274],[-83.99549922764724,45.94588515416573],[-83.99733442438604,45.960168214936765],[-83.98058671012177,45.96868237999383],[-83.92933035236572,45.97501558235149],[-83.90972307615164,45.95967573144336],[-83.90066636010891,45.997445169368774],[-83.94193300951976,46.03188321269413],[-83.93124883025392,46.00438166922316],[-83.97725010210077,46.0000563877382],[-84.01238426944516,46.01850995579308],[-84.05754131376322,46.01054680546861],[-84.11048293480827,46.051677258826366],[-84.15684512706096,46.036747696400745],[-84.19463357674879,46.05185374890457],[-84.244515959376,46.03537738495503],[-84.32842457596811,46.05317160579491],[-84.35690513655035,46.081533493413446],[-84.39830854871303,46.085400254967205],[-84.40720439292154,46.07196670904946],[-84.43204552284978,46.06867563864828],[-84.50311974014679,46.09066906861974],[-84.53869498056795,46.14813056694975],[-84.5298995705261,46.16540157826871],[-84.57170632781911,46.1870842580028],[-84.56628987653542,46.24117800810572],[-84.59481311243569,46.28961390410111],[-84.665470425388,46.30823358940218],[-84.70077562708569,46.288037389820744],[-84.72678709450877,46.28934532514111],[-84.78230104191063,46.34539544575568],[-84.81919274087339,46.34488582732348],[-84.91595071986113,46.40242821050376]]]}},{"type":"Feature","properties":{"OBJECTID":17,"AreaAcres":2186965,"AreaSqKm":8850.34,"States":"MI","HUC8":"04060101","Name":"Pere Marquette-White","ShapeSTArea":5391624893.401823,"ShapeSTLength":596632.0394159565,"avgScore":49,"riskLevel":"moderate","facilityCount":25,"highRiskCount":8,"totalRsei":93544742704,"topChemicals":["Aluminum (fume or dust) (7429-90-5)","Copper (7440-50-8)","Manganese (7439-96-5)","Nickel (7440-02-0)","Lead compounds (N420)","Hydrogen fluoride (7664-39-3)"],"sensitivity":0.22},"geometry":{"type":"Polygon","coordinates":[[[-86.34307366328653,44.249151824289044],[-86.42042925597391,44.12995853803387],[-86.51469873872716,44.058019963594376],[-86.4642350631245,43.97323837726109],[-86.43017228933182,43.82750704756178],[-86.44625049252049,43.76932245343527],[-86.53100141323795,43.674656091423216],[-86.54088848261702,43.63496589387597],[-86.53018459101855,43.59444448266596],[-86.47209146039272,43.501087484290224],[-86.42344405586465,43.36955520390252],[-86.29255595171243,43.156788377445515],[-86.25116428022945,43.05906525071466],[-86.24250965547601,43.08163317861119],[-86.26416807732026,43.11465135067476],[-86.23685275830921,43.099357752902],[-86.1291093462157,43.19330081269461],[-86.07913338501608,43.18993338909639],[-86.04769875977124,43.211931138773174],[-85.96207880307168,43.2057340439549],[-85.94709950040779,43.238013832351335],[-85.91597920060389,43.24276572406387],[-85.8906201058789,43.281759976498286],[-85.90149038398683,43.310413747952644],[-85.9542916369314,43.293061793040906],[-85.98723807270073,43.26611947844012],[-85.99561696615334,43.24199345591612],[-86.05165022067227,43.2408959562],[-86.05788271952972,43.255868076056196],[-86.24072640416209,43.21610361235562],[-86.29791610696321,43.19117909539919],[-86.34053524659605,43.23062574753704],[-86.35140561314887,43.25940379489451],[-86.33118396354567,43.2838564495552],[-86.33892928809423,43.296850083069096],[-86.32891290636942,43.31195995099078],[-86.27112435632743,43.32543274618141],[-86.25210898479445,43.35824847098837],[-86.1913383538847,43.35885694535897],[-86.19042330345941,43.3804521551424],[-86.14965837645306,43.39364945796284],[-86.14316266163848,43.414513648973916],[-86.09397577630595,43.43578100189047],[-86.06162472936336,43.433286992925254],[-85.99498038939517,43.47585123651636],[-85.94964449931193,43.48915722996174],[-85.92345770681361,43.5251870740395],[-85.87488468854225,43.51599427914439],[-85.86828627636366,43.501054255953385],[-85.84431844389078,43.504636763064156],[-85.83939694765525,43.48153614984684],[-85.82386183154993,43.47719943420961],[-85.8219837191299,43.49300050697975],[-85.77508931802913,43.498049765013306],[-85.73804732556104,43.56111705341515],[-85.72348066653267,43.54243841709324],[-85.64663967010297,43.535391211101974],[-85.62400540099847,43.55385851783551],[-85.6058581424885,43.618422596978036],[-85.62467708660968,43.632278113597295],[-85.59630533493664,43.648365408367816],[-85.6067003850857,43.66997146608373],[-85.576721483249,43.699665993036064],[-85.59949108515174,43.70536759515285],[-85.58583095256381,43.7236347484433],[-85.58999183363396,43.75821119422171],[-85.6101160601865,43.77098649716463],[-85.61981638821112,43.80162221219181],[-85.59053277461022,43.82824876904345],[-85.57256021758931,43.86679983068824],[-85.58629348423676,43.8746821879832],[-85.60893868968321,43.93251535315398],[-85.60294076296643,43.948274821864864],[-85.62594201631939,43.976604075001674],[-85.68801369860665,43.96822675961193],[-85.70770281124663,43.978944718931345],[-85.69862055406303,44.03099393860985],[-85.75115492555862,44.032633692062774],[-85.79042708410034,44.00400224355473],[-85.9119814303812,44.03048813285884],[-85.93583148313087,44.03911745444367],[-85.92234748255746,44.06109437274292],[-85.93045585940322,44.10066363174388],[-85.97962548902504,44.11483889796196],[-85.99460637145208,44.1025291974284],[-86.00108047980996,44.124936668312905],[-86.02219655695815,44.138025491826575],[-86.04605641708716,44.13175389078235],[-86.04916792804562,44.117604195049715],[-86.07379519511822,44.11564570608189],[-86.11954536803147,44.14026683471651],[-86.15793770160035,44.141578135591274],[-86.16979553992373,44.17079487261319],[-86.18557589968243,44.175977258518905],[-86.20033633438979,44.16629055045122],[-86.23909070787718,44.1684414437194],[-86.27381199301135,44.18825840799061],[-86.32784560087948,44.18322321632002],[-86.3402832716442,44.22032126553947],[-86.32022016912448,44.23448711440893],[-86.34307366328653,44.249151824289044]]]}},{"type":"Feature","properties":{"OBJECTID":18,"AreaAcres":343677,"AreaSqKm":1390.81,"States":"MI","HUC8":"04060107","Name":"Brevoort-Millecoquins","ShapeSTArea":1430309818.5151625,"ShapeSTLength":418594.25488288637,"avgScore":68,"riskLevel":"low","facilityCount":1,"highRiskCount":0,"totalRsei":3266,"topChemicals":["Lead compounds (N420)"],"sensitivity":0.28},"geometry":{"type":"Polygon","coordinates":[[[-85.54709780558426,46.276868282679175],[-85.61056322199745,46.26668623061734],[-85.62164107214146,46.257455794777066],[-85.61849988017994,46.22472512708155],[-85.69744009120457,46.204249708941184],[-85.68298369918143,46.183028251533784],[-85.71054453077157,46.17085474668631],[-85.68809205670931,46.15003833079485],[-85.74620509437018,46.13183519084685],[-85.72562021381239,46.08906781452757],[-85.70860320674181,46.086802212905305],[-85.73860749811799,46.07515793897349],[-85.79975089786419,46.09985616803017],[-85.8755237791623,46.094344644846124],[-85.89780137299896,46.10331436907305],[-85.91864752978347,46.06875449431072],[-86.04928404312064,46.03262758153777],[-86.04870161691409,46.01747515661509],[-86.06345057795006,46.009397654511396],[-86.09828615541475,46.02524840611413],[-86.15389922484583,46.01411276938778],[-86.15608105420762,45.99811273738503],[-86.20390728314912,45.99014854265873],[-86.20131042828604,45.9714545887796],[-86.23197889490741,45.96368142782679],[-86.24037063307694,45.94949436002584],[-86.20367351493545,45.963393210334246],[-86.15473851720095,45.95412230387753],[-86.07193768211722,45.96531543016515],[-85.91075366912169,45.92037081644256],[-85.92614790941674,45.93798202197277],[-85.8868647822887,45.96789270525554],[-85.84178525415729,45.96470850538847],[-85.80543998270842,45.97960811786253],[-85.69508230960957,45.958969145758125],[-85.65584895275087,45.96645277658651],[-85.60480362297565,46.028087914585655],[-85.51934910196532,46.09226068732023],[-85.44847894081569,46.08505624594306],[-85.42231485558885,46.10234764278321],[-85.39576912289218,46.0963483757251],[-85.38051975152459,46.07772308613938],[-85.33412799568312,46.09225329812159],[-85.19791707667513,46.04608890417357],[-85.17616343823909,46.06049543585826],[-85.16646802757,46.04793766121873],[-85.01531592237224,46.011295705801615],[-84.94618219358837,45.96465694964063],[-84.91368991439757,45.92598199771151],[-84.88960188959291,45.92607057211354],[-84.84208491602973,45.89810872165918],[-84.82730204057694,45.87045279244709],[-84.80237844877112,45.86991295265527],[-84.75265878572453,45.839476914000535],[-84.72370201549164,45.84566751299672],[-84.7414211961625,45.88050574256702],[-84.81917855416555,45.89423087302704],[-84.84739622785783,45.93464815693381],[-84.8186508757415,45.952387632269385],[-84.82109767508264,45.983792424895846],[-84.83665076207936,46.0215663613106],[-84.86397648243778,46.04111215523285],[-84.90770149504354,46.03721407115596],[-84.99082929283273,46.07796618323969],[-85.08126992333702,46.07956123381554],[-85.08587286150548,46.10272893337535],[-85.13618740695823,46.15536657085761],[-85.2898518189886,46.17275482483065],[-85.31833228780773,46.20046606628795],[-85.37457698883925,46.21863663114385],[-85.41290957216172,46.19625645892359],[-85.44727999292218,46.229151577617365],[-85.47726434787569,46.22115331783979],[-85.49840322479265,46.23359215213695],[-85.54709780558426,46.276868282679175]]]}},{"type":"Feature","properties":{"OBJECTID":19,"AreaAcres":723405,"AreaSqKm":2927.52,"States":"MI","HUC8":"04020103","Name":"Keweenaw Peninsula","ShapeSTArea":2879421156.4220705,"ShapeSTLength":478653.01909709873,"avgScore":42,"riskLevel":"high","facilityCount":3,"highRiskCount":2,"totalRsei":991071445,"topChemicals":["Ammonia (7664-41-7)","Copper compounds (N100)","Lead compounds (N420)","Styrene (100-42-5)","Copper (7440-50-8)","Nickel (7440-02-0)"],"sensitivity":0.35},"geometry":{"type":"Polygon","coordinates":[[[-87.97359789128244,47.48022153499222],[-88.21910840950044,47.44892221160234],[-88.23461372421156,47.431754106686],[-88.42080483521889,47.371027166207675],[-88.49422279586614,47.298776023955035],[-88.57602796510517,47.24472772450832],[-88.67408639690703,47.21835186480158],[-88.76313606278724,47.15650796309347],[-88.89017570537199,47.099385673126136],[-88.96039948444184,47.00800737162042],[-89.07405558698946,46.98621525675626],[-89.13149580892379,46.99068998627093],[-89.21940833809525,46.918095581294054],[-89.32143781145568,46.87647380679096],[-89.29914227420515,46.867470138519685],[-89.30138799899107,46.82812877748912],[-89.2449189157471,46.78471230712382],[-89.21968344280278,46.7846558015532],[-89.20672080312457,46.75600006508921],[-89.17228830082144,46.733431273442946],[-89.10169014644121,46.737486088163905],[-89.0774939398371,46.75981491234979],[-89.09876448238876,46.789795391789106],[-89.07592326810139,46.79746120486167],[-89.06275183387365,46.768883162852504],[-89.00111750076178,46.713303529203706],[-88.90057668494094,46.709339522538635],[-88.88605684527809,46.739602143092334],[-88.91667679222498,46.743565971010234],[-88.94320476394783,46.765945518012664],[-88.90741685425076,46.79252912932736],[-88.9111250085186,46.83893545829057],[-88.87306288310718,46.86756619272684],[-88.7888361557784,46.88506742717198],[-88.78485832169847,46.90084215297467],[-88.80647451103388,46.91447877291503],[-88.75900629562337,46.95446344648867],[-88.76876145984257,46.99767523359271],[-88.74498567450483,47.00491090975142],[-88.73203203521258,46.995667630750994],[-88.71468839531194,47.03517793980886],[-88.68561506811328,47.046480411561774],[-88.63705504367306,47.03637277466862],[-88.56235710306649,47.04696434197025],[-88.57512194376493,47.01012768784919],[-88.62308458016288,46.97719180081078],[-88.63008279084448,46.95225041472761],[-88.60426784032086,46.93281265454401],[-88.49305639231372,47.03314875925126],[-88.49853966159633,46.981391573688455],[-88.41380089986892,46.97775849110933],[-88.37130749622428,47.01609342815203],[-88.34860230005914,47.07806381035925],[-88.30258971951687,47.095811124349645],[-88.28058028859756,47.139122837328394],[-88.23548600690252,47.14265968858923],[-88.24150017556332,47.17564677711827],[-88.22911069280173,47.19887536204044],[-88.16239822474702,47.216601515472306],[-88.0574601349621,47.29693975590388],[-87.93971291896965,47.3398666345261],[-87.96537498315199,47.36853342734528],[-87.95880148416586,47.385460371995315],[-87.85915214578992,47.39523529510214],[-87.81869444917676,47.38501697261809],[-87.75425729893361,47.4046927354993],[-87.71331915908678,47.40119805483105],[-87.71764708299385,47.441622252749696],[-87.76375676018294,47.46315377495173],[-87.97359789128244,47.48022153499222]]]}},{"type":"Feature","properties":{"OBJECTID":20,"AreaAcres":14382857.083731,"AreaSqKm":58194.190389,"States":"MI, IN, IL, WI, CN","HUC8":"04060200","Name":"Lake Michigan","ShapeSTArea":58189212586.78886,"ShapeSTLength":2607948.9400170217,"avgScore":70,"riskLevel":"moderate","facilityCount":0,"highRiskCount":0,"totalRsei":0,"topChemicals":[],"sensitivity":0.35},"geometry":{"type":"Polygon","coordinates":[[[-85.41943109318281,46.10229429562783],[-85.44750005289943,46.085168927253584],[-85.48868310752908,46.09666991073892],[-85.5255453018497,46.089145659099714],[-85.60195452153516,46.03068119240961],[-85.65326830986233,45.96875348387061],[-85.69129955964677,45.958349853706345],[-85.81855887422114,45.97915047259183],[-85.83902770516147,45.966080127651786],[-85.89457619459054,45.96695047532455],[-85.92214179237511,45.948870866761034],[-85.92630520715998,45.93325820331271],[-85.9142438188364,45.92214113292292],[-85.92314425372649,45.92154583182844],[-86.0750875491924,45.96551644666004],[-86.1581064791118,45.95385014831887],[-86.20800692194635,45.96315330111336],[-86.2348212620697,45.94600114133694],[-86.27531716459612,45.943731485361745],[-86.32390549772656,45.90711828907823],[-86.33126458624646,45.85277128075012],[-86.35339722106274,45.81093323136351],[-86.34601605208631,45.798681823043594],[-86.36743387812568,45.78582340267988],[-86.41742223646911,45.79355078705115],[-86.4368444399193,45.76074158942164],[-86.47448584710294,45.764584241700184],[-86.4902646558352,45.74698728141422],[-86.53797215287587,45.7449039796542],[-86.52456408922937,45.736919281772266],[-86.53564900296467,45.70936396545468],[-86.57663992130573,45.71462666737253],[-86.59100938040964,45.67201503976894],[-86.62736651468039,45.661036817139625],[-86.60997954132453,45.60094255022239],[-86.67772826575737,45.62748157780595],[-86.69508546747358,45.65468498727383],[-86.70748952130006,45.64930340373076],[-86.71773719901552,45.67988264272624],[-86.67293578482179,45.694335547475845],[-86.66692736882678,45.72431787632071],[-86.63458433951445,45.75373696948558],[-86.62717658334203,45.74253862969928],[-86.62229323643564,45.758030888709925],[-86.63646054360028,45.76416584609355],[-86.62410560340444,45.78362139832011],[-86.60487255550548,45.7714280452952],[-86.55840814387649,45.77092489422913],[-86.58149051728991,45.792964456884306],[-86.52746716299993,45.85331904658847],[-86.5348671101932,45.88545444420491],[-86.57967335110608,45.8978866920285],[-86.65486955846373,45.8377718307954],[-86.71483469174872,45.84247803519649],[-86.74632972675366,45.86606180350952],[-86.77919131708916,45.86181875850337],[-86.7857818923209,45.83894732424076],[-86.77451899828834,45.809601632688036],[-86.80856299550011,45.792913493620546],[-86.80302518806425,45.779074546391215],[-86.8447418223604,45.737564501696745],[-86.83874660823285,45.72225486980795],[-86.91523230308847,45.697314975345094],[-86.9380463969266,45.703490671217494],[-86.96329906708522,45.673816827796095],[-86.98466468027544,45.706661251075126],[-86.9749028112164,45.754008082368586],[-86.98807621125633,45.80901792306422],[-87.00331154615445,45.824877617062945],[-86.95076728115592,45.87328120793857],[-86.94786983966281,45.896883782834514],[-86.9620364021024,45.90484580096811],[-86.93944344120877,45.909862873738405],[-86.94078371046943,45.91843202414368],[-86.9530860793496,45.90788462423159],[-86.97525739866376,45.91428646275611],[-87.02292975947324,45.85791656126495],[-86.99865749508187,45.84741967622847],[-87.03772989036007,45.83538865783333],[-87.05619123770511,45.815624681149416],[-87.06409418641387,45.75776865787494],[-87.04131770313982,45.74461108226214],[-87.09003001544372,45.704642143172045],[-87.06663656407082,45.71081471142733],[-87.16989806366723,45.66316535741817],[-87.19217643264793,45.6414874166458],[-87.33199059964544,45.44935843003069],[-87.32750603725628,45.42671978183326],[-87.39301744083131,45.36835574740107],[-87.4365355349374,45.296344008138874],[-87.59667149065517,45.15231912996151],[-87.61149123186087,45.12077071806392],[-87.57750460387062,45.072385665414615],[-87.58759096106135,45.08460148836825],[-87.60969924842402,45.07655488953566],[-87.62502395989013,45.047866728276226],[-87.63022220041441,44.98305460456226],[-87.65053537286165,44.97681152437618],[-87.63414367815574,44.977305349508896],[-87.8187443891849,44.950472291693885],[-87.84428357813577,44.92045741834079],[-87.82615637798358,44.89790388525201],[-87.8368415510878,44.876394029587345],[-87.8663360452737,44.840543414299304],[-87.90868296853182,44.819183256112666],[-87.93800720351322,44.75660231168717],[-87.98458879833231,44.71538462858518],[-87.98039677522534,44.66106536586844],[-87.9904612874161,44.68055519044542],[-88.00982445219782,44.639877464512224],[-88.01519614115537,44.587600196005525],[-88.04318758615436,44.57103469467404],[-88.00249048715598,44.53863861783782],[-87.94611772513112,44.529264951853534],[-87.85765892035751,44.619106853874385],[-87.75510680365859,44.64977639590055],[-87.71938031618437,44.693816538926924],[-87.71947884193136,44.72594070041834],[-87.61871456939014,44.83092018608173],[-87.58347517113938,44.850506720276975],[-87.55113163438908,44.85186451233121],[-87.56545922075519,44.83215885991223],[-87.55155175722072,44.82622572436033],[-87.53287777135708,44.85193982374436],[-87.50261464511847,44.85800185494188],[-87.51394670940988,44.868968752434824],[-87.48752817377537,44.854229684785025],[-87.43524869971635,44.893017317102164],[-87.41980033873573,44.886642542564964],[-87.44093745697552,44.882449831994116],[-87.41851392285865,44.8743665494756],[-87.39154499516883,44.83418795138369],[-87.31720662013196,44.789867636720274],[-87.35380673123132,44.70176124239211],[-87.40434914577234,44.62798681511489],[-87.4374867360542,44.605066981177785],[-87.48380347627906,44.51150369394828],[-87.51924007730283,44.37125351641988],[-87.54527777009277,44.32132949982845],[-87.5090304873632,44.2315414513561],[-87.51332199246144,44.191636499216365],[-87.54673438802858,44.1548036900857],[-87.64832752522504,44.10097345370817],[-87.65502532826505,44.053881433195706],[-87.6820631566469,44.02253013476915],[-87.71774240841468,43.94053881930466],[-87.7360198153236,43.877960916896065],[-87.72415095044074,43.80589055687282],[-87.69610022858906,43.76547819036641],[-87.70994984484003,43.73664170139099],[-87.70304095161971,43.688214863958066],[-87.7908872306482,43.56150695364396],[-87.79290341623609,43.48866828821824],[-87.87035527167313,43.38732450762837],[-87.91161834448992,43.2443785927651],[-87.881387256074,43.169278618007965],[-87.89993088738373,43.124512608776385],[-87.8640855772038,43.07030304826805],[-87.8953321803014,43.041694905968455],[-87.89543893189982,43.01586719923212],[-87.84557720224043,42.96280303193105],[-87.84821038558486,42.893247778917456],[-87.83469997993366,42.854962822592356],[-87.75757538488395,42.78068357365559],[-87.77974431942665,42.75779205190984],[-87.78249540110116,42.7078049750113],[-87.8187797284543,42.62641074910321],[-87.79837217087635,42.46666946609416],[-87.80373432331238,42.39010259055751],[-87.83067115154607,42.33126571396112],[-87.82701392924373,42.26537566914584],[-87.73921542353985,42.12515678661255],[-87.681343127886,42.07843532770061],[-87.65436901668879,41.99020617878173],[-87.63416331046388,41.96527942707339],[-87.63461257807424,41.94397136192805],[-87.6419365602231,41.94774609496846],[-87.62430392515658,41.905823823222356],[-87.59863572274796,41.892234263487275],[-87.61745261059417,41.89047640259],[-87.60581578667215,41.83650272805329],[-87.56737737711835,41.77497154101825],[-87.53460459862181,41.749684688448696],[-87.52485512442799,41.70855572440501],[-87.47360666492662,41.67403730532293],[-87.43872674191246,41.66525354734807],[-87.43479727425911,41.68187132238279],[-87.42450408984116,41.67914446850674],[-87.41742648541937,41.67433184080266],[-87.43527828502052,41.65853044166474],[-87.420427877933,41.64135858123686],[-87.32941712734592,41.625079659259754],[-87.32545020063475,41.60929900106675],[-87.32425935850716,41.62449055668136],[-87.21993758124076,41.62433793992982],[-87.11488290462727,41.647297350275736],[-86.92230256272924,41.71385785756571],[-86.68782098916078,41.83795580022178],[-86.60205545012073,41.91329863539204],[-86.4875326639336,42.117087422551094],[-86.35453071239407,42.25665819501986],[-86.2573517174129,42.45468023244204],[-86.20711343702258,42.70589482716409],[-86.20797105809493,42.912721573230236],[-86.22654121400487,42.990769712846856],[-86.2587276025663,43.09210851716916],[-86.42554956087785,43.37296050630702],[-86.47172948151389,43.50004133394216],[-86.529185736576,43.59255847193393],[-86.54089065743918,43.63264289349313],[-86.53119846613875,43.674341794968456],[-86.45523464144813,43.75475233636169],[-86.43103086421773,43.81682386835579],[-86.46371063200908,43.972119478716465],[-86.51469873872716,44.058019963594376],[-86.41610249499153,44.13519892047753],[-86.26631012308572,44.35103085579904],[-86.24865403508947,44.4163040495934],[-86.24913984291267,44.482711761669755],[-86.22114562834334,44.57143455537125],[-86.25737300292462,44.657920091415384],[-86.25530784994946,44.691706237931484],[-86.15327155345433,44.731942622636936],[-86.11841663488474,44.72841551861142],[-86.08955865812678,44.741985171354735],[-86.07397794555638,44.771400927945],[-86.06294628828189,44.90871107561472],[-85.98932868059943,44.90127771944806],[-85.92718273439918,44.969054132961865],[-85.8667341454681,44.93884015009065],[-85.80666455580075,44.950925558291495],[-85.77874085273548,44.98158812413234],[-85.77619418557651,45.01363921136258],[-85.74604812215875,45.05184018575783],[-85.69489943980146,45.07802495228306],[-85.62705594263234,45.17708110851068],[-85.58888900266751,45.179388343995925],[-85.54334288750678,45.210511146885345],[-85.52758088699093,45.19106805209113],[-85.56178691779623,45.1583463550223],[-85.55888006054366,45.135841458443316],[-85.57039239942044,45.15459719220927],[-85.58569201769771,45.15409904684331],[-85.61386558403724,45.128456651726644],[-85.56618237363638,45.0455869422335],[-85.59067991322425,45.051144511396565],[-85.60025069007541,45.02129051004904],[-85.64800986491427,44.978098630356364],[-85.62949448727997,44.966940521285935],[-85.5994433441855,44.98711383282357],[-85.60347017583882,44.930149078277786],[-85.62568962419975,44.92012485852632],[-85.65207558848536,44.85120427629159],[-85.63397642891378,44.797880797806926],[-85.64122891180581,44.77492159598274],[-85.59543242882464,44.767111629436315],[-85.57886272518664,44.81438887067756],[-85.52525055267996,44.89449870583219],[-85.56489765548517,44.894864379972915],[-85.53434780262056,44.92508330903249],[-85.52124002571755,44.972314328061756],[-85.47662144786305,44.99174359337263],[-85.4652314488842,44.9599356649572],[-85.48768073178152,44.9576651443797],[-85.50332310666575,44.85522526409496],[-85.55268907493864,44.821644454600936],[-85.57622933182955,44.76068022834648],[-85.52796840627754,44.747343510456204],[-85.50386893576234,44.77129590572496],[-85.49937623622812,44.804342685673795],[-85.46341145062695,44.824204801996416],[-85.38919237289828,44.94970169662955],[-85.363716452968,45.1088122432121],[-85.38835027772015,45.21355965713946],[-85.37303292812129,45.267311334221326],[-85.30309304726147,45.31922668195982],[-85.27174523553842,45.315835534957614],[-85.20178836732158,45.36187326995395],[-85.13691637000954,45.37352517331922],[-85.0388300135568,45.36196300365459],[-84.91513332861851,45.39389550721766],[-84.92426645803425,45.422623248128914],[-84.98320001517015,45.42930978622975],[-84.99096596330546,45.427155853016416],[-84.97694218266093,45.4200132204227],[-84.98545810712184,45.41983073979069],[-85.06721970557268,45.45564252216132],[-85.09493041205883,45.48543882341262],[-85.11882972786366,45.57445609574045],[-85.06677731965745,45.635698647110104],[-85.012025686299,45.65362027243906],[-84.99275332872752,45.680169136003414],[-84.94462561761242,45.70903873440048],[-84.9463663120216,45.732598484788205],[-84.9881164445344,45.755321740835704],[-84.80602526742835,45.74618569023058],[-84.77961552367525,45.76484269059126],[-84.78647756714471,45.78443577894681],[-84.73763197983259,45.78632286307175],[-84.72370201549164,45.84566751299672],[-84.75959828760962,45.840576351142026],[-84.7998352069599,45.86832484678067],[-84.83141848659415,45.872259111791394],[-84.84735736379797,45.89973381293704],[-84.88746947200823,45.92520758605014],[-84.91117057555611,45.92474338463829],[-85.00594887274553,46.007397354507916],[-85.16646802757,46.04793766121873],[-85.17576879580466,46.059719593014144],[-85.19695467026624,46.04488116632133],[-85.33141068022768,46.09171411350206],[-85.35749593596424,46.091700524734236],[-85.37698772824469,46.076723426697036],[-85.41943109318281,46.10229429562783]],[[-86.98191323852669,45.294512805062205],[-86.97189864445282,45.28172841420415],[-86.98488032780689,45.262199935592605],[-86.98320442437534,45.22034689485476],[-86.99784174380649,45.21355631772272],[-87.021580159074,45.232316818591464],[-87.0371269882836,45.22958129399263],[-87.04646936068357,45.17175322345318],[-87.02959892097047,45.14640247585065],[-87.0427456195,45.137046273441044],[-87.06740418031914,45.15723272791152],[-87.08264225764067,45.141995515988015],[-87.05331468549176,45.11905094619275],[-87.04751276951694,45.08798691315564],[-87.06245064579308,45.079680827483024],[-87.0809325269242,45.094806876037076],[-87.09591719399555,45.09011670685676],[-87.08051913861482,45.064558145141476],[-87.0916014003515,45.05316322870996],[-87.09645950613364,45.06852891704143],[-87.12019809990136,45.069107679607754],[-87.13801920328027,45.01485243142286],[-87.16667678845417,45.00107797700739],[-87.18933465828391,44.96777045435168],[-87.17225116329737,44.93445241180786],[-87.2170988608478,44.90375357641822],[-87.2065006179271,44.874012853811216],[-87.26587798963934,44.84772282519923],[-87.31227260495524,44.79486483027046],[-87.38138136198103,44.83482586968357],[-87.38513511258638,44.88946082901361],[-87.40482729441227,44.911612715625914],[-87.32167619376114,45.03823753907192],[-87.28274819160893,45.05211111647776],[-87.257938831057,45.12112819738338],[-87.23737680837424,45.13251980891668],[-87.23492076903968,45.170200165549716],[-87.1730264709299,45.15119281052486],[-87.1681264622988,45.18202763502945],[-87.12303212213149,45.18965020419398],[-87.10645702431385,45.25828167469067],[-87.0748502304797,45.25565683558874],[-87.06891816667567,45.294123318557126],[-87.04298874651887,45.28472450073682],[-87.01792892818162,45.29906546749388],[-86.98191323852669,45.294512805062205]],[[-86.85732558350449,45.40214877994276],[-86.8373307876399,45.39315756898645],[-86.86347943604248,45.365017442246824],[-86.86788487424393,45.335044143413704],[-86.90568226540492,45.3369391230974],[-86.92232519247818,45.35413509337192],[-86.95264759618102,45.33877312819318],[-86.94502982440129,45.368207182834524],[-86.95486620088754,45.38087731369688],[-86.93917548699417,45.41807049266156],[-86.9237456321525,45.39769070998844],[-86.87921625467061,45.41345348534559],[-86.85732558350449,45.40214877994276]],[[-87.32762557221268,45.15719517726964],[-87.37388512311358,45.17666813429566],[-87.37017425767542,45.19846364509804],[-87.33675471115559,45.21153968288732],[-87.33824697075872,45.171350059233525],[-87.32762557221268,45.15719517726964]],[[-86.82918095699387,45.42842912376476],[-86.80566745847104,45.41044968169396],[-86.82935491199913,45.40460052786632],[-86.82918095699387,45.42842912376476]],[[-86.9187970161402,45.33086570818876],[-86.89699182040387,45.29754397037046],[-86.93010055956506,45.332205232828905],[-86.9187970161402,45.33086570818876]],[[-86.94476485350468,45.30165365010025],[-86.96037080859618,45.311121789018145],[-86.94772949851482,45.31247940405356],[-86.94476485350468,45.30165365010025]],[[-87.98378497002084,44.59960013226337],[-87.97882166315998,44.59109118138804],[-87.98121061696929,44.58526399378552],[-87.98378497002084,44.59960013226337]],[[-88.00456428293055,44.617446000484556],[-87.99129041801581,44.604872847998436],[-87.99601933189639,44.60601344223246],[-88.00456428293055,44.617446000484556]],[[-87.26476189464044,45.15697791900223],[-87.26768952522703,45.15939759940713],[-87.26295331018011,45.16109892408787],[-87.26476189464044,45.15697791900223]],[[-87.210901587922,45.18030079929622],[-87.20741057251801,45.1777723691532],[-87.21251973534798,45.17794891877136],[-87.210901587922,45.18030079929622]],[[-87.99025514422165,44.60481914442708],[-87.9840295266952,44.60039677770531],[-87.98624494306995,44.59914850775298],[-87.99025514422165,44.60481914442708]],[[-87.51730820295565,44.872710820336614],[-87.51519134459674,44.87197249771387],[-87.51891952534255,44.870121594559514],[-87.51730820295565,44.872710820336614]],[[-86.97444727929702,45.21093016567472],[-86.97338142898234,45.20974832561536],[-86.97847098041383,45.20779201159809],[-86.97444727929702,45.21093016567472]],[[-87.26895138537311,45.167621101553834],[-87.266841649627,45.165199752559644],[-87.27022340798113,45.1657201617945],[-87.26895138537311,45.167621101553834]],[[-87.26667210329268,45.173941876530314],[-87.26518508692457,45.17325961276863],[-87.26736602032301,45.17086145002032],[-87.26667210329268,45.173941876530314]]]}},{"type":"Feature","properties":{"OBJECTID":21,"AreaAcres":463402,"AreaSqKm":1875.32,"States":"MI","HUC8":"04030107","Name":"Michigamme","ShapeSTArea":1874382769.5415971,"ShapeSTLength":379717.3632233669,"avgScore":70,"riskLevel":"moderate","facilityCount":0,"highRiskCount":0,"totalRsei":0,"topChemicals":[],"sensitivity":0.3},"geometry":{"type":"Polygon","coordinates":[[[-88.13498434818796,46.73344528132948],[-88.16742837807594,46.72920417294351],[-88.17725387691671,46.71658992255247],[-88.22911856058013,46.72568731907061],[-88.25280657791613,46.703431541818446],[-88.26055714837388,46.689266885968934],[-88.23818597613332,46.68370657501885],[-88.22866651850185,46.654412651836175],[-88.24742237219118,46.63097309547421],[-88.23454201628867,46.60182401048539],[-88.27045083452991,46.571313882579815],[-88.22979775489836,46.52620678608869],[-88.25421002903241,46.49528887356148],[-88.24607879290795,46.47023713141945],[-88.26759070483422,46.462908917637925],[-88.2823448819724,46.492222959619106],[-88.34546146150417,46.478713715276385],[-88.33922979440207,46.4075544423388],[-88.34599250851028,46.39270561389414],[-88.37435359069028,46.39005526426122],[-88.3423591577876,46.37370916580077],[-88.36722156656624,46.35661628369545],[-88.37348154429355,46.30030959385011],[-88.38490325430563,46.28974079623194],[-88.37408945302066,46.26695724884808],[-88.41026875585713,46.23518740630196],[-88.3703548939744,46.21434714939752],[-88.37695443813493,46.19111757880241],[-88.36278996076004,46.19877030974912],[-88.28228533400022,46.159163200979755],[-88.28097969400326,46.15081217347655],[-88.30332455290142,46.158074731451215],[-88.32103607394023,46.139351660230055],[-88.26672837401644,46.108431454275475],[-88.26433244599907,46.07740699729648],[-88.24235943049241,46.04929249971419],[-88.2496215416479,45.98616557775713],[-88.23469367805875,45.959380473177674],[-88.20029342326795,45.95385530033563],[-88.15509548957667,45.9733129991545],[-88.12402308112696,45.969887699478214],[-88.12233984738833,46.017592931272716],[-88.10189071442615,46.03063544181138],[-88.11321184234909,46.04260417257042],[-88.10597395985013,46.090583081004766],[-88.1430210491619,46.11509525295129],[-88.15380677814669,46.16096892508008],[-88.13883608823639,46.168917622178],[-88.10638162753641,46.13518875293767],[-88.0823632504132,46.13417666634461],[-88.09501099905793,46.152011568149966],[-88.07902604497906,46.17943855567385],[-88.00499591516224,46.200093623594086],[-87.97983932759021,46.240146245196485],[-87.93695923955569,46.26337021023446],[-87.88099804701375,46.321878221579986],[-87.91678789665207,46.37580736915574],[-87.9845711910364,46.41824927385599],[-88.03557232386201,46.47110411062104],[-88.03234970835256,46.49165695389817],[-88.01148704016582,46.50491532153517],[-87.9598448607906,46.50841572319812],[-87.94354397365615,46.52493512200635],[-88.00011077859281,46.536383445294206],[-87.98760083761596,46.571765834632366],[-87.93695265351332,46.59655349955517],[-87.88882726901805,46.5951106806651],[-87.87848854367222,46.60744326813006],[-87.92484274869092,46.615397925091976],[-87.91631761695585,46.63409083592041],[-87.99554682126124,46.65963503374884],[-88.01581317601992,46.67182653671679],[-88.0061501594734,46.68508696083237],[-88.03980482044679,46.706712955554764],[-88.09609160309566,46.703636224547154],[-88.10345894538538,46.70740815475257],[-88.08954441928985,46.7154428908978],[-88.10066241374432,46.727386559821845],[-88.13498434818796,46.73344528132948]]]}},{"type":"Feature","properties":{"OBJECTID":22,"AreaAcres":933649,"AreaSqKm":3778.35,"States":"MI","HUC8":"04030111","Name":"Tacoosh-Whitefish","ShapeSTArea":1662346244.1358013,"ShapeSTLength":439080.3030171029,"avgScore":52,"riskLevel":"moderate","facilityCount":1,"highRiskCount":0,"totalRsei":7866000,"topChemicals":["Lead compounds (N420)"],"sensitivity":0.28},"geometry":{"type":"MultiPolygon","coordinates":[[[[-87.13789844754875,46.363280709852376],[-87.18353143652537,46.34819596625083],[-87.17533022452756,46.304055658828595],[-87.21279573778689,46.29886662577941],[-87.27788123797896,46.24258097945196],[-87.28303611637509,46.23563384894012],[-87.26602426416656,46.23184522637427],[-87.26092359825358,46.21604397653336],[-87.2838702827409,46.16816755689235],[-87.2570421417033,46.1029530452551],[-87.20016682321395,46.075026657780064],[-87.2048106508537,46.0512082826333],[-87.17375716789871,45.98273128015576],[-87.19138771512912,45.93566697402313],[-87.15395575945935,45.92100327817995],[-87.12430650082162,45.93139442429677],[-87.04863891134032,45.8606176370723],[-87.0474966788435,45.83869272143774],[-87.07405683536791,45.81466042636137],[-87.06565427910594,45.78224521716459],[-87.05099708094546,45.79096537523736],[-87.05769780396412,45.8114656769834],[-87.04316014055337,45.831241935517646],[-87.00236019637492,45.84596603790712],[-87.02301767673369,45.85836654740627],[-86.97932603954891,45.89370312966068],[-86.98702550226723,45.89635491248114],[-86.97386661399729,45.91551020414399],[-86.93968633082329,45.91546130090322],[-86.94869634816749,45.903067526172464],[-86.96415916208564,45.908658202810706],[-86.94917071034556,45.89896347857722],[-86.94972068231327,45.874315795216994],[-87.00344476196287,45.82541763724867],[-86.98205286392097,45.791744857477916],[-86.98355585459862,45.70253869546786],[-86.96915012604262,45.670294731252866],[-86.9346852906812,45.70407387184604],[-86.97387445093199,45.72674003133892],[-86.9659248312561,45.75887966026075],[-86.91385063602333,45.77156573299801],[-86.91013267794554,45.79266050131797],[-86.87695881978638,45.790410935243436],[-86.90699985767021,45.80582594465053],[-86.90151608160063,45.81183832518114],[-86.86844515994137,45.808020231359436],[-86.86802533270398,45.83556619176473],[-86.88298475863759,45.840820816756626],[-86.85789084688308,45.86795159884882],[-86.87307998702231,45.89754974611612],[-86.86264300438648,45.91058387977787],[-86.88549292309747,45.916769860801786],[-86.88874078018141,45.932555404225596],[-86.83419272611889,45.94460839056379],[-86.82946342479416,45.95961412661621],[-86.79941031575089,45.96450206635818],[-86.78092285980723,45.98518249069314],[-86.81350177713406,46.03062000639061],[-86.7883307662412,46.04586761896229],[-86.79694879303725,46.09431352918707],[-86.76222458703336,46.10922738608702],[-86.75796282648325,46.13703790183392],[-86.76315450876251,46.15295201216232],[-86.79499537133971,46.15908857915379],[-86.81210729752343,46.18039420166333],[-86.81868341953351,46.220099449467405],[-86.83446875519222,46.22399785948087],[-86.82478380533026,46.25425934533126],[-86.86785301825002,46.24659979196232],[-86.88185185506644,46.27202191665859],[-87.0037333969976,46.27743783257348],[-87.05277958865402,46.30677884375683],[-87.05729079486765,46.33639064296645],[-87.07221511315204,46.34508949319236],[-87.10357386159879,46.33656057673684],[-87.13789844754875,46.363280709852376]]],[[[-87.18432825933972,45.810156967935946],[-87.20839381445502,45.800124849522746],[-87.21119186388034,45.78170433286382],[-87.17194006047048,45.758134304888266],[-87.18279591368317,45.72305500370828],[-87.15116965891332,45.7116341866456],[-87.12914231421524,45.71775027946058],[-87.12154746252916,45.702880319361],[-87.14076161439563,45.68075668698424],[-87.06006568794255,45.70888319425035],[-87.091445984282,45.70394339796485],[-87.0426031662195,45.74348100704975],[-87.06371116757369,45.75451508119507],[-87.05843511339877,45.773050394396435],[-87.0818843229621,45.77178039801997],[-87.08478331752494,45.79157081133867],[-87.12892308960467,45.78808227029611],[-87.18432825933972,45.810156967935946]]]]}},{"type":"Feature","properties":{"OBJECTID":23,"AreaAcres":661855,"AreaSqKm":2678.43,"States":"MI","HUC8":"04070003","Name":"Lone Lake-Ocqueoc","ShapeSTArea":2134203913.747644,"ShapeSTLength":764328.7602992618,"avgScore":70,"riskLevel":"moderate","facilityCount":0,"highRiskCount":0,"totalRsei":0,"topChemicals":[],"sensitivity":0.32},"geometry":{"type":"MultiPolygon","coordinates":[[[[-84.42789826057712,45.670854242377075],[-84.42113715609509,45.648811105476575],[-84.46604481485625,45.64992013605305],[-84.46122098177727,45.61915969976484],[-84.36848965481309,45.60849979646705],[-84.2779878690292,45.5538601893941],[-84.26404324260817,45.54383695534425],[-84.27075701819034,45.529339136459704],[-84.19631776301878,45.481025221314695],[-84.09531876509195,45.39063230612948],[-84.10266831511592,45.339960725859065],[-84.06159490428792,45.327208609156585],[-84.06021604038152,45.31554308705829],[-83.99830362297831,45.274567456649635],[-84.0434201063173,45.24784028651183],[-84.01146230125325,45.2133641256206],[-84.03186330194171,45.19267967527923],[-84.01326426926664,45.1762838682883],[-83.98956009887482,45.17291990066663],[-83.97556218601495,45.20944768504527],[-83.9288555987059,45.1975016314138],[-83.90893360996431,45.224391792385504],[-83.90656995888189,45.25547343685562],[-83.95722380348761,45.3054080359495],[-83.94946989430044,45.30786997547206],[-83.97428309917073,45.33986947355726],[-83.96547591898596,45.34049976224977],[-83.91437003116992,45.32048258436323],[-83.90199247033301,45.330980542540594],[-83.87826985304767,45.32396087548278],[-83.85312429311432,45.2871243706572],[-83.80955618697733,45.30368805289065],[-83.77071583496759,45.28006437701381],[-83.75611284466099,45.28781462142562],[-83.71312612312404,45.265772553971644],[-83.65928649858137,45.2616432340863],[-83.62510994132118,45.219171141497874],[-83.47336399263844,45.172970357309055],[-83.4255989786008,45.06300282791886],[-83.47825026464514,45.051047837383706],[-83.49720299199042,45.077885333497534],[-83.5137780891731,45.07783952661495],[-83.54323324374415,45.105142806507544],[-83.56381469946687,45.0865772416701],[-83.56655383189025,45.05266875283534],[-83.53769320202895,44.9824143099165],[-83.54931116120196,44.97137439573582],[-83.53512284147862,44.9439294097476],[-83.55597785072405,44.91729849903244],[-83.53149217387791,44.90064099836768],[-83.53463080583805,44.88654474001043],[-83.4928465470861,44.833838912747495],[-83.46796110242862,44.83520451479626],[-83.4121878120699,44.78097248432883],[-83.38920405480704,44.78629210891227],[-83.38824301909573,44.75487125486863],[-83.41762533706468,44.7347418396301],[-83.39967825960804,44.699230257387825],[-83.38384500056011,44.69434526798595],[-83.3891178063986,44.674887482698466],[-83.35354757227073,44.67061406691059],[-83.33603417754733,44.65533865076546],[-83.32877480863323,44.60848701340192],[-83.35067978306405,44.60148400667383],[-83.33963066134842,44.57314631924478],[-83.35139614210193,44.51566070601617],[-83.32432481547944,44.41158780769833],[-83.3074115496144,44.54171589601282],[-83.31467345191263,44.60796022712888],[-83.2719894933555,44.70862225207976],[-83.29588439936407,44.74131805323742],[-83.29414543520328,44.804451978059014],[-83.32160660487656,44.853934142622855],[-83.31625732845801,44.87712181156377],[-83.39156603738252,44.90308311843906],[-83.43111926301074,44.931000535274514],[-83.45199757769699,44.99287867865621],[-83.46431809675221,44.999747163073025],[-83.45380201846513,45.010830615870866],[-83.43123978337765,45.00747132491412],[-83.45549777193949,45.02543035430427],[-83.44044452863503,45.05227780742287],[-83.38043472147503,45.07574740428676],[-83.34290012733099,45.043628668427495],[-83.26283299858385,45.02481165868711],[-83.27677869844224,45.04471189297772],[-83.31020784431239,45.05203664849753],[-83.32220068473043,45.08357942650665],[-83.29919728656198,45.09011328830179],[-83.31784439082035,45.113860550388154],[-83.31614437751405,45.14136460718127],[-83.36388036752554,45.166769151863264],[-83.41260454008,45.24036634519214],[-83.41952163031995,45.27086073395313],[-83.40507432904835,45.27799922635154],[-83.41326129558847,45.26157686479241],[-83.39092665942307,45.252698901183834],[-83.38589313602188,45.274998638395175],[-83.46723380765128,45.3323081779526],[-83.48146003577116,45.32738739845614],[-83.49597120300812,45.36026675022571],[-83.49827110889083,45.34052041585188],[-83.54464504137663,45.35854235544708],[-83.5970544828814,45.351710232471454],[-83.71796626085573,45.41444197708732],[-83.73922178296357,45.40439367759015],[-83.80962556821132,45.42014268504859],[-83.93759528019372,45.492608460282376],[-84.08758622601043,45.493672253057845],[-84.11729237734554,45.51384675857157],[-84.13829621719246,45.57304558362678],[-84.2170768992782,45.63494587157216],[-84.32861757550735,45.664244833533296],[-84.37267518285925,45.6566576973575],[-84.42789826057712,45.670854242377075]]],[[[-84.72885531236285,45.78814682398049],[-84.72461840807627,45.706788661615064],[-84.74329042529321,45.70926994255446],[-84.73981124481634,45.7012622979153],[-84.62770316006377,45.660162300777586],[-84.58127775697261,45.611878544362305],[-84.49882927766042,45.616272363800526],[-84.47112375667284,45.6532191646098],[-84.56106716586592,45.709519657746796],[-84.72020977841376,45.76607543516148],[-84.72885531236285,45.78814682398049]]]]}},{"type":"Feature","properties":{"OBJECTID":24,"AreaAcres":160795,"AreaSqKm":650.71,"States":"MI","HUC8":"04080206","Name":"Saginaw","ShapeSTArea":650314723.1514602,"ShapeSTLength":164795.375024249,"avgScore":41,"riskLevel":"high","facilityCount":13,"highRiskCount":8,"totalRsei":10997335627,"topChemicals":["Ammonia (7664-41-7)","Peracetic acid (79-21-0)","Ethylene glycol (107-21-1)","Polycyclic aromatic compounds (N590)","Benzo[g,h,i]perylene (191-24-2)","Zinc compounds (N982)"],"sensitivity":0.75},"geometry":{"type":"Polygon","coordinates":[[[-83.87472632030014,43.653655621164845],[-83.89897745406691,43.60196614505576],[-83.97140898752552,43.59569400889008],[-83.99312358669299,43.57382193462988],[-84.05687018733235,43.576013388936545],[-84.10314395389828,43.5471872707352],[-84.0801889838969,43.50574884002438],[-84.03439297661144,43.480767967670225],[-83.97936871200308,43.3871013846198],[-83.90760993474039,43.36788559181871],[-83.85758575208281,43.37456101403789],[-83.77929883672687,43.35164097275553],[-83.66404249749009,43.35088175859816],[-83.66387122437241,43.33622780736745],[-83.61497964830086,43.372838947836996],[-83.5966931536755,43.37312391597427],[-83.57296254662073,43.424932155581075],[-83.58086457341,43.43142640962385],[-83.63817256104713,43.420995207757784],[-83.66492884759586,43.4378103644062],[-83.70524831948403,43.421572003809885],[-83.70040171798718,43.43774208782244],[-83.74370839647119,43.43750825806688],[-83.71891593375663,43.45999202308998],[-83.77709161693527,43.478597464431644],[-83.86167215821925,43.57456243276183],[-83.84674146399992,43.58002597308527],[-83.83621143860685,43.63855877829384],[-83.87472632030014,43.653655621164845]]]}},{"type":"Feature","properties":{"OBJECTID":25,"AreaAcres":799029,"AreaSqKm":3233.56,"States":"MI","HUC8":"04060104","Name":"Betsie-Platte","ShapeSTArea":2059623965.626174,"ShapeSTLength":413788.1609415041,"avgScore":70,"riskLevel":"moderate","facilityCount":0,"highRiskCount":0,"totalRsei":0,"topChemicals":[],"sensitivity":0.3},"geometry":{"type":"Polygon","coordinates":[[[-85.54666340492976,45.21113857512049],[-85.58488273647113,45.180779039268025],[-85.6159712658422,45.18578243121782],[-85.62885814932544,45.17530241598484],[-85.6815006437832,45.09253945906852],[-85.74942198320937,45.046899139414414],[-85.77940112327124,45.00833091029146],[-85.78117427119983,44.976442485393214],[-85.81330218866285,44.94698435000944],[-85.87142664174867,44.9395797849416],[-85.89803680760494,44.96214663886442],[-85.9319341170498,44.968545048391775],[-85.98262479816454,44.904391407394954],[-86.06336524935037,44.908408431364066],[-86.07396334217515,44.77048706944076],[-86.09050702810497,44.740813403432625],[-86.12112593483118,44.72801777639127],[-86.15533819708541,44.73209294447471],[-86.25083935149395,44.69617822566895],[-86.25880059493905,44.66361439178376],[-86.22115820384607,44.57013827400906],[-86.24904411793759,44.48098259951487],[-86.24936148248568,44.41242846611344],[-86.26726349789702,44.34802549839368],[-86.34043493512877,44.25228321394214],[-86.32388415662906,44.25324430926014],[-86.31213694539383,44.28022840457147],[-86.25034001117926,44.29669323437563],[-86.23957526314284,44.31689682366423],[-86.17935454560511,44.32347989036936],[-86.13989555573433,44.35231861354623],[-86.14212369619825,44.366172849534784],[-86.19243901717105,44.40260520532487],[-86.21920293345885,44.38906192522578],[-86.24824565434888,44.40638923538156],[-86.22690766774217,44.430730013249956],[-86.23447447763704,44.46151196896811],[-86.14739245015224,44.46082755897665],[-86.12249272692678,44.4824751296256],[-86.12154987367343,44.513662247689204],[-86.09769221828803,44.519066899373605],[-86.04432660066384,44.474411545803704],[-86.02209227929563,44.4823977937716],[-85.99132120261466,44.47038161733403],[-85.936345426676,44.51245212376399],[-85.87828930970197,44.520107060159916],[-85.84836926787936,44.50686341574871],[-85.81998720465361,44.5324158065972],[-85.79172476814857,44.53021174652103],[-85.75852349126909,44.56253054657188],[-85.72789713528951,44.55968180278411],[-85.73706531314431,44.57791024425961],[-85.70673876749812,44.60939925851409],[-85.67550071905015,44.61402413112323],[-85.61610799895618,44.58677133991473],[-85.58614805144109,44.61110722873456],[-85.59089740822616,44.6331995123972],[-85.70078232667906,44.66473734267092],[-85.70505946744142,44.680526644493476],[-85.72048094637177,44.67819783073935],[-85.7202538828549,44.69398999190806],[-85.7010175563241,44.70872574983791],[-85.71178200656234,44.72056421549118],[-85.68227040611468,44.76504099448619],[-85.69449749402025,44.79130145788085],[-85.66797539416426,44.83417421453345],[-85.67335486281382,44.865204244085355],[-85.64797100329906,44.91304069665134],[-85.68115359305392,44.955045133940324],[-85.65836575628424,45.066250264297516],[-85.63746622209369,45.09777915346314],[-85.65761762900024,45.13784602307738],[-85.63068562770188,45.16456738004567],[-85.59830409288394,45.163089751666945],[-85.55635032176092,45.184058546732814],[-85.54666340492976,45.21113857512049]]]}},{"type":"Feature","properties":{"OBJECTID":26,"AreaAcres":510131,"AreaSqKm":2064.43,"States":"MI","HUC8":"04090003","Name":"Clinton","ShapeSTArea":2063418981.9748125,"ShapeSTLength":319452.0366492966,"avgScore":49,"riskLevel":"moderate","facilityCount":91,"highRiskCount":35,"totalRsei":915668460354,"topChemicals":["Zinc compounds (N982)","Nitrate compounds (water dissociable) (N511)","Nickel compounds (N495)","Copper (7440-50-8)","Manganese (7439-96-5)","Chromium compounds (N090)"],"sensitivity":0.7},"geometry":{"type":"Polygon","coordinates":[[[-83.01991751026297,42.94621524629778],[-83.04272674756353,42.92461982777966],[-83.06567304582562,42.93077364894428],[-83.13032635480906,42.88884458503233],[-83.1683208273479,42.89781362150464],[-83.18911063020765,42.866590145529884],[-83.25171633833324,42.842607144045054],[-83.3131353491016,42.86134687417496],[-83.33522646862873,42.890104208622596],[-83.3512333855306,42.88541645150451],[-83.3669540216802,42.83926764456485],[-83.39121117475324,42.83360237188301],[-83.38516929045583,42.80366683432507],[-83.41477971538893,42.79265961465751],[-83.41293155416169,42.76919561988431],[-83.44813018233542,42.79069739862831],[-83.47147520651123,42.778192970570686],[-83.51980321989544,42.78348243628175],[-83.48349841673277,42.75351834566584],[-83.4817930393087,42.73027119424973],[-83.45051889752581,42.72589695814339],[-83.45138531111319,42.70374211961246],[-83.46608194023727,42.697128805608195],[-83.43228601691649,42.68030450132025],[-83.44798144000984,42.62856406328548],[-83.41608914051307,42.62349963531449],[-83.41487996908097,42.60273406236501],[-83.39218201472838,42.5809102396292],[-83.33023344722179,42.58585095777716],[-83.33013208972686,42.61067668071974],[-83.31489898924433,42.616102817967345],[-83.26657622310756,42.61007011373471],[-83.20846729666675,42.639601204577346],[-83.15885787397852,42.639652405754084],[-83.17560242805436,42.5955490805601],[-83.2139865969626,42.54701960464374],[-83.21653302639497,42.47237849660434],[-83.16453810601803,42.44588193720392],[-83.15031998429889,42.39890712910001],[-83.09253375849744,42.36989620724954],[-83.0356886013024,42.38644963970782],[-83.00345086217057,42.411291663545036],[-83.0035952838757,42.45223793806911],[-82.95666103704218,42.48798710525065],[-82.89675586643527,42.57649600904576],[-82.77797689333987,42.594038789020104],[-82.85162138216835,42.59562164972122],[-82.87859918858116,42.61791784019275],[-82.79614632542535,42.77166963139615],[-82.78202765519892,42.83700576947927],[-82.87067075866588,42.89217502258519],[-82.89459099736973,42.93033838740078],[-82.9589992395288,42.92336482228725],[-82.98131235754413,42.9335648463694],[-82.99383663524301,42.92302012852101],[-83.01991751026297,42.94621524629778]]]}},{"type":"Feature","properties":{"OBJECTID":27,"AreaAcres":672210,"AreaSqKm":2720.34,"States":"MI, WI","HUC8":"04030106","Name":"Brule","ShapeSTArea":2724046591.711048,"ShapeSTLength":459369.8674626853,"avgScore":70,"riskLevel":"moderate","facilityCount":0,"highRiskCount":0,"totalRsei":0,"topChemicals":[],"sensitivity":0.25},"geometry":{"type":"Polygon","coordinates":[[[-88.55037698415188,46.54194753826778],[-88.58575603709264,46.51498534623514],[-88.59738606606066,46.488560491118086],[-88.59271103439912,46.418667519290544],[-88.55861619282138,46.40039520866531],[-88.55054921263321,46.38196062517245],[-88.62534240058805,46.387401755003246],[-88.63712612101237,46.36623680100673],[-88.62322256234384,46.327253723721775],[-88.6422496766596,46.30323543548661],[-88.65877980292218,46.302762741144896],[-88.6648280348358,46.32326685795955],[-88.72703421388636,46.333899999727265],[-88.71771031831206,46.34673052493141],[-88.74901339700253,46.35465281558419],[-88.75225579915009,46.370119118395664],[-88.77376252689103,46.38100137725455],[-88.8118993063385,46.364306860959914],[-88.84187737417933,46.37292226522495],[-88.85101729898389,46.35762762395135],[-88.90745696603882,46.36874630432602],[-88.95375699091625,46.35967084174537],[-88.98154992086026,46.292380385976955],[-88.93292179880561,46.254346036363955],[-88.95238721503652,46.24028989114379],[-88.9663744289213,46.248532796180484],[-89.00090325146095,46.21304416034984],[-89.03063181159003,46.201399975424145],[-89.05457240578961,46.20695721570866],[-89.0770286925196,46.17426272676916],[-89.01410928629466,46.16579475381141],[-89.00190907863771,46.17624696502681],[-88.9968556495366,46.15592273426076],[-89.03614804272544,46.11317797808931],[-88.98677963161447,46.13251300978519],[-88.98071345926927,46.11971180875607],[-88.99405413927502,46.1104299064359],[-88.9214390825616,46.108046913391824],[-88.96610793485542,46.045284771550804],[-89.02141660591379,46.03240453589809],[-89.0229808997029,46.01413684470704],[-89.04712408940624,46.0166785954706],[-89.0279183102947,45.96641355069003],[-88.99470919542665,45.968542747788376],[-88.97460711119201,45.956213348767825],[-88.90314927779826,45.96190127058528],[-88.8656328028127,45.93444460029781],[-88.82864531962214,45.950206571618565],[-88.81815886575606,45.96748738902428],[-88.80911570834166,45.949333841109855],[-88.72384512594405,45.95768102419886],[-88.70387277174609,45.944647933992194],[-88.66977128552703,45.9633771418436],[-88.67131647552625,45.94759946528452],[-88.650891899744,45.935079448604405],[-88.59827420184033,45.94439804001876],[-88.58945024161177,45.9611167848168],[-88.56765946855354,45.948970789420706],[-88.51155203747321,45.95820328100032],[-88.48320770391985,45.93241860920144],[-88.43539205375089,45.93551387769729],[-88.42800498154442,45.9164803576799],[-88.39543479719931,45.91614540838587],[-88.36701849235335,45.9315743095666],[-88.36111566473805,45.916472668201514],[-88.29308194045768,45.9227384280831],[-88.28815624148783,45.899170931055686],[-88.27221274515082,45.894753510401685],[-88.26151997070006,45.90412684756821],[-88.2368935657805,45.897819662469345],[-88.20181960004692,45.92024880059512],[-88.19480550493952,45.94965672010209],[-88.23513397763017,45.9599562527214],[-88.22924560448189,45.97406407745425],[-88.24919498142668,45.98711078822468],[-88.24098810768092,46.02546545343521],[-88.26620096048076,46.08119344306315],[-88.25993308587465,46.09642374060999],[-88.31997358992236,46.1347422253494],[-88.30699366465754,46.15668278312688],[-88.28228533400022,46.159163200979755],[-88.3586539351374,46.20131429587723],[-88.3714767405199,46.192602927630205],[-88.38132313076072,46.221860762034005],[-88.4113690585222,46.23161804164073],[-88.37839326496426,46.26311036458056],[-88.38400259911273,46.286084200063016],[-88.3628419066765,46.33555474281564],[-88.36751869513294,46.35097425625172],[-88.34559983268691,46.3714210931547],[-88.37610274823525,46.382802868308985],[-88.36743745569939,46.396060103231356],[-88.34532410269887,46.39640339577396],[-88.35123417107366,46.46146240300745],[-88.31904545776526,46.49262901549396],[-88.34192535663381,46.501641506747205],[-88.39268729373744,46.47678037920771],[-88.41181397755062,46.48633756663269],[-88.44426784095918,46.46140798414362],[-88.47629174851632,46.48853825949833],[-88.51402765912475,46.49071326245815],[-88.51620751951799,46.53018196827643],[-88.55037698415188,46.54194753826778]]]}},{"type":"Feature","properties":{"OBJECTID":28,"AreaAcres":717096,"AreaSqKm":2901.99,"States":"MI","HUC8":"04020201","Name":"Betsy-Chocolay","ShapeSTArea":3021780476.254968,"ShapeSTLength":659060.6346724314,"avgScore":41,"riskLevel":"high","facilityCount":1,"highRiskCount":1,"totalRsei":11537056,"topChemicals":["Ammonia (7664-41-7)","Hydrochloric acid (acid aerosols) (7647-01-0)","Lead (7439-92-1)"],"sensitivity":0.3},"geometry":{"type":"Polygon","coordinates":[[[-84.97342935828702,46.77281016049582],[-85.06044471806533,46.758578449072864],[-85.25686255586547,46.75345125774329],[-85.50345534525142,46.676451922047754],[-85.75338536907127,46.67742797604289],[-85.87822011670129,46.69070270509956],[-86.08857536826866,46.65524247163578],[-86.1577901891156,46.670392362917276],[-86.37106162672896,46.56984981730937],[-86.46593022599816,46.55227008326913],[-86.60807127068821,46.45428225027288],[-86.63993495956322,46.41104012590261],[-86.66222375941442,46.419365313573905],[-86.65472674812096,46.44110867047889],[-86.70346641941653,46.43942296285416],[-86.75201878357085,46.47915938307885],[-86.79170900962417,46.474639769914184],[-86.82201454500483,46.43610954078099],[-86.87988257683125,46.43896585458742],[-86.89007071036315,46.45938276921567],[-86.94573864659584,46.47123020572897],[-86.97667727218524,46.5261335336325],[-87.0175733314115,46.533680615150494],[-87.12058952791655,46.494407412111634],[-87.16521978717917,46.506010589355256],[-87.19389576185321,46.49246176802854],[-87.26648521788456,46.48855834761066],[-87.40339559681068,46.50324520069182],[-87.4878071286251,46.47538211506554],[-87.45513675022592,46.46856459586616],[-87.44765568087179,46.43093058205332],[-87.45588374477622,46.417749550708905],[-87.43478310480084,46.41949665225277],[-87.41286868215964,46.382993993294264],[-87.37903347946013,46.35864081504622],[-87.38221445947228,46.33380424753378],[-87.40479704985204,46.32772361941808],[-87.40097675023435,46.311996366712556],[-87.37725815457571,46.315627540715035],[-87.35421187070688,46.3387543219141],[-87.25727319944608,46.2615065836157],[-87.21189302454317,46.29921477722036],[-87.17534825390814,46.305009630260656],[-87.18261200495111,46.350775864126604],[-87.14526874166948,46.363964554502054],[-87.09794524561183,46.33726301394344],[-87.05823490402679,46.338712123481045],[-87.05600467572847,46.30918028663512],[-87.00112000518318,46.27759542817329],[-86.88481167250706,46.271255430791406],[-86.86848044729807,46.24664100790526],[-86.85454228851471,46.24658360748897],[-86.82993167917014,46.258069573024336],[-86.81365654160555,46.29517331481819],[-86.78116634768804,46.30762111813695],[-86.79343793190534,46.335453417453515],[-86.77457312178421,46.34539410311179],[-86.73594627153733,46.339790043008215],[-86.71834138409945,46.355070201251976],[-86.6184450135305,46.36698868591962],[-86.60858425908917,46.400956420515996],[-86.59455472559188,46.38002815604416],[-86.52008754428788,46.38985109055876],[-86.48756259977459,46.42403939127589],[-86.50395563564753,46.457666931545695],[-86.46903163620415,46.44366419107954],[-86.45045313635435,46.46036976410736],[-86.4258779333427,46.462003943786016],[-86.36961263920178,46.52940705188822],[-86.3063937465207,46.544983862620434],[-86.30623686700514,46.52414899785357],[-86.23383596997887,46.56538176489395],[-86.20231745101631,46.551860539100886],[-86.19392538535008,46.57317554738227],[-86.16788551711115,46.572660593631866],[-86.13103452847447,46.5946018077614],[-86.06591770417742,46.55946758241772],[-86.01478228290773,46.54917505151661],[-85.9837637876449,46.52484333315953],[-85.95023325438383,46.52597144109845],[-85.91004136694733,46.55061432605606],[-85.87826058748678,46.51459669922928],[-85.8325804511543,46.53747102517359],[-85.79237613553937,46.51400560033545],[-85.77700588615663,46.51771208606337],[-85.76300022372384,46.489527551517384],[-85.72398954993072,46.48049071391696],[-85.67413884888607,46.48844182356885],[-85.64379582213706,46.47670587730822],[-85.47604394387488,46.498960167122156],[-85.45406321113032,46.51984593306986],[-85.40780681777525,46.51431539571424],[-85.36380225943982,46.54710564008894],[-85.33802280318785,46.586606860553786],[-85.25421920974946,46.586469799168974],[-85.19547907063091,46.622798592023706],[-85.0754997479778,46.599868923679395],[-85.0829626959179,46.58607629023878],[-85.06879639985888,46.56458059011408],[-85.02917498892165,46.558536262231776],[-85.03702867423574,46.60254043322164],[-85.02864567082497,46.693697393372695],[-85.00632122772393,46.72940307857276],[-84.95790249595517,46.76675185615863],[-84.97342935828702,46.77281016049582]]]}},{"type":"Feature","properties":{"OBJECTID":29,"AreaAcres":810027,"AreaSqKm":3278.07,"States":"MI","HUC8":"04080203","Name":"Shiawassee","ShapeSTArea":3275719986.8630085,"ShapeSTLength":636544.8294327199,"avgScore":50,"riskLevel":"moderate","facilityCount":15,"highRiskCount":7,"totalRsei":218648509137,"topChemicals":["n-Hexane (110-54-3)","Nitrate compounds (water dissociable) (N511)","Hydrochloric acid (acid aerosols) (7647-01-0)","Hydrogen fluoride (7664-39-3)","Nitric acid (7697-37-2)","Chromium compounds (N090)"],"sensitivity":0.55},"geometry":{"type":"Polygon","coordinates":[[[-84.2423728052266,43.552582205917986],[-84.27460163366409,43.54721957755523],[-84.29852616202041,43.52481028640309],[-84.33389686930363,43.51610165981121],[-84.33748852764843,43.50228807476805],[-84.36969026375826,43.49632608987761],[-84.37356009533656,43.47330683614578],[-84.40715685002017,43.43837827644037],[-84.48414232746724,43.41245701978981],[-84.54269676850288,43.357302876180746],[-84.60699503989056,43.33524298770146],[-84.61602651556352,43.32183548950156],[-84.60941838713963,43.29843533223358],[-84.6507362657689,43.22947779548278],[-84.62292494711464,43.24272445105075],[-84.60703247016176,43.2237181677178],[-84.5730866127672,43.225316765531424],[-84.54460346109626,43.244972557530446],[-84.47534864584856,43.255817861694226],[-84.4087264481924,43.20353207160194],[-84.39397787492895,43.1759843551137],[-84.40763443147218,43.13939994789233],[-84.360570334607,43.105363132345325],[-84.33525919188445,43.120119365899875],[-84.33165621080485,43.090307744801414],[-84.29299854669951,43.09490075868625],[-84.2948447401786,43.07965970194941],[-84.27757119515465,43.06235775533551],[-84.28997933112234,43.051721246993395],[-84.27225311917228,43.01843405081671],[-84.20908152403081,43.00005826582407],[-84.21645941708091,42.98039251843335],[-84.2030653290986,42.95163896931788],[-84.1628076667114,42.97018686308321],[-84.09260188929862,42.95515137942318],[-84.07815893821801,42.917987110139144],[-84.09848620740053,42.90518257177876],[-84.07577415549392,42.88334486145088],[-84.08927535255458,42.78761616575539],[-84.0745941930897,42.78057837785752],[-84.10795804136349,42.73975795837497],[-84.06772383250568,42.698704214389466],[-84.02093057997907,42.684344472256846],[-84.01111578081242,42.65214929187196],[-83.97613247391762,42.61769715221735],[-83.98511784447344,42.59686330241668],[-83.96612464623665,42.56991928997038],[-83.96722485861402,42.54516750910922],[-83.92078929278148,42.51405039676583],[-83.89189099380965,42.52826234983395],[-83.8915289258186,42.55439305538],[-83.8593417921203,42.55449602298306],[-83.84600042433179,42.57330003653574],[-83.82413499756089,42.56641477681967],[-83.80639698298688,42.61632418839144],[-83.75865482587305,42.62556231296305],[-83.74649696840139,42.61532143081867],[-83.70229425206654,42.63839075304662],[-83.66111283669233,42.63388297263634],[-83.65790887926617,42.66575497794207],[-83.67195805174832,42.692700269515896],[-83.60999663930302,42.678432766057455],[-83.56887008969869,42.70191455223759],[-83.55843963484114,42.72352204038163],[-83.48439731492176,42.731827918109786],[-83.48302745033018,42.748051825888375],[-83.5159472455931,42.77974087234442],[-83.56360267802597,42.77861634175137],[-83.5636179369556,42.794220987240266],[-83.58763846016595,42.79419729453276],[-83.61852958025521,42.82025438845165],[-83.67184039224718,42.796700808647124],[-83.70326920616286,42.8012216413544],[-83.71303614299063,42.85543349677041],[-83.72918664588538,42.85851222510854],[-83.73737033572579,42.84304708551431],[-83.76989486125616,42.83507854045662],[-83.8024366129714,42.84021586451787],[-83.81684818175937,42.878026012261344],[-83.90013828189863,42.93661734724948],[-83.889961949883,42.96512299932403],[-84.0674123093275,42.979369135916166],[-84.07715781807094,43.00891849640813],[-84.05611115012739,43.021497787767174],[-84.09367673927119,43.030954185374924],[-84.10870593108434,43.05410233351901],[-84.10924410111419,43.08938086312726],[-84.08686976950719,43.096151414790846],[-84.10812803486164,43.121537985153424],[-84.02951758535208,43.1284095977776],[-84.01967584530757,43.177279534874685],[-84.00122007022327,43.19085210801124],[-84.00065430409657,43.22033876425861],[-84.0121692665545,43.230279090462496],[-83.99325370192042,43.27437499278793],[-83.99250488975308,43.2922505164351],[-84.04324620250333,43.31581867080336],[-84.0484172939326,43.33063316613742],[-84.02680241483357,43.312398256267834],[-84.0282106939036,43.32899746513822],[-83.94557988127434,43.31000855878173],[-83.91389852152618,43.281835231076194],[-83.87736778817207,43.2869789616857],[-83.73533868285763,43.250060173615985],[-83.71505388034448,43.21490884164587],[-83.68224453358675,43.21404201104046],[-83.68280124082156,43.24370312939427],[-83.7033084868989,43.26977721169099],[-83.7421382612793,43.28416696462833],[-83.76973693948861,43.27285841305265],[-83.8359040255859,43.32007527687996],[-83.8895544354588,43.31575435622656],[-83.89168139693676,43.32888123656334],[-83.95821308558945,43.34395230064073],[-83.97846427049977,43.37459376735312],[-83.95508872801591,43.37239757542089],[-83.9522005558637,43.38261634332861],[-84.07178723298914,43.386571976023376],[-84.07356616368283,43.42646825605387],[-84.1084598243451,43.447561057279785],[-84.09128713150051,43.451987179512415],[-84.12499153113792,43.49608063948437],[-84.19348036816079,43.5236089240038],[-84.21718981284175,43.552030059783924],[-84.2423728052266,43.552582205917986]]]}},{"type":"Feature","properties":{"OBJECTID":30,"AreaAcres":800137,"AreaSqKm":3238.04,"States":"MI","HUC8":"04070006","Name":"Thunder Bay","ShapeSTArea":3237207389.390611,"ShapeSTLength":386999.93650602485,"avgScore":51,"riskLevel":"moderate","facilityCount":2,"highRiskCount":1,"totalRsei":5731338383,"topChemicals":["Manganese compounds (N450)","Vanadium compounds (N770)","Barium compounds (N040)","Ammonia (7664-41-7)","Hydrochloric acid (acid aerosols) (7647-01-0)","Benzene (71-43-2)"],"sensitivity":0.42},"geometry":{"type":"Polygon","coordinates":[[[-83.96684592958896,45.3411212884887],[-83.9388435790774,45.281584325167096],[-83.90684265019863,45.258194805595856],[-83.91322910794257,45.212360325963594],[-83.93170809835803,45.196484657163786],[-83.97168642388293,45.2109696884838],[-83.98774781854607,45.174343856103526],[-84.03349179101183,45.1663290276198],[-84.06685832288842,45.176539841264386],[-84.0690193772802,45.163434864782225],[-84.09920287270151,45.15767091666967],[-84.10327488214533,45.13471186366374],[-84.13063165547646,45.15341103213755],[-84.15594530108163,45.13925484003259],[-84.15536102657245,45.06248197070785],[-84.24115839557018,45.03965780277193],[-84.31105539174388,44.99400770918509],[-84.30296707120664,44.95512196601406],[-84.28521451421516,44.9385334867087],[-84.3131411957727,44.922194124506234],[-84.30927503026452,44.90618744590788],[-84.22436165704798,44.88395315647124],[-84.20058715322983,44.86210501352135],[-84.20696377653188,44.85125619392582],[-84.13845190282328,44.81976625573071],[-84.12646174336064,44.794294956213804],[-84.06670468972939,44.79066798269966],[-84.06507077721184,44.77448055403891],[-84.03585398126039,44.751093836676084],[-84.02891468717463,44.71968466319704],[-83.97153428148418,44.71095183745326],[-83.91375565415255,44.71879741722623],[-83.83649566782394,44.69825384225141],[-83.80581983904445,44.674623462950755],[-83.76953768667791,44.68016004843464],[-83.73172497597291,44.66606128456416],[-83.6022005355795,44.68845558460914],[-83.5653172410343,44.67688140614464],[-83.55129167330071,44.70441913879374],[-83.48804360630078,44.712659630089696],[-83.45666390633008,44.702601435428754],[-83.4273482847283,44.71935379908866],[-83.38746905256423,44.75992396831185],[-83.39433923326888,44.788664582852704],[-83.40701734897114,44.78056669454286],[-83.46507042626233,44.8334315759487],[-83.49213504835973,44.833276902290905],[-83.5348542926241,44.88377437241658],[-83.52900215982433,44.898544314179915],[-83.55597785072405,44.91729849903244],[-83.53530547000662,44.94309330329776],[-83.5505071282246,44.96779629858377],[-83.53944986910494,44.9807302098188],[-83.56030154154763,45.02760371825944],[-83.5670727189324,45.085460098961505],[-83.53651180907296,45.10326004361989],[-83.47288250844487,45.050247344435846],[-83.42666008966833,45.06075412267149],[-83.44392064249037,45.122082892238105],[-83.47633993612644,45.177936766292156],[-83.50835388994192,45.17780047941703],[-83.57206806609432,45.21058181270138],[-83.58755919345563,45.20467755486457],[-83.6286088827854,45.21915310924885],[-83.6612750002695,45.26203450766379],[-83.70650383848655,45.26387572589378],[-83.74314251669956,45.28526670122404],[-83.77544632686352,45.28031522329276],[-83.81717241002741,45.3055615451952],[-83.84142592586849,45.285905452932816],[-83.85790142507433,45.2882056853172],[-83.85423365309383,45.303155275287004],[-83.88539341172715,45.32389906243632],[-83.91308069319587,45.32018664755759],[-83.96684592958896,45.3411212884887]]]}},{"type":"Feature","properties":{"OBJECTID":31,"AreaAcres":676579.53806134,"AreaSqKm":2738.02,"States":"MI","HUC8":"04090004","Name":"Detroit","ShapeSTArea":2296673845.2609086,"ShapeSTLength":383634.005189882,"avgScore":45,"riskLevel":"moderate","facilityCount":107,"highRiskCount":53,"totalRsei":13020925829919,"topChemicals":["Manganese compounds (N450)","Zinc compounds (N982)","Chromium compounds (N090)","Lead compounds (N420)","Copper compounds (N100)","Nickel compounds (N495)"],"sensitivity":0.85},"geometry":{"type":"Polygon","coordinates":[[[-83.17087986251666,42.64297274105655],[-83.24815689685931,42.625620846515346],[-83.2652709106197,42.609883431329536],[-83.32866021225371,42.611142728276285],[-83.33624430618421,42.58302268720829],[-83.40633003998086,42.56565201655701],[-83.40511023127085,42.55022540988071],[-83.45360072658735,42.54142842115221],[-83.45540779105744,42.527190002857175],[-83.47807567426484,42.53648892433947],[-83.51310493628867,42.516153577774375],[-83.53434609516408,42.4902941604307],[-83.51040234323615,42.48598748744112],[-83.52556895400566,42.44274571943602],[-83.5423687619433,42.43548792901581],[-83.55441038914543,42.44657531704333],[-83.60910405767636,42.42854231968031],[-83.58600728799178,42.417770896790465],[-83.60159718160125,42.409459714701505],[-83.633505484132,42.41543582399838],[-83.64900799818489,42.37467637877612],[-83.59939020020059,42.387801173256925],[-83.56648885272749,42.371705238619896],[-83.58907043067168,42.32621336296373],[-83.63184150122085,42.307916405600295],[-83.59052561820067,42.29424959808462],[-83.60231008183261,42.25682497389868],[-83.56081797795697,42.264069262394464],[-83.55921634172441,42.241739067961106],[-83.47743695055209,42.22686776865435],[-83.4279081444761,42.23760286410214],[-83.40222569341488,42.229505423281395],[-83.41638882968651,42.2130927777602],[-83.41298775976927,42.16958859871733],[-83.30582155846731,42.166885708302615],[-83.24263890639718,42.123014096481484],[-83.1862294574052,42.04353619027072],[-83.11915623788742,42.04990609418493],[-83.1061372349587,42.069678467582854],[-83.11167947945634,42.09404927193709],[-83.08987331786909,42.104754863838096],[-83.09933678116639,42.12458117123204],[-83.06224992478825,42.13954756264026],[-83.04494810667396,42.10365714832125],[-83.0299830718702,42.09898272323064],[-83.02308188249539,42.052927074660424],[-82.97219124789999,42.04143802576242],[-82.94468039499428,42.052138225190625],[-82.92400489151815,42.07197802975995],[-82.92666956539473,42.087914342734415],[-82.90305369259781,42.09727463523448],[-82.75895818138841,42.11431931648855],[-82.72554726566757,42.10558589877303],[-82.73024056656104,42.12079286152214],[-82.8124028673775,42.169286477011376],[-82.90583837026864,42.18443506301702],[-82.9162528680923,42.20520779122318],[-82.94872984661876,42.21279737911341],[-82.91846896401397,42.22848517014358],[-82.90317029815189,42.26336243911556],[-82.87203890966124,42.28961772836568],[-82.86988496175177,42.3004386420563],[-82.91836191790293,42.32575071383776],[-82.92851132816939,42.35820497445437],[-82.90425736513686,42.3884236193752],[-82.94074025131212,42.40815211413149],[-82.96453669160839,42.39784808920691],[-83.01215689507858,42.40943438251605],[-83.0356886013024,42.38644963970782],[-83.10844447258461,42.37316194588274],[-83.11293860385823,42.38776633475493],[-83.14916177800066,42.39668015131636],[-83.16274570559109,42.44248581274],[-83.20354809511655,42.455151203916564],[-83.21702583793163,42.47605497102324],[-83.21682607328837,42.53991023075842],[-83.15798478469121,42.63023195035508],[-83.17087986251666,42.64297274105655]]]}},{"type":"Feature","properties":{"OBJECTID":32,"AreaAcres":1096177,"AreaSqKm":4436.07,"States":"MI","HUC8":"04020101","Name":"Black-Presque Isle","ShapeSTArea":2640126121.1272793,"ShapeSTLength":458248.94630333927,"avgScore":70,"riskLevel":"moderate","facilityCount":0,"highRiskCount":0,"totalRsei":0,"topChemicals":[],"sensitivity":0.35},"geometry":{"type":"Polygon","coordinates":[[[-89.32845276972375,46.87669571550453],[-89.44333318228836,46.838909469120324],[-89.51100325920656,46.84170990448341],[-89.61719170542919,46.818837516462395],[-89.67468157858318,46.83330201423956],[-89.79039627815288,46.81827541417432],[-89.84942687012058,46.795031508769334],[-90.02659526695197,46.67520400059201],[-90.30543950526736,46.603250822242344],[-90.33796435824938,46.60694055962538],[-90.40922370733303,46.56105946608255],[-90.38883930531777,46.537688991964735],[-90.30393436965548,46.57699569178179],[-90.27135819532576,46.57490428460934],[-90.24630421747133,46.59802477708869],[-90.14018994826485,46.62273850248498],[-90.1385364854135,46.59943305668306],[-90.09824323956319,46.60037042877501],[-90.11140159134553,46.579798689615096],[-90.09479794244481,46.54140930660711],[-90.11966926286983,46.53721397321793],[-90.13086161219586,46.521364532637534],[-90.08300450605658,46.512967935981166],[-90.11167872222096,46.48959567390584],[-90.08878070227762,46.46633022338375],[-90.12952843489543,46.45656313760902],[-90.13365245138063,46.440996609244976],[-90.09106320307527,46.39191689249858],[-90.10580062982304,46.38479848858004],[-90.09341976138035,46.29559221006388],[-90.06141680639081,46.29052527915691],[-90.05984139667959,46.304702661224496],[-89.98642853086147,46.2879224040634],[-89.884986760571,46.29698862889035],[-89.8608573098466,46.264636449746014],[-89.8132097737217,46.243363791158856],[-89.80955100264043,46.211116752065635],[-89.77485636048466,46.179194084969886],[-89.70349505651009,46.17886995495745],[-89.68554762187881,46.19460701139552],[-89.63303813461275,46.19956459868428],[-89.5926969974508,46.1660273009172],[-89.53024971695879,46.17663099679811],[-89.54340410389953,46.22538780439075],[-89.53677442764186,46.2406823264805],[-89.55078005930041,46.25826313367221],[-89.52875578592871,46.30112605592564],[-89.61762190086384,46.30983065828459],[-89.64130878691394,46.351771286724556],[-89.6574101774678,46.34912540736687],[-89.66856408350687,46.371604524704026],[-89.6190291961707,46.422746502218885],[-89.62093162723686,46.43873660938135],[-89.64754420760575,46.456955961925274],[-89.63803994871529,46.46669780481153],[-89.68626722943428,46.47395806794989],[-89.69422170736604,46.48806753016583],[-89.68109417171532,46.49810525078822],[-89.69319558389665,46.509367815552636],[-89.68395105309551,46.54036986067515],[-89.71336844791941,46.56940688944637],[-89.71915135057762,46.59968038601852],[-89.70829960985674,46.613113693429014],[-89.67097550869258,46.595843635216156],[-89.65984139146204,46.60750611856758],[-89.64497560433045,46.58747517273476],[-89.59730258795828,46.59197466684019],[-89.5871313545422,46.613251531962206],[-89.60241714429215,46.63347833662963],[-89.54374060397242,46.67699893534006],[-89.5221518927427,46.66695638689125],[-89.50161648100989,46.69228284802339],[-89.47137329404089,46.70270963822699],[-89.46630660163504,46.67453282332879],[-89.39995900054468,46.66703476802451],[-89.36564487540109,46.6851237038184],[-89.32820290537322,46.67657741151717],[-89.26968518284518,46.69043426980237],[-89.27229869654998,46.722038589204146],[-89.33748564474804,46.74303504253196],[-89.34593150331321,46.756451510738046],[-89.34455982314869,46.84923341284299],[-89.32845276972375,46.87669571550453]]]}},{"type":"Feature","properties":{"OBJECTID":33,"AreaAcres":1206027,"AreaSqKm":4880.62,"States":"MI","HUC8":"04060105","Name":"Boardman-Charlevoix","ShapeSTArea":4317138426.286164,"ShapeSTLength":866581.5686060203,"avgScore":52,"riskLevel":"moderate","facilityCount":11,"highRiskCount":4,"totalRsei":9470919756,"topChemicals":["Barium compounds (N040)","Sodium nitrite (7632-00-0)","Toluene (108-88-3)","Methanol (67-56-1)","Benzene (71-43-2)","Ammonia (7664-41-7)"],"sensitivity":0.32},"geometry":{"type":"Polygon","coordinates":[[[-84.77279105960876,45.789376646550906],[-84.78802198398341,45.783871651088425],[-84.78129884896047,45.76114904899294],[-84.80139291533837,45.747212739170386],[-84.98726299522886,45.75802496176777],[-84.9430271699274,45.729487061993794],[-84.94250083274673,45.71346041609669],[-85.00759455775037,45.6561038197036],[-85.0700648444277,45.634260058141045],[-85.11745679507389,45.57941555953781],[-85.09438055796471,45.48421898516808],[-85.06398549664921,45.45342293395956],[-84.98194241594194,45.41920158298356],[-84.98234084327682,45.42922711368757],[-84.92217782233288,45.4221531748226],[-84.91791433173522,45.39257356581313],[-85.04022660959072,45.36189243250898],[-85.13783946666375,45.37349072211164],[-85.20293888638201,45.36185535785042],[-85.26637110218843,45.31804943105428],[-85.30392160885913,45.31791576732345],[-85.3754179489555,45.26704373940117],[-85.38841256507483,45.21267834252],[-85.36402085370143,45.106917232705925],[-85.38362482050523,44.96796006089408],[-85.40862792623793,44.90796178549472],[-85.46341145062695,44.824204801996416],[-85.50420698372803,44.79772192258933],[-85.50619632024706,44.765916049079436],[-85.52599593798513,44.74812829511633],[-85.57622933182955,44.76068022834648],[-85.552920310605,44.821120767668354],[-85.50094446347318,44.86059534580576],[-85.48638612051442,44.955185948798665],[-85.46626147504419,44.95881074549256],[-85.47422119894964,44.99067631341888],[-85.52124002571755,44.972314328061756],[-85.53391274785254,44.925653844357015],[-85.56372862974015,44.89603796451157],[-85.56003844696633,44.88737645698421],[-85.54070824179885,44.900863736125345],[-85.5248140977066,44.89500618011932],[-85.57644969067687,44.8192650071402],[-85.59341296386619,44.769418329010044],[-85.63747990089904,44.77133452853226],[-85.65241879036368,44.84998401975192],[-85.62617725110813,44.918537318260064],[-85.60207393663869,44.92439770629948],[-85.59922927603267,44.98968577323816],[-85.6307383447475,44.966689884796196],[-85.64720338435197,44.978584198842505],[-85.59973415768854,45.021815298729656],[-85.59004956473544,45.05328369150379],[-85.56594663712848,45.04688924430688],[-85.61431971092733,45.125622093776414],[-85.58765259322537,45.15381729527927],[-85.5716685950259,45.15548634514849],[-85.56192851121665,45.13520476165127],[-85.5618433355785,45.158126502282634],[-85.52707976077876,45.19004437255509],[-85.54029837281276,45.21058031877991],[-85.56762012904619,45.17723768962495],[-85.5918567481012,45.17549124304286],[-85.6004166904822,45.16239103651967],[-85.62514927992154,45.16557654600149],[-85.65463596484395,45.141326159351486],[-85.63694286411716,45.099645287329906],[-85.65942800073145,45.07107418783012],[-85.66401931582307,45.001597583063486],[-85.68198865632672,44.965776144561936],[-85.64832681211178,44.90603679304565],[-85.67166715723829,44.86703458413613],[-85.66525152103267,44.835780799742594],[-85.68604031081566,44.82323881974747],[-85.69526275771747,44.79524418615783],[-85.68502866990978,44.7595948866655],[-85.71331172928696,44.72172477781276],[-85.70026814686129,44.712102055012814],[-85.72049394071969,44.69712999463024],[-85.72107141957535,44.680536090487486],[-85.58378586038667,44.62678730487468],[-85.58664521434628,44.611005365512426],[-85.62968259903107,44.57625353178891],[-85.61644118749325,44.55781862104708],[-85.57667970510707,44.55015039431318],[-85.52725401298095,44.56992795933746],[-85.45826288761273,44.541109324066205],[-85.4126309728646,44.573136419060646],[-85.3282433130163,44.59679701927712],[-85.32299485535462,44.609107523704736],[-85.30629846339262,44.607609690155705],[-85.2845397270273,44.57072115043446],[-85.23458722014603,44.56558001016826],[-85.23460331333652,44.579763294428176],[-85.19836485084633,44.59423184491604],[-85.1903577421614,44.625204265821225],[-85.20109912556929,44.64434215445204],[-85.1226813475802,44.70786532887976],[-85.07241424757939,44.707527280022155],[-85.05818497957294,44.726654620225204],[-85.07032105208702,44.753277599746944],[-85.04064231970727,44.75133174778617],[-85.05095523465086,44.772902131288234],[-85.03470650341924,44.80007132912488],[-85.04184377057193,44.82167768524704],[-85.01456621146232,44.84968933447906],[-85.03099611219073,44.884857089109964],[-85.00030100283657,44.88804137847227],[-84.95558160536216,44.923586040469424],[-84.90640357049321,44.921303928876746],[-84.87966737101947,44.945030333395934],[-84.89366567169776,44.97920441668153],[-84.8807415956955,44.99033918937853],[-84.87715756774199,45.02820661638918],[-84.84632709612126,45.03794524166046],[-84.80942270105952,45.019302280573825],[-84.77218767936124,45.02746653705669],[-84.76384600934813,45.04681491994165],[-84.77824863810936,45.10933023748457],[-84.8048605611372,45.106536925025466],[-84.83728766408788,45.1228504488817],[-84.83074289622517,45.15308010564569],[-84.79846435791973,45.15085086421376],[-84.78402817371689,45.22370559131631],[-84.75461301244749,45.234801412736736],[-84.77020940212918,45.25325426591495],[-84.76415991853015,45.26812356808045],[-84.80209195611731,45.26899674716798],[-84.80584108879403,45.29032447895829],[-84.88649103115297,45.33190718422447],[-84.90134066427312,45.357515693156394],[-84.87848439955152,45.367903978990626],[-84.90522763284422,45.387665302256366],[-84.91186815566508,45.42926067174718],[-84.89725449655751,45.45524030926957],[-84.96108338433564,45.48533257894719],[-84.96605831562516,45.5083788922015],[-85.05208799347082,45.540680976043525],[-85.04935771443051,45.56123799142916],[-85.06921783312036,45.584780394528046],[-85.01186943223276,45.60264912246181],[-85.00762963473598,45.62320119160221],[-84.88364106574808,45.62000298559688],[-84.88863739532113,45.66255789987251],[-84.8498268150421,45.67796799568663],[-84.80936062642776,45.66074955649196],[-84.69534743015505,45.64595779857962],[-84.64270437021493,45.62290251352185],[-84.63317319977888,45.60997322246217],[-84.6406535220435,45.596954942824304],[-84.60868746247033,45.587869287622],[-84.57272753308779,45.60076522984348],[-84.62943634502716,45.661903981116595],[-84.73981124485664,45.70126229611562],[-84.72583624889378,45.735107452129654],[-84.73181075099988,45.788237066173224],[-84.77279105960876,45.789376646550906]]]}},{"type":"Feature","properties":{"OBJECTID":34,"AreaAcres":518215,"AreaSqKm":2097.14,"States":"MI","HUC8":"04020202","Name":"Tahquamenon","ShapeSTArea":2095970727.703031,"ShapeSTLength":335413.9634088786,"avgScore":38,"riskLevel":"high","facilityCount":1,"highRiskCount":1,"totalRsei":9694266029,"topChemicals":["Diisocyanates (N120)","Methanol (67-56-1)","Formaldehyde (50-00-0)","Acetaldehyde (75-07-0)","Zinc compounds (N982)","Lead compounds (N420)"],"sensitivity":0.18},"geometry":{"type":"Polygon","coordinates":[[[-85.17171174724389,46.625363975496136],[-85.20316318114153,46.62503445102013],[-85.2591327776226,46.58497428896475],[-85.33414924719591,46.58857542294075],[-85.35318199270148,46.55699685214596],[-85.38975689262637,46.53810536871143],[-85.40204275198965,46.517443447892305],[-85.46697980619166,46.51739188942849],[-85.47830683466223,46.49618238135209],[-85.53608733832239,46.496563136484156],[-85.56551096301249,46.48134401327341],[-85.7259359705053,46.480228899365216],[-85.76459345588437,46.491673170229646],[-85.77056840557887,46.51463270015906],[-85.79369277216381,46.513965456904415],[-85.83398768720694,46.53695887125723],[-85.86868709803578,46.49725007844488],[-85.81861302654373,46.45165535743655],[-85.82362157449536,46.42059937003961],[-85.78059482921127,46.36015128871229],[-85.78139570455734,46.34079208814141],[-85.75470105152426,46.321594146708385],[-85.69709021264684,46.31703862655808],[-85.65183303187509,46.290958462990694],[-85.6194061667085,46.28899353666835],[-85.59837916774586,46.266213476693636],[-85.54413143169782,46.27636700807512],[-85.47267312329917,46.215349972533296],[-85.4448041056938,46.22994589861386],[-85.41676286141174,46.1993609366846],[-85.37802085630486,46.21801054445973],[-85.30419913235818,46.19312462270289],[-85.29150447541112,46.17324754665554],[-85.22448793432412,46.172793030499776],[-85.20625365064627,46.16093847199106],[-85.13852370121343,46.16757300515182],[-85.09207502370651,46.180514364250655],[-85.10637072211914,46.19071993269289],[-85.1038065886356,46.20453325021739],[-84.98484456959683,46.233066737460796],[-85.00037438147702,46.23815909128166],[-84.97892511284486,46.24705201307015],[-84.98328531220758,46.2541581682877],[-85.02452952102934,46.29046058671782],[-85.01434654402443,46.310822398123186],[-84.96764433714948,46.31579306801636],[-84.94621640948733,46.30508241061111],[-84.89894015036595,46.3180157848312],[-84.87062356258468,46.35742062353154],[-84.92053118841196,46.39632412859519],[-84.9135887667148,46.401210607072805],[-84.93994042963843,46.42874243866056],[-84.96923828565986,46.41461470766962],[-84.95660764465813,46.40415668597081],[-84.96380794548533,46.40006867042952],[-84.98765856579205,46.40193998884316],[-85.06283033401195,46.43104383394808],[-85.09725904861779,46.42611858367306],[-85.11066577320393,46.45759302305788],[-85.16226956758317,46.470021457380696],[-85.16153198925814,46.499501972858745],[-85.1295987114428,46.5257854162759],[-85.0289655380534,46.559117615344995],[-85.07048005340785,46.56456852094739],[-85.08334136654453,46.585911602203126],[-85.07049844172533,46.5965987440827],[-85.17171174724389,46.625363975496136]]]}},{"type":"Feature","properties":{"OBJECTID":35,"AreaAcres":1305910,"AreaSqKm":5284.83,"States":"MI","HUC8":"04050006","Name":"Lower Grand","ShapeSTArea":5232319679.35935,"ShapeSTLength":635296.2619796377,"avgScore":52,"riskLevel":"moderate","facilityCount":81,"highRiskCount":22,"totalRsei":697202170434,"topChemicals":["Diisocyanates (N120)","Toluene (108-88-3)","Nitrate compounds (water dissociable) (N511)","Sodium nitrite (7632-00-0)","Nickel compounds (N495)","Chromium compounds (N090)"],"sensitivity":0.52},"geometry":{"type":"Polygon","coordinates":[[[-85.18128436356571,43.55779659793634],[-85.21300270606415,43.531748622654604],[-85.21590619723139,43.515775800332825],[-85.19260516159687,43.49510559507457],[-85.22289820941667,43.45739415391012],[-85.2104800891942,43.44607135660936],[-85.24808415255237,43.43756860652914],[-85.25196721565271,43.42369860507503],[-85.23643519900013,43.418584317706525],[-85.26686891314174,43.41024360050205],[-85.26011961164828,43.348322422204724],[-85.27253880481763,43.34101015404185],[-85.29957362452092,43.35936546274724],[-85.33691518975147,43.34389603263737],[-85.37597172763721,43.372600407013486],[-85.41622882525286,43.36689362047635],[-85.47162538037699,43.33049103532672],[-85.52044128669478,43.329935490574975],[-85.55481987580842,43.299872664034275],[-85.56861864858415,43.3088030216515],[-85.60736822418042,43.29632404388867],[-85.62608432218543,43.339893281245956],[-85.60236116671884,43.365452854939434],[-85.62744831388615,43.38525560548664],[-85.64165412834953,43.419366984838355],[-85.68154912532444,43.417907058572546],[-85.7385541139709,43.382483333154504],[-85.7338864746072,43.366962254398786],[-85.74960034460996,43.364487886083474],[-85.75891872665434,43.32639715054185],[-85.77195095428802,43.318370788388165],[-85.79639046742757,43.314240873573695],[-85.8229582258018,43.34117513804493],[-85.83109524286408,43.32654532668694],[-85.87100216135448,43.32600077855898],[-85.8963931428918,43.30134218841553],[-85.88933637099957,43.272085664526664],[-85.91676908111813,43.24067965107126],[-85.94117754061095,43.24064707703432],[-85.9565440646322,43.20622843429578],[-86.05156847136358,43.21201732692046],[-86.08109688005419,43.19117385041874],[-86.12972387025513,43.1935216179857],[-86.14873781091909,43.16800573262537],[-86.19580911904565,43.14689680828101],[-86.20991446873968,43.114510206742246],[-86.2379560409767,43.09908145519258],[-86.26101409690723,43.119025378011436],[-86.22896458930087,43.00917705798592],[-86.1733626946091,42.982171892438295],[-86.16326057090176,42.955339908034325],[-86.12865331053834,42.935383050080496],[-86.12180658430357,42.950337737679625],[-86.08271955778024,42.96481731392818],[-86.02770464880234,42.950554132274476],[-86.00034850099456,42.919399469372976],[-85.94357537407839,42.9013476064202],[-85.94089653396388,42.87840926514828],[-85.89697699795207,42.87709850072868],[-85.90521659632934,42.86350324682291],[-85.88586395302222,42.84276220172794],[-85.893558166828,42.829306453746334],[-85.77728777330537,42.79502957975604],[-85.71613817662134,42.80476126039372],[-85.69732608587015,42.77107632145022],[-85.65400987109587,42.74894011032808],[-85.62502711273089,42.78281125390017],[-85.62464799734234,42.7993808384785],[-85.55952247177521,42.797377765515],[-85.52546151653546,42.82687729556814],[-85.53458484199099,42.89050731122866],[-85.52205088016679,42.90148088338134],[-85.54207806973206,42.921472220864246],[-85.53958465843719,42.937352240088266],[-85.4928587010305,42.95732727635311],[-85.4678029053692,42.948669523046775],[-85.45741631840508,42.90653982878594],[-85.41709139160012,42.88033401897002],[-85.30305006334149,42.88924041476891],[-85.27616386961876,42.87127441291288],[-85.24508240028045,42.878978580342924],[-85.2136289102114,42.871139466449684],[-85.23507868495174,42.849045306617086],[-85.20647456481366,42.83221158498744],[-85.17355408547927,42.84188821946289],[-85.16232984540298,42.86051643046314],[-85.12816431384643,42.86676597712281],[-85.11688222797412,42.85457736320097],[-85.08392652288504,42.852220387237594],[-85.086964868302,42.83601278251923],[-85.0635906681023,42.83712357351211],[-85.03845968065174,42.7890548119345],[-85.03039618419177,42.82027623265969],[-84.95697899894,42.84793564682892],[-84.95597010157726,42.856863945533654],[-84.99088641265743,42.86445200655971],[-84.95471166786697,42.88322574016669],[-84.95533400038518,42.90353375786597],[-84.92161484900785,42.92947688762169],[-84.95484723911734,42.996260465313284],[-84.98396163542112,43.013440341896874],[-84.96558477766415,43.02892273833444],[-84.92579042340812,43.024394691718996],[-84.90409886161888,43.064695687364114],[-84.94503592743342,43.09223598292417],[-84.9520924920081,43.15202191567859],[-84.97831519809593,43.18767785988422],[-84.97132282804701,43.20212766726409],[-84.98140942477646,43.21946406380262],[-85.02577757280444,43.23103034500401],[-85.06261261629734,43.20711884047739],[-85.10487457596197,43.21604350220134],[-85.08706580887318,43.2332470725115],[-85.12713851890992,43.2462644280848],[-85.14393457082174,43.27316871380478],[-85.14784967207316,43.28882327709378],[-85.10642524925824,43.308183848491666],[-85.01699023735111,43.30973827882752],[-85.02323352723347,43.33385172604427],[-85.00915723458921,43.33819961531423],[-85.01647525543711,43.35293617931591],[-85.00605439604026,43.373644650759466],[-85.02782180323082,43.40081414786656],[-85.00268148775653,43.41616186499316],[-85.02779048104946,43.464558214553996],[-85.10938071528828,43.47581425462374],[-85.10299420076862,43.50350394991509],[-85.15196036689683,43.51687124390652],[-85.14961015674474,43.55170121759566],[-85.18128436356571,43.55779659793634]]]}},{"type":"Feature","properties":{"OBJECTID":36,"AreaAcres":314464,"AreaSqKm":1272.59,"States":"MI","HUC8":"04080102","Name":"Kawkawlin-Pine","ShapeSTArea":1256817417.827859,"ShapeSTLength":305220.66256720515,"avgScore":52,"riskLevel":"moderate","facilityCount":2,"highRiskCount":0,"totalRsei":374755,"topChemicals":["Zinc compounds (N982)","Aluminum (fume or dust) (7429-90-5)","Styrene (100-42-5)","Diisocyanates (N120)","Maleic anhydride (108-31-6)"],"sensitivity":0.55},"geometry":{"type":"Polygon","coordinates":[[[-84.08679780096372,44.065254660854634],[-84.15127804544062,44.02040809663228],[-84.13905560595282,43.98645338586619],[-84.16119235385774,43.96727556193271],[-84.16387059904851,43.93003297094602],[-84.19850837877611,43.937870086726384],[-84.20177068934584,43.90153208538101],[-84.29108488100067,43.847334177782265],[-84.29641842424834,43.80037751913776],[-84.26805281040268,43.79196855665579],[-84.24677300006752,43.76886800080922],[-84.2262896250508,43.705546321604615],[-84.2107707229574,43.70040512342295],[-84.21599197024446,43.68399799136935],[-84.19764622661124,43.6625981653831],[-84.19038360889361,43.62594190539606],[-84.10830115735372,43.5425775071786],[-84.05619233239076,43.576342585300154],[-84.00685712150309,43.571634622801184],[-83.97202485312137,43.59457594363269],[-83.9452240716172,43.59143132173124],[-83.93227049238031,43.60830781170157],[-83.9013603587045,43.60197675620451],[-83.8781294475178,43.65136727908751],[-83.85293328332105,43.646345081422616],[-83.91150482994236,43.67664701031184],[-83.9547297623413,43.75556996745095],[-83.92636078133687,43.784651312266945],[-83.91110205236738,43.91031602350862],[-83.88758700726937,43.92790419023877],[-83.87779631880655,43.95783320344918],[-83.8255971644235,43.9987798347798],[-83.88194444430206,43.999540659848],[-83.90921294388565,44.02490553538935],[-83.94809016302186,44.02542489968385],[-84.00975057128157,44.059881750024985],[-84.03336786885995,44.06466186263546],[-84.05791905080932,44.048538091299044],[-84.08679780096372,44.065254660854634]]]}},{"type":"Feature","properties":{"OBJECTID":37,"AreaAcres":851488,"AreaSqKm":3445.85,"States":"MI","HUC8":"04080204","Name":"Flint","ShapeSTArea":3443875659.801955,"ShapeSTLength":432909.6895500444,"avgScore":45,"riskLevel":"moderate","facilityCount":15,"highRiskCount":7,"totalRsei":242999615232,"topChemicals":["Certain glycol ethers (N230)","N-Methyl-2-pyrrolidone (872-50-4)","n-Butyl alcohol (71-36-3)","Zinc (fume or dust) (7440-66-6)","Xylene (mixed isomers) (1330-20-7)","Methyl isobutyl ketone (108-10-1)"],"sensitivity":0.9},"geometry":{"type":"Polygon","coordinates":[[[-83.25070487762898,43.35853648453489],[-83.37736009955323,43.32492634957953],[-83.4224654682051,43.29601496834753],[-83.43564670652137,43.24493992701574],[-83.47118886725431,43.22496116447178],[-83.52129136955858,43.21729579902634],[-83.56501837919866,43.191864077447285],[-83.64449282874237,43.17918902808308],[-83.67538204156575,43.205077352868344],[-83.69022756251233,43.19829625258451],[-83.6948777677869,43.21367427914253],[-83.71212463902582,43.21439686733522],[-83.73203598848968,43.249011341382136],[-83.75477086813531,43.26072493421242],[-83.78755795446105,43.25907627075622],[-83.87877559008909,43.28716597229546],[-83.9192368926348,43.283167782385036],[-83.939652108378,43.3074504159041],[-84.03270372157994,43.328560504515075],[-84.02315642770014,43.32134318574453],[-84.03073760241799,43.31242400545426],[-84.04993166871732,43.33495360883021],[-84.0449560525315,43.318717094851216],[-83.99360301495608,43.293431880512614],[-84.01084797941165,43.23096940190152],[-83.99970420522384,43.19439590239167],[-84.01906114106941,43.17989266124418],[-84.02754210806684,43.13191485585282],[-84.10712029772694,43.12267402069122],[-84.08317127163272,43.101360531018656],[-84.11372979820385,43.08645528834454],[-84.10076420894978,43.072148236028845],[-84.1095206678938,43.05898973678305],[-84.09501313512405,43.03295108944981],[-84.05598809609995,43.02309283831775],[-84.07658421253028,43.010065378671314],[-84.06146755137738,42.97678086472954],[-83.889961949883,42.96512299932403],[-83.90537577089194,42.9392893641697],[-83.81261359976638,42.8745945420891],[-83.79602923319543,42.838762465359785],[-83.77335821887924,42.83319536189797],[-83.71957477151858,42.858894232250094],[-83.69741048616541,42.799013171014366],[-83.67335801470901,42.796146157284795],[-83.61382301883677,42.818570916048635],[-83.56777807365874,42.79185629163093],[-83.5659397470545,42.779690477030584],[-83.48925560004237,42.789081338375674],[-83.46643515658911,42.778091434045855],[-83.44873987807135,42.790684822603446],[-83.41566582791802,42.768272880900575],[-83.41644399670679,42.79142871799127],[-83.38623943166483,42.802863303610316],[-83.39171262856249,42.82983655088785],[-83.36642526892167,42.838048789821464],[-83.35024636252828,42.88750085618297],[-83.33289363215688,42.88867432133347],[-83.32489150034515,42.86881140173466],[-83.26338308380821,42.84202114100144],[-83.19611700720124,42.862416122733784],[-83.17636015286311,42.89373848333368],[-83.15246664721492,42.899665807338764],[-83.14817278885207,42.91516063022589],[-83.16769733347763,42.928220900498616],[-83.1890566580512,42.977573130139426],[-83.1686316373553,42.99889070268642],[-83.1768894729326,43.012308124785704],[-83.16387512543147,43.03257590956668],[-83.18159937280457,43.115633581247415],[-83.16983871976792,43.12874082148782],[-83.13303872291159,43.115420345898684],[-83.08552753310934,43.12565812908495],[-83.09838291409814,43.14171445822778],[-83.05660131019927,43.179242347115824],[-83.08790331528004,43.20679325335198],[-83.0690388022986,43.224454050132955],[-83.11050325039417,43.275153700298276],[-83.09747880031166,43.319249097992234],[-83.25070487762898,43.35853648453489]]]}},{"type":"Feature","properties":{"OBJECTID":38,"AreaAcres":16041391.3466676,"AreaSqKm":64917.26,"States":"CN, MI","HUC8":"04080300","Name":"Lake Huron","ShapeSTArea":64986350750.4631,"ShapeSTLength":3751417.953961137,"avgScore":70,"riskLevel":"moderate","facilityCount":0,"highRiskCount":0,"totalRsei":0,"topChemicals":[],"sensitivity":0.35},"geometry":{"type":"Polygon","coordinates":[[[-83.71822382554784,46.296306714971635],[-83.75077472998423,46.28612033678621],[-83.80802600046759,46.20780451370893],[-83.86144092280281,46.20631033070951],[-83.9155760177427,46.24394516664723],[-83.96411372835718,46.229391334382235],[-83.95231489587756,46.20811190882061],[-83.96583096521198,46.17465575922362],[-83.91554432867585,46.11460095675674],[-83.94325505853965,46.07028581560213],[-83.94245842901076,46.03221522474494],[-83.89793512578059,45.99019736275189],[-83.91300458038148,45.95621815528382],[-83.93201706090305,45.97433173830932],[-83.9446872795531,45.96295693778688],[-83.98491371009524,45.96695155068341],[-83.99758506038701,45.947996708054],[-84.10086897394164,45.97597155181299],[-84.10080325918237,45.96788272491154],[-84.11694419513351,45.9833091520873],[-84.14702910460818,45.973695906219945],[-84.17685205025475,45.98019755051925],[-84.17355051826866,45.97241127662335],[-84.23403787995952,45.98821255726666],[-84.2158400153036,45.97186151296495],[-84.29915169171328,45.99798417284296],[-84.28057402632977,45.97404247664429],[-84.3304348620329,45.996924044771895],[-84.30736544967027,45.972733141203875],[-84.34758219478438,45.99679705679221],[-84.35898044984985,45.98840704771051],[-84.35555473333497,45.97360265449069],[-84.40453461150557,46.003577919521724],[-84.44185924871496,46.00888884217266],[-84.47004446787204,46.00235212010146],[-84.4651061614902,45.97254046919116],[-84.48031467413901,45.976900309729366],[-84.48213300379413,45.99289858395539],[-84.50683927830808,45.99843141659558],[-84.52839726619752,45.968810768450695],[-84.54787138366437,46.024134369140306],[-84.60678959207657,46.02722460163011],[-84.6577101081361,46.052244037700845],[-84.69046396389513,46.03042760559973],[-84.68531903913937,45.97346225483286],[-84.7237390309175,45.96699333294551],[-84.73820257420856,45.94766825489524],[-84.71370133909441,45.919917404224],[-84.73608401705918,45.91323021134915],[-84.72923895977071,45.873882652461944],[-84.70293292691295,45.85559809315392],[-84.7232859147639,45.84657281668071],[-84.73181075099988,45.788237066173224],[-84.72094208257434,45.76640957656852],[-84.55709773515413,45.70891726104778],[-84.4596532907605,45.65212291537984],[-84.4139465415352,45.651137263598784],[-84.42950347289405,45.67058435262145],[-84.37979036718517,45.657100231123344],[-84.33284393166595,45.66416812099784],[-84.21539274117558,45.63476982889049],[-84.13687300872988,45.571245642504365],[-84.11571997496073,45.51168725131881],[-84.08625674534548,45.49316123304979],[-83.93611925917271,45.492523852161696],[-83.80293181727286,45.418389055474584],[-83.74629223476376,45.40533814042272],[-83.7162759317654,45.414924447640125],[-83.69924029822361,45.397316548646415],[-83.58547300307579,45.34888428668575],[-83.53929424381106,45.35811460342841],[-83.49827110893025,45.34052041495252],[-83.48910799851103,45.3579493499652],[-83.4783464974553,45.34605965253125],[-83.48302036622565,45.328668747016664],[-83.46723380769116,45.33230817705331],[-83.38285654943147,45.27165279309495],[-83.39497429129581,45.25321844659444],[-83.41647422471546,45.26211896910201],[-83.40327933449285,45.27838373456299],[-83.4182951760629,45.27229401802907],[-83.40590202812673,45.227228852987245],[-83.35860461099263,45.16271209988498],[-83.31861117584126,45.14274502114591],[-83.31401446429015,45.101818386478655],[-83.30116343540539,45.09331420281768],[-83.32223364782189,45.08543938785338],[-83.31341400771207,45.08668938701733],[-83.30880350010861,45.05040234630259],[-83.276055514825,45.04338303622083],[-83.26017296470572,45.025494161662344],[-83.33979216198757,45.041346016015154],[-83.3710549775756,45.075867924261175],[-83.3890265826506,45.076208803289845],[-83.44485297743392,45.04770729249236],[-83.4550127989016,45.01674199473897],[-83.43263205871257,45.00891918353398],[-83.45652338800262,45.01036602533544],[-83.46383827961164,44.99637458136818],[-83.44964319359602,44.99010035763093],[-83.42597287866903,44.92706755067326],[-83.36591812984749,44.890845212814455],[-83.31771111344138,44.88172829477719],[-83.31993529128754,44.850472960166904],[-83.29398602338634,44.80686384667565],[-83.29626679327922,44.743486466892456],[-83.27060395409767,44.70958069326097],[-83.31498545252731,44.604450408564894],[-83.30868670105828,44.53906998386534],[-83.33364748625192,44.336874518170504],[-83.37829634378473,44.32387873807101],[-83.4464436751694,44.2523489927862],[-83.45492210705494,44.24927279693422],[-83.43981310364768,44.26854503622002],[-83.48049130795725,44.27995768620761],[-83.53725269150908,44.24870434612126],[-83.56622090649512,44.16064641136135],[-83.56487884902629,44.11156779813361],[-83.59146824218699,44.0773215629068],[-83.58138557952921,44.05307683645653],[-83.6414163971474,44.05386901162814],[-83.67148285814423,44.04184416293319],[-83.68066796354856,44.02952108009491],[-83.6660398213059,44.02009177584732],[-83.6886332297209,44.026970567390826],[-83.68576419053905,43.988858791348406],[-83.73461714025265,44.0045141019572],[-83.75857057935403,43.986182541777595],[-83.800251748184,43.98576957304071],[-83.80989372368957,43.99717617345341],[-83.85090955746996,43.985427233710965],[-83.91645261361862,43.89657327798812],[-83.9257887560591,43.78744495134789],[-83.95384990703572,43.76389256433525],[-83.95269441146122,43.74774128287252],[-83.90706514913235,43.66971576511862],[-83.82330744938369,43.6447055092911],[-83.84143238827963,43.641773435213686],[-83.73951401822741,43.623486223172776],[-83.68954356947701,43.589289727880654],[-83.69791701009103,43.5905900325436],[-83.67374309371475,43.58612507812102],[-83.55529507504883,43.68298673900369],[-83.53474443764051,43.72243816005044],[-83.51111977858831,43.7129674883843],[-83.51868339891838,43.71683568042088],[-83.51879521784767,43.70253753996991],[-83.49235745856333,43.69965303210761],[-83.4238293723986,43.78393000638718],[-83.42679243851794,43.79883736701271],[-83.40290292626241,43.805847649101075],[-83.41057282289381,43.810036960229496],[-83.39943471075726,43.81185135566965],[-83.40746464849045,43.81422013322945],[-83.39010026741644,43.846366767503646],[-83.36072930344353,43.856273595633205],[-83.32325869380908,43.89428499787671],[-83.40415542939613,43.910857739567156],[-83.30514773277876,43.92241040190003],[-83.2768609484572,43.9427513223046],[-83.26246636760447,43.975316766458256],[-83.0634457144985,44.00422507960511],[-83.02309304151224,44.04528230855823],[-82.98900574071168,44.04976049420327],[-82.96339281968568,44.068577354130234],[-82.91673329184334,44.06802389378651],[-82.79626172452828,44.02352705991922],[-82.73607903334799,43.98518342387862],[-82.63370880180085,43.82667160467422],[-82.6147336639304,43.7744931612872],[-82.59742787069564,43.58982772146774],[-82.53977357728239,43.43779901100209],[-82.52272670980066,43.226822470801736],[-82.48561167074749,43.10200587444828],[-82.4244671094909,43.012670342482835],[-82.38632010369096,42.97804999797287],[-82.36212732795848,42.979933137742414],[-82.36844858452349,43.004175925865034],[-82.34774181616925,43.01705690745574],[-82.20495414040094,43.03241372203872],[-82.197488820517,43.04442119624915],[-82.15903711811619,43.05247657115692],[-82.12892914789072,43.093336446462594],[-82.09878097126392,43.10467422744909],[-82.05317129330746,43.14886967844678],[-82.02875668707311,43.149240640981944],[-82.02663594907555,43.169915059608755],[-82.00670667921739,43.157700220678365],[-82.01379985043489,43.17682870668421],[-82.00402692513109,43.19517904714605],[-82.01841163405497,43.20436970150755],[-81.84918720843255,43.25038412313073],[-81.73720253954927,43.33792687459444],[-81.72088062771488,43.33697746947502],[-81.72881919653925,43.350650175306974],[-81.70664595670715,43.39279782129879],[-81.69698082674833,43.39178570991636],[-81.71269810354296,43.41050587346805],[-81.69762971136666,43.41741811051078],[-81.71317650295856,43.426634821369284],[-81.69722758895281,43.43134909854097],[-81.71542410441526,43.451078973069166],[-81.69179334518695,43.45715803858659],[-81.71581343672416,43.4631713420119],[-81.71238738805478,43.47881156470229],[-81.67022703676098,43.48201706191353],[-81.70820505849227,43.494758679779025],[-81.66720573659813,43.49827740864681],[-81.70933780879255,43.5035752138057],[-81.69701496815138,43.517683378349986],[-81.66360514229106,43.51855218616293],[-81.70100849496075,43.52965004532851],[-81.69226515481442,43.55379154091015],[-81.70974374667185,43.5697720973038],[-81.6943005263537,43.57470777869069],[-81.70708745479132,43.585769165034456],[-81.7082728369173,43.62390642427151],[-81.66867014752142,43.63059999595628],[-81.71253529470205,43.62922320345314],[-81.69999844952407,43.638609185612346],[-81.71706683229735,43.649143421059954],[-81.69539623000111,43.658076049284915],[-81.72018575891533,43.658938955906635],[-81.72230928710908,43.67151879960766],[-81.7074747294651,43.67801599463127],[-81.72226539640025,43.68402763951284],[-81.72439459271688,43.70269942804435],[-81.69544974506564,43.70438860288231],[-81.72015503545286,43.70909823279663],[-81.72294473403802,43.724213179408025],[-81.69023112584817,43.728792320795414],[-81.72470502975291,43.747283124193025],[-81.70622268823968,43.76336379114713],[-81.71931859707438,43.77326614073106],[-81.71088477186132,43.78708367833232],[-81.72428508893024,43.80543915411182],[-81.71572276191011,43.82490350490868],[-81.72280065771884,43.886926751966875],[-81.70910932511688,43.89598889091595],[-81.73304977679824,43.98476660844038],[-81.72873966972726,44.02364017668435],[-81.74120697851144,44.052670044283126],[-81.72954121322347,44.06465620256026],[-81.75022893500532,44.0764988650641],[-81.64255152191942,44.162751009477645],[-81.62405884735429,44.19775185836289],[-81.60795944312358,44.202288814737535],[-81.61744372042456,44.214068474154374],[-81.59542033180104,44.215406917790105],[-81.61004223986677,44.22347002920233],[-81.5765557147055,44.22130050870629],[-81.60761641260363,44.245087257827905],[-81.57308738573005,44.26170583108034],[-81.60315439952487,44.27115569251186],[-81.5570994142364,44.273803710961154],[-81.59123641644328,44.29043536571604],[-81.56647466100947,44.30622798727178],[-81.60130256871882,44.32172549796599],[-81.57381095197526,44.33632609697103],[-81.55982672876611,44.32729165379918],[-81.56232074707222,44.311691102768734],[-81.54598605660892,44.31205037228999],[-81.55353492542406,44.33105638614922],[-81.53783678630273,44.32885098282865],[-81.54819999691645,44.339390057466055],[-81.54109959757533,44.36101949400854],[-81.47914015018122,44.354799996488595],[-81.46901015094328,44.37508999672303],[-81.50138198959175,44.39737886516804],[-81.43339012253618,44.392700241686],[-81.42349022827487,44.40574501292438],[-81.43182833473507,44.41979861005019],[-81.38329211464385,44.429153287048955],[-81.36206203595304,44.453140853266056],[-81.38619995929851,44.48553580625912],[-81.36932231609737,44.486734901728],[-81.34359224815657,44.514069327867645],[-81.3461101634515,44.533212443135724],[-81.31147621041514,44.54667301017526],[-81.3135353751261,44.56079103372255],[-81.28577784396266,44.57627951552892],[-81.26052681988601,44.628288350951195],[-81.26802338013647,44.640203112457264],[-81.25677604221967,44.65878472012781],[-81.27284471413105,44.65934253545527],[-81.2946291248426,44.68502336270755],[-81.29236951187356,44.69290475701197],[-81.28356654517614,44.68185546545654],[-81.25769809912282,44.7126586848571],[-81.25977845085488,44.74392906327595],[-81.24345069559081,44.76829746448412],[-81.25911549666274,44.79608386872391],[-81.28314849738283,44.80281099252884],[-81.26763657654702,44.80721658248702],[-81.29164694940039,44.81022753087742],[-81.2623936082762,44.82539344862091],[-81.31913123967918,44.82981538243363],[-81.31530020755044,44.86210000572405],[-81.29937068183865,44.88094111978554],[-81.3187008462806,44.875907919595214],[-81.33139711049843,44.90414813712075],[-81.36141142125047,44.90909415825546],[-81.34884945575972,44.930115886080216],[-81.36261350703077,44.9388006420683],[-81.3480962952195,44.95794993383795],[-81.36871825406698,44.977868654980526],[-81.36000828523817,44.991622188453555],[-81.37788416262384,45.00772179155184],[-81.39418055010077,44.989128379769774],[-81.40534936064667,45.0008746210237],[-81.42860571138952,44.988718394044966],[-81.461812388494,45.05310719137657],[-81.48447758946622,45.061814612611435],[-81.46989843794051,45.068804311515116],[-81.49137561216133,45.07645470148066],[-81.48596992789012,45.09213908263324],[-81.56126426824575,45.13283245580913],[-81.5220524641815,45.16119727582746],[-81.58570821682751,45.160179472196575],[-81.5777203599361,45.19905256336016],[-81.60630381479528,45.18334146781756],[-81.62305024126951,45.20041896012232],[-81.6442766356088,45.18789154500433],[-81.64881274189973,45.213799229563946],[-81.68794491146426,45.20102500192802],[-81.70195419861004,45.217937904610054],[-81.6805858432634,45.23041547523284],[-81.6809205165147,45.251807538580174],[-81.6433845131695,45.24846408414527],[-81.6370568603429,45.22672128942621],[-81.60569616300113,45.21897320070948],[-81.55227095971037,45.24524292846433],[-81.47535886814204,45.22488362970219],[-81.29760960189208,45.24147522043492],[-81.3034467057434,45.211272764480604],[-81.33807507084921,45.193605275667174],[-81.34844062805288,45.16674255165633],[-81.33710765654355,45.154914916054544],[-81.34262317295325,45.12398545001103],[-81.288860342064,45.10863101029688],[-81.28941187347405,45.09557811656013],[-81.27019496228762,45.083746668879385],[-81.2929753958686,45.06181670572304],[-81.279784145275,45.05355242995141],[-81.28862985712323,45.03309446683521],[-81.26946137704233,44.989212978979694],[-81.22998460990297,44.98166873838783],[-81.19214688195609,44.951793546055725],[-81.12655096461869,44.9487760499308],[-81.17071858662483,44.91266007243015],[-81.1535275412038,44.887587876812944],[-81.12937627717821,44.89665044509734],[-81.12238702958258,44.88124508980027],[-81.09228149372875,44.87215212297805],[-81.05546139769044,44.89249064583683],[-81.01918211763609,44.87890947204643],[-81.03268442325049,44.870957238867156],[-81.02443547926718,44.85729894042057],[-81.07056636747494,44.81911763511944],[-81.12147923400315,44.79812199100089],[-81.12371664638134,44.781670245573835],[-81.13347826747858,44.794047297367385],[-81.1405820658122,44.7881768828372],[-81.14171619353037,44.73619158906398],[-81.09966293780244,44.74837216499614],[-81.08582342592071,44.768495154110184],[-81.01546936636237,44.802864329398666],[-80.9894775759218,44.80125310368509],[-80.9703601517256,44.78204999588593],[-80.92378282033751,44.79618435976324],[-80.89471181375447,44.772518914181774],[-80.90670975102577,44.709271497099316],[-80.9213885048726,44.70462583397881],[-80.9135365424395,44.69041494386531],[-80.93372751592263,44.67655203136747],[-80.92054435151628,44.667173299213125],[-80.93907096146953,44.662011428586204],[-80.94776060171228,44.637447849361486],[-80.94016254045347,44.62279255771524],[-80.95358411690157,44.61258220345203],[-80.950073993592,44.58103933302505],[-80.92848975745714,44.568499586035635],[-80.92009690558578,44.56761367520313],[-80.92774293903913,44.58145031851753],[-80.91116122098018,44.614656774535156],[-80.87184900726342,44.623439234548236],[-80.82469716176723,44.663246035079055],[-80.83268233731025,44.67540580635049],[-80.8148295886109,44.67539569778671],[-80.81596155355732,44.69130834548478],[-80.79404680021848,44.68435070914558],[-80.79441365727632,44.698854706196414],[-80.77385480832221,44.71163360871168],[-80.74585702356025,44.70041036294007],[-80.74343685422076,44.719824196491274],[-80.66320811830651,44.72077524174295],[-80.64029794188497,44.7162795811955],[-80.65351845982097,44.690624537387485],[-80.63261606131219,44.69201791312505],[-80.63666249150172,44.67943364313193],[-80.62404251223954,44.66964818993918],[-80.64090990016533,44.66316192671005],[-80.6256885050072,44.628018988424905],[-80.65887656710295,44.63309325588017],[-80.65323283371433,44.627023070488086],[-80.61876877280767,44.623605164421924],[-80.53159524374615,44.578686836520895],[-80.51245741685047,44.59262117952612],[-80.50568803987986,44.56930641144327],[-80.4707779972494,44.5723019316117],[-80.46657177233725,44.552222183258415],[-80.45341614377107,44.561622531365],[-80.42290320056401,44.54896211640248],[-80.42421659450908,44.52675193154482],[-80.41353219103799,44.538862516342185],[-80.39032909886595,44.52615099479699],[-80.3820995533058,44.537838222553994],[-80.37526325980885,44.523132740222024],[-80.33731596141831,44.532352267610186],[-80.34410684138503,44.50622214344345],[-80.28210985055749,44.528702098415025],[-80.23458241022406,44.50783586537016],[-80.23182497377742,44.47009952181664],[-80.20073368340793,44.484744357070674],[-80.19202989489868,44.50251213844296],[-80.19075220971254,44.48769800478093],[-80.16147651832814,44.48429608271894],[-80.17001985335364,44.47058448876467],[-80.14581676290638,44.47729082807391],[-80.14391762027172,44.46133016425294],[-80.1029453885354,44.45527388990355],[-80.06600178665352,44.474113615483546],[-79.99188507473755,44.56267348665737],[-79.95940553004112,44.56655201841076],[-79.98909501229245,44.575437822067805],[-79.99164128960689,44.596706681593275],[-79.95039974724386,44.63203295190969],[-79.98024255549737,44.645295682865644],[-79.97720325641197,44.669195343965555],[-79.99425892083339,44.68868322812517],[-79.9826205944243,44.69970295749674],[-80.00364276262688,44.70109337141767],[-79.98975809973807,44.70902795323875],[-80.02175611424191,44.71384536126095],[-80.01063448516689,44.725656621026296],[-80.02602609414028,44.71998956045897],[-80.09278360000413,44.75749381353458],[-80.1083235525925,44.79920191431271],[-80.0408443794946,44.793808541036555],[-80.01501759017214,44.83104074348556],[-79.96819899975998,44.85876317250038],[-79.95125975031299,44.84335848911144],[-79.91574394070182,44.85265429272594],[-79.90882931625363,44.8381998380229],[-79.93287407673357,44.818134589312386],[-79.95697424532739,44.81799861385183],[-79.95818311271265,44.77618250048401],[-79.97980137977716,44.768086425537106],[-79.92408806534412,44.76677008737058],[-79.92254388515978,44.79415971621766],[-79.88109884955827,44.80792303467051],[-79.87401380449712,44.785123067209504],[-79.91439434626953,44.7634811904803],[-79.89444393434707,44.742877459134526],[-79.875256495771,44.75612268818133],[-79.86693033850538,44.743158173733676],[-79.8366012311368,44.74093044477695],[-79.82824536115974,44.75430379123503],[-79.80534422349461,44.75011109024825],[-79.81356067780234,44.72852543853256],[-79.79755810731787,44.72747821727046],[-79.76035452773003,44.755047292773604],[-79.75461535452865,44.73172955406079],[-79.73806511440273,44.73031144605479],[-79.70261435427273,44.75344907534635],[-79.68570499989616,44.74509529967405],[-79.69668537227837,44.73146726415762],[-79.67377101303055,44.73994233739035],[-79.70138962850015,44.722644366436214],[-79.69576641828014,44.716875473042435],[-79.65305892191114,44.738613450058345],[-79.6667841469765,44.750620088630846],[-79.65812273603525,44.764575772296446],[-79.6966417404135,44.76645848781037],[-79.71183154061491,44.78703870887192],[-79.70719551962652,44.81327874614301],[-79.67249228054533,44.81873186296478],[-79.69932748556087,44.88660157154189],[-79.69936981326617,44.92853391983019],[-79.72325149690082,44.94392776346058],[-79.74153152719713,44.93552017099159],[-79.76999679809018,44.95999908307408],[-79.78865066840119,44.94213104069983],[-79.83705917541012,44.96376037416538],[-79.8871156337286,44.96513366580823],[-79.9260408043436,44.99292754942326],[-79.9269410732065,45.012947080721176],[-79.98172775558807,45.02087402192798],[-79.95644394195243,45.035621641508705],[-79.96061722099675,45.058876035088645],[-79.97419754279856,45.067218778899516],[-79.99618545795929,45.05863952446321],[-80.02893081688546,45.07981490835912],[-80.07371536279801,45.085937497886356],[-79.96797958599785,45.13945770164147],[-80.00211349586827,45.158416745924804],[-80.02160659959769,45.19924926527395],[-80.05253616447025,45.193881986107506],[-80.05914786742964,45.216451978074154],[-80.0853855545037,45.21322779948994],[-80.08644704002492,45.23853364315074],[-80.11268778298394,45.22682582907771],[-80.1343469498541,45.23737526036828],[-80.10516763636278,45.26203815119766],[-80.03972345075341,45.285603244454784],[-80.02388293670987,45.33511234448711],[-80.05005784149326,45.35724955376949],[-80.04941347248736,45.373532275050756],[-80.07463856973989,45.40199120659898],[-80.10689369442822,45.41529833448602],[-80.13810461005122,45.40039475426973],[-80.16892900194394,45.41335074732347],[-80.24219713728574,45.4001133851637],[-80.20915574208713,45.36316430829268],[-80.18383559069638,45.36076270914031],[-80.17977460927477,45.34649921011638],[-80.20330316563417,45.36159165369531],[-80.21911481036959,45.36240019147162],[-80.2216174607357,45.34712809112676],[-80.267490729327,45.36620069540317],[-80.29739213964297,45.35834316634179],[-80.31027121660593,45.42453213685391],[-80.33685698671175,45.44170599911146],[-80.37831810335271,45.43828166075461],[-80.39097872953957,45.45794161545025],[-80.37385378008827,45.54529717365847],[-80.3823101569083,45.57223699674421],[-80.39777555501878,45.574965796039685],[-80.38246143259612,45.599393438558856],[-80.41110053505304,45.613301809683826],[-80.41252484734302,45.62758852596349],[-80.44386983693225,45.61999484242139],[-80.45126488879697,45.61647672227244],[-80.41780717421969,45.58398665821416],[-80.50166130667249,45.56573065873539],[-80.47707202659196,45.60631740772997],[-80.51702200634999,45.60056267381001],[-80.49101675737833,45.62459058732098],[-80.53049621580368,45.631922405840896],[-80.53085692709523,45.662349579205305],[-80.61582241994982,45.70966520790209],[-80.62406848030436,45.73667424806759],[-80.63807133927948,45.73757305636258],[-80.62226674910254,45.77292080177051],[-80.65307997476236,45.783052722755095],[-80.63902781337097,45.8026726223626],[-80.6645744883632,45.79811384392454],[-80.67174648142334,45.80220137775654],[-80.65714565651344,45.81014319615877],[-80.68574745528095,45.8281707844156],[-80.71803015605762,45.82702449524481],[-80.69350610803718,45.82828286258956],[-80.68461105682755,45.84228379522135],[-80.70122760960356,45.865151205437456],[-80.7254632222922,45.864823352826996],[-80.73551920030697,45.87784247675813],[-80.72675636458258,45.891837431539216],[-80.73915912224444,45.93268481682902],[-80.73149377975481,45.9561891020403],[-80.7898816845418,45.90988124943985],[-80.7907621301062,45.9403458969613],[-80.80718290706153,45.95953969906723],[-80.81884764843416,45.93982782941507],[-80.82284858845007,45.95610306240862],[-80.83003814842515,45.951896501834],[-80.83122087261063,45.93630852439041],[-80.85236068069699,45.9229962344365],[-80.89109001723111,45.95069986409838],[-80.94275793233778,45.92882828268455],[-80.96628680469735,45.939927687901516],[-80.97052745604327,45.96593169532097],[-81.02114293302145,45.95200655886689],[-81.05405813959041,45.95766392285562],[-81.08879173654583,45.94093786094781],[-81.12926660045217,45.947585570565714],[-81.1511153392171,45.925206962131924],[-81.17920275351291,45.94611632287025],[-81.13542972540506,45.978855116906644],[-81.15312987253195,46.00561177225672],[-81.17553795316309,46.00973929381636],[-81.23869587916623,45.9965752429043],[-81.36434932853739,46.00255480781214],[-81.49017502387336,45.97633967417539],[-81.48091899416711,46.01351482977859],[-81.51199504981565,46.0192938605394],[-81.48393970117947,46.032578808324274],[-81.47455413777072,46.0514118275824],[-81.5299685953386,46.042361841412685],[-81.53430396362634,46.063563248859374],[-81.5599209999136,46.06249018155709],[-81.53807063310512,46.08496918631137],[-81.55106637789491,46.09462794562089],[-81.57496841199863,46.093340249523614],[-81.64520816120096,46.12324103133217],[-81.67126230373455,46.11130498358836],[-81.67097684768187,46.08859643239636],[-81.6856312130602,46.08056529658048],[-81.67292805654965,46.07032744377918],[-81.73032301381058,46.06668418183965],[-81.7411764539354,46.08210749401587],[-81.71817749217766,46.08280242476966],[-81.71328762731648,46.10638818826189],[-81.74396110076825,46.114526588296776],[-81.76875048372965,46.116961630842674],[-81.79562507573146,46.100453084586455],[-81.8864260492027,46.110722321036974],[-81.91609642126456,46.09629854357068],[-82.04917017716689,46.10168201107537],[-82.08962186848244,46.12524282579614],[-82.11913089215416,46.11272925466451],[-82.14151745913345,46.1332820669938],[-82.15297510862885,46.120576134152245],[-82.18809607152235,46.12526881106034],[-82.17518437722495,46.139090746157436],[-82.24689526001076,46.157318982837424],[-82.30822661556688,46.14060873870203],[-82.33415545720126,46.15951307639271],[-82.31174149070709,46.167526825138346],[-82.31420721898455,46.19067255332985],[-82.44377941427486,46.191240509714056],[-82.44714254756543,46.20723841808824],[-82.46378646620299,46.21186874393906],[-82.52786854230186,46.17094356599225],[-82.59700410537052,46.17587053843464],[-82.67449237043026,46.159880780483526],[-82.682391611922,46.16116012112965],[-82.671329972918,46.180981332631184],[-82.6146035550858,46.20003940260404],[-82.62466203320429,46.21265595482893],[-82.79707303160072,46.19423155861216],[-82.8107282642292,46.1832837875079],[-82.87754954408676,46.187638608224745],[-82.8898242564595,46.17738973733953],[-82.89790548318223,46.18969658030719],[-82.96031496208377,46.19035098891454],[-82.98734400066446,46.18213787778924],[-83.01287755164304,46.199569618149766],[-83.01883960958654,46.189676262366355],[-83.07558265339176,46.19175124082967],[-83.09909240148963,46.20548623469466],[-83.1923275308714,46.20193453708906],[-83.18829920401565,46.222927648145124],[-83.20667970388794,46.227207750348676],[-83.22384399986194,46.20428279018155],[-83.23019658972983,46.219930264705155],[-83.2358608426009,46.206114488614205],[-83.25105111918366,46.22381046194381],[-83.27956395293926,46.21352359012587],[-83.2780250023092,46.222935301017436],[-83.29997763615664,46.21901656944939],[-83.3017167469354,46.23552994853054],[-83.31721163382166,46.24261763013993],[-83.3687972066705,46.23009843904502],[-83.42216756274962,46.25202087276751],[-83.4535078113534,46.246864802211874],[-83.45345258766973,46.26160415499143],[-83.4814846369008,46.24711706687066],[-83.51289149727077,46.25191587237473],[-83.51425240329947,46.27096565733619],[-83.55800673101011,46.25448564303146],[-83.60423529129358,46.28743917220283],[-83.65766374722968,46.27463886338817],[-83.70055115610954,46.2793626965805],[-83.71822382554784,46.296306714971635]]]}},{"type":"Feature","properties":{"OBJECTID":39,"AreaAcres":956178.38681762,"AreaSqKm":3869.52,"States":"MI","HUC8":"04090001","Name":"St. Clair","ShapeSTArea":3271594626.358695,"ShapeSTLength":451942.01698451024,"avgScore":46,"riskLevel":"moderate","facilityCount":20,"highRiskCount":10,"totalRsei":20595129286,"topChemicals":["Toluene (108-88-3)","Zinc compounds (N982)","Barium compounds (N040)","Vanadium compounds (N770)","Hydrochloric acid (acid aerosols) (7647-01-0)","Sulfuric acid (acid aerosols) (7664-93-9)"],"sensitivity":0.65},"geometry":{"type":"Polygon","coordinates":[[[-82.81802734342341,43.68586361847563],[-82.84116875700501,43.66075849952625],[-82.8200204326666,43.639022473605166],[-82.8450701484969,43.63478309282688],[-82.84228229040333,43.61954307937426],[-82.87950023457243,43.612016026462115],[-82.88620864991553,43.59686744653368],[-82.87551200029306,43.586091910658226],[-82.88398515695614,43.5724026320055],[-82.87133582939992,43.561223183176686],[-82.87657105525366,43.54410860394587],[-82.86083080962875,43.54018071769892],[-82.84510489897659,43.5092375917266],[-82.87190547191945,43.47873080241635],[-82.869341963024,43.42738342790603],[-82.88624941642712,43.40725523713189],[-82.88610776653152,43.35482022574921],[-82.90734326296241,43.33159432324941],[-82.9093402268807,43.30690700355204],[-82.96637293169323,43.27504301457264],[-83.00363015628079,43.27624929219675],[-83.0066612301075,43.252519014734474],[-83.02791472828895,43.24407670318579],[-83.0241097157182,43.17266896832173],[-83.04554619701216,43.185779277985844],[-83.06839328454656,43.17490289059064],[-83.09705927325679,43.14707583542297],[-83.08567103095567,43.12590167327849],[-83.13069748297296,43.11480796799895],[-83.16879584618154,43.12782347600047],[-83.18162422659354,43.117565724611566],[-83.17354511546833,43.04704481760762],[-83.16233843044282,43.034829232735106],[-83.18862479315946,42.96372449822601],[-83.14382033780562,42.91063040899788],[-83.15595149350048,42.89911356946602],[-83.14374562275144,42.888316634785944],[-83.10047774679609,42.90273592262704],[-83.06314330636103,42.933239076682874],[-83.03984739660224,42.92489824138298],[-83.02476533512244,42.94460130091975],[-83.00047182325399,42.923959289221344],[-82.97841130910643,42.93293157644433],[-82.96386631567825,42.923712347159636],[-82.89016579878515,42.92854068099157],[-82.87240868032579,42.894124035118445],[-82.7818489299612,42.837372814580796],[-82.77540829017627,42.81436962305783],[-82.72714262510841,42.79500973769046],[-82.63958015205247,42.79671773835864],[-82.57045399400444,42.77011961211637],[-82.57310631088052,42.72874841513881],[-82.5039376540702,42.72215465215098],[-82.52532023922176,42.6991004083187],[-82.52506106542114,42.658089423744514],[-82.50417194183508,42.6415539969198],[-82.49065459271138,42.65129631679208],[-82.49769414543763,42.667299295914574],[-82.47260320496214,42.66236593846831],[-82.44207844746728,42.69656342257858],[-82.40182272121721,42.69481168815224],[-82.39668820420259,42.71092523486437],[-82.41296634804598,42.728066266992876],[-82.37993637809573,42.79230502904462],[-82.37426328316842,42.832068463175794],[-82.39568764539729,42.87050345213038],[-82.30683011447198,42.89318999728155],[-82.36346008340988,42.93232999804902],[-82.39195009427402,42.92178998791295],[-82.4165800918166,42.93813000740842],[-82.42508791213011,42.946453368852865],[-82.36792010411473,42.956239997815736],[-82.36366008255484,42.97044998919296],[-82.39815009195532,42.984929997669276],[-82.40103009323501,43.00074998828719],[-82.4467949305469,43.004096436760236],[-82.436704689399,43.022325074365575],[-82.4621331332651,43.042154675303195],[-82.56929107888627,43.051345323270255],[-82.60222455222393,43.124877547135085],[-82.61211567490795,43.18842396583468],[-82.58653193167736,43.231012856199094],[-82.60860874732853,43.386401151939964],[-82.71797763930033,43.48080256955051],[-82.73114802878106,43.50028774602952],[-82.72118672241331,43.52185944196312],[-82.74457624139849,43.56925672659888],[-82.7458656082545,43.60651389235797],[-82.78827863486295,43.671035562619636],[-82.81802734342341,43.68586361847563]]]}},{"type":"Feature","properties":{"OBJECTID":40,"AreaAcres":1316787.52125285,"AreaSqKm":5328.85,"States":"MI","HUC8":"04070001","Name":"St. Marys","ShapeSTArea":4942699745.413231,"ShapeSTLength":684540.5435920482,"avgScore":55,"riskLevel":"moderate","facilityCount":1,"highRiskCount":0,"totalRsei":2599000,"topChemicals":["Lead (7439-92-1)"],"sensitivity":0.52},"geometry":{"type":"Polygon","coordinates":[[[-83.50967014491792,47.05922998898467],[-83.54539015761223,47.03496999035844],[-83.59812015557716,47.03140998915458],[-83.56588015697172,46.97932998878488],[-83.65558015471957,46.9397799873123],[-83.65123015527739,46.924599988836725],[-83.66988015370919,46.903199990185314],[-83.63237015455243,46.89339998963544],[-83.64571015500535,46.869529989214875],[-83.68696015373882,46.8499399894847],[-83.72782015483105,46.88022998940299],[-83.79814015377232,46.8777199886698],[-83.78188015384818,46.86313998960458],[-83.8074601542079,46.84640998794323],[-83.79225015347224,46.8311699891254],[-83.82088015232121,46.819819988909174],[-83.79419015437458,46.79508998758383],[-83.88135015285704,46.77956998885267],[-83.92175015271269,46.75443998915246],[-83.89873015295532,46.75246998904791],[-83.88129015315596,46.71289998809307],[-83.94266015299033,46.69919998866894],[-83.97286015227597,46.70926998863754],[-84.01750015366719,46.69277998759192],[-84.047840153375,46.701489989014895],[-84.05995015232632,46.67434998904107],[-84.09531015176418,46.69098998726537],[-84.15830015341048,46.67137998947811],[-84.18793015201125,46.704099988064],[-84.2012901505113,46.68432998770982],[-84.22341015177518,46.67939998966547],[-84.25021015103029,46.692889986804296],[-84.26709015105232,46.67496998692188],[-84.29748015063919,46.68259998964013],[-84.31656015164863,46.66262998811596],[-84.397120150409,46.66434998778365],[-84.39925014864639,46.63579998933728],[-84.46494015522865,46.63434998822944],[-84.50575014754371,46.58502999127342],[-84.5368501508763,46.58694998901084],[-84.53655014527794,46.5527399903775],[-84.58165014827873,46.56323998687666],[-84.67788017897895,46.48806900675093],[-84.67418188672161,46.46232687478153],[-84.71007335610794,46.416250795662776],[-84.79894930535058,46.409536690089375],[-84.80131865005798,46.378730179225656],[-84.86059886645432,46.371903539040495],[-84.81754440620267,46.34499383046363],[-84.78671345619395,46.35564661106013],[-84.7295724791124,46.289783181399024],[-84.70423734615572,46.28727451043273],[-84.66049412257179,46.30820831750264],[-84.61878475898524,46.302536249947345],[-84.5826121594414,46.27977571103307],[-84.56623828816181,46.24375549014233],[-84.57170632781911,46.1870842580028],[-84.53332502028911,46.16748267536639],[-84.54003998963623,46.14502740063998],[-84.49887964537093,46.08938825270619],[-84.4363140201434,46.06843853078381],[-84.35924122066419,46.085412801783285],[-84.33146220869503,46.05517321972613],[-84.30000856865352,46.05948335151185],[-84.25013855491314,46.03626895170205],[-84.18944719750237,46.05010611010059],[-84.15282577590939,46.034973444949514],[-84.10766816407556,46.052339586020985],[-84.05375051903418,46.00986850462407],[-84.01557886920378,46.020200135111054],[-83.97948018049502,46.00093442424938],[-83.93095242475678,46.00303281653613],[-83.94660635052017,46.06329494938244],[-83.91492322805396,46.107658526787425],[-83.97001077637506,46.17571038990119],[-83.95309664167047,46.20977466549648],[-83.95730193673562,46.238193239175885],[-83.8919211149585,46.236450239571276],[-83.8643090019921,46.20634835939826],[-83.80500082727129,46.20921563251227],[-83.74554799445086,46.28759999296464],[-83.69347264196806,46.31709666047101],[-83.69647828843804,46.32556568705237],[-83.7755399091953,46.325718611600486],[-83.82130103054983,46.3990906528369],[-83.89427727686831,46.41406052043994],[-83.8942139936792,46.43733770399025],[-83.93014102666457,46.46081427821358],[-83.88448976432754,46.47005650391387],[-83.88970654889415,46.4845284807347],[-83.86985646005147,46.50858018845119],[-83.89518671292943,46.538890962687596],[-83.78011511508494,46.47577429302506],[-83.73968381778391,46.49224838100013],[-83.83679496913803,46.54128037648523],[-83.7526072321153,46.55341964128815],[-83.75905099220793,46.57293114319618],[-83.73109313739053,46.5816310919089],[-83.7372140655133,46.610350028141795],[-83.71487536477024,46.62083426188227],[-83.73695952636847,46.643165669422736],[-83.71294094431202,46.64067454870109],[-83.71392789547718,46.66362945377368],[-83.68320659979996,46.66088973260015],[-83.67526053220813,46.67485768713688],[-83.64552484448814,46.662676311897705],[-83.64668202421423,46.67859562252726],[-83.61533988777099,46.67738337760364],[-83.59120015441623,46.70509998082734],[-83.53833015620005,46.723419979583525],[-83.5370401544734,46.737929980544],[-83.48454015613369,46.75298998070687],[-83.47525015558024,46.7820900012335],[-83.4878501652269,46.792059988126184],[-83.47492015493445,46.81117998914527],[-83.43693016569715,46.820009979356946],[-83.42668014413707,46.86813997979062],[-83.487950164739,46.84568998871126],[-83.53395014457774,46.88465998955515],[-83.46297016483277,46.90040998954471],[-83.47494014473986,46.928340000768316],[-83.46760014573422,46.94868000016433],[-83.48822015743809,46.95479997920467],[-83.48797015686611,46.9887199890123],[-83.50024015703394,46.999009999955845],[-83.48776014687078,47.04824999889749],[-83.50967014491792,47.05922998898467]]]}},{"type":"Feature","properties":{"OBJECTID":41,"AreaAcres":1745037,"AreaSqKm":7061.92,"States":"MI","HUC8":"04060102","Name":"Muskegon","ShapeSTArea":7056756808.072261,"ShapeSTLength":930182.7413880206,"avgScore":52,"riskLevel":"moderate","facilityCount":27,"highRiskCount":7,"totalRsei":735108903136,"topChemicals":["4,4'-Isopropylidenediphenol (80-05-7)","Zinc compounds (N982)","Xylene (mixed isomers) (1330-20-7)","Methyl isobutyl ketone (108-10-1)","Ethylbenzene (100-41-4)","Toluene (108-88-3)"],"sensitivity":0.5},"geometry":{"type":"Polygon","coordinates":[[[-84.88830321784215,44.5986450308659],[-84.90366425938227,44.54634455015529],[-84.96123933557715,44.48016938667496],[-85.01873817855807,44.475406467932864],[-85.03880375391729,44.487303258189435],[-85.09389450858068,44.456546902572825],[-85.14084693604953,44.44910162700915],[-85.16306781550685,44.434993923886736],[-85.18321224790584,44.38417604527551],[-85.20539793189151,44.3707840446525],[-85.23470517777466,44.39345532605084],[-85.29061281486585,44.36944997320708],[-85.33925038218447,44.37406060094798],[-85.35333862634762,44.36649063325745],[-85.35055294381378,44.35101962095252],[-85.4956243904173,44.34661728140441],[-85.52102660828687,44.32813748707024],[-85.57852923581848,44.32497841057743],[-85.59754740900803,44.29797065293934],[-85.61983707291945,44.29480752291168],[-85.63637152014955,44.278355151675875],[-85.62891411403828,44.24084475587523],[-85.54880517393367,44.214889496084886],[-85.39249023350199,44.221313267445204],[-85.32759529115374,44.1830366257367],[-85.36050662115129,44.153164267998605],[-85.35879650449593,44.13796934449643],[-85.32026576631885,44.12657836097306],[-85.33265447219712,44.11534833850577],[-85.32463636662693,44.09264645144186],[-85.36329456773916,44.081390172402614],[-85.3482589098982,44.0649903711379],[-85.35814234289897,44.0464510327218],[-85.33430140692995,44.00224608148019],[-85.35705688097674,44.001378208751],[-85.38850548380752,44.043673754007116],[-85.51010834746323,44.0206418336557],[-85.52729203938581,44.003389119809036],[-85.58662113137511,44.02383795366338],[-85.59820392328847,44.01392838322612],[-85.58749740852083,43.99609583496915],[-85.61113232004234,43.99118614203104],[-85.6270438390329,43.9719040091825],[-85.60312515011512,43.948880315610616],[-85.61013096111517,43.934416084713384],[-85.57348957261777,43.86400228770936],[-85.61985283535807,43.80290567872299],[-85.61212258978753,43.77219936255584],[-85.58966213033138,43.76302414990215],[-85.59639396804691,43.7480842475715],[-85.5855666342436,43.718346237865376],[-85.60722153885011,43.70618689106186],[-85.57665305797872,43.699052840757886],[-85.60717868346246,43.66950455354293],[-85.59694471310466,43.64746382836768],[-85.62222653116078,43.629088192548394],[-85.60707312343611,43.61538508464835],[-85.61804705391393,43.60347995253756],[-85.62018194415288,43.557022391507964],[-85.65247532303682,43.53486585563456],[-85.72251903364709,43.54031619364532],[-85.74191432795139,43.55948042864837],[-85.77549641742418,43.50338011943284],[-85.82219999375107,43.4927686443207],[-85.82405712726651,43.47701233629376],[-85.83913573072684,43.48210075508633],[-85.84466131916957,43.504901379499124],[-85.8689092336358,43.501272021851165],[-85.88253479515072,43.51947292588198],[-85.89172779827967,43.51074731222416],[-85.92629056559585,43.52554237764998],[-85.93694853227808,43.496270267998305],[-85.9959021742212,43.475485682199185],[-86.06002148349177,43.43189167863743],[-86.09159692495678,43.436932651848785],[-86.14022322901413,43.41727393789563],[-86.14621880019403,43.39375436125166],[-86.18732120864551,43.382447122757675],[-86.19679226855439,43.35761672135652],[-86.25983526718038,43.35612866132014],[-86.26864277715237,43.32904574305131],[-86.31704884123525,43.30658155537725],[-86.33203261422554,43.31203675116062],[-86.3409106361798,43.29852738802048],[-86.33220859762159,43.28568136644383],[-86.35213088307727,43.2567290056513],[-86.31650164145616,43.1993238908141],[-86.26959597408093,43.195225028859056],[-86.23022761268152,43.21609195962538],[-86.06056570283815,43.25449442728397],[-86.04986401810089,43.24046689239897],[-85.99449151062649,43.2419925918879],[-85.98603858786419,43.26739647911836],[-85.95292221813865,43.293305844168245],[-85.88959296834967,43.30235689803333],[-85.8664674092292,43.327558726355655],[-85.83451428447819,43.327097951810764],[-85.83144279570111,43.34022214991037],[-85.79990058455085,43.333218693993274],[-85.79148068465243,43.31386497631701],[-85.76001232251124,43.322469561271376],[-85.75082075086877,43.36188995794954],[-85.73072098964451,43.36983558464977],[-85.73753439865905,43.383210449963585],[-85.66518017075256,43.42245343339947],[-85.64094745518737,43.41803044006209],[-85.62216653764828,43.37507119832267],[-85.6047882677105,43.36681512041528],[-85.62459760221314,43.340789318290234],[-85.60212516235683,43.29598093083103],[-85.57294040283428,43.30738928857448],[-85.55042817592876,43.29888510595611],[-85.52318792788333,43.3289850052859],[-85.47231745124989,43.33016261462931],[-85.4153051310924,43.3548195349485],[-85.41204299945545,43.369743914341996],[-85.37200471165298,43.37159854137371],[-85.33309348900171,43.3445246823481],[-85.3032199968117,43.35954117830508],[-85.26214765987174,43.34421578120667],[-85.2726241591292,43.36586326418001],[-85.26469918585752,43.41091302131965],[-85.24283891410695,43.41683253736415],[-85.25237425615114,43.43329876679423],[-85.21272748203515,43.44141086966844],[-85.22256939991347,43.45421961045699],[-85.21641748524499,43.46845385499014],[-85.18807014280766,43.483877749506185],[-85.2170351974753,43.52126339100304],[-85.19105362336984,43.55226561474987],[-85.16206407081391,43.56274744834662],[-85.16746228420908,43.57653814543885],[-85.15106513654305,43.57834944197114],[-85.13247191311551,43.612788738335766],[-85.14391993990104,43.614402354413116],[-85.14788627050574,43.642324656346375],[-85.12620371048965,43.644253641290554],[-85.15047487004536,43.67964238060639],[-85.23166513001127,43.688459307665006],[-85.2530128010677,43.709635973050624],[-85.30119803019194,43.71682265440464],[-85.30451985813274,43.73545578209963],[-85.32499736179496,43.74816939255009],[-85.31773700844877,43.787030787186495],[-85.2235012007061,43.813200623546],[-85.22074308617478,43.830498636441106],[-85.1914298789422,43.84506982684554],[-85.1891155192887,43.86383712355218],[-85.15250378371358,43.89485320585644],[-85.08477049641915,43.88996076630981],[-85.09243478929872,43.90757823009198],[-85.06213616855162,43.91021046085673],[-84.95331400196339,43.8834179653874],[-84.92744981736865,43.90963327970268],[-84.93112021289946,43.92460048316247],[-84.90243243826293,43.92404124323975],[-84.91669273008429,43.943510979891414],[-84.9117132369318,43.95873922190265],[-84.8487963335971,43.967821867369],[-84.8581396602456,44.00945311976369],[-84.82225960091628,44.0180839611521],[-84.82314756131001,44.042243064416034],[-84.80263059908016,44.04603663148297],[-84.78972369186417,44.06925434016388],[-84.77077352627958,44.052819819308],[-84.76036074433709,44.074849427876664],[-84.7225184097482,44.081618607555626],[-84.70940723918993,44.10177996837293],[-84.7249848805188,44.12049821124726],[-84.70524382231172,44.143142074756305],[-84.68114029929079,44.13865325149629],[-84.67724921956105,44.15962329553117],[-84.61847907039014,44.1577599068091],[-84.55168878742461,44.20964035509469],[-84.51895740240161,44.21217927639172],[-84.48991173214397,44.26138439927136],[-84.41229644185778,44.275176823705685],[-84.41216620540335,44.291302443777774],[-84.46104573957784,44.29037443032961],[-84.5092314744228,44.338849158285925],[-84.55680572728266,44.34374395116675],[-84.58704113753664,44.38438621415636],[-84.60329618882594,44.38740244675859],[-84.61979153632939,44.45404330066735],[-84.60879611768456,44.47575736296215],[-84.62083086228806,44.486708433626276],[-84.7573164075435,44.52278545568767],[-84.87141048695914,44.518258542474186],[-84.88830321784215,44.5986450308659]]]}},{"type":"Feature","properties":{"OBJECTID":42,"AreaAcres":467335,"AreaSqKm":1891.24,"States":"MI","HUC8":"04020104","Name":"Sturgeon","ShapeSTArea":1890496454.275233,"ShapeSTLength":438203.3782508666,"avgScore":70,"riskLevel":"moderate","facilityCount":0,"highRiskCount":0,"totalRsei":0,"topChemicals":[],"sensitivity":0.3},"geometry":{"type":"Polygon","coordinates":[[[-88.57215441015306,47.04746016319559],[-88.63824111674029,47.03647282171938],[-88.68600792280542,47.04656913156695],[-88.72719514897153,47.023844682839204],[-88.71523568389317,47.0110793640016],[-88.72598186593636,46.99958809674838],[-88.76464537283286,47.00315617988737],[-88.76161522104148,46.951701097873816],[-88.77837750831905,46.94901209518368],[-88.80360380305359,46.919127129654115],[-88.78815883790193,46.885581964544336],[-88.8858585996609,46.864480757374274],[-88.91366136472608,46.835725301873794],[-88.90621051543192,46.79612200753877],[-88.92717242557552,46.77183690010874],[-88.94446099241596,46.771769338084326],[-88.92203745507157,46.74586986807035],[-88.88842210539737,46.74572777104315],[-88.91216653908015,46.68838443720811],[-88.86068487648967,46.657694541559316],[-88.88744652680587,46.63876187149597],[-88.88452658279529,46.6243566505369],[-88.82809499233743,46.61385654786822],[-88.77569154210434,46.58091553499781],[-88.76004129976126,46.51640459313061],[-88.70998743483246,46.468938761690744],[-88.71070143984336,46.43779771900192],[-88.67980608577638,46.41230469389435],[-88.6905465146464,46.39922704734497],[-88.73549822119082,46.3920330642585],[-88.7380880731824,46.37620335231254],[-88.75284669045645,46.37145554409891],[-88.75015414060648,46.35525634241128],[-88.71797862933798,46.35114544010886],[-88.72049096429927,46.33234717832974],[-88.66513231650859,46.32366296070171],[-88.65173572494221,46.30122222937029],[-88.62302953329535,46.32636996475001],[-88.63846564491207,46.36122715003374],[-88.63083359839517,46.38296308610444],[-88.59931314231119,46.39161177929972],[-88.56989661196654,46.37464516759118],[-88.55438903234192,46.378448063220496],[-88.55729389441645,46.39934226328205],[-88.58063665251449,46.404646837364055],[-88.59608218464547,46.42554589440269],[-88.58723521472835,46.43435391196384],[-88.5973114113908,46.491567964142526],[-88.55246374295561,46.54222970642353],[-88.51462415173437,46.52664484894312],[-88.51389119245798,46.49254655358541],[-88.47727677508311,46.488629007519954],[-88.44671348114022,46.46178811332971],[-88.40570149151057,46.4870608395728],[-88.38535839607651,46.47705050756392],[-88.34330973314698,46.502934688497895],[-88.31687292759969,46.488644714002035],[-88.27806175139004,46.489908481628724],[-88.25538158758738,46.46100517563509],[-88.24369201303946,46.483231658347236],[-88.25521326430633,46.49446787920945],[-88.2299949268508,46.52588068937225],[-88.25280902227864,46.53434916774677],[-88.25050294731706,46.548854762443156],[-88.2680636375342,46.565193647341026],[-88.23747739489792,46.599852884927216],[-88.24399650451792,46.62607868982465],[-88.22593531326199,46.65050470323016],[-88.29453179579639,46.643840904108664],[-88.31348866530007,46.65719147988673],[-88.38569709937966,46.6366712689697],[-88.44112655986952,46.65422835324477],[-88.5080845097739,46.643537783721655],[-88.59413841827467,46.68847658761742],[-88.60227698520647,46.71603485257242],[-88.54473090757888,46.75958230537253],[-88.58081302497303,46.7640346228072],[-88.57711345390075,46.79357197295312],[-88.54854023929985,46.8358582797424],[-88.51033974131248,46.85911878229523],[-88.45475459525079,46.94962739365012],[-88.4715133072901,46.948328817261135],[-88.48155609274932,46.977279627944974],[-88.49810621684789,46.980069899968804],[-88.50312409258932,47.01390328392614],[-88.48823726667759,47.03308101910399],[-88.59856179839363,46.93444483855065],[-88.62261078141593,46.94072076064905],[-88.62451491260693,46.97538968345481],[-88.57765594614368,47.00756412161365],[-88.56056225902691,47.04530602187077],[-88.57215441015306,47.04746016319559]]]}},{"type":"Feature","properties":{"OBJECTID":43,"AreaAcres":1300164,"AreaSqKm":5261.58,"States":"MI","HUC8":"04050003","Name":"Kalamazoo","ShapeSTArea":5258313010.873724,"ShapeSTLength":763164.4073158413,"avgScore":44,"riskLevel":"high","facilityCount":56,"highRiskCount":26,"totalRsei":441077592601,"topChemicals":["Nitrate compounds (water dissociable) (N511)","Ammonia (7664-41-7)","Peracetic acid (79-21-0)","Manganese compounds (N450)","Copper (7440-50-8)","Chromium compounds (N090)"],"sensitivity":0.85},"geometry":{"type":"Polygon","coordinates":[[[-85.9088490529187,42.83266356429815],[-85.92607261882053,42.81707176434753],[-85.90604665116183,42.80328869698235],[-85.90067388882618,42.754455506607755],[-85.90984713247215,42.734200089348995],[-86.02707820325193,42.70633512620602],[-86.0718924019339,42.67846584148358],[-86.12510540205213,42.68279755040154],[-86.16710310321771,42.70757406910685],[-86.20330207684486,42.69237074159778],[-86.22830345338984,42.638124255970006],[-86.18498220202851,42.59193160972779],[-86.1298083588754,42.59861779173499],[-86.06104015386198,42.57910445235327],[-86.05666606759864,42.563047467799386],[-86.03291716437798,42.55800440759819],[-86.00542139104336,42.5116057990669],[-86.03867181240712,42.47086369826842],[-86.02685107934879,42.45999422571712],[-86.0053707266082,42.46987232552507],[-85.94985314246841,42.44129720146765],[-85.95076804403094,42.42203309965941],[-85.92796664512457,42.41608986157026],[-85.87332918359019,42.36093157447622],[-85.78559105628167,42.35163769035995],[-85.757198324537,42.331556410223826],[-85.70903794980795,42.333356767259815],[-85.70483326005044,42.3184765877361],[-85.72974293430389,42.280227660454514],[-85.6796616528171,42.250869721175945],[-85.69000723088242,42.240870058442276],[-85.7189375364948,42.25195011474544],[-85.72534393354213,42.23115447101334],[-85.74134998573645,42.22867891118219],[-85.7405515228148,42.17475941687684],[-85.71161933691242,42.18938380467831],[-85.66559629671973,42.17440277312036],[-85.61089127330708,42.175730168294415],[-85.58136793122172,42.20142349574891],[-85.5692226784949,42.19196933505166],[-85.56046633996992,42.20968276356297],[-85.5242885245743,42.202378362189116],[-85.51496776127144,42.221895724008924],[-85.4864849356125,42.20737490078589],[-85.46714185724657,42.25449064418526],[-85.40353181056693,42.25034788273693],[-85.33026557249288,42.28930845957767],[-85.32852913982728,42.25347587483295],[-85.31998851009115,42.2392748308391],[-85.29103161876286,42.236041575767274],[-85.27255847029109,42.1930677002074],[-85.23620440613294,42.187988847146585],[-85.17203312065544,42.22415578503034],[-85.13095351119856,42.21602314804897],[-85.1084889087697,42.23727783727372],[-85.05343865407548,42.239729136618784],[-84.99752452043626,42.22103387268072],[-85.00171210392058,42.20607623637466],[-84.9797832862628,42.199622185644415],[-84.90186901889476,42.20060494635899],[-84.90705560671329,42.18534493543609],[-84.88606621933499,42.17448166177369],[-84.8233905328816,42.17015716477774],[-84.80155237531129,42.133807570773726],[-84.81460343895327,42.09809678987505],[-84.79635249652279,42.06148553137738],[-84.68884270284812,42.02059519450074],[-84.6819812246584,42.00590330480076],[-84.64906429141624,42.001487107713636],[-84.6253580352194,41.98178488230914],[-84.56298904465186,42.01636070279856],[-84.51332982447406,41.965704711312114],[-84.49472652908787,41.97776746904525],[-84.46332927531692,41.97370597925767],[-84.45718025164129,42.00292405771017],[-84.47450738160857,42.017887087129516],[-84.45851327873034,42.0430334531136],[-84.4849596221177,42.06569382751834],[-84.46574886686544,42.0877490060656],[-84.47628714616302,42.15449664144447],[-84.49499391465721,42.14770242789345],[-84.5703055455425,42.1737056391021],[-84.55763362806992,42.18988055037931],[-84.57134371062105,42.19510686555299],[-84.5665205624274,42.2021864966029],[-84.53586264459402,42.21694460671276],[-84.55177479051656,42.21821758369101],[-84.57605462337442,42.24892902514465],[-84.6199909645176,42.25888219649192],[-84.63055278915378,42.27389705220523],[-84.60433190123918,42.28862074185203],[-84.60243426814368,42.30550685819465],[-84.66522925166731,42.30263364462393],[-84.6864193594701,42.315436900615765],[-84.66170971747239,42.33909252438756],[-84.67392497368216,42.34966138098781],[-84.66645853856271,42.37831780402027],[-84.7386571377379,42.38868972705578],[-84.71974151399158,42.45518404439729],[-84.7688533878509,42.47241017377415],[-84.76164644081364,42.49894327116135],[-84.77674098903687,42.5134295246629],[-84.7619511412546,42.517473013571376],[-84.7646021163108,42.53815579618796],[-84.75067116891707,42.54632541720945],[-84.7643489461256,42.56773743167471],[-84.7980855309654,42.546373279078225],[-84.8653041340588,42.57779082820687],[-84.89602758653405,42.539145918024275],[-84.93395041577008,42.528498531602786],[-84.95233496123986,42.54836568277373],[-84.95448955038377,42.517209739424096],[-84.97496681684653,42.5031289468042],[-84.97719763720181,42.486337275722626],[-85.02046390550437,42.467533201733985],[-85.03528293129092,42.48089569927742],[-85.01284440415424,42.50521057885411],[-85.01052062875846,42.52851215075548],[-85.06209712375936,42.536555559234316],[-85.11484681767908,42.505768210211535],[-85.13401242343596,42.53518751223397],[-85.1240107921368,42.54776680563454],[-85.13939388790853,42.55025103729228],[-85.1782469370413,42.53783395884137],[-85.19288589744312,42.50091099825523],[-85.22020035225025,42.48441275898622],[-85.2321081374419,42.45621162804929],[-85.30199556663712,42.43620896425303],[-85.31742962235302,42.49904340502419],[-85.40102141213154,42.499781192083255],[-85.44798748877604,42.516609966827886],[-85.43503793177551,42.53862348198808],[-85.46930479135234,42.570394098893594],[-85.45730807542206,42.58099919580854],[-85.47183733168383,42.585836292252026],[-85.47306658980979,42.6338381477928],[-85.49578728413319,42.64886710116556],[-85.49852719155447,42.711373090658],[-85.55862285922339,42.71672448574073],[-85.56536754164303,42.75386589826807],[-85.59532608629095,42.78132960251547],[-85.63509537930636,42.781252234903775],[-85.65588160583978,42.74936738555015],[-85.69896080263476,42.77126598352546],[-85.71691303678374,42.80506712066791],[-85.7694140592365,42.79374304287985],[-85.9088490529187,42.83266356429815]]]}},{"type":"Feature","properties":{"OBJECTID":44,"AreaAcres":3016311,"AreaSqKm":12206.59,"States":"IN, MI","HUC8":"04050001","Name":"St. Joseph","ShapeSTArea":12201671831.894955,"ShapeSTLength":885495.2372249475,"avgScore":53,"riskLevel":"moderate","facilityCount":56,"highRiskCount":16,"totalRsei":35033411835,"topChemicals":["Aluminum (fume or dust) (7429-90-5)","Hydrochloric acid (acid aerosols) (7647-01-0)","Copper compounds (N100)","Zinc compounds (N982)","Lead compounds (N420)","Dioxin and dioxin-like compounds (N150)"],"sensitivity":0.5},"geometry":{"type":"Polygon","coordinates":[[[-85.92355745081926,42.37354519927123],[-85.9748349684086,42.35673278553167],[-85.98179589608085,42.33363029332348],[-85.95829318936052,42.30472710820342],[-86.01514120952518,42.26277923506142],[-86.1229060777533,42.261190860789156],[-86.13869555843317,42.266380994335385],[-86.15718369706848,42.29980948552213],[-86.17821087436357,42.277190148179066],[-86.26638962919363,42.2598298181896],[-86.31012736794939,42.223801640712665],[-86.40300189489328,42.19525936015173],[-86.48697408013632,42.11679223100968],[-86.52088503960131,42.05173629251112],[-86.54154475457919,41.94084077962512],[-86.525281865819,41.94517901304885],[-86.50821330127508,41.903739123376035],[-86.46441232158028,41.88285904982936],[-86.41739155816771,41.90680438102025],[-86.39438973621418,41.891644059525255],[-86.3847578340824,41.87262454607189],[-86.39359899367113,41.85639172633914],[-86.42157136313816,41.85087072706972],[-86.42650853515943,41.826293227737665],[-86.44740434380034,41.81447499807576],[-86.41578342483015,41.78996831129966],[-86.44707076724988,41.789213417383124],[-86.447347033816,41.780342935534335],[-86.39794840276387,41.74334627209459],[-86.36447336077306,41.78399902470092],[-86.3668583516994,41.79852238071246],[-86.34449084531357,41.79743766685144],[-86.360993433609,41.74298986635202],[-86.34275924126986,41.71694156472622],[-86.36072855021352,41.68327841053045],[-86.2830478150967,41.66529485411537],[-86.27699210018419,41.64748510723349],[-86.29948805569553,41.61352237962354],[-86.29896764782978,41.583968995694626],[-86.27661805169481,41.572817919562254],[-86.24594141862039,41.581263571481074],[-86.2212123164176,41.56395938917159],[-86.2110069579156,41.57812079717285],[-86.21717466805288,41.593617169902785],[-86.20704837411422,41.59530398237225],[-86.16462494686806,41.56034961209138],[-86.10072131778391,41.54801475911944],[-86.08401827885244,41.51864048756591],[-85.96389569676852,41.47644639026662],[-86.02999730761316,41.464687138577695],[-86.04424055252805,41.47564941491335],[-86.0508721656264,41.46224567149191],[-86.03410105792275,41.44526877898216],[-85.96545495463664,41.435963719693575],[-85.95780883970257,41.43110978663676],[-85.97472615815164,41.40016335261054],[-85.95800109522673,41.405075490634985],[-85.93045379389031,41.380615354202746],[-85.8925482806327,41.36915096590062],[-85.91074265787448,41.303588657860374],[-85.83376579346239,41.318353146019135],[-85.79157479396255,41.343975484583815],[-85.64834217897825,41.35168626752425],[-85.63467000646675,41.32106563484688],[-85.57971252755871,41.33530390232724],[-85.55602707245255,41.32756635594177],[-85.53282316290101,41.29380446672842],[-85.51730178508556,41.28929692568873],[-85.5144404941308,41.304566353325924],[-85.48389314415094,41.28926831500335],[-85.4686509545251,41.295831560445905],[-85.46027757497967,41.26692226485173],[-85.44365383974643,41.265473902417654],[-85.41704376246719,41.30226883292196],[-85.39602650993588,41.29354983577708],[-85.39735479877233,41.30930280727072],[-85.32746796516737,41.319022029904474],[-85.27542566040266,41.35554713108961],[-85.2850102372303,41.39380949928797],[-85.21147386909777,41.43377199757741],[-85.19772498528981,41.4597861781322],[-85.22170700434653,41.47033384569383],[-85.20172585928324,41.48480778991291],[-85.1959688244482,41.50720000358116],[-85.17396329725318,41.51317641152391],[-85.13637297183149,41.49498963515456],[-85.07946582586436,41.50341487048394],[-85.06764464414509,41.52448308664994],[-85.01028873273523,41.51881951273633],[-84.98735036184873,41.56439891613306],[-84.96958838825397,41.557740361933575],[-84.89676301542595,41.59910196179623],[-84.87481390319957,41.637408346989346],[-84.89740421315385,41.65604213010706],[-84.87080400075097,41.685660066608996],[-84.82870935285814,41.69002774511492],[-84.87723567034621,41.742250681878666],[-84.83799122595349,41.77830541372173],[-84.8352912263872,41.815231026866726],[-84.81076129215998,41.834430993902814],[-84.78624250264176,41.81511086243556],[-84.74876593467201,41.83023300871928],[-84.72422175542832,41.8539756250921],[-84.73282559631006,41.863417597339314],[-84.7167245653324,41.881007077888746],[-84.7169760654372,41.904036015619084],[-84.69289257098902,41.899019927681415],[-84.65629457391972,41.91222870474036],[-84.66471474306522,41.89274475133429],[-84.63796689139232,41.86733180437987],[-84.58556528762732,41.876814547112915],[-84.58149330757757,41.89227763048933],[-84.59456693067165,41.90209868664587],[-84.57353420977182,41.91751986982619],[-84.47589107314468,41.91291910678477],[-84.44360869030157,41.93330961620636],[-84.44162573448588,41.94932726193043],[-84.4570782080979,41.9501570786685],[-84.48312943141818,41.977798404528436],[-84.50964220336067,41.964688124641384],[-84.52564199786403,41.97080701721906],[-84.55508070293627,42.0161744074885],[-84.62737374526276,41.98202920104158],[-84.79069476300556,42.05848580828563],[-84.81407742672236,42.09217894208753],[-84.80258022688618,42.13902813362506],[-84.82352720755023,42.166107148268885],[-84.8895715971018,42.1727631106156],[-84.90324895692005,42.181218267638776],[-84.90294554019655,42.20051208287808],[-85.00171210392058,42.20607623637466],[-84.99681164953915,42.21984616037558],[-85.05305909148424,42.23963263696856],[-85.11203183718293,42.23780000268953],[-85.13425945251363,42.21522596606292],[-85.17305632475257,42.22318142628301],[-85.22875063675768,42.19081440617516],[-85.26033257678735,42.19008651546608],[-85.27632363693351,42.194033921094615],[-85.29135139766473,42.23760887997754],[-85.32066889649596,42.23958197327843],[-85.32999818578205,42.28915602034397],[-85.37150492259912,42.258714288854016],[-85.47564329712363,42.25168040379704],[-85.48391552757317,42.20723742191538],[-85.51198782540692,42.22409057678349],[-85.5201956541892,42.20316770719735],[-85.56052856779039,42.21091288338681],[-85.56235449535977,42.18872228338617],[-85.58188547757453,42.20150640583686],[-85.61375426328671,42.17197775797213],[-85.66211392438082,42.17393443051234],[-85.69019450693295,42.18857827805808],[-85.74297671505236,42.179194539923046],[-85.74533035348064,42.22135552771086],[-85.72584425376333,42.2309438293866],[-85.72500463369288,42.249851763017425],[-85.68090628641626,42.24815067558083],[-85.72858448806825,42.27903503208162],[-85.69936849683887,42.32176041565701],[-85.70989014915618,42.33408683539505],[-85.7582781222587,42.331617652474755],[-85.7862753477975,42.35358121932088],[-85.92355745081926,42.37354519927123]]]}},{"type":"Feature","properties":{"OBJECTID":45,"AreaAcres":1395027,"AreaSqKm":5645.48,"States":"WI, MI","HUC8":"07070001","Name":"Upper Wisconsin","ShapeSTArea":5648660679.532343,"ShapeSTLength":590107.5123973866,"avgScore":70,"riskLevel":"moderate","facilityCount":0,"highRiskCount":0,"totalRsei":0,"topChemicals":[],"sensitivity":0.22},"geometry":{"type":"Polygon","coordinates":[[[-89.27904099368708,46.21551718571535],[-89.32188081891154,46.20289694561655],[-89.29850438496257,46.18377920245012],[-89.29965552799973,46.17089550976661],[-89.33794912840132,46.17656367402705],[-89.35410991463418,46.166185580994316],[-89.35029879445524,46.151478582071476],[-89.36474988026656,46.14571752437489],[-89.37328955522992,46.11613570899643],[-89.39640686116374,46.10956855907613],[-89.38907927467363,46.08265002911244],[-89.4493080095274,46.07366364396201],[-89.45968478990703,46.06204094804349],[-89.45200717605428,46.04892551201564],[-89.53142234817985,46.05967649222164],[-89.56765180900452,46.045650743447354],[-89.55777299601561,46.027118258627134],[-89.58415272869233,45.98953770860323],[-89.60776987845688,45.98717742302297],[-89.6121036127714,45.96450498061813],[-89.6433346275779,45.969849726970175],[-89.66594234060862,45.99018566986935],[-89.76087451087423,45.98972847205427],[-89.77336186219726,45.934241228932095],[-89.82094258158101,45.92390286153221],[-89.85282257192983,45.89256077188487],[-89.90676593828367,45.9236591686541],[-89.92849448347025,45.91791196846787],[-89.92593562531131,45.879367553412195],[-89.95370000718259,45.84068160548337],[-89.94709128163655,45.810780964798084],[-90.06590765700147,45.82563152101708],[-90.08640435181684,45.813298605438554],[-90.10244664448534,45.770694843551674],[-90.08240056033905,45.745450161632355],[-90.1033291811786,45.71987735379292],[-90.1037384868893,45.680073640299774],[-90.1190090463333,45.671077153928856],[-90.09780612497352,45.646227650903995],[-90.13198020995816,45.58032768130755],[-90.12335172215764,45.5808726176337],[-90.11924537917349,45.542207411647475],[-90.16532394240058,45.51268389076644],[-90.15346410743216,45.47465243090973],[-90.21000122872222,45.4345786485864],[-90.19082420819299,45.36588760380192],[-90.16755410843936,45.3730495196817],[-90.09180706583678,45.35210936539415],[-90.06045988167465,45.376905761693976],[-90.06268262784558,45.393258027280204],[-90.00651639571592,45.393851481111135],[-89.98636013182606,45.422474256715674],[-89.96132203843975,45.40502115221182],[-89.9357936664931,45.413159421757335],[-89.89504060048581,45.40431892127192],[-89.88608088970439,45.375999175646236],[-89.82725179110406,45.36302214112674],[-89.83079331989174,45.37852662053544],[-89.8172000337862,45.38740100611074],[-89.76572772757284,45.38733320563116],[-89.77423256443721,45.41037803173462],[-89.76479622566303,45.423587999961484],[-89.72128975322151,45.42446460534462],[-89.687473415559,45.45349987620709],[-89.69360065432254,45.459092877323265],[-89.65082186309267,45.47433554421359],[-89.62220686631767,45.46215390465916],[-89.61878812317643,45.44336091717569],[-89.56727793575017,45.430416815100976],[-89.52755585226842,45.436275982116676],[-89.50429746418303,45.41639363044183],[-89.49835911420982,45.43397947505804],[-89.44427704747663,45.442595623599814],[-89.43887552576261,45.46475984993131],[-89.38485285440517,45.47428508985855],[-89.30594640860151,45.4710571406],[-89.27339705876294,45.43846412792445],[-89.23855188399148,45.42467489248403],[-89.22369825725397,45.430478626146986],[-89.23091855629256,45.435008638709405],[-89.20949795734123,45.46791740660681],[-89.16910383062721,45.46777727464911],[-89.16924062275032,45.49471255531479],[-89.14311084082533,45.50019451446975],[-89.12997069900013,45.520885549623074],[-89.13332679862248,45.534947776225636],[-89.14815741771916,45.528769368126554],[-89.14160704512594,45.558427624920995],[-89.05667123152197,45.59205170782521],[-89.0313143438551,45.66621553329149],[-88.96578562266437,45.76466318377317],[-88.99352678643591,45.791178012064],[-88.96395289920007,45.798129880580426],[-88.98508003340628,45.830475831301605],[-89.00108930605799,45.83193852892792],[-88.9875308289541,45.87681653491378],[-88.95960417550017,45.88993098723169],[-89.01714566392151,45.902883642486124],[-89.02613902215893,45.93992015057179],[-88.99533948389204,45.961903924300216],[-89.02399027477826,45.964908385433255],[-89.04691156792168,46.010623985297265],[-89.01706433419912,46.014729076055104],[-89.0218409910506,46.03110142807696],[-89.00040012693556,46.04271789803679],[-88.96709162110457,46.04425062990922],[-88.94927266406769,46.06151177890956],[-88.953501047946,46.077232444464414],[-88.92011478624278,46.1011209133002],[-88.92990574458437,46.11410098475769],[-88.9944832054081,46.106867247157794],[-88.98121592554595,46.129653000172816],[-89.03521728715963,46.1094130797626],[-89.01811769699535,46.12339096562322],[-89.02380314673222,46.13666605336411],[-88.99614456438299,46.15647065104707],[-88.99695506815212,46.17306204997433],[-89.0601801894075,46.16791653024873],[-89.07929012306644,46.19429224081897],[-89.0958001920192,46.19575920029398],[-89.11082458741218,46.190582001197825],[-89.10809993854797,46.17503925502932],[-89.13131040634339,46.18678607896621],[-89.18811449574346,46.17471411071976],[-89.25223273228116,46.178994441154444],[-89.26056015705247,46.18918036727927],[-89.25207555587399,46.203451419123304],[-89.27904099368708,46.21551718571535]]]}},{"type":"Feature","properties":{"OBJECTID":46,"AreaAcres":926341,"AreaSqKm":3748.77,"States":"MI","HUC8":"04080201","Name":"Tittabawassee","ShapeSTArea":3746143246.3221517,"ShapeSTLength":525752.9381016775,"avgScore":34,"riskLevel":"high","facilityCount":9,"highRiskCount":7,"totalRsei":881300419234,"topChemicals":["Manganese compounds (N450)","Hydrochloric acid (acid aerosols) (7647-01-0)","Ammonia (7664-41-7)","Methanol (67-56-1)","Acetonitrile (75-05-8)","Chloroacetic acid (79-11-8)"],"sensitivity":0.95},"geometry":{"type":"Polygon","coordinates":[[[-84.39759096317727,44.299910875143624],[-84.4125509536737,44.29422357904659],[-84.40959521880428,44.2769791495403],[-84.48872416984183,44.26079109487103],[-84.51726454199367,44.21428066580837],[-84.55582076058808,44.208054336145125],[-84.5739718641335,44.18183770827615],[-84.62327524752405,44.15615826961404],[-84.67536884343671,44.16069239416872],[-84.6794987885417,44.138570368788166],[-84.70415159714204,44.143480242440546],[-84.72607817844336,44.12355852299832],[-84.71332013246665,44.10423070361627],[-84.72621255697514,44.07987809222743],[-84.7594647364857,44.07579967558379],[-84.76591842896336,44.05299955694473],[-84.79525777296168,44.06870859929023],[-84.82456576367359,44.04575881465374],[-84.82018306505034,44.02165913644366],[-84.84777465119991,44.01805892708266],[-84.86092018689918,43.997800977204925],[-84.84961753724178,43.96933186165102],[-84.91254493126684,43.95736792742158],[-84.90473487609633,43.918911071195254],[-84.92851030465059,43.92406702130569],[-84.93012403988169,43.90348741598895],[-84.96702700424434,43.877981633871926],[-84.96234875547171,43.86227277001545],[-84.98845758622329,43.85710826638115],[-85.00610148395737,43.8319286120464],[-84.91287457465673,43.817487390231],[-84.8894229777531,43.824529441375866],[-84.84628265611106,43.7815156287524],[-84.78660690371971,43.77107879575038],[-84.84482749827612,43.69033986391445],[-84.85443961144018,43.660331279247394],[-84.83975952482484,43.62607449376949],[-84.64759665221395,43.6503129011207],[-84.60896625600053,43.63837790695646],[-84.5984336977338,43.62148663582356],[-84.44805630612528,43.585331649569184],[-84.2781304973547,43.62078249617779],[-84.25509982759692,43.61206516780479],[-84.29573210583291,43.58376792281633],[-84.32103332443357,43.585584045717034],[-84.34831779839573,43.53757804842526],[-84.42646580402166,43.515033336073316],[-84.42941617603583,43.43725598014407],[-84.40705009621847,43.4369172461773],[-84.37392973317829,43.47039360045961],[-84.36969026375826,43.49632608987761],[-84.34080910246699,43.496157290767705],[-84.33272390990247,43.51857283916649],[-84.29852616202041,43.52481028640309],[-84.27460163366409,43.54721957755523],[-84.21836384653616,43.55133387584783],[-84.19604548277209,43.53978130406007],[-84.19332467928214,43.52329540537084],[-84.15282007644265,43.51793623205147],[-84.09861895020326,43.46883952863052],[-84.09092321540791,43.454323413961724],[-84.11143037213536,43.45221457044069],[-84.07146417516728,43.42354667431786],[-84.07178723298914,43.386571976023376],[-83.96939202655565,43.38453224506497],[-83.98509689631473,43.3934022816982],[-84.03401651534625,43.48056459694185],[-84.0782914403743,43.50468290151492],[-84.12147047623021,43.56332129483848],[-84.18031188293122,43.60731742037805],[-84.22594379856238,43.70525881784742],[-84.22968235251959,43.74337116112238],[-84.26643210314846,43.79183975119029],[-84.29687410208663,43.7995239521671],[-84.28845622719551,43.8513773403888],[-84.19857611852663,43.90227753066388],[-84.19399118070741,43.938497425077394],[-84.1615859822823,43.93077299292237],[-84.16360810096755,43.9611459700076],[-84.13957011340742,43.9881363538128],[-84.15362599337904,44.01553747266065],[-84.10137021147885,44.0466427242289],[-84.10434275504097,44.061532618676615],[-84.15391444764096,44.06519654689767],[-84.15453680869105,44.10240352377717],[-84.16815983804875,44.112096341246364],[-84.14194741441553,44.18909785381497],[-84.19161748572513,44.24137690951554],[-84.25529545307432,44.24874615921444],[-84.31819545947687,44.28297999701864],[-84.34943985661896,44.28125649834775],[-84.39759096317727,44.299910875143624]]]}},{"type":"Feature","properties":{"OBJECTID":47,"AreaAcres":1254426,"AreaSqKm":5076.49,"States":"MI","HUC8":"04060103","Name":"Manistee","ShapeSTArea":5046125667.372702,"ShapeSTLength":731443.3005606122,"avgScore":46,"riskLevel":"moderate","facilityCount":7,"highRiskCount":3,"totalRsei":3543621916,"topChemicals":["Zinc compounds (N982)","Methanol (67-56-1)","Nitrate compounds (water dissociable) (N511)","Manganese (7439-96-5)","Acetaldehyde (75-07-0)","Phenol (108-95-2)"],"sensitivity":0.35},"geometry":{"type":"Polygon","coordinates":[[[-84.84341880716282,45.038515986290776],[-84.88401260888095,45.02841490565677],[-84.88422235880523,44.940168292719676],[-84.90438496990674,44.92332834080478],[-84.95463150694923,44.923848093046864],[-85.02619728370327,44.882811755777816],[-85.01567444043417,44.84517154082767],[-85.04398152028295,44.818027943327266],[-85.03297492826042,44.80632951847815],[-85.05091148498653,44.772653817922624],[-85.04084712157939,44.74945378288357],[-85.0702670199741,44.75888511549571],[-85.05683108968155,44.7333563270598],[-85.06880551326128,44.71210253331094],[-85.13113641588203,44.70325079603677],[-85.16752230924678,44.67147257889646],[-85.16067167931037,44.66709080323045],[-85.19582074685646,44.64798590609365],[-85.19010290277213,44.619816779808666],[-85.20564299618236,44.58464628419245],[-85.26523685202943,44.56222370299065],[-85.30321734962757,44.60674020590531],[-85.31946932993019,44.609271734825],[-85.36243691889669,44.57909843220462],[-85.40968629466227,44.57347804265369],[-85.44701283967927,44.54364412950824],[-85.47143113417273,44.54114231458787],[-85.5199598651828,44.56880736363308],[-85.58100774737154,44.55152764909443],[-85.61328694018734,44.55593484622455],[-85.62733030097782,44.570972263294095],[-85.61749896136389,44.58469060046937],[-85.67706137768869,44.614087223537844],[-85.71695813433159,44.60516634495336],[-85.73534199260632,44.577625572315775],[-85.72873437146164,44.55834975691866],[-85.75882664010902,44.56226381619048],[-85.79270240360073,44.52975842292011],[-85.82288914641951,44.533152490281715],[-85.84070646504709,44.50800126659348],[-85.91526534918549,44.52018517205104],[-85.99103718707116,44.47044664420484],[-86.0215162913242,44.48243790796458],[-86.04338237309942,44.474246083840505],[-86.07980704078692,44.51216319028168],[-86.11963706955763,44.51765370255494],[-86.11912232367686,44.48682451168504],[-86.14099773542988,44.461486368013546],[-86.19036307619655,44.455211937199735],[-86.23391893215171,44.46782818373561],[-86.22627448725254,44.4290241892846],[-86.2479262024038,44.40589648335243],[-86.21774384038417,44.39055991019916],[-86.18893843632944,44.402094243654176],[-86.13507434507405,44.36345481836306],[-86.14663251921404,44.34162864002921],[-86.18495350800038,44.320585010409175],[-86.207413580551,44.32745927359455],[-86.23604264601211,44.316922782120855],[-86.26239475191728,44.29009598340383],[-86.31598129628966,44.27704191031778],[-86.32244589603089,44.25386151514056],[-86.34163280981613,44.242661295767824],[-86.31806450815033,44.23660799754207],[-86.33984809812743,44.22089496139526],[-86.32767867806622,44.2106999438498],[-86.33830818248754,44.19686111658398],[-86.32784560087948,44.18322321632002],[-86.27661662899021,44.18983375816553],[-86.24139180392564,44.17164388170104],[-86.17118590629444,44.17506798897061],[-86.15530454663623,44.14014065102374],[-86.10475077848928,44.13621291280821],[-86.07301812939744,44.115589884496686],[-86.0511092801707,44.113483308382925],[-86.04064538695407,44.1350758364235],[-86.0164618749629,44.13733252800053],[-85.9909322517889,44.100556551470056],[-85.97817617267013,44.11282724056321],[-85.93285178760613,44.10434138700756],[-85.92234748255746,44.06109437274292],[-85.93933516353937,44.04569548267046],[-85.91161608299686,44.030718743620454],[-85.78937896625168,44.00436478842272],[-85.75483157867478,44.03144934786474],[-85.699745739687,44.03104275416751],[-85.69559797235314,44.00710946218487],[-85.7114753984871,43.97962206654839],[-85.68184229191588,43.968610375296834],[-85.61840575617657,43.97816082756865],[-85.58654340626487,43.99704289444288],[-85.60080444482658,44.013924271356174],[-85.58785920888526,44.022700815517865],[-85.52729203938581,44.003389119809036],[-85.51171669072775,44.02009558699171],[-85.38850548380752,44.043673754007116],[-85.35793408378471,44.0027548368452],[-85.33366572427491,44.00103485582571],[-85.35769763079006,44.04743951545888],[-85.34667682206577,44.058998287013104],[-85.36499163188928,44.07521122778594],[-85.32801997268146,44.08755517054373],[-85.32230284461886,44.122835963526676],[-85.35901513315461,44.13715773810023],[-85.36194553632693,44.15194696123791],[-85.3473288392516,44.17147126753539],[-85.33132400719808,44.16891574889669],[-85.32863297726213,44.18469485677147],[-85.36116325496108,44.190275550632805],[-85.36908885444265,44.21030384260377],[-85.39249023350199,44.221313267445204],[-85.54424678913001,44.21308937667235],[-85.63019489996957,44.242656260164615],[-85.63549652440622,44.280154288457084],[-85.59988081175037,44.29489776474702],[-85.57897233637196,44.32321488810391],[-85.52271279376254,44.32604363523349],[-85.48797720466585,44.34644877916365],[-85.35361704009914,44.35170084223213],[-85.35342052379283,44.364043087226385],[-85.33178400629807,44.37608995985531],[-85.28322538438162,44.3699460331985],[-85.23959394947718,44.39427354908456],[-85.20888083877519,44.371968597228836],[-85.18590423313081,44.37876763970875],[-85.16201778945387,44.438177495975324],[-85.1476106027293,44.4457049969178],[-85.09295600409328,44.45704439298536],[-85.03627443096141,44.48770093907333],[-85.01631277673839,44.47580993153786],[-84.95180565045523,44.484087705409316],[-84.9568909392103,44.490993769001264],[-84.90469908426527,44.543707758829356],[-84.89019054061647,44.5950429448531],[-84.78406607994405,44.60435286129323],[-84.75750064793925,44.63027873675337],[-84.77298760251593,44.666118860829286],[-84.75250953191566,44.68221885019918],[-84.78390943770926,44.70257485091023],[-84.7795776712267,44.726063193928155],[-84.79464599332417,44.74453091655193],[-84.78150731231689,44.788625806851684],[-84.80061292585594,44.85960391241935],[-84.78060293166008,44.885286689512874],[-84.79619470173515,44.92181751179014],[-84.77471724057261,44.929381133527386],[-84.77260020315289,44.94408512110067],[-84.7816318256344,44.9746831658385],[-84.81580480931905,45.00340122057468],[-84.8093233101933,45.01679337147224],[-84.84341880716282,45.038515986290776]]]}},{"type":"Feature","properties":{"OBJECTID":48,"AreaAcres":164143269.673552,"AreaSqKm":664264.83,"States":"CN, MI, NY, OH, PA","HUC8":"04120200","Name":"Lake Erie","ShapeSTArea":26257352376.910892,"ShapeSTLength":1569889.51407824,"avgScore":70,"riskLevel":"moderate","facilityCount":0,"highRiskCount":0,"totalRsei":0,"topChemicals":[],"sensitivity":0.7},"geometry":{"type":"Polygon","coordinates":[[[-83.20049138809097,42.04250163243104],[-83.17337203000825,42.014583299788285],[-83.20894095510036,41.9906251673821],[-83.23838653503289,41.99449513511184],[-83.23022781606147,41.990895746469256],[-83.26475717158503,41.93585248874034],[-83.28567656398462,41.948772328777046],[-83.33887121794795,41.92831189629984],[-83.3423999084643,41.880292611331406],[-83.38208957299263,41.871140187907905],[-83.41511584084365,41.82540008025272],[-83.46510696180962,41.785250361648814],[-83.44185575479138,41.76565134924669],[-83.47580648239389,41.76015445056513],[-83.4770544664965,41.74491021481184],[-83.4614972529775,41.74070606644895],[-83.47871676907006,41.70365360617288],[-83.46568645256089,41.69237406518456],[-83.3679728377448,41.6829710496494],[-83.33099730933061,41.70368924070839],[-83.23275146098592,41.63717744531025],[-83.08801429091395,41.60707873947034],[-83.01216033129113,41.54568123710763],[-82.93505684383466,41.5148794060284],[-82.90241973097713,41.51621990794299],[-82.86203675858192,41.53777650534145],[-82.85234590727075,41.58157965844408],[-82.83662150298632,41.58665028590468],[-82.82902878167977,41.57225297014708],[-82.8410909420314,41.550900030057456],[-82.8066896662359,41.56111224845889],[-82.79256702748364,41.544358849181314],[-82.80965694070149,41.54821957741357],[-82.81838716974009,41.53141118738387],[-82.75613738144718,41.54433928901884],[-82.71637243279297,41.53738415060825],[-82.72703250084311,41.51741684071931],[-82.76682623722758,41.50646291302971],[-82.9555134862248,41.488623834115295],[-82.99054665175495,41.46400659234925],[-83.03967629397314,41.462397110432775],[-82.9691390843959,41.44462686873343],[-82.94785069340666,41.418583040351876],[-82.88006550567584,41.44256433129666],[-82.85520464929287,41.43905017071635],[-82.81065365344112,41.469693116476314],[-82.76203507555422,41.442656945185625],[-82.70025257112265,41.4583712139158],[-82.66873841392184,41.450782452015154],[-82.68249731834126,41.442327605013496],[-82.48382908555286,41.37789663178588],[-82.36073695559693,41.42626950819754],[-82.26123812627289,41.4311183957544],[-82.18459370747391,41.47022092505226],[-82.02112441211192,41.51343732331507],[-81.88705234323487,41.48283198018024],[-81.80000699241546,41.49477988938269],[-81.74310477664339,41.48617436847888],[-81.61035233156784,41.5501363336357],[-81.43492509924239,41.67804444553396],[-81.28021372595857,41.76044920356161],[-81.2240582896035,41.76095823210408],[-81.14554477957488,41.80366055591205],[-81.00392790600732,41.85182265225331],[-80.8984155073035,41.86518269840259],[-80.79023948418173,41.907834617821464],[-80.60940532941456,41.94531258508768],[-80.31676431154561,42.037040378141036],[-79.87220341722511,42.23102065608194],[-79.73064526641191,42.27120363441392],[-79.63924854194542,42.31157491794138],[-79.44981365291031,42.40732165507665],[-79.35309087828134,42.48862051577451],[-79.33026221675186,42.48829334568058],[-79.24649116454792,42.530470102052696],[-79.14670809171956,42.55256413654072],[-79.11170541143417,42.611920751225014],[-79.05728576418572,42.64807420786541],[-79.06283677572657,42.663203150027776],[-79.03398004154045,42.69458234196091],[-78.9922910370738,42.70345792561034],[-78.86157952689642,42.76906392649461],[-78.85196977784197,42.795992206399525],[-78.86722634578894,42.824843414718224],[-78.85583321694831,42.83630293343339],[-78.89279384562055,42.89100889578837],[-78.92988847417548,42.89155054836995],[-78.9360537194862,42.90975943516543],[-79.03181762193942,42.9131396785237],[-79.07693413483081,42.87255629355213],[-79.13616194139628,42.89228439389687],[-79.1773218412185,42.927749064074554],[-79.23465098481485,42.910153137038044],[-79.22663632747502,42.90109974851531],[-79.24561255846172,42.88727669405745],[-79.24668004096968,42.871344203698825],[-79.27344813392811,42.9100633772465],[-79.31509010576573,42.886196278696836],[-79.33883573361236,42.88082969511851],[-79.35961819344728,42.89134335752898],[-79.3794713222123,42.87564945404329],[-79.4107523020956,42.890140275194504],[-79.43093385483077,42.87684719766758],[-79.4684204154106,42.88806197345319],[-79.51661014857905,42.855700001945394],[-79.55573759666055,42.84768359150557],[-79.59398527594148,42.858889435086674],[-79.64678688256193,42.84232698235729],[-79.65094968547953,42.858256965297876],[-79.66425850324163,42.85144226335546],[-79.67126150058411,42.86603851728498],[-79.67947974642763,42.85227230228409],[-79.74608502523945,42.86610190466603],[-79.75760808780828,42.84467591574841],[-79.7985622009404,42.84924135686367],[-79.83258927399766,42.83186245083177],[-79.84400267018427,42.84193532759249],[-79.84477604707251,42.82591476751803],[-79.8735567380096,42.830653899030445],[-79.98599467961967,42.79656887289207],[-80.06123651443706,42.80797758580073],[-80.09658521842587,42.79134310819513],[-80.24242976197127,42.784541608250635],[-80.24154103018144,42.76486150188856],[-80.31134136251046,42.72312925935657],[-80.314562862788,42.70799970890453],[-80.33179265503743,42.70674464713969],[-80.34013917820069,42.67068766726561],[-80.3583731193643,42.685634365733776],[-80.3773562280529,42.66375561405141],[-80.39836905853922,42.66798565970237],[-80.45180914136851,42.632330884441345],[-80.4402378815772,42.57978186328999],[-80.4652295482525,42.57531853547496],[-80.61046455902941,42.580333485146795],[-80.74933963544692,42.637736121625935],[-80.81359336070801,42.64189815183184],[-80.89378896535821,42.668294975361576],[-81.0088481299108,42.65546179535799],[-81.10766951562364,42.66944994680158],[-81.28821976896519,42.663219561437764],[-81.34645905479344,42.64603926219725],[-81.39761811245774,42.60765453356762],[-81.43752213692038,42.608142055574675],[-81.46679599585399,42.5839656742664],[-81.53012137882025,42.56782333845547],[-81.61304494761082,42.505702813867096],[-81.6696950770747,42.475741680164205],[-81.69170427536221,42.47750636634233],[-81.70235833321054,42.45037850187542],[-81.81352292874979,42.38848550317618],[-81.84138693219299,42.3354351677869],[-81.87236592439517,42.33669143529716],[-81.87988534331343,42.32290480030736],[-81.89434782843598,42.32703642284721],[-81.92229351642418,42.307097854747944],[-81.93832456707914,42.264810262909045],[-82.02893021390595,42.27461622064709],[-82.06301193128087,42.256684855265554],[-82.11873014219533,42.252909999676945],[-82.2202122312586,42.19060801038018],[-82.2629744378467,42.184026927428924],[-82.25938139385697,42.1753707246191],[-82.39791935920982,42.12246522038494],[-82.41998637958133,42.124060695744284],[-82.44794887878544,42.078024943498214],[-82.46306161533117,42.08021453256341],[-82.50474499838963,41.983768887715215],[-82.50480617960284,41.94964317005169],[-82.51850871573072,41.94132521191789],[-82.56348475457136,42.00251285684445],[-82.53776442535255,42.00567935619235],[-82.57161010686292,42.00935368750441],[-82.6248221464541,42.04233430963767],[-82.69566806375795,42.03332355772896],[-82.7067012029709,42.04461183098043],[-82.71859581715175,42.03385551482503],[-82.72374053532471,42.04499772693327],[-82.79960567552746,42.0036671088188],[-82.8329030586367,42.00684709213573],[-82.85098249927844,41.995683954118476],[-82.8815825127365,42.0053993461907],[-82.92734133604121,41.98371093998485],[-82.92577436062524,42.00021796450226],[-82.94812605509291,41.990604836895145],[-82.98130987542307,42.009654244501036],[-82.97269685458659,42.02970052212598],[-82.99205023331787,42.0172885296616],[-83.11201795384528,42.05062236460468],[-83.20049138809097,42.04250163243104]]]}},{"type":"Feature","properties":{"OBJECTID":49,"AreaAcres":1467445,"AreaSqKm":5938.54,"States":"MI, WI","HUC8":"04030108","Name":"Menominee","ShapeSTArea":5936539034.064539,"ShapeSTLength":734761.7815423232,"avgScore":50,"riskLevel":"moderate","facilityCount":7,"highRiskCount":3,"totalRsei":5361218837,"topChemicals":["Manganese compounds (N450)","Methanol (67-56-1)","Ammonia (7664-41-7)","Hydrogen sulfide (2148878)","Zinc compounds (N982)","Formaldehyde (50-00-0)"],"sensitivity":0.35},"geometry":{"type":"Polygon","coordinates":[[[-88.02409053147034,46.120128835681825],[-88.0313124978635,46.10692360553375],[-88.04720554022143,46.11138718955612],[-88.05663267011393,46.096783038337854],[-88.11074435868628,46.07610037357672],[-88.11291498120083,46.04284560182159],[-88.10189071442615,46.03063544181138],[-88.12242362108327,46.01804211339776],[-88.12148234442081,45.97134825116017],[-88.19138896713918,45.95889967257137],[-88.19836372294147,45.9246959335339],[-88.2368935657805,45.897819662469345],[-88.28505030505217,45.89702394138379],[-88.29704597754906,45.923997844285424],[-88.3399311318471,45.91568096962462],[-88.36467510643197,45.91795250162547],[-88.37168613188278,45.930212074105995],[-88.4248068346864,45.914156520600436],[-88.42605886013413,45.93027758154387],[-88.4788594555357,45.92854681034637],[-88.50527092988705,45.95813238217561],[-88.57081541556971,45.948910289627975],[-88.5921777791729,45.95948296211198],[-88.59827420184033,45.94439804001876],[-88.64666953897142,45.9369227230346],[-88.6701223554731,45.94143446761504],[-88.67960375593077,45.961305046458826],[-88.69675770460154,45.9444631884228],[-88.7260658457745,45.9570100252419],[-88.77445283561597,45.9475480256067],[-88.81532758499449,45.95132311623745],[-88.80871874251191,45.96626063596537],[-88.81768402471343,45.96765392405145],[-88.86311334550274,45.93297647863204],[-88.90581667572205,45.96231480810806],[-88.99350419778271,45.96268283807073],[-89.03017762404423,45.946663700693094],[-89.02060845546649,45.907539271669506],[-89.00448080909455,45.893213356486974],[-88.96144360368183,45.894235485256104],[-88.98493084192356,45.87871622317669],[-89.00308981612936,45.83342056728644],[-88.96317371788754,45.80336808620504],[-88.99348354466977,45.79232590776722],[-88.96573698529826,45.76636719116708],[-88.97332665357602,45.75168439043482],[-88.92453310005891,45.75839810867778],[-88.90360268952459,45.78323423376104],[-88.9092907322819,45.76248707760829],[-88.89639186981661,45.75337999343728],[-88.85220089595322,45.75441866564352],[-88.85477656184273,45.72268020606964],[-88.81310951694894,45.727111423692385],[-88.79397115181807,45.71228756843394],[-88.75491696650045,45.71606730787086],[-88.74485650719278,45.7290418089217],[-88.71424680955484,45.717880958491],[-88.68582341191484,45.73181256084047],[-88.64215651156151,45.676598691735826],[-88.57196912206956,45.686113142804494],[-88.49350440596642,45.72260045453737],[-88.39599323318875,45.699599082102694],[-88.41809737731006,45.679687136991504],[-88.39642432445793,45.6502868187095],[-88.37550559714491,45.65911441492333],[-88.37790706712856,45.64301698828671],[-88.41795092976864,45.59407287397891],[-88.45319688258952,45.57555117692803],[-88.44190081869955,45.548673386178066],[-88.37765356929712,45.55951725905657],[-88.35475853093517,45.53859957570342],[-88.2982859896976,45.53810354593749],[-88.29824495351582,45.5166391683773],[-88.2681487210153,45.505162592451164],[-88.20574656065439,45.510270439675416],[-88.21986854143923,45.476474341203286],[-88.18374475863484,45.42585128093054],[-88.19708195211028,45.4170322065218],[-88.13240194285387,45.443768318136215],[-88.13643321411286,45.42065950683827],[-88.08294805725026,45.393497075100775],[-88.05030146222404,45.41263377245142],[-87.94255384702699,45.36266710777371],[-87.94473817827759,45.35167634014266],[-87.91256991040535,45.3307653020579],[-87.91178667471232,45.30978583899941],[-87.8643109191299,45.30943825348842],[-87.82420614302376,45.33604862838138],[-87.80029511428884,45.335977997376176],[-87.7929338515954,45.30986562006796],[-87.80215954750352,45.2965631733033],[-87.78503167675346,45.277750606548494],[-87.78827056219578,45.26189717323669],[-87.85405152922799,45.216699298329424],[-87.81521391717828,45.210501576483786],[-87.78983065438702,45.181122239182386],[-87.80169305141688,45.17125412381869],[-87.77311119275058,45.18111449070451],[-87.75202512610929,45.15786692088333],[-87.73023509898097,45.16469591499265],[-87.71664389926511,45.13543727523365],[-87.69617459026851,45.13516988923098],[-87.70645400746797,45.12278073609338],[-87.68344977443992,45.09444844370288],[-87.59402075264462,45.09155258200595],[-87.63021334928513,45.11226585157582],[-87.65786203632288,45.15551167316708],[-87.61617162623325,45.188775802935645],[-87.58220285234589,45.27270459716474],[-87.51292425292277,45.3205419441885],[-87.51114681375029,45.336513903749335],[-87.526473759833,45.34434127463284],[-87.55856862716448,45.35269236206584],[-87.56923037819071,45.34024929522353],[-87.55898341490469,45.38674690901786],[-87.56418296628702,45.40196507729446],[-87.57827848154544,45.39995479223191],[-87.55128911082119,45.43827613829019],[-87.50377336149977,45.56920769466447],[-87.52477920256312,45.5787760274002],[-87.531312406476,45.623068746316974],[-87.5178451548285,45.63300570442314],[-87.5150230243062,45.66894900463192],[-87.55935016333814,45.65587380147023],[-87.55651587444007,45.67959144258186],[-87.56945750232819,45.69009464603764],[-87.5931645052861,45.68033864601945],[-87.58951413644719,45.70815211094326],[-87.63429275395359,45.75143107304158],[-87.64099508667042,45.781127567566486],[-87.68021807085167,45.778628107565204],[-87.67449152615798,45.80243289179533],[-87.65857318255532,45.80297576912457],[-87.67624339572181,45.819487805916985],[-87.64899900687479,45.86008104284745],[-87.62529725015702,45.863286908942996],[-87.61524698287543,45.88656290954578],[-87.65409696246682,45.89024436096705],[-87.65789872515946,45.90281876515512],[-87.6897037348303,45.91180276526953],[-87.65506094891533,45.94192867994557],[-87.64532947801503,45.97006538046445],[-87.62172860138674,45.97466042201044],[-87.6271357857319,46.022962865240096],[-87.69753283487793,46.04718872435626],[-87.73991847076508,46.04558112747621],[-87.73837888464114,46.06131907877765],[-87.75222069150381,46.069554086671054],[-87.82427969737836,46.060533817249116],[-87.86187258641662,46.089682901891095],[-87.84603044572408,46.09149330466093],[-87.8516331036989,46.097414340765035],[-87.89822182300213,46.11149858991166],[-87.96940031910171,46.11542164808435],[-87.98660335104977,46.10017656885247],[-88.02409053147034,46.120128835681825]]]}},{"type":"Feature","properties":{"OBJECTID":50,"AreaAcres":1126456,"AreaSqKm":4558.61,"States":"MI","HUC8":"04050004","Name":"Upper Grand","ShapeSTArea":4555089987.604972,"ShapeSTLength":638339.6021424658,"avgScore":57,"riskLevel":"moderate","facilityCount":52,"highRiskCount":11,"totalRsei":148143032985,"topChemicals":["Zinc compounds (N982)","Nickel compounds (N495)","Nitrate compounds (water dissociable) (N511)","Nonylphenol Ethoxylates (N535)","Chromium compounds (N090)","Nitric acid (7697-37-2)"],"sensitivity":0.45},"geometry":{"type":"Polygon","coordinates":[[[-84.95380189351081,42.995206237439234],[-84.92360617943687,42.92628485068328],[-84.9557545711521,42.90218153703082],[-84.95528998278111,42.88541072611906],[-84.99171750939605,42.86600193538612],[-84.95601030436806,42.84831905446193],[-85.03465928739551,42.81718427057175],[-85.02509807797054,42.78991019744389],[-84.96628176466972,42.772662373735265],[-85.04603268916487,42.68906584560698],[-85.0348395912978,42.677437752663906],[-85.01295288605034,42.685200691526006],[-84.99107488261109,42.67501235194589],[-84.88709440052612,42.734105052128484],[-84.86491184775852,42.715751023278926],[-84.80309557120786,42.728097976807696],[-84.79384212983366,42.696384519512875],[-84.75825469851065,42.678263992803274],[-84.74815254593,42.72011458988135],[-84.68695964587516,42.71015525051879],[-84.67449661386793,42.68194684589212],[-84.704481683041,42.648504020956004],[-84.68139751856272,42.619893612257755],[-84.68757074223441,42.595749707107075],[-84.67407461195482,42.58667838685019],[-84.67268698595524,42.547860624506356],[-84.69563876758694,42.55379983901486],[-84.7142124395447,42.53708020043006],[-84.74554111736556,42.538538636095026],[-84.77873747700416,42.510158807818115],[-84.76148139594677,42.49717497826853],[-84.77092938715879,42.47854268576143],[-84.71903445529829,42.45462522027811],[-84.74149116029928,42.388993265567485],[-84.70862268426417,42.391983391007905],[-84.66626696942187,42.37328440046801],[-84.67406218424387,42.35262692123646],[-84.66248406918862,42.34026557377792],[-84.68407233718659,42.31470960435951],[-84.66287498763296,42.302756817643896],[-84.59868209548634,42.30414047932468],[-84.6287354141087,42.27836215711281],[-84.62458487348766,42.258738847034536],[-84.61009230277922,42.26684874463259],[-84.59985458051479,42.248920979203135],[-84.57490484967013,42.24927842791918],[-84.53828843432066,42.21846911487421],[-84.53753169337573,42.20967248263481],[-84.57138355727737,42.20060557317075],[-84.5574543964058,42.192195655496896],[-84.57241510479889,42.17601972988851],[-84.49825917869953,42.14902550284946],[-84.47840993573595,42.15704238620751],[-84.46685509904486,42.08569765364425],[-84.48383261798621,42.069325389828364],[-84.4572046308264,42.04415270901919],[-84.47840588272031,42.02369147742538],[-84.45917790105581,42.008547399561756],[-84.42521758939378,42.05102187576131],[-84.31567286441113,42.09352901804025],[-84.31669720058028,42.109641345347384],[-84.34424235472774,42.121368351728904],[-84.31422354807528,42.130759747683484],[-84.32021730194452,42.155944140514066],[-84.20968322974494,42.17033180843738],[-84.1919218803659,42.200493635906454],[-84.15237583904533,42.21617764491422],[-84.15405257534232,42.23244223183998],[-84.1322348033391,42.24117371644399],[-84.13657673280747,42.27170625548681],[-84.11744945277977,42.26359936862296],[-84.11536898286145,42.28320521383329],[-84.13085558138756,42.29081163061506],[-84.11165272247342,42.308551044774596],[-84.1317146335021,42.31854638697587],[-84.08281057209884,42.359630825785565],[-84.14124565360926,42.41594001864771],[-84.18621804339429,42.41760289972922],[-84.19045873660436,42.40716213281305],[-84.20688130544862,42.42378178418722],[-84.22292151095021,42.42062831153283],[-84.20630436217309,42.45243516818495],[-84.19004290486824,42.459124328787205],[-84.18845551440052,42.505235645474656],[-84.05124818510006,42.50055998678468],[-84.01104157222655,42.52178636423594],[-83.98223089404243,42.50816282924077],[-83.97609674055128,42.52134600510464],[-83.9575886943742,42.50710997203698],[-83.94177534367994,42.51301005725656],[-83.98689742984098,42.592515858138185],[-83.97824459500146,42.622439833706075],[-84.00908871699647,42.64864755004119],[-84.00430994484167,42.664681318076745],[-84.03072121039217,42.69034835973199],[-84.06843125027824,42.695039424340266],[-84.10492523900368,42.73580929878861],[-84.07542421698331,42.775219413538025],[-84.08941604957505,42.792990925385695],[-84.07555430333177,42.83009609766084],[-84.08802070441567,42.83969316228494],[-84.07883095036657,42.892900083248485],[-84.1421243172856,42.91063481815384],[-84.2024457375985,42.89134368550691],[-84.23019828688042,42.900402161570355],[-84.27115469443423,42.878222408117594],[-84.36504929260248,42.89693326036508],[-84.38807805595582,42.880217613883325],[-84.41030197579867,42.89311760893086],[-84.4219012487816,42.87340289560226],[-84.50530599759351,42.89703399088607],[-84.5730131487656,42.864493072652834],[-84.7729891754663,42.836016329186826],[-84.78711339167619,42.879081103135476],[-84.83121337778095,42.893099339136334],[-84.83741753588365,42.90959644420611],[-84.82679682241657,42.92137605065791],[-84.84883164646564,42.954114885484806],[-84.95380189351081,42.995206237439234]]]}},{"type":"Feature","properties":{"OBJECTID":51,"AreaAcres":699867,"AreaSqKm":2832.26,"States":"IN, MI","HUC8":"04100003","Name":"St. Joseph","ShapeSTArea":2830475724.150299,"ShapeSTLength":405231.4739874525,"avgScore":53,"riskLevel":"moderate","facilityCount":56,"highRiskCount":16,"totalRsei":35033411835,"topChemicals":["Aluminum (fume or dust) (7429-90-5)","Hydrochloric acid (acid aerosols) (7647-01-0)","Copper compounds (N100)","Zinc compounds (N982)","Lead compounds (N420)","Dioxin and dioxin-like compounds (N150)"],"sensitivity":0.5},"geometry":{"type":"Polygon","coordinates":[[[-84.45988361924344,41.9248724005077],[-84.53368770134477,41.91020870424172],[-84.5713221032941,41.91935530526213],[-84.59497784519252,41.90273320833792],[-84.58280586251468,41.87665289846829],[-84.64270194312056,41.86665913701098],[-84.66459630813172,41.89367896453159],[-84.65599371889408,41.90698558207408],[-84.66453581047963,41.91271642017823],[-84.69119494103062,41.898377897363936],[-84.71641017835906,41.90399325168645],[-84.71585681088055,41.88267842138748],[-84.73484482332306,41.85715770870944],[-84.72706790738386,41.85518026398363],[-84.7467159227912,41.832719028627565],[-84.78678684369169,41.81488272710187],[-84.81892942252455,41.83205569061305],[-84.83523269449721,41.81424373419329],[-84.82891078655807,41.79923254405601],[-84.85041113694942,41.758065225414036],[-84.87510942253179,41.73608088662915],[-84.82813214199977,41.694411845027645],[-84.86737628654768,41.68830022338689],[-84.89631988468308,41.66211417439977],[-84.8757250499028,41.63839030386008],[-84.89676301542595,41.59910196179623],[-84.9684135208647,41.558429898771614],[-84.9917890018597,41.5604685859108],[-85.00974329274665,41.51943031127878],[-85.06535475369853,41.522793144641966],[-85.07895247999394,41.50373938797276],[-85.13342421155592,41.49455896127857],[-85.17769529130794,41.513031542957734],[-85.1996169278196,41.5052975122623],[-85.19828008487244,41.48975834240538],[-85.2199276567866,41.467275024322795],[-85.19580795224535,41.46718153518635],[-85.19822193963256,41.459343583100186],[-85.25583120092355,41.40268832637208],[-85.27956210494347,41.398639977234545],[-85.28432007372038,41.383439929013456],[-85.26886819546182,41.36386641881572],[-85.3114091631714,41.3378072391001],[-85.3300456878094,41.30735981533229],[-85.30227454238236,41.2527934915578],[-85.26635779974526,41.237968296498096],[-85.2417082660252,41.24475723605032],[-85.22680570520703,41.2387297460503],[-85.22096361354274,41.216234895238664],[-85.1808760937033,41.21529048672821],[-85.15453066197992,41.200222789929306],[-85.1506476563706,41.192936928970525],[-85.18313925168925,41.18665069407102],[-85.18927316643186,41.15802773870568],[-85.15648453159004,41.15231716787864],[-85.1329908838861,41.088673473218144],[-85.07593582824325,41.111355185200814],[-85.0436252231706,41.14789339975777],[-85.00210835378398,41.16005730779324],[-84.9872993413829,41.180480571095266],[-84.99670432674908,41.19780257438057],[-84.94952680361916,41.20925828936059],[-84.92765386602028,41.23922267704892],[-84.90432204605071,41.240667821307326],[-84.88108645572397,41.27436092685833],[-84.84119333715233,41.286267848717685],[-84.80471165810533,41.32913482423209],[-84.76630078516588,41.34307495004016],[-84.74123512571697,41.395939977248126],[-84.7167317144859,41.40005189274959],[-84.6800880016965,41.437566610179715],[-84.68327151534956,41.45879933328741],[-84.66061555300192,41.46798414199991],[-84.63530354450802,41.52277526527022],[-84.50688918391455,41.63496321730192],[-84.39989279650015,41.782109590130375],[-84.42209427551408,41.82718965577192],[-84.4458256842346,41.83451959721813],[-84.46454321258919,41.869229139757834],[-84.46217842951494,41.892650725891265],[-84.47669657098714,41.89964866911214],[-84.46219780003449,41.90680384847756],[-84.45988361924344,41.9248724005077]]]}},{"type":"Feature","properties":{"OBJECTID":52,"AreaAcres":1311623,"AreaSqKm":5307.95,"States":"MI","HUC8":"04070007","Name":"Au Sable","ShapeSTArea":5305304981.334517,"ShapeSTLength":586960.5768015276,"avgScore":46,"riskLevel":"moderate","facilityCount":5,"highRiskCount":2,"totalRsei":4746639678,"topChemicals":["Methanol (67-56-1)","Formaldehyde (50-00-0)","Acetaldehyde (75-07-0)","Manganese compounds (N450)","Propionaldehyde (123-38-6)","Phenol (108-95-2)"],"sensitivity":0.25},"geometry":{"type":"Polygon","coordinates":[[[-84.76647394962535,45.114443004659925],[-84.78007328535371,45.09493586458922],[-84.76657274369084,45.072010488477495],[-84.76556819666042,45.031775057583324],[-84.80942270105952,45.019302280573825],[-84.81614703010412,45.00437092878659],[-84.77868479417768,44.971173614910896],[-84.7724396566445,44.949339182856335],[-84.78037151404257,44.9265025574041],[-84.79611530833614,44.923976451776035],[-84.78215622799608,44.88749542918254],[-84.80064177369476,44.86011311398443],[-84.78319695498396,44.815944255462306],[-84.79188996334548,44.73719027807698],[-84.77976396430154,44.71791520801379],[-84.78976693490259,44.705564647839715],[-84.75353205009039,44.68647003246004],[-84.77179494353952,44.66911587220752],[-84.75811642153407,44.63350018853774],[-84.7900449928814,44.6006877435445],[-84.80095362492918,44.60927069283738],[-84.84012848088793,44.59547513890631],[-84.87822344759303,44.59909206756984],[-84.88651630105672,44.57727611117631],[-84.87629917046053,44.52396768412033],[-84.8619857403508,44.51542201735465],[-84.73887127451641,44.520747126224755],[-84.62428295349692,44.48690185021773],[-84.6105477193608,44.47799068773338],[-84.6196451462611,44.45548063699424],[-84.60363092836712,44.38812068259448],[-84.58704113753664,44.38438621415636],[-84.55170136459395,44.34039360365625],[-84.51029729557212,44.33917400372667],[-84.45745763011581,44.2890566609139],[-84.37960621434132,44.2920181173713],[-84.36738392330123,44.31286645077825],[-84.32903185364184,44.32492599112379],[-84.30369785261121,44.353116573531366],[-84.27450361728633,44.35641589844995],[-84.2580513333431,44.34067672656252],[-84.22830617217078,44.3463592541612],[-84.21734693451201,44.36748296154569],[-84.23007577389053,44.38880482451024],[-84.21377017830386,44.389285716367674],[-84.1869152771,44.42595634127711],[-84.19540595713158,44.4499771618401],[-84.17315435142567,44.4427707516638],[-84.14249583964249,44.45625382741143],[-84.14258318886516,44.492824348148865],[-84.12689337045387,44.50967922957513],[-84.11164101870126,44.48256126345038],[-84.00222757303462,44.47394189512898],[-83.97722554055144,44.455151262351],[-83.97916972423168,44.43065276990636],[-83.95091473863118,44.4112750012961],[-83.9015378933651,44.420032353986535],[-83.84035023865137,44.45529634004689],[-83.79083669057513,44.43910983550911],[-83.76009696560692,44.45369845857393],[-83.72322362431323,44.452816518486735],[-83.67240768481267,44.43088755266163],[-83.60690161271849,44.42645097148102],[-83.52924772854074,44.445819947682],[-83.4888422484085,44.43916401702177],[-83.46499585884384,44.415255162519394],[-83.39910706621555,44.386195871395905],[-83.35134356990386,44.38362482610689],[-83.35769542839353,44.35230550467471],[-83.33671539721142,44.35244843773456],[-83.31842452058042,44.40629765671986],[-83.33450633122062,44.42657596218349],[-83.33288204526222,44.473921541563975],[-83.3509675259838,44.520593795565524],[-83.34169754241294,44.57880306562787],[-83.35182520502586,44.596677455920144],[-83.33024760853453,44.607463154869215],[-83.33368912237225,44.64238107509428],[-83.34401425545452,44.66476351339133],[-83.38892000685495,44.670510652693764],[-83.3830183442904,44.68808052287683],[-83.41595345553763,44.729382517754246],[-83.45819976751294,44.702293549209706],[-83.48948630553798,44.71200186283401],[-83.5517213339644,44.70450413421481],[-83.5659795677329,44.67685634153022],[-83.60284632303714,44.68949655061558],[-83.73501375063097,44.664499047377554],[-83.77332523384383,44.679267946439445],[-83.80459964102259,44.67394110840382],[-83.8427830623209,44.70052552507226],[-83.9212483452714,44.718828858839],[-83.96743020276564,44.71011367676655],[-84.02415591269803,44.71779620952834],[-84.06461781091258,44.78902092737067],[-84.12360343232619,44.792377533636525],[-84.14053693315974,44.82076373814806],[-84.20583322601085,44.850314858006875],[-84.20134112242174,44.86135384633093],[-84.21693736263951,44.87926680193275],[-84.31035450138354,44.9084003881076],[-84.28972455761709,44.94284910179271],[-84.34678250489368,45.00320667169713],[-84.46065974147936,45.008043231755025],[-84.5104793008254,44.96130901629315],[-84.54574197496751,44.98926308851023],[-84.59357735474309,45.000606836918344],[-84.60657173281332,45.02233609568045],[-84.66126620674824,45.02337986372564],[-84.66960456999458,45.045541972866275],[-84.71952083607202,45.071215212884326],[-84.72392970276718,45.1011396952046],[-84.76647394962535,45.114443004659925]]]}},{"type":"Feature","properties":{"OBJECTID":53,"AreaAcres":656376,"AreaSqKm":2656.26,"States":"MI","HUC8":"04080202","Name":"Pine","ShapeSTArea":2654211938.5232553,"ShapeSTLength":397423.8741914483,"avgScore":52,"riskLevel":"moderate","facilityCount":6,"highRiskCount":3,"totalRsei":3642894358,"topChemicals":["Styrene (100-42-5)","Chromium (7440-47-3)","Nickel (7440-02-0)","Manganese (7439-96-5)","Copper (7440-50-8)","Diisocyanates (N120)"],"sensitivity":0.4},"geometry":{"type":"Polygon","coordinates":[[[-85.08245196520669,43.91213342682255],[-85.08462947105852,43.890282511403626],[-85.16015833279195,43.89250981992921],[-85.18864425668723,43.864477902553915],[-85.19273978094826,43.84100747161566],[-85.22271227306078,43.82989004273498],[-85.23675533609132,43.805230647182626],[-85.31354739734991,43.792020081965426],[-85.32803287619626,43.77073666447839],[-85.32471960250966,43.74755311123651],[-85.30366566323582,43.734538196546055],[-85.30470153283557,43.71666759395833],[-85.25689157316285,43.71025341723889],[-85.2429050447913,43.69201812149524],[-85.13702365251582,43.673130186369455],[-85.12620371048965,43.644253641290554],[-85.14725887345026,43.63493132570503],[-85.13138120836454,43.61399543333683],[-85.16847353529948,43.568279714332526],[-85.15135615536107,43.55183750557565],[-85.15826442272981,43.52139279243148],[-85.122776740988,43.50103029602562],[-85.10299420076862,43.50350394991509],[-85.1044088557303,43.47329178499571],[-85.02405148212154,43.46079743036064],[-85.00393965304333,43.41809275908124],[-85.03013771127154,43.403609336441534],[-85.02048143202894,43.38319668184788],[-84.91054838279484,43.36912515823456],[-84.92232587295784,43.32271161890776],[-84.84526192587671,43.27820444321916],[-84.81947895320353,43.28680092278664],[-84.7801203371558,43.2649420503058],[-84.75216799353862,43.28523621076342],[-84.70928993162774,43.281112135931906],[-84.66436319964454,43.29185000150321],[-84.65679221650991,43.3062728364172],[-84.61448102500643,43.3062216058759],[-84.61039468108693,43.329650522756054],[-84.50749286489113,43.37987905963656],[-84.48711987831982,43.413684071505905],[-84.43966405983872,43.41522833792441],[-84.42962517861757,43.5103223930705],[-84.3506626139532,43.5322752327755],[-84.3217707227564,43.580775352319456],[-84.25486197541025,43.60878211434298],[-84.27626201012708,43.621197165917515],[-84.46937566432506,43.583460362823025],[-84.52810546191564,43.59897202414421],[-84.5283584556945,43.611245037716635],[-84.60037937201541,43.62263944843929],[-84.62195705939881,43.64632916532544],[-84.64519827993085,43.649871827105365],[-84.84217535814331,43.62565195764878],[-84.8534703214236,43.65436160715856],[-84.8426157783949,43.69265261418858],[-84.82747274246464,43.69836211318057],[-84.79038580692986,43.76571828251316],[-84.86765950429412,43.79391840193617],[-84.89063593246124,43.82434028524979],[-84.90847816576536,43.813328386299155],[-84.96510430795014,43.8315433261469],[-85.00538298051717,43.8285982593837],[-84.98801460419173,43.852985889280276],[-84.96197115910068,43.86137017639786],[-84.96391459957131,43.8902384348752],[-85.08245196520669,43.91213342682255]]]}},{"type":"Feature","properties":{"OBJECTID":54,"AreaAcres":561836,"AreaSqKm":2273.67,"States":"IN","HUC8":"04040001","Name":"Little Calumet-Galien","ShapeSTArea":1788141095.6248055,"ShapeSTLength":498550.26416794397,"avgScore":67,"riskLevel":"low","facilityCount":1,"highRiskCount":0,"totalRsei":0,"topChemicals":["Nitrate compounds (water dissociable) (N511)"],"sensitivity":0.5},"geometry":{"type":"Polygon","coordinates":[[[-86.52387230540496,42.02653476370233],[-86.52165015456568,42.0512305782302],[-86.48763217467227,42.10792380434235],[-86.59850608268364,41.91781213642911],[-86.68211265331773,41.84240308181282],[-86.91643600454064,41.71659984965566],[-87.06992410472196,41.66090908491613],[-87.21629409837647,41.624959674810384],[-87.32069243829756,41.62120303226532],[-87.32450895284153,41.611783233963656],[-87.32516025375578,41.624478337034326],[-87.42792798847266,41.6451460388805],[-87.43608178579262,41.65824010633221],[-87.41465925060352,41.67209148161386],[-87.42881103132231,41.68195312878372],[-87.4341480622235,41.66595241174042],[-87.47605936541676,41.67534410627719],[-87.53954492778608,41.733924058594305],[-87.55903576577089,41.69632932128866],[-87.57997344801599,41.70761376383479],[-87.60924528862118,41.67759170896895],[-87.58975954593159,41.65809935033133],[-87.55095129024032,41.663022188202284],[-87.52473099840994,41.63270070855515],[-87.4757127063262,41.62938779224969],[-87.46448193813438,41.618400719862734],[-87.43208124014375,41.61488535745955],[-87.40828667933688,41.62875970862835],[-87.33092512574402,41.60856714504721],[-87.2489417373669,41.613238242933875],[-87.26772468107987,41.59157854073518],[-87.35516797409598,41.580607233091186],[-87.35573713666129,41.55452823409019],[-87.3364182887854,41.53993853630149],[-87.42646073158487,41.52089559724774],[-87.4395739908012,41.48297866829496],[-87.48223443614494,41.4588958591508],[-87.46862174821555,41.44974794749009],[-87.44444497144565,41.458228912900026],[-87.45054213989769,41.4329352050384],[-87.43164320628237,41.38878640212909],[-87.36864950094242,41.399207649203916],[-87.32659603872864,41.36482688511763],[-87.2933563471808,41.37511163611713],[-87.26272623499133,41.36123075780999],[-87.25544257670319,41.393404212919215],[-87.15586863704057,41.45330652417985],[-87.1183451586501,41.43451383551221],[-87.0825669943418,41.435880123301445],[-87.06692828516694,41.41678806861035],[-87.02949528636235,41.40395417593195],[-87.01707960872835,41.45624422730752],[-87.05380492165075,41.51244634176033],[-87.05027179703156,41.53577965292065],[-87.00612642201219,41.52022742972311],[-87.00226198354584,41.50411048303142],[-86.97510321739276,41.52604058167999],[-86.98399697546374,41.55682641161771],[-86.92985977439017,41.57410231025421],[-86.89740516514372,41.5704078651685],[-86.87169571555833,41.589019088484626],[-86.85715072172152,41.58136546362545],[-86.82203518274055,41.60219177446334],[-86.8191586620497,41.63171484769455],[-86.78385843618997,41.65343603315342],[-86.69496019543539,41.66675850634906],[-86.7012150772967,41.67281663317934],[-86.68428068134794,41.67659994806355],[-86.67994676890024,41.69280227855756],[-86.62123172384085,41.69423228364513],[-86.58922605611548,41.73254275132997],[-86.51617928221566,41.73421236731909],[-86.47684570028854,41.75481328095375],[-86.48061948015518,41.77155873008562],[-86.41479202125775,41.79079639742624],[-86.44157092707762,41.801589398509634],[-86.44660710128893,41.81609240091732],[-86.43111266703322,41.82141184673234],[-86.42040159262243,41.851423261465804],[-86.39584817345016,41.85143178545248],[-86.38418154802889,41.871536164353195],[-86.40748979620021,41.90662759389519],[-86.44096018810605,41.90377816542595],[-86.46391405624868,41.88299187798446],[-86.48028009010824,41.90091407166751],[-86.50874250109595,41.9029172932697],[-86.50254483827132,41.91766619615444],[-86.5191501575965,41.91948425595103],[-86.52491887370093,41.942885277940064],[-86.54030608089093,41.939565866002084],[-86.52387230540496,42.02653476370233]]]}},{"type":"Feature","properties":{"OBJECTID":55,"AreaAcres":1938433,"AreaSqKm":7844.57,"States":"IN, IL","HUC8":"07120001","Name":"Kankakee","ShapeSTArea":7851380275.062028,"ShapeSTLength":945070.2446405878,"avgScore":70,"riskLevel":"moderate","facilityCount":0,"highRiskCount":0,"totalRsei":0,"topChemicals":[],"sensitivity":0.58},"geometry":{"type":"Polygon","coordinates":[[[-86.35133122271588,41.80274554924801],[-86.36796139610084,41.7980465573122],[-86.39505727934377,41.74564886043835],[-86.42971702309967,41.75910648693693],[-86.45332833085634,41.78495609624745],[-86.48306240459675,41.77140763278482],[-86.47343267842844,41.758208214097316],[-86.51376115127307,41.7341856356782],[-86.58601068262477,41.73342558615158],[-86.61658661389251,41.71096992297964],[-86.61756067480732,41.69673862872283],[-86.67544220786215,41.69609290143331],[-86.69451262368611,41.66708689726594],[-86.78293671052725,41.65421050587761],[-86.82409404639118,41.62738513849246],[-86.82219015362386,41.6035742742494],[-86.8563237679496,41.58148330275034],[-86.87517817682547,41.58977386225536],[-86.89286910226815,41.57066034998807],[-86.93309612849892,41.574617353172705],[-86.9782476607608,41.5599750264219],[-86.97773607422053,41.52418222839885],[-86.99733917698471,41.50664979018629],[-87.0159830021716,41.52497723438163],[-87.05458392566499,41.5339187663242],[-87.01604797244939,41.445501772708944],[-87.0398885776996,41.40557762728633],[-87.08544646591032,41.435669330778566],[-87.11894648086974,41.43429872088566],[-87.15681182150001,41.45324432661854],[-87.25423698445094,41.39404058203596],[-87.26136069259168,41.362914708079494],[-87.3003050559882,41.37741344884403],[-87.32217659301773,41.36379515854443],[-87.36271588663423,41.39652856776922],[-87.42983170135605,41.38771533627658],[-87.44921054175184,41.42525854343703],[-87.4454641825203,41.45838075618642],[-87.50231178457854,41.45677396302468],[-87.52182962186716,41.44210460527895],[-87.51394669920232,41.41982504443543],[-87.54095660512081,41.37877323939653],[-87.6024131048302,41.391622301706875],[-87.61943169136269,41.38740685343703],[-87.62182124236992,41.36424889912343],[-87.66015987288651,41.35066318238881],[-87.67729030703038,41.37633886627773],[-87.66385801397789,41.406954881413284],[-87.64841036767515,41.410641309094416],[-87.66440294948413,41.42824098174399],[-87.68060197147614,41.42955818407873],[-87.70987840250952,41.40208363138696],[-87.74416967118127,41.41955011650463],[-87.73857085644312,41.43047550007749],[-87.75313379101651,41.45522263272301],[-87.82410206104764,41.45428391834603],[-87.8504084526965,41.470116164138034],[-87.93754656894998,41.44638436669173],[-87.95975445586228,41.425181297004215],[-88.08501436098227,41.396070237569404],[-88.09936140637132,41.37831723368807],[-88.16422994623149,41.36498266032411],[-88.1778105666332,41.35176640264236],[-88.20062415543916,41.36951204698341],[-88.24654965197436,41.368952151296355],[-88.27334363989296,41.3946600221688],[-88.28423358781988,41.37768306825824],[-88.26507608909002,41.36069574556533],[-88.27203087592183,41.34643411250324],[-88.2894084920184,41.34712764216783],[-88.28742166134285,41.331476297039885],[-88.2109905939172,41.32676696375094],[-88.20340363985981,41.304275358974415],[-88.17046333998113,41.29687669550422],[-88.22663150962886,41.252621586771376],[-88.19688593160238,41.24027090848419],[-88.18636284879562,41.1681314666995],[-88.1618082391948,41.16424774806291],[-88.15958805571488,41.14965137392208],[-88.1366152330233,41.14167880642114],[-88.13526828632507,41.09342759552597],[-88.15725614255075,40.99589839151762],[-88.20740451002793,40.96273472556123],[-88.19377885781043,40.954743976776065],[-88.11484570980402,40.97219103186082],[-88.07857687809476,41.00362777222497],[-88.05281008916049,41.00155877606611],[-88.03430388946687,41.0181814693333],[-87.98644589019125,41.01081239758022],[-87.96767859076185,41.05500074798511],[-87.89783085959849,41.067354883773945],[-87.87747572475384,41.08460077360798],[-87.86834936003581,41.06409129119034],[-87.81266613498579,41.074374046857265],[-87.78490655268976,41.05623909482292],[-87.76167874167459,41.063162531470724],[-87.73873476893796,41.03926840043701],[-87.65960280705124,41.05304538902708],[-87.56526760982534,41.08867168046301],[-87.53277777282662,41.08562400583254],[-87.51803214985576,41.04795580916146],[-87.48063357312618,41.04292931875607],[-87.48069496600243,41.02856403471257],[-87.4687913219709,41.02852397797559],[-87.45149021018644,41.05923944350851],[-87.44943411833583,41.030264493306554],[-87.3760088851414,41.03272941460117],[-87.34381382423487,41.010466782053484],[-87.31477783721574,41.02416375030897],[-87.32346011771187,41.046563413721714],[-87.29998879196249,41.05288716916418],[-87.31814573795573,41.08037388011459],[-87.25305877843441,41.07674076859771],[-87.24407871163243,41.05918335641587],[-87.2417189641619,41.0762938838535],[-87.178287373674,41.09536519406618],[-87.17718510389486,41.136596618024804],[-87.1609939792882,41.163506595216994],[-87.15759988192814,41.13838469784429],[-87.13452415328351,41.13163220673359],[-87.09410815004283,41.144102301775156],[-87.09020827894746,41.12530126893458],[-87.06613461900416,41.1178269964374],[-87.00754053991697,41.13286137322975],[-86.93995459537045,41.174553243208486],[-86.78825281753525,41.21305992960631],[-86.7515241078661,41.151338604654775],[-86.71901168086983,41.15490579504297],[-86.70448108309901,41.12839072768175],[-86.6645006706873,41.12696918717927],[-86.63491009343952,41.154241142792785],[-86.63075022641785,41.202285675355455],[-86.58118198932141,41.20910680167506],[-86.55485783777073,41.25217112806964],[-86.52686877806599,41.26720970677156],[-86.39561982771448,41.23954665557407],[-86.3561391997158,41.207746713078286],[-86.32240690568062,41.20854216780443],[-86.31662436158344,41.19380450191282],[-86.28256951557722,41.19482141666929],[-86.24649886989282,41.175542264126285],[-86.22775332779403,41.20024317452158],[-86.22985621053478,41.28329011609394],[-86.20790989954362,41.2804209285251],[-86.18813915848882,41.30547150838012],[-86.15285559228168,41.32042857978173],[-86.12286435414079,41.30788373917398],[-86.09876202308372,41.338850646651764],[-86.0116284965133,41.34576484537709],[-85.99674235609109,41.33963173555472],[-85.99480609932547,41.32329401320327],[-85.91734256135953,41.30973982826116],[-85.8941622250172,41.370802164186244],[-85.93349541873789,41.38078886222342],[-85.95285453233896,41.40139636304564],[-85.97012968570488,41.398959963531766],[-85.95934655052434,41.43387693209894],[-86.0317371961294,41.445763706578354],[-86.05356847074889,41.469852537189944],[-85.96027191258956,41.473811595887625],[-85.96521504495261,41.480137347204234],[-86.07696394917726,41.51539304774722],[-86.10072131778391,41.54801475911944],[-86.1646889342447,41.56000810798382],[-86.20704837411422,41.59530398237225],[-86.2260521834831,41.56295108726711],[-86.24023138217036,41.57932534694914],[-86.27960400558402,41.57285317599096],[-86.29995329994196,41.58528739169385],[-86.27795453756734,41.64304268262097],[-86.29420720400566,41.67080241341859],[-86.35573958151365,41.67899316443665],[-86.3450533637389,41.711749045438914],[-86.35871802613428,41.74638029671657],[-86.33849530290894,41.786153643388836],[-86.35133122271588,41.80274554924801]]]}},{"type":"Feature","properties":{"OBJECTID":56,"AreaAcres":1634733,"AreaSqKm":6615.54,"States":"MI, MN, WI","HUC8":"04020300","Name":"Lake Superior","ShapeSTArea":84420902800.5558,"ShapeSTLength":3752799.2761938735,"avgScore":70,"riskLevel":"moderate","facilityCount":0,"highRiskCount":0,"totalRsei":0,"topChemicals":[],"sensitivity":0.22},"geometry":{"type":"Polygon","coordinates":[[[-88.00283246124005,49.02256310489228],[-88.06123968905553,49.017048467353305],[-88.0781120245008,48.991704097683765],[-88.09244892557919,48.99890201591295],[-88.08768010174518,49.01421519358248],[-88.12659640188774,49.00994397712034],[-88.14378056751315,48.98308314928865],[-88.17667828420788,48.98676275996104],[-88.17600537897596,48.977776355870986],[-88.21662153710017,48.97363858596561],[-88.2246037111319,48.96168328350672],[-88.27501014340561,48.96175997863824],[-88.25852540236534,48.9319461394469],[-88.24210825767105,48.92783113205206],[-88.25359692207861,48.91425923709617],[-88.24014753021115,48.899121978772435],[-88.25520305594313,48.88051206626655],[-88.24180874537363,48.85970930203192],[-88.2470023180002,48.83394471109212],[-88.21305661514954,48.8315087269031],[-88.23432510070337,48.81412487838767],[-88.18921645566694,48.82580647672248],[-88.18283616587068,48.79857179326887],[-88.16201528823419,48.810865253574335],[-88.09243025558399,48.776908578818215],[-88.11747156654864,48.760974768457295],[-88.10419277624044,48.75138908455183],[-88.11816803722108,48.74330869670107],[-88.1154874692415,48.731354136861775],[-88.10191366401789,48.72236289266415],[-88.11243197940581,48.69178262300947],[-88.23678515809777,48.58256376244615],[-88.24338876675615,48.596041770981905],[-88.22302827124008,48.60848887320596],[-88.22146271555546,48.62984991956897],[-88.27498898615418,48.60051425769777],[-88.28800061345436,48.61064044405898],[-88.28403684872288,48.62838498350968],[-88.29998785162657,48.6219125786086],[-88.31904503955997,48.643308870764336],[-88.30869263556775,48.65647592124668],[-88.35050980036839,48.647206813421285],[-88.35607673353348,48.6234186901739],[-88.336660551779,48.6175250781689],[-88.3356972942481,48.57381597564096],[-88.3886791189654,48.54533550818871],[-88.44014155158027,48.58348530315411],[-88.46453181702717,48.56208179907159],[-88.46291125875062,48.523164366505405],[-88.4907292391048,48.52594036726486],[-88.502902770994,48.51443673214922],[-88.49392888786127,48.51421358763415],[-88.50855581194429,48.49289476953009],[-88.49278932362822,48.47287816331443],[-88.5240941005866,48.47234310063805],[-88.53158658801405,48.43363078386341],[-88.55186907316744,48.416123824819735],[-88.54204859180923,48.42930222492323],[-88.56238750279556,48.4400568520588],[-88.54720423925055,48.47961022094767],[-88.5642016245674,48.47764661132408],[-88.55723467807893,48.51496179330469],[-88.45649409201371,48.56425710739682],[-88.43718789160489,48.606600966414724],[-88.36417076630276,48.66037068862529],[-88.33057851956985,48.66568334342571],[-88.31654633578358,48.68821926048522],[-88.31981167195882,48.71518771003676],[-88.27335050017042,48.73755251041697],[-88.31162292199035,48.77429355662177],[-88.29177196628542,48.78537828358577],[-88.30555604239963,48.816116701513145],[-88.33502833727145,48.82171185085116],[-88.32809255327312,48.86482757634101],[-88.37226568447441,48.86224642914863],[-88.39910851519208,48.837655773161295],[-88.3753195228989,48.86565230456543],[-88.3764882668371,48.88579408695942],[-88.43517994326548,48.850132562292366],[-88.45508042347205,48.852149186441586],[-88.47113857715006,48.8723534036909],[-88.4798225178416,48.87088645574746],[-88.47423865390874,48.84692097727201],[-88.49957340379633,48.83769837199657],[-88.56241846228963,48.84542662183685],[-88.5365163716309,48.82557008737891],[-88.48722746471934,48.81942131386703],[-88.51543073072759,48.80261541295379],[-88.57124333331376,48.79816242225398],[-88.54525055226264,48.77481744538397],[-88.58086279150514,48.7628779259238],[-88.5493988496034,48.75006823001983],[-88.56585427545326,48.75026421435637],[-88.55265135996423,48.74027166290474],[-88.56613442749259,48.71810754205354],[-88.55006833894214,48.690141940380244],[-88.57647419735324,48.689174454510976],[-88.55680868882965,48.67968797918973],[-88.55359169322914,48.6572821806093],[-88.62978184492549,48.62310631086113],[-88.64334826987223,48.60145046857769],[-88.63891241735332,48.57676990732391],[-88.66266964640803,48.55158347643789],[-88.63984585370875,48.54415007843304],[-88.67164340864412,48.50523596292735],[-88.71302757209598,48.509424710208094],[-88.70222150395436,48.48864667330185],[-88.71324131437417,48.47672235939709],[-88.69300938970183,48.44362199466973],[-88.74174603261751,48.402937250531494],[-88.7270436591091,48.38251520115888],[-88.75857348450207,48.3708729013603],[-88.7601012501489,48.35883274744832],[-88.823504951524,48.33175317824199],[-88.90977638963281,48.32834617711964],[-88.87594065194465,48.3609315792656],[-88.85555229622604,48.35011774127026],[-88.84375699126824,48.410805218911484],[-88.85986863101691,48.40549065086683],[-88.83611002675501,48.41686200098707],[-88.82178806832427,48.46323462016034],[-88.81012060217138,48.4648073244459],[-88.81611301638199,48.48011841879091],[-88.76701769685123,48.52516351201285],[-88.75003228328418,48.52517448776024],[-88.74327370993011,48.57828552546377],[-88.79896535478456,48.58419535942477],[-88.79576218268824,48.57596791282597],[-88.80942400931292,48.58181804021023],[-88.82481115100883,48.561427806585414],[-88.85021739417303,48.56838403335012],[-88.85916929815468,48.58859152008009],[-88.88412918012354,48.56601588669086],[-88.88481411221545,48.548718255700045],[-88.90911995245543,48.55488162530911],[-88.92033290032232,48.53802640499386],[-88.9608550365174,48.529051115081536],[-88.96280299234577,48.51266055437035],[-88.99670356298569,48.52948583138499],[-89.01777024082655,48.506914174755416],[-89.04356560599435,48.514438393049275],[-89.035002149723,48.500025777728155],[-89.06085927148352,48.507244731722636],[-89.06430805454417,48.491376160300725],[-89.13772509371961,48.49463168033802],[-89.14228539078917,48.48027267962523],[-89.17056015005288,48.48895997399415],[-89.19581015508997,48.46992997851468],[-89.18631877068356,48.45697092196769],[-89.21270752509103,48.458777430793575],[-89.21306528137546,48.44298320803804],[-89.23670183487383,48.44458382107917],[-89.25519859150774,48.425079098672136],[-89.22927783001799,48.419622422337206],[-89.23526238378294,48.40421933848174],[-89.2187570762646,48.40656885119639],[-89.25759423116052,48.371389142486734],[-89.21878786905835,48.344029868842895],[-89.22119622959006,48.32834775767864],[-89.24966071812055,48.313022645121954],[-89.27455294057731,48.315203743864075],[-89.2733464306804,48.30095272900678],[-89.24248047026352,48.309242907491225],[-89.24444019916666,48.29179878787377],[-89.28648944939948,48.23645868716187],[-89.27564595056268,48.216564576724615],[-89.29665914924912,48.20407457618474],[-89.31348093888151,48.21453258808192],[-89.30066910851903,48.20429819906517],[-89.32428706971719,48.17942522631008],[-89.31197055933954,48.17267715692747],[-89.32413682840244,48.1372046393227],[-89.36199671901298,48.111684966648795],[-89.34745907881373,48.1060431088659],[-89.43682138926202,48.08846154756387],[-89.47286009882725,48.06713132738707],[-89.46804901762161,48.0603723676227],[-89.49263072945806,48.059036576115645],[-89.54534324851643,48.02070957783197],[-89.58491027856657,48.0098299067242],[-89.56390244551109,47.99877460352168],[-89.4986475579013,48.00623995079724],[-89.50526039717285,48.00163130611368],[-89.5890337479816,47.98080328369557],[-89.61959130037494,47.995954265411015],[-89.64760259696631,47.980606410207145],[-89.63984319061557,47.958792012349626],[-89.6766072625897,47.96529787850322],[-89.68652200376349,47.94360737679028],[-89.79325555589882,47.89133035947626],[-89.92214071971375,47.862992569067984],[-89.94892572951127,47.841531613585104],[-90.0236287203583,47.81787863262007],[-90.53288724992316,47.704535212008395],[-90.7767936308726,47.60607933007399],[-91.04813707627348,47.4545505844847],[-91.15786249647628,47.37761612455277],[-91.26738609789601,47.26978638715516],[-91.28904406221581,47.26587373912411],[-91.46124885407212,47.13476832288196],[-91.57097619141553,47.091246534370015],[-91.64434021881951,47.02633018790813],[-91.7023260167664,47.006041385406135],[-91.78400290654128,46.94214406866476],[-91.84266231745391,46.92462169280979],[-92.08779215845192,46.79416724156222],[-92.08831683370406,46.77352538129555],[-92.02982967692715,46.71370365396418],[-91.96236056352964,46.68253396806955],[-91.80871936853374,46.691686887349086],[-91.58905226152332,46.75461636996286],[-91.51495337731562,46.75690307148518],[-91.40950265764329,46.793368000992906],[-91.36814382954157,46.79415689808107],[-91.31349831947135,46.82753728855052],[-91.25693196285533,46.83670314098882],[-91.1833015719864,46.88569398760217],[-91.2023917763878,46.862096447937176],[-91.18630364856621,46.846541097206526],[-91.17021915632314,46.844161977250785],[-91.13607514210324,46.87296744104765],[-91.13159299130972,46.85775535234252],[-91.10734558414414,46.857457746417715],[-91.09117168500285,46.882778009082124],[-91.05193287432871,46.882104028847934],[-90.96974727799574,46.9433142753403],[-90.92228690145507,46.93121474075506],[-90.86002332196094,46.96256001969058],[-90.8302233549958,46.95163910620077],[-90.8302525917187,46.935400000298046],[-90.7923867735738,46.93407868369023],[-90.78315794857053,46.912795564913885],[-90.75059932792776,46.89158894724807],[-90.77083060486642,46.88412471650573],[-90.79979521291988,46.82272042838672],[-90.88519308268626,46.755693188063155],[-90.85231533934797,46.69795333421604],[-90.91203117555736,46.66032498114691],[-90.92043969271448,46.63012405345353],[-90.94977548842769,46.602751334840136],[-90.94424805232971,46.58759655653352],[-90.91170486987718,46.582493087818165],[-90.78138765882152,46.63042255345645],[-90.73577454943533,46.66122101769939],[-90.7596070190101,46.66073938338636],[-90.74689245424675,46.6701371575178],[-90.69046351628727,46.66020013987839],[-90.75833148018428,46.70290278478726],[-90.55992421726525,46.58731242103007],[-90.50514498694525,46.58964892353026],[-90.4289283486372,46.563721111617554],[-90.3308030988563,46.60886406045151],[-90.30614778520527,46.6029873407971],[-90.0328595961077,46.6725539477243],[-89.84728512427009,46.796335808554545],[-89.78823775473144,46.818904034898424],[-89.67620543007932,46.83323936865485],[-89.61924005077023,46.81882663826313],[-89.50787994761357,46.84147694013775],[-89.42358136662943,46.84168749334975],[-89.23184708120908,46.91090168746126],[-89.13207340752444,46.99033274509432],[-89.0833185957979,46.985273145991826],[-88.97034317795881,47.00289615342906],[-88.93615997373836,47.028042428816654],[-88.88525093106996,47.102216058742826],[-88.76577804062244,47.15510838557052],[-88.6744174423179,47.21818053105906],[-88.57662517454924,47.24450808214737],[-88.49422279586614,47.298776023955035],[-88.42147249626979,47.370964939315044],[-88.1868041531416,47.45632475083612],[-87.96980339947224,47.479745323892544],[-87.7647078998763,47.463606353266044],[-87.7181762516064,47.44249626494843],[-87.7108043803575,47.40418758559854],[-87.75185061155835,47.40508198250012],[-87.81803212265748,47.384945209797216],[-87.85689074391138,47.39552214341633],[-87.95132914815427,47.38848754317452],[-87.96579075565428,47.3701271061685],[-87.94087890432586,47.34893640305801],[-87.94598803454903,47.33447002862068],[-88.05638147031446,47.29736360495978],[-88.15833280016997,47.21911724720105],[-88.22681442446333,47.200245256184225],[-88.24220887506875,47.170739317399594],[-88.23725244919315,47.14127283852903],[-88.28219944806209,47.13778191267086],[-88.29683650168047,47.09945344425825],[-88.34995365732543,47.07639657859254],[-88.37342742513037,47.013777786479494],[-88.41015476498238,46.978775316801745],[-88.44222501344925,46.97534310330405],[-88.48170945546667,46.842745535825685],[-88.46361443731188,46.79089533928682],[-88.48373195985299,46.78113749074508],[-88.49622875868116,46.754503274064184],[-88.45553547426496,46.759077871411684],[-88.38218391352822,46.837358440388854],[-88.3992692882656,46.8577274328378],[-88.38697389224667,46.86867603155907],[-88.35219547592399,46.85698389483644],[-88.23995101894994,46.93167832101477],[-88.14534852367214,46.966486538328446],[-88.1292818249146,46.963046575471196],[-88.23197445844228,46.89602928836308],[-88.28928560539734,46.82543888129407],[-88.26612955764514,46.8283386471167],[-88.20699650475558,46.8946080751921],[-88.08687246215386,46.919447596582216],[-87.99605417691035,46.90509703276951],[-87.90548745192721,46.90964680334644],[-87.85320455284096,46.88535969947338],[-87.81348288560295,46.88855105237078],[-87.7820846766993,46.87962233571573],[-87.76801398811762,46.86199858294832],[-87.74442750697365,46.865353520152794],[-87.72201493896706,46.825397337948615],[-87.68946576552737,46.82913466822338],[-87.68030926971035,46.84180163947239],[-87.67183646993539,46.81988495109905],[-87.63176581626985,46.81109153776767],[-87.59357461752289,46.78231435613611],[-87.5804643965042,46.72774305419297],[-87.52614742982962,46.69081633904508],[-87.50384519005263,46.64816101997132],[-87.46306723774794,46.63568922540152],[-87.46343008184976,46.61352678803032],[-87.43061206176826,46.590198094911074],[-87.37776709069941,46.59127121830125],[-87.39275482647717,46.57559773007576],[-87.37869656521119,46.54794028113066],[-87.39078167533155,46.53049456763358],[-87.36086222905512,46.50417026480043],[-87.2733407654353,46.48878964383297],[-87.19983381458042,46.491394068591106],[-87.16356575872406,46.50574749330601],[-87.11891663400336,46.49456667505023],[-87.00381040924799,46.53342538819044],[-86.96665531837306,46.51701900002366],[-86.9433834291366,46.47009065575866],[-86.90324160851617,46.46622088317218],[-86.87792247960111,46.43827977440587],[-86.81950089771802,46.436524060599844],[-86.79112196383774,46.47497167904103],[-86.75051096450316,46.47913360401204],[-86.70315692165076,46.4393321847223],[-86.65436548390234,46.44033357193149],[-86.66223571038533,46.41861840850576],[-86.6393938094918,46.411096897801905],[-86.55158582792697,46.49430748511159],[-86.46501031997624,46.552459326673315],[-86.36894980537078,46.570580629051705],[-86.15503049421937,46.67083996355522],[-86.09348828108399,46.65493055986403],[-85.87911341070067,46.69074746881477],[-85.75636035597157,46.67759081683693],[-85.50093326539583,46.67669787934246],[-85.26231587410524,46.752134830332714],[-84.95748553211942,46.772324085729856],[-85.02779043297235,46.69617104648179],[-85.0368163939885,46.59335258591044],[-85.02540755844964,46.544877142590245],[-85.05426282113541,46.53017115488255],[-85.05495715461512,46.514149843930205],[-85.0155452534525,46.47969177320595],[-84.94131178129278,46.48504808609344],[-84.91262850607087,46.467068225657684],[-84.85768825395994,46.46688437430561],[-84.8234405264997,46.44402110747915],[-84.68600064988384,46.483634948634],[-84.58392014982374,46.556379986022186],[-84.59180666429688,46.57634056836822],[-84.55602239694151,46.58336011336773],[-84.53870113515536,46.6070222466186],[-84.50818773004062,46.6064551025781],[-84.52483899346606,46.622674046666525],[-84.5010456822115,46.616690239680835],[-84.48704685797883,46.64202300031076],[-84.44742913869953,46.636940316641535],[-84.45077535445708,46.66853685569414],[-84.41690352360466,46.663209329228174],[-84.42777865336863,46.68120478678114],[-84.39954273855554,46.66569633368731],[-84.40759450660136,46.687891010695594],[-84.43925375304352,46.7086595882431],[-84.4165831453977,46.736137041855066],[-84.43249309590071,46.73862438057783],[-84.42259531528936,46.74541979174289],[-84.43296284645295,46.75869373867589],[-84.51143738484663,46.76829317336317],[-84.51435532353528,46.72613836008937],[-84.53615423825637,46.718645559693236],[-84.5333258376838,46.698868416579174],[-84.54971710804547,46.704862549021335],[-84.55300587858433,46.68862815741005],[-84.55119736069054,46.737146882635265],[-84.53442340507296,46.73464224763883],[-84.54737652104626,46.74886733425075],[-84.52640464041929,46.78219885115021],[-84.53868116508386,46.79317727488493],[-84.49810092602729,46.82082631018337],[-84.47392126982635,46.8201040251188],[-84.46150681438472,46.84108477079828],[-84.46164305667347,46.81964681870607],[-84.426989568995,46.8197332332023],[-84.4207724415255,46.803877423964686],[-84.39396883428418,46.81238327894738],[-84.34092626339046,46.87342489933018],[-84.36082683177261,46.88865892564772],[-84.35543125473914,46.895036810323354],[-84.43989715372156,46.92592268714395],[-84.43280242757878,46.930748511213295],[-84.45220485624164,46.948863270797425],[-84.4582593571506,46.93430015329677],[-84.47689432523902,46.94902832772579],[-84.4930197647108,46.94556229111676],[-84.51678066699735,46.921155656214765],[-84.54057177518368,46.95957467098657],[-84.56037515295925,46.946279682920434],[-84.59036222976904,46.94717025104432],[-84.59895355337257,46.93153848742288],[-84.63180397605596,46.93532883872593],[-84.67868667301985,46.97756444366309],[-84.72748284112468,46.96021697601142],[-84.77566694968243,46.97797909679768],[-84.78466730593343,46.99236471382568],[-84.75906536031547,47.02719185609442],[-84.76384013764311,47.04805377828742],[-84.72970001887654,47.06400319614649],[-84.72139666687653,47.08588589882568],[-84.6905875184241,47.08887218398808],[-84.72022141249572,47.13786586863423],[-84.71592740120259,47.14864006243453],[-84.67945234493146,47.15005620391409],[-84.69079965123474,47.16281880903853],[-84.68705096142186,47.185532776769776],[-84.67098183186796,47.187682000080265],[-84.67902385389102,47.200505085915815],[-84.64023015408173,47.20388998827966],[-84.64499210286253,47.2358750144062],[-84.6155499293446,47.22869106116072],[-84.59482766629618,47.251651381046116],[-84.60715885097127,47.2620315724108],[-84.57298594748391,47.27424969398082],[-84.56899124596936,47.290349080452486],[-84.58552422142068,47.29280916716817],[-84.56371799743359,47.30484076728125],[-84.60171865271629,47.31039978332911],[-84.57655539639627,47.32498768210304],[-84.60909921736008,47.329099792294734],[-84.57536093489199,47.34969925821319],[-84.63453611434349,47.350124145909504],[-84.6676341616872,47.375660550842085],[-84.691636908715,47.37860806134651],[-84.70163145811718,47.390220405350874],[-84.67026461677244,47.39511397040292],[-84.70457856449214,47.40918551221813],[-84.69938332793762,47.43100569326181],[-84.73312712196382,47.43167952871912],[-84.7337163350083,47.44702306819932],[-84.78178993809921,47.46506685266715],[-84.80310102468358,47.49544158857034],[-84.83962245955692,47.487088923171065],[-84.86256564066613,47.50975200169317],[-84.88616555559,47.507826015074336],[-84.88878487528493,47.52294373919223],[-84.90107384644035,47.513947646365],[-84.92610340954005,47.53564012498399],[-84.94942144092398,47.53404108672566],[-84.92495326165427,47.56082655688523],[-84.93769648854673,47.581197951940005],[-84.96554945445287,47.56647638647332],[-84.96474898495372,47.58276381446887],[-85.02952329522148,47.59727765675814],[-85.01484652625867,47.60407704243783],[-85.00559728266046,47.64909386486754],[-84.96202031353185,47.66943734261247],[-84.97251238085612,47.68170317859032],[-84.96655741049001,47.69611537626896],[-84.99781497630728,47.7055392636736],[-84.98131205668477,47.72925838456419],[-84.9579256175209,47.722982468053544],[-84.920556805521,47.76957967520366],[-84.89833394643964,47.77936933743727],[-84.89219618795846,47.79439271473067],[-84.90826385812083,47.79284528442048],[-84.91461799121767,47.82124937694509],[-84.93968662473506,47.82810056235311],[-84.93611328736787,47.84085513585446],[-84.89495542615234,47.85893647397527],[-84.83696752580943,47.91105825706845],[-84.83358559089066,47.92735528870973],[-84.8475688959511,47.931918998086026],[-84.84165235132544,47.95763634520016],[-84.90147540772504,47.96819141698431],[-84.92267382640256,47.95801493814075],[-84.98868366993804,47.9682242235671],[-85.0138304208568,47.960662076153305],[-85.04972237847616,47.97704922056011],[-85.06587857334408,47.95945180995128],[-85.08302519572193,47.97510430731902],[-85.08792229987404,47.9598064308516],[-85.20539352508199,47.96775918746915],[-85.22442878657341,47.95296731027441],[-85.25023193152661,47.96674592555008],[-85.3439933451057,47.94892412343724],[-85.3944355670493,47.92386351175318],[-85.43833159870601,47.929742825615726],[-85.47521793548825,47.91832263418921],[-85.68810185040857,47.929056188570826],[-85.79300067415657,47.95044144072913],[-85.83768089707824,47.97161851319906],[-85.85224379868257,47.99190019875088],[-85.87651054830188,47.99303796048595],[-85.91124244733318,48.033050725908225],[-85.93071918458185,48.024060469067294],[-85.92432057475507,48.04115757216702],[-86.01793933114408,48.08267131351429],[-85.9773729209739,48.08297334444896],[-86.03159452821282,48.10759847830483],[-86.03617051870684,48.13327446428563],[-86.05086923815233,48.139241634881294],[-86.04951343319794,48.161094754775796],[-86.0799851307088,48.16642850631208],[-86.08580968212614,48.18681824053364],[-86.10508527338459,48.19771954209351],[-86.09376225948334,48.207896732045675],[-86.12521895148741,48.23008398001575],[-86.12817586636382,48.26234445617768],[-86.14856587065897,48.273934471058105],[-86.13834108708693,48.29585906272842],[-86.15417992333995,48.29577403494447],[-86.17486515689397,48.32223227771647],[-86.15894708141558,48.32620083679294],[-86.18074577863378,48.33595484547123],[-86.16554179156718,48.333553814247445],[-86.18650935641642,48.38647078163225],[-86.16336520909756,48.39007400124627],[-86.19432823217127,48.39939238866097],[-86.19353726933417,48.412360953270465],[-86.21843902561581,48.4098271364696],[-86.20477619713598,48.41896398148693],[-86.22978455827005,48.44852145912615],[-86.22676800262529,48.47137208634269],[-86.2552994610493,48.518043859608234],[-86.25433341158833,48.541631758219424],[-86.27333455543354,48.55415408307221],[-86.25190537524513,48.57495531418756],[-86.3213289855836,48.617201425553205],[-86.3033181559225,48.62415823832258],[-86.30922070029396,48.63358744149588],[-86.27256174081568,48.64049073714748],[-86.31486944830655,48.6588978382349],[-86.30824014629887,48.68094999114279],[-86.3339601666753,48.70509998276663],[-86.31171014598452,48.716519980389535],[-86.31316425740978,48.72764156147785],[-86.33150015641053,48.76728997988021],[-86.37965992670236,48.73382671140075],[-86.38051415166154,48.752682977721086],[-86.41677120298365,48.75297928155062],[-86.41154672119755,48.76829674280573],[-86.43720620988769,48.78620532357379],[-86.46310927314416,48.766508675864316],[-86.49327875505047,48.779351139417884],[-86.51587201464343,48.75587215520252],[-86.53859843758231,48.7599434542299],[-86.55464124044292,48.74595315613159],[-86.54558963427148,48.732910756626985],[-86.60687515298771,48.73496011401865],[-86.63021478813656,48.741608548378444],[-86.59874377582308,48.760954783811975],[-86.61299156913275,48.7703024014691],[-86.58724686575319,48.76378745644466],[-86.56959799217339,48.78117999952935],[-86.61402918522525,48.77911140458418],[-86.60957874867398,48.79603131881352],[-86.68358133211613,48.790677304125104],[-86.70170173824762,48.81424007447044],[-86.75826223615269,48.78412486357964],[-86.7984347046758,48.78189494300044],[-86.8212709865395,48.758868778877506],[-86.86641544080886,48.74983159240467],[-86.89764403554746,48.78106275250251],[-86.90289709657819,48.77443682270049],[-86.94794912693945,48.80078936935115],[-86.95177496976605,48.81760521438436],[-86.96965990356672,48.81938021599096],[-86.98068345662253,48.807094379907],[-86.99171027890996,48.817529250816335],[-87.01515233821182,48.81134594126093],[-87.00720177745605,48.77839274081474],[-87.01232220132904,48.792530063703005],[-87.03665020321027,48.79676609743837],[-87.04758057680509,48.78583316011823],[-87.06715472724149,48.791572530085624],[-87.08027822755628,48.77920385007017],[-87.10642796583402,48.78474398582352],[-87.14112075966571,48.771830013394315],[-87.1369171263363,48.788474467783],[-87.14807332147491,48.80004597330926],[-87.1929827935563,48.78899310687336],[-87.18666178820196,48.773637137331356],[-87.20686146773251,48.76004182565332],[-87.25921472944538,48.771600673194655],[-87.27702260137727,48.763306989947424],[-87.29170971139175,48.784970622225394],[-87.28573358570792,48.80539855642328],[-87.34159785109186,48.79621059807725],[-87.35524886675017,48.815131970520106],[-87.36114835563038,48.80382184770575],[-87.38490536876742,48.80918452408912],[-87.39044551702034,48.83964915158559],[-87.4446210015727,48.839675742997876],[-87.45605500886705,48.85259170937054],[-87.46888053119036,48.843412568142625],[-87.4727147584149,48.860626093882864],[-87.47973369675414,48.84464036266517],[-87.49732840502045,48.85047633199822],[-87.54405568717344,48.83242105064808],[-87.53834659043974,48.8683511925285],[-87.5231926065404,48.875870124224065],[-87.54331854131212,48.88626313483478],[-87.61056740743287,48.87922643000038],[-87.59655208615149,48.87044611946066],[-87.63181452904597,48.858740880821436],[-87.64588329294608,48.86783848830947],[-87.63492820343083,48.880697266263816],[-87.65150966802919,48.883762483685075],[-87.65373860067744,48.90115618602443],[-87.74289300537583,48.92283375515568],[-87.74409545065801,48.90674979631507],[-87.77147227389757,48.89784690166483],[-87.76049482885452,48.911085563458286],[-87.7775805837193,48.92912360875763],[-87.83623624585324,48.919382893723494],[-87.84603849807986,48.93972155330703],[-87.86825275743068,48.928938506701485],[-87.8927582055355,48.95978828597602],[-87.90925651546854,48.95500434493165],[-87.92016429333619,48.9330151652731],[-87.92952067065626,48.94810000484131],[-87.97020330436062,48.95131126850768],[-87.97487254840428,48.982852152065135],[-88.00205875461388,48.96586437923176],[-88.01716499476463,48.99159402242181],[-87.99785921500873,49.0031911139167],[-88.0236343867941,49.00921403832606],[-88.00283246124005,49.02256310489228]],[[-90.59917882408052,46.87022303664797],[-90.57699916087391,46.84352757542819],[-90.67180571256996,46.820612064596524],[-90.67568564612323,46.80613230699889],[-90.6556338390476,46.79077227996245],[-90.71941912525092,46.78464727639681],[-90.76730114510114,46.75405432809192],[-90.78908217183148,46.758558264843614],[-90.7881344577696,46.78719132242019],[-90.73281285531202,46.80042051316576],[-90.61965814483794,46.873900344450014],[-90.59917882408052,46.87022303664797]],[[-90.53020534249849,46.968523195923055],[-90.50852334787743,46.95845516694037],[-90.52813038490953,46.93225168260836],[-90.54442969312916,46.93150063397151],[-90.54646981043398,46.90827854551034],[-90.56387174471612,46.92424758321187],[-90.63692927649322,46.90663235492117],[-90.6545604791918,46.921558251539224],[-90.63078666108609,46.9438449655552],[-90.53020534249849,46.968523195923055]],[[-90.41752419151321,47.077287307170586],[-90.39391071035455,47.07601674541154],[-90.40525764640722,47.02337824494287],[-90.46857092105931,46.9903331885451],[-90.4479057223193,47.06668063149611],[-90.41752419151321,47.077287307170586]],[[-90.73531037869067,46.9138368877085],[-90.76220944914334,46.94203945025189],[-90.74098346076703,46.96367143588964],[-90.71164289488789,46.95273577183624],[-90.68903181217969,46.920670767792494],[-90.73531037869067,46.9138368877085]],[[-90.93336344114346,46.96297564201393],[-90.96643412506519,46.96265386645812],[-90.98033461280097,46.986176271986395],[-90.93102807187954,47.00134926081552],[-90.93336344114346,46.96297564201393]],[[-90.7593556672137,46.83106859577315],[-90.75016543591435,46.86126663338101],[-90.72258755604443,46.86841656856193],[-90.7593556672137,46.83106859577315]],[[-90.76874834642574,47.00333543603647],[-90.7730479278115,47.02627485114032],[-90.75878468441225,47.034725298866014],[-90.74002215628316,47.01023220133976],[-90.76874834642574,47.00333543603647]],[[-90.45114252317447,46.899493269342116],[-90.47996187690231,46.873750737065414],[-90.51227048447798,46.874406775629154],[-90.45114252317447,46.899493269342116]],[[-90.56327251001458,47.04076375602741],[-90.54627591828677,47.01023890679642],[-90.56451833673464,46.99545567317268],[-90.57540870054021,47.03381278206905],[-90.56327251001458,47.04076375602741]],[[-90.6901686221803,46.987828870462664],[-90.71189085078566,46.988136907981364],[-90.69773209427198,47.007575771514105],[-90.67396211863074,47.002793721037314],[-90.6901686221803,46.987828870462664]],[[-90.64258003553716,46.981278499354694],[-90.64036739318604,46.96677323251486],[-90.67625725456017,46.95431544396254],[-90.64258003553716,46.981278499354694]],[[-90.69238224902212,47.03483899494692],[-90.65160593795869,47.05406089795725],[-90.68322614258267,47.02007954377549],[-90.69238224902212,47.03483899494692]],[[-90.68693051089284,46.879513761413925],[-90.70267319967664,46.883664181020286],[-90.66830841062985,46.88845114975474],[-90.68693051089284,46.879513761413925]],[[-90.60461226391222,46.99560557826526],[-90.61931300442352,46.991409799760625],[-90.62313881833377,47.006038567393865],[-90.60703486485731,47.00759606803449],[-90.60461226391222,46.99560557826526]],[[-90.64302248074863,47.02511038498751],[-90.65206841090205,47.03433518690112],[-90.63994977255467,47.03992702598397],[-90.64302248074863,47.02511038498751]],[[-90.72972861421258,47.08072661416847],[-90.72136569416494,47.06449173943872],[-90.7278246028988,47.06280069598188],[-90.72972861421258,47.08072661416847]],[[-90.79771071981476,46.97582223004166],[-90.78684440621956,46.9787630341513],[-90.8025300232087,46.969099125109814],[-90.79771071981476,46.97582223004166]],[[-90.85179251814648,46.98332255179227],[-90.86186281254217,46.97836812362555],[-90.87840494813348,46.988973847112376],[-90.85179251814648,46.98332255179227]],[[-90.80116954694776,46.731234124030365],[-90.76595914631363,46.7131320440509],[-90.8108584307822,46.728711477006506],[-90.80116954694776,46.731234124030365]],[[-90.58908057589386,47.05912028784682],[-90.58873820795567,47.073941519910015],[-90.58373919424838,47.07243131706982],[-90.58908057589386,47.05912028784682]],[[-91.03546113138466,46.94594650451112],[-91.03725380068795,46.94108053037422],[-91.03893345904339,46.942183396498095],[-91.03546113138466,46.94594650451112]],[[-90.7614928791357,46.706704040205594],[-90.75942883203595,46.70617838768834],[-90.75952086055112,46.70507483756112],[-90.7614928791357,46.706704040205594]],[[-90.76465648774726,46.71005641469946],[-90.76296904932268,46.70966552719769],[-90.76465460689829,46.70934211281515],[-90.76465648774726,46.71005641469946]],[[-90.76471713552102,46.710963746038495],[-90.76491254814408,46.710124423037485],[-90.76616809032254,46.71009465022715],[-90.76471713552102,46.710963746038495]],[[-90.76921409594422,46.71155061429082],[-90.76980251340626,46.71173059093157],[-90.76950639683886,46.712212314638705],[-90.76921409594422,46.71155061429082]],[[-90.76821842972299,46.71021365134477],[-90.76934260406564,46.710782012838514],[-90.7685904224202,46.710766157549656],[-90.76821842972299,46.71021365134477]],[[-90.76641869787107,46.7092285360818],[-90.76668367089374,46.70879649169016],[-90.76646471375372,46.709937443072505],[-90.76641869787107,46.7092285360818]],[[-90.76267645071141,46.708976795671504],[-90.76309219409012,46.708507230606074],[-90.76323169720666,46.708777389255985],[-90.76267645071141,46.708976795671504]],[[-90.762022945004,46.708438983581196],[-90.761838855738,46.708371599853535],[-90.76260075258651,46.707838943455705],[-90.762022945004,46.708438983581196]],[[-90.7677817962712,46.71061702577521],[-90.76708352844283,46.71057643568727],[-90.76765519570336,46.710396846760354],[-90.7677817962712,46.71061702577521]],[[-90.76502144569207,46.711350371547894],[-90.76473462828473,46.711351146105635],[-90.76543516292625,46.71100171507087],[-90.76502144569207,46.711350371547894]],[[-90.76907629006459,46.71111567972485],[-90.76975459102812,46.711175223131534],[-90.76941725820008,46.711260726828314],[-90.76907629006459,46.71111567972485]]]}},{"type":"Feature","properties":{"OBJECTID":57,"AreaAcres":632941.17702866,"AreaSqKm":2561.42,"States":"OH, MI","HUC8":"04100001","Name":"Ottawa-Stony","ShapeSTArea":1810949284.2486975,"ShapeSTLength":389792.89979481295,"avgScore":53,"riskLevel":"moderate","facilityCount":16,"highRiskCount":5,"totalRsei":661196495410,"topChemicals":["Barium compounds (N040)","Sulfuric acid (acid aerosols) (7664-93-9)","Manganese compounds (N450)","Hydrochloric acid (acid aerosols) (7647-01-0)","Zinc compounds (N982)","Vanadium compounds (N770)"],"sensitivity":0.45},"geometry":{"type":"MultiPolygon","coordinates":[[[[-83.59477739550631,41.959003719952705],[-83.60963927621351,41.96571606674421],[-83.66571717449418,41.92585122865684],[-83.68035127727462,41.87136215358722],[-83.76628690028956,41.84890348177416],[-83.76760293938787,41.82720620063831],[-83.79405896854672,41.820284849125876],[-83.79018669075197,41.78929102704951],[-83.8200354475113,41.7698973765698],[-83.85671507106599,41.77330324586511],[-83.88857119186657,41.73687929317577],[-83.98700853086454,41.716440708752124],[-83.99805795058829,41.695699068534765],[-84.06644963269605,41.670236977579435],[-84.06933381097498,41.65423059910221],[-83.97561113921776,41.656800542743866],[-83.94018201922191,41.6843049842708],[-83.91451241437562,41.65465531043775],[-83.83784906878596,41.65768471919175],[-83.81068985550628,41.641212645146155],[-83.76245870204436,41.64430490444926],[-83.63750453673046,41.62175870211898],[-83.56233780540818,41.65600052924442],[-83.52134402443295,41.66011807631534],[-83.48152472489252,41.69395894413617],[-83.45945392886027,41.73738274502796],[-83.47654170605234,41.73963266138155],[-83.48014902030637,41.75610849792562],[-83.44466171814499,41.759139954646564],[-83.44779764543598,41.7761094946948],[-83.46439851913416,41.779356422045936],[-83.443629247121,41.791273095904614],[-83.43677019601161,41.816618172426494],[-83.41371883327052,41.825966679902464],[-83.37931612103914,41.8719566645594],[-83.33746460747746,41.890225965173954],[-83.4655863247625,41.93333867682433],[-83.59477739550631,41.959003719952705]]],[[[-83.65114315462576,42.24953276253933],[-83.69463708077603,42.23312837374556],[-83.68861787665344,42.19877663759408],[-83.70655359931077,42.171175752451774],[-83.67939632267966,42.17172479956579],[-83.7153965145109,42.1378591408068],[-83.70673202543104,42.12329712779271],[-83.7193689842296,42.1123402446527],[-83.64451347723077,42.063131544399354],[-83.60530533432663,42.067393635600574],[-83.61664711214047,42.04689148377219],[-83.60296605920735,41.99835986155448],[-83.51911564630065,41.99162158672904],[-83.4340414012811,41.9598179785138],[-83.37421302814522,41.93150356649793],[-83.35020323641962,41.89939609676596],[-83.33540370053743,41.901458983090805],[-83.33647209056687,41.930503392079814],[-83.2838278962207,41.94733317910776],[-83.26142761035365,41.942798089270596],[-83.25286095374193,41.973327881421305],[-83.23024083868597,41.9867125817299],[-83.23866202403555,41.9907956182025],[-83.20894095510036,41.9906251673821],[-83.1743825947969,42.01489594337155],[-83.25505650721402,42.06126758314751],[-83.2973420696912,42.05636971800315],[-83.34845878707787,42.071826552265364],[-83.36656185060819,42.11168924274242],[-83.42083417408469,42.15724993247618],[-83.52653916753005,42.17295650001644],[-83.61222907018677,42.21356266981262],[-83.62451907147977,42.24097130182193],[-83.65114315462576,42.24953276253933]]],[[[-83.19558378404724,42.042201909010984],[-83.20148293659975,42.06139011833558],[-83.20049138809097,42.04250163243104],[-83.19558378404724,42.042201909010984]]]]}},{"type":"Feature","properties":{"OBJECTID":58,"AreaAcres":543371,"AreaSqKm":2198.95,"States":"MI","HUC8":"04050007","Name":"Thornapple","ShapeSTArea":2197390843.4073796,"ShapeSTLength":423025.52552610385,"avgScore":47,"riskLevel":"moderate","facilityCount":8,"highRiskCount":5,"totalRsei":105207774280,"topChemicals":["Acetaldehyde (75-07-0)","n-Hexane (110-54-3)","Toluene (108-88-3)","Xylene (mixed isomers) (1330-20-7)","Benzene (71-43-2)","Cumene (98-82-8)"],"sensitivity":0.48},"geometry":{"type":"Polygon","coordinates":[[[-85.48246502206564,42.95578515593199],[-85.53245886479345,42.94714403230839],[-85.54250245621702,42.92857804768291],[-85.51888325050166,42.90696904040902],[-85.53432210569994,42.89833834657405],[-85.52218710664145,42.829198927072206],[-85.55571400278264,42.79905876516932],[-85.624494694109,42.79101762145642],[-85.56725978082609,42.75878393644501],[-85.57067354698692,42.744080484080904],[-85.54992752536907,42.710238933227],[-85.50165458736765,42.71629944572247],[-85.49519460618119,42.654600263315885],[-85.47338100474879,42.636692523856425],[-85.4662205199086,42.5641885699796],[-85.43459992797472,42.54388481503588],[-85.44819285525102,42.51910278182725],[-85.40102141213154,42.499781192083255],[-85.32004549193854,42.4994375118621],[-85.30253361757364,42.43702292538129],[-85.22588478750095,42.46033820527635],[-85.21834676565977,42.490615755035485],[-85.19508414552294,42.50003612101766],[-85.17977493263949,42.536653221317835],[-85.15026079750822,42.54827925622991],[-85.12579231597638,42.54928189623982],[-85.13427211885234,42.53674069158213],[-85.1083505065557,42.50450846609741],[-85.05156942389048,42.540983200854335],[-85.04283448216418,42.52659684541731],[-85.01448540948543,42.53314215115013],[-85.01318644639618,42.50279402852024],[-85.03622152547561,42.47879549957648],[-85.02576022505936,42.466715037405734],[-84.98157088920138,42.48206031523017],[-84.9545255218785,42.520420760803106],[-84.96478324339249,42.531720549743916],[-84.95132770320247,42.549464316841245],[-84.93629874990116,42.53367388325565],[-84.90526818303111,42.53524488208236],[-84.86825843836885,42.576152861696805],[-84.79171415332819,42.54616955036143],[-84.76947604807155,42.56742766681714],[-84.75391592667391,42.55036038286936],[-84.76577194653474,42.539497853576016],[-84.75090809733399,42.533326567945146],[-84.67487382132484,42.55694168983867],[-84.67437799885865,42.58177676957909],[-84.69009204922398,42.59979435914155],[-84.68140550696874,42.62411260665272],[-84.7074772346224,42.64221546159339],[-84.6763538338197,42.67552799142875],[-84.69702827195265,42.715617122151095],[-84.7437958649094,42.72232058777264],[-84.74850537467927,42.68773058173731],[-84.76129867796412,42.67710337136416],[-84.79464366288944,42.697084339106524],[-84.79993741889986,42.72138264971173],[-84.87073325284358,42.714562714604796],[-84.88313611570946,42.73445520001824],[-84.94880824561825,42.70669037245773],[-84.9859622632426,42.67633181822477],[-85.04001437872111,42.67939952181058],[-85.0451798355628,42.691203535162856],[-84.96584638264626,42.76853036950439],[-84.97437640309798,42.78245926054482],[-85.04121317687007,42.78798085532925],[-85.06418218396296,42.837894470608084],[-85.08708029264064,42.836658568549225],[-85.08402746095366,42.85278940348782],[-85.12892382597234,42.86662083900745],[-85.16639559697508,42.86096882858336],[-85.16879438662355,42.844753266076445],[-85.20836546313568,42.83237624263844],[-85.23565965173701,42.8495945633757],[-85.2173392399156,42.86669933806996],[-85.24603610493764,42.87913277831328],[-85.27764698221938,42.871927083127495],[-85.3000699802347,42.88953387803346],[-85.41303800807894,42.88100728390092],[-85.45359205540169,42.90448913075003],[-85.46073841363216,42.94162738337683],[-85.48246502206564,42.95578515593199]]]}},{"type":"Feature","properties":{"OBJECTID":59,"AreaAcres":652323,"AreaSqKm":2639.86,"States":"MI","HUC8":"04030109","Name":"Cedar-Ford","ShapeSTArea":2638310565.84617,"ShapeSTLength":563447.0417854346,"avgScore":42,"riskLevel":"high","facilityCount":3,"highRiskCount":2,"totalRsei":778568127887,"topChemicals":["Chromium (7440-47-3)","Cobalt (7440-48-4)","Nickel (7440-02-0)","Manganese (7439-96-5)","Lead (7439-92-1)"],"sensitivity":0.6},"geometry":{"type":"Polygon","coordinates":[[[-87.94498974329247,46.24402614970939],[-87.976868155701,46.2398476848509],[-88.001215251762,46.19926729376387],[-88.07902604497906,46.17943855567385],[-88.09172275918927,46.16457128012782],[-88.08436972078741,46.1339011732849],[-88.11011150630748,46.13558011772769],[-88.11244309270673,46.153580303008326],[-88.13337949111296,46.166762348554265],[-88.15589690511324,46.1602907430616],[-88.13582891170188,46.101968105075954],[-88.10193473227119,46.084672922981255],[-88.0342465656016,46.10664507337802],[-88.02609667295596,46.120173838205154],[-87.98663377949121,46.09986581975988],[-87.96746376397685,46.117215598828984],[-87.92778635253245,46.10579925348552],[-87.9031030534021,46.11191012995807],[-87.84733396884837,46.095520253200455],[-87.8617120713659,46.08778506036975],[-87.82932663143941,46.06295892143315],[-87.7484877420025,46.06802603115167],[-87.73540929215628,46.04592075457437],[-87.69433078336371,46.04752322584176],[-87.63315814970325,46.02541371715515],[-87.62108531726909,45.9756854732648],[-87.64430627550455,45.970179195223025],[-87.64878478778101,45.94374662167905],[-87.68615633383848,45.917506244675195],[-87.65425527300262,45.89113452656445],[-87.61556366262732,45.88737576800312],[-87.62584653670349,45.86312189258653],[-87.65038016569068,45.859735693655104],[-87.67321497351743,45.82258388031855],[-87.65668964391848,45.80415221549118],[-87.67418530778745,45.80638598938221],[-87.6801046738021,45.78318765438656],[-87.64277908257125,45.78304820871233],[-87.63446694811839,45.7517676319513],[-87.59066707011016,45.705778952252174],[-87.59325751658953,45.68071168199527],[-87.57109981812914,45.69116207591827],[-87.54961153912643,45.65311020319417],[-87.51760310033262,45.67034145876949],[-87.52761417716833,45.590254809880065],[-87.50342133593215,45.57117387281302],[-87.50540441193898,45.548198905059024],[-87.56513026303242,45.41250988336009],[-87.57920163836165,45.40315907817341],[-87.5561815500536,45.391355748724244],[-87.57172083715058,45.33968776151962],[-87.55943888445147,45.35161244488461],[-87.526473759833,45.34434127463284],[-87.51187881820125,45.33705970170679],[-87.51214677060372,45.321256515015804],[-87.57931971494554,45.27756207809963],[-87.61389213772253,45.19183963231972],[-87.65661868337737,45.15892597579296],[-87.64482602427607,45.12669378147385],[-87.59325504051432,45.095932062677356],[-87.61155030009327,45.12224217889242],[-87.58721622710888,45.16471391580151],[-87.53928980224738,45.19505175687238],[-87.44179135417218,45.29189055737601],[-87.39279466826788,45.36868956355871],[-87.32775932478698,45.42603045314399],[-87.3323073980986,45.44879492818094],[-87.25594928864956,45.56226175705407],[-87.19414109025288,45.64071899324794],[-87.13889458809675,45.675115433565374],[-87.12293830702536,45.70083108208446],[-87.13312274328526,45.72261961902324],[-87.15418696493428,45.710185554718976],[-87.18413072894678,45.72327786357532],[-87.17292738035532,45.761656580310664],[-87.21106928805997,45.78268116391093],[-87.17142334623314,45.831603016935105],[-87.18500504055064,45.836955216280046],[-87.19084853111582,45.86658003622532],[-87.2291717243879,45.888268377687226],[-87.24888119257385,45.92118247904722],[-87.2800377317359,45.93040334848837],[-87.30957961297793,45.91878404778465],[-87.31504264692107,45.94372287103021],[-87.34129580970989,45.962494369780316],[-87.39719978095071,45.96002766167904],[-87.39316937578928,45.973942723928545],[-87.36062425445391,45.9825689159773],[-87.3665194238527,45.990628030089354],[-87.42944589462942,45.99222245437488],[-87.48711210761205,46.022583361863475],[-87.46195054377691,46.04154348027472],[-87.47488442251814,46.058937515960466],[-87.49820903093098,46.056601670157974],[-87.48333433443493,46.071308936189716],[-87.49423471254471,46.08196806591931],[-87.57967400777754,46.08259722135759],[-87.61485645437699,46.14217012752332],[-87.64868036111302,46.16370051780078],[-87.68695923966058,46.1782460172294],[-87.76486531197976,46.16509717358],[-87.79895463834806,46.18569474961346],[-87.90826779843853,46.20617714097224],[-87.90776610675907,46.218750054718626],[-87.94498974329247,46.24402614970939]]]}},{"type":"Feature","properties":{"OBJECTID":60,"AreaAcres":377643,"AreaSqKm":1528.27,"States":"MI","HUC8":"04030112","Name":"Fishdam-Sturgeon","ShapeSTArea":1502183779.7231874,"ShapeSTLength":475511.863170638,"avgScore":70,"riskLevel":"moderate","facilityCount":0,"highRiskCount":0,"totalRsei":0,"topChemicals":[],"sensitivity":0.28},"geometry":{"type":"Polygon","coordinates":[[[-86.77120802106072,46.348901835806096],[-86.79027155332282,46.336968657249436],[-86.77619254989243,46.30769696531877],[-86.82630822477203,46.27970447886114],[-86.8223927643868,46.24754169229594],[-86.83496067309103,46.22548812341587],[-86.81394538455818,46.213674810800576],[-86.81335535795026,46.18177324281762],[-86.79676854891511,46.15941127903459],[-86.76804417764251,46.156773594966204],[-86.75974625539992,46.14176678337779],[-86.76401135551342,46.11295717679011],[-86.79813328570474,46.093316611200166],[-86.79178202350495,46.03913727093604],[-86.81579223473057,46.036433395991125],[-86.77695656059137,45.985728350028346],[-86.8295722615462,45.960293825658944],[-86.82762688584214,45.94765427459712],[-86.88991853724936,45.93401464449999],[-86.88332563798836,45.91507562662219],[-86.86784684938004,45.91091852971017],[-86.87319436718812,45.88693827128442],[-86.86224526253741,45.863020118838854],[-86.88363445039457,45.84208607357075],[-86.86909368744152,45.83555838195233],[-86.86753493559503,45.81057986346323],[-86.90151608160063,45.81183832518114],[-86.90699985767021,45.80582594465053],[-86.87842315532076,45.79169058457102],[-86.91228166295747,45.79247313469656],[-86.91977867697055,45.770985034112556],[-86.96643349630806,45.760283914244795],[-86.97533527089307,45.729148057930594],[-86.95297229341426,45.70641857046704],[-86.92051041208515,45.69664370702844],[-86.86690095301967,45.71023455093781],[-86.84466183342806,45.719180283661686],[-86.84238901939281,45.74219214651682],[-86.80323678344209,45.776527699650146],[-86.8091379716125,45.79138436642351],[-86.78415966162697,45.79452612622146],[-86.77516532207895,45.80791076720071],[-86.78821963104073,45.83558565045429],[-86.77773553359161,45.86324700406808],[-86.7511320131085,45.867332425234444],[-86.7199819409909,45.84110018382937],[-86.64824685656991,45.83303981783835],[-86.62476837788101,45.869692024898406],[-86.5799704212446,45.899093893993374],[-86.55534333154948,45.89780819128048],[-86.53468790830603,45.88520619112775],[-86.5274285385443,45.853125421132894],[-86.57805648643553,45.7985412462626],[-86.55888509863856,45.76946413307614],[-86.62612721408941,45.78334000454136],[-86.63415330721847,45.769279864978195],[-86.62017023776137,45.76190316539606],[-86.62483915714918,45.74641480781033],[-86.62767061837951,45.754029718079046],[-86.64732968995087,45.729448017851574],[-86.66347837658441,45.72809260844472],[-86.67653629305121,45.69179856418682],[-86.70938870473151,45.689276603991345],[-86.71856859361398,45.67620336727057],[-86.71035370336917,45.65197947419687],[-86.69508546747358,45.65468498727383],[-86.67841425612446,45.62810459535216],[-86.63141703831981,45.617512521299865],[-86.61480045321865,45.600297358716766],[-86.60668271844018,45.60297900247945],[-86.62707027843737,45.65768307228331],[-86.59174782113439,45.66537055237131],[-86.5812728127713,45.71137645618044],[-86.53472170300681,45.71021976850809],[-86.52247491661309,45.7317846390818],[-86.5380376881542,45.74183043642678],[-86.53211417844992,45.7474858438706],[-86.48574113993514,45.74862763136167],[-86.47886934954097,45.76244863645701],[-86.45464721507288,45.755215999767486],[-86.41742223646911,45.79355078705115],[-86.3680538853409,45.78659641522314],[-86.34635332372272,45.79707264741577],[-86.34907537892859,45.83300077664041],[-86.32653081644075,45.855592099159686],[-86.33483871974667,45.86926320004006],[-86.32382050450329,45.90774783280823],[-86.28469768393224,45.92696422082092],[-86.2797376248921,45.940919784601924],[-86.24764621449023,45.9492544515242],[-86.28620621660265,45.96833520907724],[-86.38492769100957,45.9150955065084],[-86.42907324575805,45.96111440373384],[-86.41318518208057,45.9794307326901],[-86.42005524360455,46.00325831665978],[-86.52761408944426,46.01098978260172],[-86.53835395103297,46.022230056303044],[-86.52343663752275,46.029553590611535],[-86.54682535210537,46.03378435752916],[-86.54016220958619,46.03826689575358],[-86.55934140292574,46.053705928810416],[-86.54291666062178,46.081627694855],[-86.579811276332,46.09812265392205],[-86.56822043940564,46.117245344168595],[-86.60610890635235,46.12492429968596],[-86.6036095657654,46.14111143071175],[-86.65817869027727,46.17150550866496],[-86.66423273391914,46.22173913966489],[-86.70690197037733,46.24708345242912],[-86.7025658821559,46.27057558120855],[-86.73447338053498,46.268705662255094],[-86.72657111637204,46.29117780726062],[-86.74449020977966,46.31873187143233],[-86.73304438949495,46.33947279949092],[-86.77120802106072,46.348901835806096]]]}},{"type":"Feature","properties":{"OBJECTID":61,"AreaAcres":832690,"AreaSqKm":3369.78,"States":"WI","HUC8":"04010302","Name":"Bad-Montreal","ShapeSTArea":3373749375.412571,"ShapeSTLength":484673.9918777738,"avgScore":67,"riskLevel":"low","facilityCount":1,"highRiskCount":0,"totalRsei":9200,"topChemicals":["Lead compounds (N420)"],"sensitivity":0.32},"geometry":{"type":"Polygon","coordinates":[[[-90.75796351143467,46.705079545687],[-90.68047362797886,46.655925056861626],[-90.69131651751337,46.61146654651083],[-90.77388963267539,46.56938769479741],[-90.80603414943987,46.53217949549763],[-90.88829037759244,46.51753502104731],[-90.95595952955068,46.486871113950336],[-90.97288501465081,46.48756437578799],[-90.97698891286399,46.50195311573148],[-91.04188844822814,46.503747213715236],[-91.11274004048944,46.46880545218639],[-91.15351203284239,46.467404564308524],[-91.17137446900573,46.44538729423791],[-91.18755310955008,46.44806905657722],[-91.18704036133288,46.471741159915574],[-91.27019885369039,46.48616560314288],[-91.3052561902715,46.52080931231125],[-91.33240494219874,46.50748296436604],[-91.35317245198458,46.54084115186179],[-91.38375482138282,46.54901193578224],[-91.40460702839745,46.49391995801113],[-91.4621838660277,46.46874703896352],[-91.43633931950359,46.44550772495894],[-91.41148993439303,46.44106589757924],[-91.38762584353671,46.40949895051952],[-91.3536875251105,46.40395854853205],[-91.33933896032279,46.376516302078365],[-91.33379721791502,46.38272034024366],[-91.29593414195521,46.347080339070985],[-91.27313617046973,46.3152650498475],[-91.31019935065282,46.30981715558367],[-91.31297397587021,46.28136603975241],[-91.28392812804462,46.233979602344924],[-91.17567873116221,46.2582383654202],[-91.13942769201323,46.241069098767916],[-91.10454359815985,46.283317049288776],[-91.0624185812133,46.30232184186079],[-91.01082947901641,46.286267748398856],[-91.01781752786817,46.281935830870395],[-90.9930614540746,46.26055352922217],[-90.97780505012187,46.2657440798721],[-90.97636777279371,46.22797470358938],[-90.95836135794383,46.21230160139756],[-90.92044129949872,46.2200451104841],[-90.87006819289553,46.19648422835999],[-90.72024390137416,46.204298695298334],[-90.69954246348327,46.19554626005084],[-90.70922440315846,46.17449851921601],[-90.68682697474648,46.165767004918834],[-90.50044393614101,46.24034096955647],[-90.46151459358926,46.234453222649826],[-90.42447221338095,46.26973911177732],[-90.30490723416561,46.22559904215835],[-90.28049147165339,46.2646928049637],[-90.2437625249584,46.249231061005034],[-90.20921826635968,46.265688500428894],[-90.21449601845535,46.25090431380151],[-90.17574182258879,46.23408951570077],[-90.13648536985463,46.23440750690146],[-90.10041412827873,46.25079482013635],[-90.08866110518532,46.28785511020889],[-90.10295677327102,46.3718072092199],[-90.09052232153226,46.390761515735555],[-90.10062056866325,46.41290324070747],[-90.12356221832823,46.42094569609611],[-90.11927548210431,46.436871849244724],[-90.13487622352521,46.44221859297148],[-90.1279631577693,46.4568490312842],[-90.08768627342441,46.464807233363445],[-90.11219579293366,46.4845729090921],[-90.08348474260303,46.51198743849951],[-90.13104400292748,46.519221953444344],[-90.12393817566213,46.53492831389716],[-90.09986651198311,46.540079376715525],[-90.099089058001,46.56654297569995],[-90.11140159134553,46.579798689615096],[-90.09737071711403,46.59890907161471],[-90.1385364854135,46.59943305668306],[-90.1361010700449,46.62178873171218],[-90.1772846607929,46.617100766667335],[-90.39301324007114,46.53879817687586],[-90.41200617280724,46.56473853400909],[-90.44367385134787,46.5631705132133],[-90.50357032044707,46.58899550747377],[-90.56559598719697,46.589893182877354],[-90.75796351143467,46.705079545687]]]}},{"type":"Feature","properties":{"OBJECTID":62,"AreaAcres":572178,"AreaSqKm":2315.52,"States":"MI","HUC8":"04070004","Name":"Cheboygan","ShapeSTArea":2314285091.6496654,"ShapeSTLength":350012.174801901,"avgScore":64,"riskLevel":"moderate","facilityCount":1,"highRiskCount":0,"totalRsei":9810,"topChemicals":["Copper (7440-50-8)"],"sensitivity":0.4},"geometry":{"type":"Polygon","coordinates":[[[-84.8671052478988,45.678877115613226],[-84.88713058884773,45.663349063734735],[-84.88253074982892,45.62030196290892],[-85.00605690633434,45.622921705226744],[-85.01695808948173,45.59845763503049],[-85.06871161023619,45.58169347046548],[-85.05337003086409,45.56543350349144],[-85.0592778057033,45.55115023329052],[-85.05129909555406,45.53733259417146],[-84.96513089580047,45.5075387654603],[-84.96256214434867,45.48604306640658],[-84.90134695284894,45.46743583771786],[-84.91131356442769,45.39142236135851],[-84.88146940001442,45.37519204806375],[-84.90138664946251,45.35612130243744],[-84.885798306399,45.32990503401843],[-84.81795948685806,45.29906323504902],[-84.80467280702436,45.27181711829494],[-84.76579606517636,45.27229184028453],[-84.75798743915807,45.23093849508599],[-84.78158143255337,45.22418466349391],[-84.79260587727171,45.20565694706027],[-84.7943135795083,45.15477651560118],[-84.82629063709653,45.15526384149195],[-84.83428105734166,45.12670019389425],[-84.80263772646079,45.10574701460357],[-84.72702440556101,45.106477320938104],[-84.72358894410804,45.074879141298204],[-84.6649989488815,45.04137453492013],[-84.66264656097688,45.024938465062185],[-84.60604193852534,45.02554768458686],[-84.5919676414297,44.99947017553474],[-84.54401525901098,44.98809167957732],[-84.50672838024806,44.96264943717693],[-84.4721466003804,44.996681273369134],[-84.49373513451667,45.019423575313695],[-84.49897977623561,45.048907222055504],[-84.47180309840151,45.063989640677654],[-84.48828375303754,45.099496635060724],[-84.45885831202867,45.12460836910571],[-84.44631630150451,45.16029936287872],[-84.43248269004859,45.14789521833312],[-84.40324237953803,45.15533518946677],[-84.37862408268099,45.212131143838924],[-84.43957626886863,45.27495980454751],[-84.4220630532107,45.290484847165],[-84.42056167181946,45.31419694698716],[-84.44812932642748,45.36340665917563],[-84.4312419909026,45.401801527382446],[-84.46678197517282,45.450649621148656],[-84.45063242430122,45.48871672325183],[-84.4089815331624,45.48525405054654],[-84.40054807253598,45.51078802524438],[-84.44269466614006,45.547704430316074],[-84.46176323527168,45.60158804200858],[-84.44330218651479,45.60913309554857],[-84.46363565392225,45.62258881524726],[-84.47357911152469,45.652400405706516],[-84.4929167941608,45.63788488622456],[-84.49291864224554,45.619581164194535],[-84.57363212329281,45.61353454100309],[-84.57758662264081,45.598307610054356],[-84.60812664208557,45.588037611450076],[-84.64036771932558,45.596737505342055],[-84.64073303491723,45.621390134941194],[-84.69534743015505,45.64595779857962],[-84.8671052478988,45.678877115613226]]]}},{"type":"Feature","properties":{"OBJECTID":63,"AreaAcres":581022,"AreaSqKm":2351.31,"States":"MI","HUC8":"04080205","Name":"Cass","ShapeSTArea":2350452993.819194,"ShapeSTLength":413704.8721513587,"avgScore":40,"riskLevel":"high","facilityCount":9,"highRiskCount":6,"totalRsei":53854764849,"topChemicals":["Diisocyanates (N120)","N-Methyl-2-pyrrolidone (872-50-4)","Nitrate compounds (water dissociable) (N511)","Nitric acid (7697-37-2)","Peracetic acid (79-21-0)","Styrene (100-42-5)"],"sensitivity":0.6},"geometry":{"type":"Polygon","coordinates":[[[-82.91260638517616,43.75127569382166],[-82.99782055227493,43.68360507780824],[-83.10666706639675,43.674851450984754],[-83.1572958188476,43.64833355329686],[-83.23571669574683,43.656695100638565],[-83.23618292336845,43.62036028912931],[-83.28004002153315,43.59643584749553],[-83.28250291531631,43.58074698270761],[-83.30428343742302,43.56918716812782],[-83.32608192708621,43.5752476775403],[-83.33241000268272,43.55225423408992],[-83.4144184537183,43.49023300810557],[-83.56025665436394,43.43891981605059],[-83.59258183283008,43.37594104059525],[-83.61472883310134,43.37303406273131],[-83.661294752853,43.33648118620416],[-83.66404249749009,43.35088175859816],[-83.77277850598306,43.35028198635926],[-83.86235182949777,43.37576800888084],[-83.9087645359199,43.36802485781728],[-83.98006492271969,43.37673843224313],[-83.95460724319146,43.34286582705843],[-83.89617722637351,43.3294671508271],[-83.8895544354588,43.31575435622656],[-83.83609884390602,43.32019773446006],[-83.76304581168542,43.271773191473635],[-83.74585320954507,43.28424129233015],[-83.70544885896057,43.271455111580224],[-83.68509265296315,43.24533629718227],[-83.68079834485134,43.21573773269871],[-83.69183319138344,43.19844627672781],[-83.67821952024426,43.20535347162429],[-83.64665695433023,43.180080864145715],[-83.55088757925273,43.19597184964165],[-83.52549313893509,43.215658936170456],[-83.46895351490988,43.22530630652672],[-83.43512829623754,43.24528840586815],[-83.42096566604334,43.29643166500997],[-83.36989211463778,43.32888037329211],[-83.29774146784855,43.33692756557803],[-83.26233297122427,43.35519919112144],[-83.19129117706112,43.34733301672625],[-83.17239406093834,43.33269200189366],[-83.09483894215707,43.318267498534205],[-83.11181604190041,43.27710262426049],[-83.06904398838056,43.21644571891324],[-83.08807259203363,43.20717722616027],[-83.02539982846811,43.171935085388455],[-83.02791472828895,43.24407670318579],[-83.00682514264433,43.252331171741474],[-82.99738135298435,43.280869756440254],[-82.96637293169323,43.27504301457264],[-82.90910902198445,43.30512959196241],[-82.86963048035797,43.43501502787893],[-82.87219500105363,43.4874697675811],[-82.84506859915734,43.494619820376464],[-82.88390027991599,43.56629550971115],[-82.88411905919402,43.60222989742928],[-82.84553140013739,43.61584866436838],[-82.84990769126806,43.632442806453334],[-82.82254054728112,43.638300005468075],[-82.8407787945164,43.661275451081984],[-82.8182790238608,43.686336520941545],[-82.8462717197231,43.7210859403943],[-82.91260638517616,43.75127569382166]]]}},{"type":"Feature","properties":{"OBJECTID":64,"AreaAcres":672724,"AreaSqKm":2722.42,"States":"MI","HUC8":"04080103","Name":"Pigeon-Wiscoggin","ShapeSTArea":2333041182.1881795,"ShapeSTLength":499361.10623161995,"avgScore":52,"riskLevel":"moderate","facilityCount":6,"highRiskCount":3,"totalRsei":3679356740,"topChemicals":["Manganese compounds (N450)","Chromium (7440-47-3)","Nickel (7440-02-0)","Furan (110-00-9)","Ammonia (7664-41-7)","Lead compounds (N420)"],"sensitivity":0.32},"geometry":{"type":"Polygon","coordinates":[[[-82.92075976426372,44.07064816834454],[-83.02309304151224,44.04528230855823],[-83.07194715412338,44.001952325374674],[-83.11322658903617,44.004297946540554],[-83.1456885606127,43.988978091167795],[-83.25901230729549,43.97541508461473],[-83.28645971100494,43.93443033428385],[-83.3190734047609,43.91727412173749],[-83.39497419800448,43.9158168173019],[-83.40220519468096,43.91170558623867],[-83.35312950279081,43.908468786393655],[-83.32293766400613,43.891299192152694],[-83.35514342422078,43.85830560643443],[-83.38676628147513,43.849880460036076],[-83.39567175078909,43.8182733092254],[-83.40724840346994,43.81436634363324],[-83.39898404068194,43.81285897232615],[-83.4100877005711,43.81316376024808],[-83.40295636146904,43.80608341397336],[-83.42536669556863,43.79904932148374],[-83.41282686177509,43.798147234182316],[-83.4281321114617,43.79570570960104],[-83.49236932044512,43.70019361758006],[-83.51745551339368,43.69760340688621],[-83.51752602623748,43.71221775146083],[-83.53449505188674,43.72240356064736],[-83.52546861342219,43.71631312595292],[-83.55441632360042,43.70082262457518],[-83.55721947147134,43.6807804146396],[-83.56262501549651,43.687592211853286],[-83.6347221995171,43.615381661131906],[-83.6826862644995,43.585862997512805],[-83.7424927017138,43.62474167625754],[-83.84071310963732,43.64143842754284],[-83.8238370068885,43.64422953474915],[-83.84125851981577,43.65435090997429],[-83.83718859624032,43.60872593804178],[-83.84674146399992,43.58002597308527],[-83.85841035280123,43.58005491144182],[-83.76377227332375,43.46953243323935],[-83.71843733883402,43.464993241177126],[-83.74312009843118,43.44333032017081],[-83.7372741636353,43.43605965710453],[-83.70380690290366,43.44088814014048],[-83.71195128065634,43.42302114094588],[-83.69797163631699,43.421622995064105],[-83.66185545339631,43.439507755015065],[-83.64034526856314,43.421324703563215],[-83.59312635098836,43.42242911807588],[-83.41682251768233,43.48782354876939],[-83.33466180633542,43.55182683852383],[-83.32535007165599,43.574314776209874],[-83.29572256945126,43.57139465537943],[-83.27955877354513,43.59650570652849],[-83.2356912452784,43.621113841333624],[-83.23293089416227,43.65708485582467],[-83.15547904013117,43.64858296925007],[-83.11174398298715,43.67248115346777],[-82.9983990155438,43.683499340408936],[-82.95155411511496,43.71742678149666],[-82.92015435921422,43.774543677566115],[-82.9392621486584,43.814689402251126],[-82.96191820216853,43.82596832863169],[-82.96237498131144,43.83865598166427],[-82.9798463247959,43.838206117280414],[-82.93525990540681,43.85033318775205],[-82.90333047183154,43.87702781310622],[-82.91315948626962,43.904541735407996],[-82.89166864311582,43.93362293098883],[-82.86680388144093,43.9302984821634],[-82.8567079270238,44.01578194335324],[-82.83297952793407,44.036685918520604],[-82.92075976426372,44.07064816834454]]]}}]}