TRI Facility Name,TRI Facility ID,Year,Census Tract,3-Mile Population,Under Age 5 Percentile,Over Age 64 Percentile,Unemployment Rate Percentile,Limited English Speaking Percentile,Less Than High School Education Percentile,ZIP Code,Street Address,City,County,Latitude,Longitude,Chemical,Industry Sector,NAICS Code,Parent Company,Releases (lb),Air Releases (lb),Water Releases (lb),Land Releases (lb),Off-Site Releases (lb),Waste Managed (lb),RSEI Hazard,Number of Source Reduction Activities
WAYNE DISPOSAL INC,48111WYNDS49350,2024,26163986501,"28,882",0,0,0,0,0,48111,49350 N I-94 SERVICE DR,"BELLEVILLE, MI","WAYNE, MI",42.21950635,-83.52417321,Asbestos (friable) (1332-21-4),562 Hazardous Waste,562211 Hazardous Waste Treatment and Disposal,REPUBLIC SERVICES INC,"10,117,792.94",10.94,0.00,"10,117,782.00",0.00,"10,117,792.94","1,859,800,000",0
DTE ELECTRIC CO - MONROE POWER PLANT,48161DTRTD3500E,2024,26115831800,"5,963",0,0,0,0,0,48161,3500 E FRONT ST,"MONROE, MI","MONROE, MI",41.89241917,-83.35195721,Barium compounds (N040),2211 Electric Utilities,221112 Fossil Fuel Electric Power Generation,DTE ENERGY CO,"3,407,400.00","2,000.00","5,400.00",0.00,"3,400,000.00","3,407,400.00","23,814,027,000",0
CLEVELAND-CLIFFS STEEL CORP DEARBORN WORKS,48121RGSTL3001M,2024,26163985700,"119,381",0,0,0,0,0,48120,4001 MILLER RD,"DEARBORN, MI","WAYNE, MI",42.31635335,-83.1621121,Manganese compounds (N450),331 Primary Metals,331110 Iron and Steel Mills and Ferroalloy Manufacturing,CLEVELAND-CLIFFS INC,"3,366,241.04","1,367.00","4,123.40",0.00,"3,360,750.64","4,484,136.73","40,345,440,956",0
CLEVELAND-CLIFFS STEEL CORP DEARBORN WORKS,48121RGSTL3001M,2024,26163985700,"119,381",0,0,0,0,0,48120,4001 MILLER RD,"DEARBORN, MI","WAYNE, MI",42.31635335,-83.1621121,Zinc compounds (N982),331 Primary Metals,331110 Iron and Steel Mills and Ferroalloy Manufacturing,CLEVELAND-CLIFFS INC,"3,347,879.42","6,391.00",319.68,0.00,"3,341,168.74","3,905,735.64","334,757,029",0
EAGLE MINE LLC-HUMBOLDT MILL,4981WGLMNL4547C,2024,26103002300,417,12,90,25,0,20,49814,4547 COUNTY RD 601,"CHAMPION, MI","MARQUETTE, MI",46.48639054,-87.90779508,Nickel compounds (N495),2122 Metal Mining,"212230 Copper, Nickel, Lead, and Zinc Mining",EAGLE MINE LLC,"3,270,640.00",18.00,22.00,"3,270,020.00",580.00,"3,270,640.00","853,713,822",0
JBS PLAINWELL,49080MRCNC11ELE,2024,26005032100,"9,792",84,71,0,0,20,49080,11 11TH ST,"PLAINWELL, MI","ALLEGAN, MI",42.42106805,-85.64985654,Nitrate compounds (water dissociable) (N511),311 Food,311611 Animal (except Poultry) Slaughtering,JBS USA FOOD CO,"2,445,247.00",0.00,"2,445,247.00",0.00,0.00,"2,716,280.00","1,540,506",0
J H CAMPBELL GENERATING PLANT,49460JHCMP17000,2024,26139022002,"2,772",34,62,82,0,47,49460,17000 CROSWELL ST,"WEST OLIVE, MI","OTTAWA, MI",42.92085153,-86.20634501,Barium compounds (N040),2211 Electric Utilities,221112 Fossil Fuel Electric Power Generation,CMS ENERGY,"1,842,015.00",376.00,"1,990.00","1,839,649.00",0.00,"1,842,015.00","11,840,195",0
ALLOY RESOURCE CORP,4944WLLYRS2281P,2024,26121000402,-,32,25,94,0,82,49442,2281 PORT CITY BLVD,"MUSKEGON, MI","MUSKEGON, MI",43.21468341,-86.19592015,Aluminum (fume or dust) (7429-90-5),331 Primary Metals,331314 Secondary Smelting and Alloying of Aluminum,PACE INDUSTRIES LLC,"1,632,708.00",0.00,0.00,0.00,"1,632,708.00","1,632,708.00","1,142,895,600",1
WAYNE DISPOSAL INC,48111WYNDS49350,2024,26163986501,"28,882",0,0,0,0,0,48111,49350 N I-94 SERVICE DR,"BELLEVILLE, MI","WAYNE, MI",42.21950635,-83.52417321,Lead compounds (N420),562 Hazardous Waste,562211 Hazardous Waste Treatment and Disposal,REPUBLIC SERVICES INC,"1,285,700.90",3.90,0.00,"1,285,697.00",0.00,"1,285,700.90","23,142,635,700",0
ERVIN INDUSTRIES INC,49221RVNMS915TA,2024,26091061600,"26,623",28,37,99,74,85,49221,915 TABOR ST,"ADRIAN, MI","LENAWEE, MI",41.88584824,-84.02675969,Manganese (7439-96-5),327 Nonmetallic Mineral Product,327910 Abrasive Product Manufacturing,ERVIN INDUSTRIES INC,"916,706.00",750.00,0.00,0.00,"915,956.00","916,706.00","11,000,472,000",0
DTE ELECTRIC CO - MONROE POWER PLANT,48161DTRTD3500E,2024,26115831800,"5,963",0,0,0,0,0,48161,3500 E FRONT ST,"MONROE, MI","MONROE, MI",41.89241917,-83.35195721,Sulfuric acid (acid aerosols) (7664-93-9),2211 Electric Utilities,221112 Fossil Fuel Electric Power Generation,DTE ENERGY CO,"820,000.00","820,000.00",0.00,0.00,0.00,"5,820,000.00","2,870,000,000",0
EAGLE MINE LLC-HUMBOLDT MILL,4981WGLMNL4547C,2024,26103002300,417,12,90,25,0,20,49814,4547 COUNTY RD 601,"CHAMPION, MI","MARQUETTE, MI",46.48639054,-87.90779508,Copper compounds (N100),2122 Metal Mining,"212230 Copper, Nickel, Lead, and Zinc Mining",EAGLE MINE LLC,"729,150.10",13.90,3.20,"729,011.00",122.00,"729,150.10","1,093,725,150",0
WAYNE DISPOSAL INC,48111WYNDS49350,2024,26163986501,"28,882",0,0,0,0,0,48111,49350 N I-94 SERVICE DR,"BELLEVILLE, MI","WAYNE, MI",42.21950635,-83.52417321,Beryllium compounds (N050),562 Hazardous Waste,562211 Hazardous Waste Treatment and Disposal,REPUBLIC SERVICES INC,"692,939.77",0.77,0.00,"692,939.00",0.00,"692,939.77","353,074,300",0
US ECOLOGY MICHIGAN INC.,48211DYNCL6520G,2024,26163505800,"127,120",51,65,99,76,88,48211,6520 GEORGIA ST,"DETROIT, MI","WAYNE, MI",42.39346348,-83.03317638,Zinc compounds (N982),562 Hazardous Waste,562211 Hazardous Waste Treatment and Disposal,REPUBLIC SERVICES INC,"687,757.47",500.00,0.00,0.00,"687,257.47","687,757.47","68,774,444",0
INTERTAPE POLYMER GROUP,48040MRCNT317KE,2024,26147637300,"12,121",35,36,42,83,58,48040,317 KENDALL AVE,"MARYSVILLE, MI","ST. CLAIR, MI",42.88498842,-82.48264865,Toluene (108-88-3),322 Paper,322220 Paper Bag and Coated Treated Paper Manufacturing,INTERTAPE POLYMER GROUP,"637,340.00","637,340.00",0.00,0.00,0.00,"8,583,552.00","446,138",0
DTE ELECTRIC CO-BELLE RIVER POWER PLANT,48054DTRTD4505K,2024,26147641000,"5,092",31,81,78,0,49,48054,4505 KING RD,"CHINA TOWNSHIP, MI","ST. CLAIR, MI",42.77569325,-82.51235737,Barium compounds (N040),2211 Electric Utilities,221112 Fossil Fuel Electric Power Generation,DTE ENERGY CO,"631,790.00",690.00,"1,100.00","630,000.00",0.00,"631,800.00","7,985,500",0
WAYNE DISPOSAL INC,48111WYNDS49350,2024,26163986501,"28,882",0,0,0,0,0,48111,49350 N I-94 SERVICE DR,"BELLEVILLE, MI","WAYNE, MI",42.21950635,-83.52417321,Polychlorinated biphenyls (PCBs) (1336-36-3),562 Hazardous Waste,562211 Hazardous Waste Treatment and Disposal,REPUBLIC SERVICES INC,"583,811.63",0.63,0.00,"583,811.00",0.00,"583,811.63","1,167,622,226,800",0
HB FULLER CO,49504HBFLL2727K,2024,26081011601,"22,168",37,37,34,0,19,49534,2727 KINNEY AVE NW,"GRAND RAPIDS, MI","KENT, MI",43.0145176,-85.76817297,Diisocyanates (N120),325 Chemicals,325520 Adhesive Manufacturing,HB FULLER CO,"541,480.00",0.00,0.00,0.00,"541,480.00","541,480.00","189,518,000,112",0
KOPPERS PERFORMANCE CHEMICALS,49934PNNSL1700D,2024,26061000400,"2,869",42,77,64,0,32,49934,52430 DUNCAN AVE,"HUBBELL, MI","HOUGHTON, MI",47.17604982,-88.4248479,Ammonia (7664-41-7),325 Chemicals,325180 Other Basic Inorganic Chemical Manufacturing,KOPPERS INC,"523,423.00","523,423.00",0.00,0.00,0.00,"523,423.00","3,663,961",0
WAYNE DISPOSAL INC,48111WYNDS49350,2024,26163986501,"28,882",0,0,0,0,0,48111,49350 N I-94 SERVICE DR,"BELLEVILLE, MI","WAYNE, MI",42.21950635,-83.52417321,Copper compounds (N100),562 Hazardous Waste,562211 Hazardous Waste Treatment and Disposal,REPUBLIC SERVICES INC,"498,407.33",1.96,0.00,"498,399.00",6.37,"498,407.33","747,610,995",0
REAL ALLOY RECYCLING LLC,49036MCRCY267NO,2024,26023951600,"12,956",83,35,63,66,40,49036,267 N FILLMORE RD,"COLDWATER, MI","BRANCH, MI",41.92249326,-85.02338943,Aluminum (fume or dust) (7429-90-5),331 Primary Metals,331314 Secondary Smelting and Alloying of Aluminum,REAL ALLOY HOLDING LLC,"480,383.00","42,558.00",0.00,0.00,"437,825.00","480,383.00","336,268,100",0
WAYNE DISPOSAL INC,48111WYNDS49350,2024,26163986501,"28,882",0,0,0,0,0,48111,49350 N I-94 SERVICE DR,"BELLEVILLE, MI","WAYNE, MI",42.21950635,-83.52417321,Chromium compounds (N090),562 Hazardous Waste,562211 Hazardous Waste Treatment and Disposal,REPUBLIC SERVICES INC,"453,264.75",2.21,0.00,"453,262.00",0.54,"453,264.75","23,279,241,902",0
BREMBO HOMER FOUNDRY,4924WBRMBH62593,2024,26075006403,"1,014",62,76,71,0,70,49245,6259 30 MILE ROAD,"HOMER, MI","CALHOUN, MI",42.10786532,-84.71024022,Manganese compounds (N450),331 Primary Metals,331511 Iron Foundries,BREMBO NORTH AMERICA INC,"376,459.00",201.00,0.00,0.00,"376,258.00","379,085.00","4,517,508,000",0
GM TRUCK GROUP FLINT ASSEMBLY PLANT,48551GMCTRG3100,2024,26049980000,"51,226",0,0,0,0,0,48551,G-3100 VAN SLYKE RD,"FLINT, MI","GENESEE, MI",42.96697513,-83.71257194,Certain glycol ethers (N230),336 Transportation Equipment,336110 Automobile and Light Duty Motor Vehicle Manufacturing,GENERAL MOTORS LLC,"350,210.00","350,000.00",0.00,0.00,210.00,"412,590.00","63,042,000",0
M. ARGUESO & CO. INC. (D.B.A PARAMELT),49441MRGSC2817M,2024,26121002300,"39,737",73,53,60,0,62,49441,2817 MCCRACKEN ST,"MUSKEGON, MI","MUSKEGON, MI",43.20147771,-86.29328773,"4,4'-Isopropylidenediphenol (80-05-7)",325 Chemicals,325998 All Other Miscellaneous Chemical Product and Preparation Manufacturing,PARAMELT USA,"345,769.97",12.97,0.00,"345,757.00",0.00,"345,769.97","6,915,399",0
WAYNE DISPOSAL INC,48111WYNDS49350,2024,26163986501,"28,882",0,0,0,0,0,48111,49350 N I-94 SERVICE DR,"BELLEVILLE, MI","WAYNE, MI",42.21950635,-83.52417321,Nickel compounds (N495),562 Hazardous Waste,562211 Hazardous Waste Treatment and Disposal,REPUBLIC SERVICES INC,"335,311.95",2.15,0.00,"335,264.00",45.80,"335,311.95","32,512,692",0
CORTEVA AGRISCIENCE LLC - HARBOR BEACH OPERATIONS,48441THNTR30BUE,2024,26063951200,"2,619",27,90,43,0,80,48441,305 N HURON AVE,"HARBOR BEACH, MI","HURON, MI",43.84729735,-82.65196338,Formic acid (64-18-6),325 Chemicals,325320 Pesticide and Other Agricultural Chemical Manufacturing,CORTEVA INC,"323,085.08",949.00,0.00,0.00,"322,136.08","542,894.00","161,543",0
WAYNE DISPOSAL INC,48111WYNDS49350,2024,26163986501,"28,882",0,0,0,0,0,48111,49350 N I-94 SERVICE DR,"BELLEVILLE, MI","WAYNE, MI",42.21950635,-83.52417321,Manganese compounds (N450),562 Hazardous Waste,562211 Hazardous Waste Treatment and Disposal,REPUBLIC SERVICES INC,"320,896.15",2.15,0.00,"320,894.00",0.00,"320,896.15","2,304,147",0
BILLERUD ESCANABA LLC,49829MDPBLCOUNT,2024,26041970400,"5,730",46,91,58,0,34,49829,7100 COUNTY RD 426,"ESCANABA, MI","DELTA, MI",45.8032763,-87.09536725,Methanol (67-56-1),322 Paper,322120 Paper Mills,BILLERUD AMERICAS CORP,"319,663.00","318,765.00",0.00,898.00,0.00,"7,786,579.00","58,276",0
WAYNE DISPOSAL INC,48111WYNDS49350,2024,26163986501,"28,882",0,0,0,0,0,48111,49350 N I-94 SERVICE DR,"BELLEVILLE, MI","WAYNE, MI",42.21950635,-83.52417321,Zinc compounds (N982),562 Hazardous Waste,562211 Hazardous Waste Treatment and Disposal,REPUBLIC SERVICES INC,"267,135.77",2.13,0.00,"267,093.00",40.64,"267,135.77","881,754",0
EAGLE MINE LLC-HUMBOLDT MILL,4981WGLMNL4547C,2024,26103002300,417,12,90,25,0,20,49814,4547 COUNTY RD 601,"CHAMPION, MI","MARQUETTE, MI",46.48639054,-87.90779508,Cobalt compounds (N096),2122 Metal Mining,"212230 Copper, Nickel, Lead, and Zinc Mining",EAGLE MINE LLC,"266,031.73",0.53,18.00,"266,005.00",8.20,"266,031.73","244,440,000",0
PACKAGING CORP OF AMERICA,49634PCKGN2245U,2024,26101000700,"8,480",42,83,67,0,64,49634,2246 UDELL ST,"FILER CITY, MI","MANISTEE, MI",44.247547,-86.318539,Zinc compounds (N982),322 Paper,322120 Paper Mills,PACKAGING CORP OF AMERICA,"259,829.00",415.00,0.00,0.00,"259,414.00","259,829.00","25,982,900",0
WAYNE DISPOSAL INC,48111WYNDS49350,2024,26163986501,"28,882",0,0,0,0,0,48111,49350 N I-94 SERVICE DR,"BELLEVILLE, MI","WAYNE, MI",42.21950635,-83.52417321,Barium compounds (N040),562 Hazardous Waste,562211 Hazardous Waste Treatment and Disposal,REPUBLIC SERVICES INC,"255,669.75",1.75,0.00,"255,668.00",0.00,"255,669.75","1,290,590",0
MICHIGAN SUGAR CO - BAY CITY FACTORY,48707MNTRS2600S,2024,26017281000,"43,799",0,23,97,0,75,48706,2600 S EUCLID AVE BAY CITY FACTORY,"BAY CITY, MI","BAY, MI",43.57657935,-83.91595145,Ammonia (7664-41-7),311 Food,311313 Beet Sugar Manufacturing,MICHIGAN SUGAR CO,"253,900.00","16,000.00","39,400.00","198,500.00",0.00,"284,400.00","112,000",0
CORTEVA AGRISCIENCE LLC - MIDLAND,4867WDWGRS71WAS,2024,26111290600,"30,090",74,14,85,0,68,48640,701 WASHINGTON ST,"MIDLAND, MI","MIDLAND, MI",43.60532757,-84.21757491,Manganese compounds (N450),325 Chemicals,325320 Pesticide and Other Agricultural Chemical Manufacturing,CORTEVA INC,"240,955.00",0.00,0.00,0.00,"240,955.00","240,955.00","2,891,460,000",0
FCA US WARREN TRUCK ASSEMBLY PLANT,48091WRRNT21500,2024,26099982200,"130,932",0,0,0,0,93,48091,21500 MOUND RD,"WARREN, MI","MACOMB, MI",42.45531342,-83.04419136,Xylene (mixed isomers) (1330-20-7),336 Transportation Equipment,336110 Automobile and Light Duty Motor Vehicle Manufacturing,FCA US LLC,"226,417.71","226,417.71",0.00,0.00,0.00,"356,476.21","7,924,620",0
PACKAGING CORP OF AMERICA,49634PCKGN2245U,2024,26101000700,"8,480",42,83,67,0,64,49634,2246 UDELL ST,"FILER CITY, MI","MANISTEE, MI",44.247547,-86.318539,Methanol (67-56-1),322 Paper,322120 Paper Mills,PACKAGING CORP OF AMERICA,"224,267.20","223,210.60",997.90,0.00,58.70,"1,187,280.10","41,235",0
LG ENERGY SOLUTION MICHIGAN INC.,4942WLGCHM1LGWA,2024,26005032401,"25,102",81,35,51,73,72,49423,1 LG WAY,"HOLLAND, MI","ALLEGAN, MI",42.75548554,-86.06953225,Nickel compounds (N495),335 Electrical Equipment,335910 Battery Manufacturing,LG ENERGY SOLUTION MICHIGAN INC,"220,183.22",0.22,0.00,0.00,"220,183.00","220,183.22","204,770,394,600",0
ZFS ITHACA LLC,4884WZFSTH1266E,2024,26057000900,"3,619",54,48,35,0,38,48847,1266 E WASHINGTON RD,"ITHACA, MI","GRATIOT, MI",43.29159905,-84.5770181,n-Hexane (110-54-3),311 Food,311224 Soybean and Other Oilseed Processing,NA,"207,648.74","207,641.00",0.00,0.00,7.74,"1,210,500,829.48","1,038,337",0
CENTURY SUN METAL TREATING,49684CNTRY2411A,2024,26055551100,"20,856",19,56,37,66,59,49686,2411 W AERO PARK CT,"TRAVERSE CITY, MI","GRAND TRAVERSE, MI",44.74493244,-85.57460013,Barium compounds (N040),332 Fabricated Metals,332811 Metal Heat Treating,CENTURY LLC,"197,340.37","1,372.80",0.00,0.00,"195,967.57","197,340.37","1,381,381,401",0
CLEVELAND-CLIFFS STEEL CORP DEARBORN WORKS,48121RGSTL3001M,2024,26163985700,"119,381",0,0,0,0,0,48120,4001 MILLER RD,"DEARBORN, MI","WAYNE, MI",42.31635335,-83.1621121,Chromium compounds (N090),331 Primary Metals,331110 Iron and Steel Mills and Ferroalloy Manufacturing,CLEVELAND-CLIFFS INC,"190,821.70",231.00,120.00,0.00,"190,470.70","192,728.32","366,148,236,000",0
WAYNE DISPOSAL INC,48111WYNDS49350,2024,26163986501,"28,882",0,0,0,0,0,48111,49350 N I-94 SERVICE DR,"BELLEVILLE, MI","WAYNE, MI",42.21950635,-83.52417321,Cadmium compounds (N078),562 Hazardous Waste,562211 Hazardous Waste Treatment and Disposal,REPUBLIC SERVICES INC,"188,934.49",1.49,0.00,"188,933.00",0.00,"188,934.49","387,402,000",0
EES COKE BATTERY LLC,48218SCKBT14ZUG,2024,26163985600,"69,556",0,0,0,0,0,48218,1400 ZUG ISLAND,"RIVER ROUGE, MI","WAYNE, MI",42.28876642,-83.11282517,Sulfuric acid (acid aerosols) (7664-93-9),324 Petroleum Products,324199 All Other Petroleum and Coal Products Manufacturing,DTE ENERGY CO,"180,000.00","180,000.00",0.00,0.00,0.00,"180,000.00","630,000,000",0
FORD MOTOR CO DEARBORN TRUCK PLANT,48121FRDM23001M,2024,26163985700,"123,088",0,0,0,0,0,48120,3001 MILLER RD,"DEARBORN, MI","WAYNE, MI",42.30886967,-83.15678743,Certain glycol ethers (N230),336 Transportation Equipment,336110 Automobile and Light Duty Motor Vehicle Manufacturing,FORD MOTOR CO,"171,200.00","171,000.00",0.00,0.00,200.00,"238,190.00","30,820,000",0
HURON CASTING INC,48755HRNCSPOBOX,2024,26063950700,"1,632",80,78,29,0,38,48755,7050 HARTLEY ST,"PIGEON, MI","HURON, MI",43.82661291,-83.26230233,Manganese compounds (N450),331 Primary Metals,331513 Steel Foundries (except Investment),HURON CASTING INC,"164,916.50",104.50,0.00,0.00,"164,812.00","164,916.50","1,978,998,000",0
AJAX METAL PROCESSING INC,48207JXMTL4651B,2024,26163519200,"102,022",77,10,97,0,44,48207,4651 BELLEVUE AVE,"DETROIT, MI","WAYNE, MI",42.36922867,-83.02213289,Zinc compounds (N982),332 Fabricated Metals,"332813 Electroplating, Plating, Polishing, Anodizing, and Coloring",AJAX METAL PROCESSING INC,"163,137.56",0.00,0.00,0.00,"163,137.56","163,137.56","16,258,389",0
BILLERUD QUINNESEC,49876CHMPNUSHIG,2024,26043950300,"5,480",46,23,42,0,18,49876,W 6791 US HWY 2,"QUINNESEC, MI","DICKINSON, MI",45.80204895,-87.95895733,Manganese compounds (N450),322 Paper,322110 Pulp Mills,BILLERUD AMERICAS CORP,"162,152.00",165.30,"40,488.40","121,498.30",0.00,"162,152.00","3,133,706",0
EES COKE BATTERY LLC,48218SCKBT14ZUG,2024,26163985600,"69,556",0,0,0,0,0,48218,1400 ZUG ISLAND,"RIVER ROUGE, MI","WAYNE, MI",42.28876642,-83.11282517,Benzene (71-43-2),324 Petroleum Products,324199 All Other Petroleum and Coal Products Manufacturing,DTE ENERGY CO,"161,400.00","161,300.00",0.00,0.00,100.00,"1,780,100.00","4,521,900,000",0
THE DOW CHEMICAL CO,48667THDWCMICHI,2024,26111290600,"25,530",74,14,85,0,68,48667,1790 BUILDING,"MIDLAND, MI","MIDLAND, MI",43.6095201,-84.2393991,Ammonia (7664-41-7),325 Chemicals,325211 Plastics Material and Resin Manufacturing,DOW INC,"153,200.00","152,000.00","1,200.00",0.00,0.00,"230,713.00","1,064,000",0
ILLINOIS TOOL WORKS CODING PRODUCTS DIV,49646CDNGP111WP,2024,26079950300,"3,860",57,34,52,0,70,49646,111 W PARK DR,"KALKASKA, MI","KALKASKA, MI",44.73313981,-85.16830383,Toluene (108-88-3),322 Paper,322220 Paper Bag and Coated Treated Paper Manufacturing,ILLINOIS TOOL WORKS INC,"150,030.00","69,172.00",0.00,0.00,"80,858.00","195,973.00","1,099,574",0
BILLERUD QUINNESEC,49876CHMPNUSHIG,2024,26043950300,"5,480",46,23,42,0,18,49876,W 6791 US HWY 2,"QUINNESEC, MI","DICKINSON, MI",45.80204895,-87.95895733,Methanol (67-56-1),322 Paper,322110 Pulp Mills,BILLERUD AMERICAS CORP,"147,826.00","99,668.00","48,019.00",139.00,0.00,"7,319,080.00","66,098",0
VENTRA IONIA MAIN LLC,48846MRCNB14NOR,2024,26067031700,"10,724",39,39,25,0,57,48846,14 N BEARDSLEY RD,"IONIA, MI","IONIA, MI",42.98536297,-85.03008498,Nitrate compounds (water dissociable) (N511),336 Transportation Equipment,336390 Other Motor Vehicle Parts Manufacturing,FLEX-N-GATE CORP,"145,993.00",0.00,0.00,0.00,"145,993.00","146,373.00","91,976",0
PHARMACIA & UPJOHN CO LLC A SUBSIDIARY OF PFIZER INC,49001THPJH7171P,2024,26077001905,"31,983",66,12,0,69,34,49002,7171 PORTAGE RD,"PORTAGE, MI","KALAMAZOO, MI",42.21133108,-85.55988021,"N,N-Dimethylformamide (68-12-2)",325 Chemicals,325412 Pharmaceutical Preparation Manufacturing,PFIZER INC,"140,240.00",240.00,0.00,"140,000.00",0.00,"3,410,660.00","1,428,800",0
"BLUE DIAMOND STEEL CASTING,INC.",4841WBLDMN125ST,2024,26063950700,"1,631",68,53,76,0,31,48755,125 STURM RD.,"PIGEON, MI","HURON, MI",43.83113645,-83.25960173,Manganese compounds (N450),331 Primary Metals,331513 Steel Foundries (except Investment),HURON CASTING INC,"138,358.67",87.67,0.00,0.00,"138,271.00","138,358.67","1,660,304,040",0
LG ENERGY SOLUTION MICHIGAN INC.,4942WLGCHM1LGWA,2024,26005032401,"25,102",81,35,51,73,72,49423,1 LG WAY,"HOLLAND, MI","ALLEGAN, MI",42.75548554,-86.06953225,Cobalt compounds (N096),335 Electrical Equipment,335910 Battery Manufacturing,LG ENERGY SOLUTION MICHIGAN INC,"133,554.42",0.02,0.00,0.00,"133,554.40","133,554.42","3,739,523,760,000",0
REPUBLIC INDUSTRIAL & ENERGY SOLUTIONS LLC,4817WRPBLC2847C,2024,26163585500,"54,199",57,20,64,0,51,48174,28470 CITRIN DR,"ROMULUS, MI","WAYNE, MI",42.24413692,-83.31844219,Nickel compounds (N495),562 Hazardous Waste,562211 Hazardous Waste Treatment and Disposal,REPUBLIC SERVICES INC,"133,248.00",0.00,0.00,"133,075.00",173.00,"133,248.00","172,999,825",0
FCA US STERLING HEIGHTS ASSEMBLY PLANT,48077STRLN38111,2024,26099231200,"94,944",17,19,0,82,54,48312,38111 VAN DYKE,"STERLING HEIGHTS, MI","MACOMB, MI",42.57039424,-83.03013673,Diisononyl Phthalates (DINP) (N125),336 Transportation Equipment,336110 Automobile and Light Duty Motor Vehicle Manufacturing,FCA US LLC,"128,770.45",0.00,0.00,0.00,"128,770.45","128,770.45",0,0
EAGLE MINE,4986WRTNTG651TR,2024,26103002902,1,21,94,27,0,14,49861,6510 TRIPLE A ROAD,"MICHIGAMME, MI","MARQUETTE, MI",46.75585598,-87.91306037,Nickel compounds (N495),2122 Metal Mining,"212230 Copper, Nickel, Lead, and Zinc Mining",EAGLE MINE LLC,"127,112.96",7.50,0.00,"126,000.46","1,105.00","127,112.96","1,046,091,042",0
PACKAGING CORP OF AMERICA,49634PCKGN2245U,2024,26101000700,"8,480",42,83,67,0,64,49634,2246 UDELL ST,"FILER CITY, MI","MANISTEE, MI",44.247547,-86.318539,Nitrate compounds (water dissociable) (N511),322 Paper,322120 Paper Mills,PACKAGING CORP OF AMERICA,"126,861.40",0.00,"126,861.40",0.00,0.00,"126,861.40","79,923",0
LG ENERGY SOLUTION MICHIGAN INC.,4942WLGCHM1LGWA,2024,26005032401,"25,102",81,35,51,73,72,49423,1 LG WAY,"HOLLAND, MI","ALLEGAN, MI",42.75548554,-86.06953225,Manganese compounds (N450),335 Electrical Equipment,335910 Battery Manufacturing,LG ENERGY SOLUTION MICHIGAN INC,"126,336.04",0.04,0.00,0.00,"126,336.00","126,336.04","1,516,032,480",0
KNAUF INSULATION INC.,49224GRDNF1000E,2024,26025003500,"9,883",52,20,90,0,13,49224,1000 E N ST,"ALBION, MI","CALHOUN, MI",42.28467722,-84.80037627,Ammonia (7664-41-7),327 Nonmetallic Mineral Product,327993 Mineral Wool Manufacturing,KNAUF INSULATION,"124,354.17","124,330.33",0.00,0.00,23.84,"124,354.17","870,479",0
THE HILLSHIRE BRANDS CO,49464BLMRF83009,2024,26139022001,"4,282",53,28,0,66,30,49464,8300 96TH AVE,"ZEELAND, MI","OTTAWA, MI",42.9197795,-86.02217819,Nitrate compounds (water dissociable) (N511),311 Food,311612 Meat Processed from Carcasses,TYSON FOODS INC,"122,170.00",0.00,"122,170.00",0.00,0.00,"634,177.60","76,967",0
FITZGERALD FINISHING LLC,48212FTZGR17450,2024,26163506300,"145,283",99,56,96,0,84,48212,17450 FILER AVE,"DETROIT, MI","WAYNE, MI",42.42260368,-83.03701756,Zinc compounds (N982),332 Fabricated Metals,"332812 Metal Coating, Engraving (except Jewelry and Silverware), and Allied Services to Manufactur..",NA,"121,950.00",0.00,0.00,0.00,"121,950.00","133,391.00","12,186,974",0
EES COKE BATTERY LLC,48218SCKBT14ZUG,2024,26163985600,"69,556",0,0,0,0,0,48218,1400 ZUG ISLAND,"RIVER ROUGE, MI","WAYNE, MI",42.28876642,-83.11282517,Hydrochloric acid (acid aerosols) (7647-01-0),324 Petroleum Products,324199 All Other Petroleum and Coal Products Manufacturing,DTE ENERGY CO,"120,000.00","120,000.00",0.00,0.00,0.00,"120,000.00","21,600,000",0
EAGLE MINE,4986WRTNTG651TR,2024,26103002902,1,21,94,27,0,14,49861,6510 TRIPLE A ROAD,"MICHIGAMME, MI","MARQUETTE, MI",46.75585598,-87.91306037,Copper compounds (N100),2122 Metal Mining,"212230 Copper, Nickel, Lead, and Zinc Mining",EAGLE MINE LLC,"117,066.03",5.80,0.00,"117,000.23",60.00,"117,066.03","175,599,045",0
REPUBLIC INDUSTRIAL & ENERGY SOLUTIONS LLC,4817WRPBLC2847C,2024,26163585500,"54,199",57,20,64,0,51,48174,28470 CITRIN DR,"ROMULUS, MI","WAYNE, MI",42.24413692,-83.31844219,Nitric acid (7697-37-2),562 Hazardous Waste,562211 Hazardous Waste Treatment and Disposal,REPUBLIC SERVICES INC,"116,024.00",2.00,0.00,"116,022.00",0.00,"116,024.00","31,326,480",0
GREDE LLC - IRON MOUNTAIN,49801GRDFN801SC,2024,26043950500,"15,138",71,84,32,0,34,49802,801 S CARPENTER AVE,"KINGSFORD, MI","DICKINSON, MI",45.79736011,-88.07155193,Zinc compounds (N982),331 Primary Metals,331511 Iron Foundries,GREDE HOLDINGS LLC,"111,684.00",84.00,0.00,0.00,"111,600.00","111,684.00","11,168,400",0
ARAUCO NA GRAYLING PARTICLEBOARD,4973WRCNGR5851A,2024,26039960300,"1,923",0,57,32,0,0,49738,5851 ARAUCO RD.,"GRAYLING, MI","CRAWFORD, MI",44.60422283,-84.68076456,Methanol (67-56-1),321 Wood Products,321219 Reconstituted Wood Product Manufacturing,ARAUCO NORTH AMERICA INC,"109,345.00","109,345.00",0.00,0.00,0.00,"139,040.00","19,682",0
SAFETY-KLEEN SYSTEMS ROMULUS (ROM),48174SFTYK148HA,2024,26163586201,"38,296",15,12,44,0,47,48174,10480 HARRISON RD,"ROMULUS, MI","WAYNE, MI",42.22788867,-83.31780993,Ethylene glycol (107-21-1),562 Hazardous Waste,562112 Hazardous Waste Collection,CLEAN HARBORS INC,"106,016.50",3.00,0.00,0.00,"106,013.50","149,671.20","932,945",0
ST MARYS CEMENT U.S. LLC,49720MDSCMBELLS,2024,26029000400,"3,587",37,95,51,57,37,49720,16000 BELLS BAY RD,"CHARLEVOIX, MI","CHARLEVOIX, MI",45.30794109,-85.30779401,Benzene (71-43-2),327 Nonmetallic Mineral Product,327310 Cement Manufacturing,VCNA PRAIRIE LLC,"104,124.00","104,124.00",0.00,0.00,0.00,"104,124.00","2,915,472,000",0
CLEVELAND-CLIFFS STEEL CORP DEARBORN WORKS,48121RGSTL3001M,2024,26163985700,"119,381",0,0,0,0,0,48120,4001 MILLER RD,"DEARBORN, MI","WAYNE, MI",42.31635335,-83.1621121,Lead compounds (N420),331 Primary Metals,331110 Iron and Steel Mills and Ferroalloy Manufacturing,CLEVELAND-CLIFFS INC,"104,090.29",247.80,9.60,0.00,"103,832.89","116,723.77","2,394,028,670",0
DARLING INGREDIENTS INC.,4941WDRLNG59LDA,2024,26005030704,"2,596",34,41,28,63,30,49419,5900 OLD ALLEGAN RD,"HAMILTON, MI","ALLEGAN, MI",42.65206072,-86.12468373,Nitrate compounds (water dissociable) (N511),311 Food,311613 Rendering and Meat Byproduct Processing,DARLING INGREDIENTS INC,"103,850.00",0.00,"103,850.00",0.00,0.00,"103,850.00","65,426",0
ALLIED FINISHING INC,49508LLDFN4100B,2024,26081012608,"41,254",76,63,33,57,68,49512,4100 BROADMOOR SE,"KENTWOOD, MI","KENT, MI",42.88901815,-85.56932812,Nitrate compounds (water dissociable) (N511),332 Fabricated Metals,"332813 Electroplating, Plating, Polishing, Anodizing, and Coloring",ALLIED FINISHING INC,"102,610.80",0.00,0.00,0.00,"102,610.80","144,216.00","64,645",0
FORD MOTOR CO DEARBORN TRUCK PLANT,48121FRDM23001M,2024,26163985700,"123,088",0,0,0,0,0,48120,3001 MILLER RD,"DEARBORN, MI","WAYNE, MI",42.30886967,-83.15678743,n-Butyl alcohol (71-36-3),336 Transportation Equipment,336110 Automobile and Light Duty Motor Vehicle Manufacturing,FORD MOTOR CO,"100,810.00","100,810.00",0.00,0.00,0.00,"389,200.00","1,008,100",0
NEENAH PAPER MICHIGAN INC.,49862KMBRL601EM,2024,26003000100,"3,621",48,75,31,0,42,49862,501 E MUNISING AVE,"MUNISING, MI","ALGER, MI",46.40844117,-86.64733853,Ammonia (7664-41-7),322 Paper,322120 Paper Mills,MATIV HOLDINGS INC,"100,388.00","100,388.00",0.00,0.00,0.00,"102,088.00","702,716",0
ST MARYS CEMENT U.S. LLC,49720MDSCMBELLS,2024,26029000400,"3,587",37,95,51,57,37,49720,16000 BELLS BAY RD,"CHARLEVOIX, MI","CHARLEVOIX, MI",45.30794109,-85.30779401,Ammonia (7664-41-7),327 Nonmetallic Mineral Product,327310 Cement Manufacturing,VCNA PRAIRIE LLC,"98,905.00","98,905.00",0.00,0.00,0.00,"98,905.00","692,335",0
EFTEC N.A. LLC,48180MSTGC20219,2024,26163584501,"100,444",13,93,55,0,70,48180,20219 NORTHLINE RD,"TAYLOR, MI","WAYNE, MI",42.2129426,-83.23203724,Diisononyl Phthalates (DINP) (N125),325 Chemicals,325520 Adhesive Manufacturing,NA,"97,696.74",0.00,0.00,0.00,"97,696.74","97,696.74",0,1
BILLERUD ESCANABA LLC,49829MDPBLCOUNT,2024,26041970400,"5,730",46,91,58,0,34,49829,7100 COUNTY RD 426,"ESCANABA, MI","DELTA, MI",45.8032763,-87.09536725,Manganese compounds (N450),322 Paper,322120 Paper Mills,BILLERUD AMERICAS CORP,"94,340.00",684.00,"24,456.00","69,200.00",0.00,"94,340.00","8,872,958",0
PACKAGING CORP OF AMERICA,49634PCKGN2245U,2024,26101000700,"8,480",42,83,67,0,64,49634,2246 UDELL ST,"FILER CITY, MI","MANISTEE, MI",44.247547,-86.318539,Manganese (7439-96-5),322 Paper,322120 Paper Mills,PACKAGING CORP OF AMERICA,"92,598.00","1,890.30",673.70,0.00,"90,034.00","92,598.00","1,103,096,383",0
MEAD JOHNSON & CO LLC,49464BRSTL725EM,2024,26139022900,"21,120",97,10,0,0,63,49464,725 E MAIN ST,"ZEELAND, MI","OTTAWA, MI",42.81244023,-86.00142593,Nitrate compounds (water dissociable) (N511),311 Food,"311514 Dry, Condensed, and Evaporated Dairy Product Manufacturing",MEAD JOHNSON & CO LLC,"92,194.70",0.00,"92,043.00",0.00,151.70,"233,740.00","58,083",0
HUTCHINSON ANTIVIBRATION SYSTEMS INC,49601PLSTR6007T,2024,26165380700,"12,868",76,20,69,0,73,49601,600 7TH ST,"CADILLAC, MI","WEXFORD, MI",44.26074658,-85.41339726,Zinc compounds (N982),326 Plastics and Rubber,326291 Rubber Product Manufacturing for Mechanical Use,HUTCHINSON NORTH AMERICA,"91,787.00",48.00,0.00,0.00,"91,739.00","144,711.00","9,178,603",0
BILLERUD QUINNESEC,49876CHMPNUSHIG,2024,26043950300,"5,480",46,23,42,0,18,49876,W 6791 US HWY 2,"QUINNESEC, MI","DICKINSON, MI",45.80204895,-87.95895733,Ammonia (7664-41-7),322 Paper,322110 Pulp Mills,BILLERUD AMERICAS CORP,"90,086.00","89,151.00",646.00,289.00,0.00,"315,564.00","624,057",0
CHEMETALL US INC,4920WCHMTL11TEC,2024,26075005501,"24,746",0,14,40,58,13,49201,1100 TECHNOLOGY DR,"JACKSON, MI","JACKSON, MI",42.27282025,-84.47039049,Zinc compounds (N982),325 Chemicals,325611 Soap and Other Detergent Manufacturing,BASF CORP,"89,944.15",91.00,0.00,0.00,"89,853.15","89,944.15","8,994,415",0
HOLCIM (US) INC,49707LFRGCFORDA,2024,26007000400,"9,674",21,43,61,75,47,49707,1435 FORD AVE,"ALPENA, MI","ALPENA, MI",45.06479492,-83.4264411,Manganese compounds (N450),327 Nonmetallic Mineral Product,327310 Cement Manufacturing,HOLCIM PARTICIPATIONS (US) INC,"88,725.76","1,746.76",0.00,"86,979.00",0.00,"88,725.76","21,578,671",0
FCA US JEFFERSON NORTH ASSEMBLY PLANT,48215CHRYL2101C,2024,26163985200,"102,064",0,0,0,0,0,48215,2101 CONNOR AVE,"DETROIT, MI","WAYNE, MI",42.37535016,-82.96247701,Zinc compounds (N982),336 Transportation Equipment,336110 Automobile and Light Duty Motor Vehicle Manufacturing,FCA US LLC,"87,787.00",36.00,0.00,0.00,"87,751.00","87,676.00","8,600,772",0
EQ DETROIT INC,48211SLCTY1923F,2024,26163519100,"124,295",0,83,90,0,83,48211,1923 FREDERICK ST,"DETROIT, MI","WAYNE, MI",42.36602042,-83.04737998,Zinc compounds (N982),999 Other,562998 All Other Miscellaneous Waste Management Services,REPUBLIC SERVICES INC,"86,266.45",5.00,0.00,0.00,"86,261.45","86,266.45","8,626,254",0
FORD MOTOR CO DEARBORN TRUCK PLANT,48121FRDM23001M,2024,26163985700,"123,088",0,0,0,0,0,48120,3001 MILLER RD,"DEARBORN, MI","WAYNE, MI",42.30886967,-83.15678743,Xylene (mixed isomers) (1330-20-7),336 Transportation Equipment,336110 Automobile and Light Duty Motor Vehicle Manufacturing,FORD MOTOR CO,"85,440.00","85,440.00",0.00,0.00,0.00,"465,100.00","2,990,400",0
BILLERUD ESCANABA LLC,49829MDPBLCOUNT,2024,26041970400,"5,730",46,91,58,0,34,49829,7100 COUNTY RD 426,"ESCANABA, MI","DELTA, MI",45.8032763,-87.09536725,Ammonia (7664-41-7),322 Paper,322120 Paper Mills,BILLERUD AMERICAS CORP,"84,560.00","81,298.00","3,262.00",0.00,0.00,"302,217.00","569,086",0
BREMBO HOMER FOUNDRY,4924WBRMBH62593,2024,26075006403,"1,014",62,76,71,0,70,49245,6259 30 MILE ROAD,"HOMER, MI","CALHOUN, MI",42.10786532,-84.71024022,Copper (7440-50-8),331 Primary Metals,331511 Iron Foundries,BREMBO NORTH AMERICA INC,"84,396.00",73.00,0.00,0.00,"84,323.00","85,347.00","126,594,000",0
AURORIUM ZEELAND LLC,49464HXCLC215CE,2024,26139022900,"23,379",97,10,0,0,63,49464,215 N CENTENNIAL ST,"ZEELAND, MI","OTTAWA, MI",42.81603499,-86.01197179,Ethylene (74-85-1),325 Chemicals,325199 All Other Basic Organic Chemical Manufacturing,AURORIUM PPC HOLDINGS LLC,"82,130.00","82,130.00",0.00,0.00,0.00,"82,130.00","45,993",0
REC BOAT HOLDINGS-CRUISER PLANT,49601FRWNN609W1,2024,26165380700,"12,965",76,20,69,0,73,49601,609 13TH ST,"CADILLAC, MI","WEXFORD, MI",44.26685754,-85.41677377,Styrene (100-42-5),336 Transportation Equipment,336612 Boat Building,REC BOAT HOLDINGS LLC,"80,340.92","80,340.92",0.00,0.00,0.00,"85,841.80","281,193",0
REAL ALLOY SPECIFICATION LLC,49036LCHML368WG,2024,26023951600,"13,219",57,63,22,90,50,49036,368 W GARFIELD AVE,"COLDWATER, MI","BRANCH, MI",41.92728472,-85.02110789,Aluminum (fume or dust) (7429-90-5),331 Primary Metals,331314 Secondary Smelting and Alloying of Aluminum,REAL ALLOY HOLDING LLC,"79,117.00","13,794.00",0.00,0.00,"65,323.00","79,117.00","55,381,900",0
GM TRUCK GROUP FLINT ASSEMBLY PLANT,48551GMCTRG3100,2024,26049980000,"51,226",0,0,0,0,0,48551,G-3100 VAN SLYKE RD,"FLINT, MI","GENESEE, MI",42.96697513,-83.71257194,N-Methyl-2-pyrrolidone (872-50-4),336 Transportation Equipment,336110 Automobile and Light Duty Motor Vehicle Manufacturing,GENERAL MOTORS LLC,"79,000.00","79,000.00",0.00,0.00,0.00,"100,481.00",0,0
J H CAMPBELL GENERATING PLANT,49460JHCMP17000,2024,26139022002,"2,772",34,62,82,0,47,49460,17000 CROSWELL ST,"WEST OLIVE, MI","OTTAWA, MI",42.92085153,-86.20634501,Vanadium compounds (N770),2211 Electric Utilities,221112 Fossil Fuel Electric Power Generation,CMS ENERGY,"76,745.00",62.00,53.00,"76,630.00",0.00,"76,745.00","2,686,075,000",0
J H CAMPBELL GENERATING PLANT,49460JHCMP17000,2024,26139022002,"2,772",34,62,82,0,47,49460,17000 CROSWELL ST,"WEST OLIVE, MI","OTTAWA, MI",42.92085153,-86.20634501,Ammonia (7664-41-7),2211 Electric Utilities,221112 Fossil Fuel Electric Power Generation,CMS ENERGY,"75,924.00","75,663.00",0.00,261.00,0.00,"87,930.00","529,641",0
CONTINENTAL DAIRY FACILITIES LLC,49404RCHST999RA,2024,26139020200,"5,435",90,20,83,0,73,49404,999 W RANDALL ST,"COOPERSVILLE, MI","OTTAWA, MI",43.05992794,-85.95198714,Nitrate compounds (water dissociable) (N511),311 Food,"311514 Dry, Condensed, and Evaporated Dairy Product Manufacturing",SELECT MILK PRODUCERS INC,"75,723.90",0.00,0.00,0.00,"75,723.90","757,239.00","47,706",0
ALLNEX USA INC,49003MRCNC2715M,2024,26077001801,"50,356",79,14,29,0,50,49001,2715 MILLER RD,"KALAMAZOO, MI","KALAMAZOO, MI",42.26691458,-85.54570614,Nitrate compounds (water dissociable) (N511),325 Chemicals,325211 Plastics Material and Resin Manufacturing,ALLNEX USA INC,"75,037.00",0.00,0.00,0.00,"75,037.00","750,367.00","47,273",0
FCA US WARREN TRUCK ASSEMBLY PLANT,48091WRRNT21500,2024,26099982200,"130,932",0,0,0,0,93,48091,21500 MOUND RD,"WARREN, MI","MACOMB, MI",42.45531342,-83.04419136,"1,2,4-Trimethylbenzene (95-63-6)",336 Transportation Equipment,336110 Automobile and Light Duty Motor Vehicle Manufacturing,FCA US LLC,"73,909.99","73,909.99",0.00,0.00,0.00,"123,538.06","4,286,779",0
HOLCIM (US) INC,49707LFRGCFORDA,2024,26007000400,"9,674",21,43,61,75,47,49707,1435 FORD AVE,"ALPENA, MI","ALPENA, MI",45.06479492,-83.4264411,Vanadium compounds (N770),327 Nonmetallic Mineral Product,327310 Cement Manufacturing,HOLCIM PARTICIPATIONS (US) INC,"73,185.63",360.63,0.00,"72,825.00",0.00,"73,185.63","2,561,497,050",0
J H CAMPBELL GENERATING PLANT,49460JHCMP17000,2024,26139022002,"2,772",34,62,82,0,47,49460,17000 CROSWELL ST,"WEST OLIVE, MI","OTTAWA, MI",42.92085153,-86.20634501,Manganese compounds (N450),2211 Electric Utilities,221112 Fossil Fuel Electric Power Generation,CMS ENERGY,"70,865.00",64.00,"2,258.00","68,543.00",0.00,"70,865.00","1,270,687",0
BREMBO HOMER FOUNDRY,4924WBRMBH62593,2024,26075006403,"1,014",62,76,71,0,70,49245,6259 30 MILE ROAD,"HOMER, MI","CALHOUN, MI",42.10786532,-84.71024022,Chromium compounds (N090),331 Primary Metals,331511 Iron Foundries,BREMBO NORTH AMERICA INC,"70,492.00",83.00,0.00,0.00,"70,409.00","71,583.00","135,344,640,000",0
CORTEVA AGRISCIENCE LLC - HARBOR BEACH OPERATIONS,48441THNTR30BUE,2024,26063951200,"2,619",27,90,43,0,80,48441,305 N HURON AVE,"HARBOR BEACH, MI","HURON, MI",43.84729735,-82.65196338,Ammonia (7664-41-7),325 Chemicals,325320 Pesticide and Other Agricultural Chemical Manufacturing,CORTEVA INC,"68,513.60","2,635.00",0.00,0.00,"65,878.60","105,671.00","479,542",0
EQ DETROIT INC,48211SLCTY1923F,2024,26163519100,"124,295",0,83,90,0,83,48211,1923 FREDERICK ST,"DETROIT, MI","WAYNE, MI",42.36602042,-83.04737998,Aluminum oxide (fibrous forms) (1344-28-1),999 Other,562998 All Other Miscellaneous Waste Management Services,REPUBLIC SERVICES INC,"68,217.66",7.66,0.00,0.00,"68,210.00","68,217.66",0,0
DTE ELECTRIC CO - MONROE POWER PLANT,48161DTRTD3500E,2024,26115831800,"5,963",0,0,0,0,0,48161,3500 E FRONT ST,"MONROE, MI","MONROE, MI",41.89241917,-83.35195721,Manganese compounds (N450),2211 Electric Utilities,221112 Fossil Fuel Electric Power Generation,DTE ENERGY CO,"66,352.00",252.00,"2,100.00",0.00,"64,000.00","66,400.00","771,038,910",0
AQUATIC CO,49093PHLPS15935,2024,26149040300,"10,732",72,34,68,0,34,49093,888 W BROADWAY ST,"THREE RIVERS, MI","ST JOSEPH, MI",41.93258851,-85.64445031,Styrene (100-42-5),326 Plastics and Rubber,326191 Plastics Plumbing Fixture Manufacturing,AMERICAN BATH GROUP LLC,"65,114.00","65,114.00",0.00,0.00,0.00,"94,695.00","227,899",0
DTE ELECTRIC CO - MONROE POWER PLANT,48161DTRTD3500E,2024,26115831800,"5,963",0,0,0,0,0,48161,3500 E FRONT ST,"MONROE, MI","MONROE, MI",41.89241917,-83.35195721,Hydrochloric acid (acid aerosols) (7647-01-0),2211 Electric Utilities,221112 Fossil Fuel Electric Power Generation,DTE ENERGY CO,"65,000.00","65,000.00",0.00,0.00,0.00,"2,465,000.00","11,700,000",0
MIDLAND COGENERATION VENTURE,4864WMDLND1PRGR,2024,26111290500,"11,958",21,56,0,0,0,48640,100 PROGRESS PLACE,"MIDLAND, MI","MIDLAND, MI",43.58704611,-84.24532352,Formaldehyde (50-00-0),2211 Electric Utilities,221112 Fossil Fuel Electric Power Generation,CAPITAL POWER (US HOLDINGS) INC,"65,000.00","65,000.00",0.00,0.00,0.00,"65,000.00","2,535,000,000",0
ZEELAND FARM SOYA,49464ZLNDF24688,2024,26139021903,"17,932",0,24,25,0,14,49464,2468 84TH AVE,"ZEELAND, MI","OTTAWA, MI",42.81361458,-85.98968593,n-Hexane (110-54-3),311 Food,311224 Soybean and Other Oilseed Processing,ZEELAND FARM SERVICES INC,"63,735.17","63,729.00",0.00,0.00,6.17,"343,542,019.95","318,750",0
J H CAMPBELL GENERATING PLANT,49460JHCMP17000,2024,26139022002,"2,772",34,62,82,0,47,49460,17000 CROSWELL ST,"WEST OLIVE, MI","OTTAWA, MI",42.92085153,-86.20634501,Copper compounds (N100),2211 Electric Utilities,221112 Fossil Fuel Electric Power Generation,CMS ENERGY,"63,690.00",92.00,"5,346.00","58,252.00",0.00,"63,690.00","95,535,000",0
TRIBAR MANUFACTURING LLC PLANT #5,4839WDPTPL48668,2024,26125133102,"32,031",76,23,0,0,0,48393,48668 ALPHA DR,"WIXOM, MI","OAKLAND, MI",42.49931912,-83.53043372,Nitrate compounds (water dissociable) (N511),332 Fabricated Metals,"332813 Electroplating, Plating, Polishing, Anodizing, and Coloring",TRIBAR TECHNOLOGIES INC,"63,590.00",0.00,0.00,0.00,"63,590.00","127,180.00","40,062",0
REPUBLIC INDUSTRIAL & ENERGY SOLUTIONS LLC,4817WRPBLC2847C,2024,26163585500,"54,199",57,20,64,0,51,48174,28470 CITRIN DR,"ROMULUS, MI","WAYNE, MI",42.24413692,-83.31844219,Chromium compounds (N090),562 Hazardous Waste,562211 Hazardous Waste Treatment and Disposal,REPUBLIC SERVICES INC,"63,158.00",0.00,0.00,"62,894.00",264.00,"63,158.00","6,436,702,200",0
FCA US WARREN TRUCK ASSEMBLY PLANT,48091WRRNT21500,2024,26099982200,"130,932",0,0,0,0,93,48091,21500 MOUND RD,"WARREN, MI","MACOMB, MI",42.45531342,-83.04419136,Methyl isobutyl ketone (108-10-1),336 Transportation Equipment,336110 Automobile and Light Duty Motor Vehicle Manufacturing,FCA US LLC,"61,966.60","61,966.60",0.00,0.00,0.00,"88,846.13","74,360",0
ROYAL ADHESIVES & SEALANTS,49254DCPRD4401P,2024,26075006101,"17,114",48,31,93,0,16,49254,4401 PAGE AVE,"MICHIGAN CENTER, MI","JACKSON, MI",42.23436429,-84.33316071,Toluene (108-88-3),325 Chemicals,325520 Adhesive Manufacturing,HB FULLER CO,"61,014.00","7,998.00",0.00,0.00,"53,016.00","61,014.00","694,807",0
DTE ELECTRIC CO - MONROE POWER PLANT,48161DTRTD3500E,2024,26115831800,"5,963",0,0,0,0,0,48161,3500 E FRONT ST,"MONROE, MI","MONROE, MI",41.89241917,-83.35195721,Zinc compounds (N982),2211 Electric Utilities,221112 Fossil Fuel Electric Power Generation,DTE ENERGY CO,"60,099.00","2,000.00",85.00,0.00,"58,014.00","60,114.00","6,001,681",0
GENERAL MOTORS GM VA FACTORY ZERO ASSEMBLY PLANT,48211CDLLC2500E,2024,26163985100,"126,564",0,5,96,0,80,48211,2500 E GENERAL MOTORS BLVD,"DETROIT, MI","WAYNE, MI",42.37659651,-83.05238398,Certain glycol ethers (N230),336 Transportation Equipment,336110 Automobile and Light Duty Motor Vehicle Manufacturing,GENERAL MOTORS LLC,"58,660.00","57,480.00",0.00,0.00,"1,180.00","70,601.00","10,582,400",0
FORD MOTOR CO MICHIGAN ASSEMBLY PLANT,48184FRDMT38303,2024,26163566700,"67,978",14,15,80,62,67,48184,38303 MICHIGAN AVE,"WAYNE, MI","WAYNE, MI",42.27796988,-83.41395208,Xylene (mixed isomers) (1330-20-7),336 Transportation Equipment,336110 Automobile and Light Duty Motor Vehicle Manufacturing,FORD MOTOR CO,"57,600.00","57,600.00",0.00,0.00,0.00,"489,857.00","2,016,000",0
ALLNEX USA INC,49003MRCNC2715M,2024,26077001801,"50,356",79,14,29,0,50,49001,2715 MILLER RD,"KALAMAZOO, MI","KALAMAZOO, MI",42.26691458,-85.54570614,Methanol (67-56-1),325 Chemicals,325211 Plastics Material and Resin Manufacturing,ALLNEX USA INC,"56,041.00","5,642.00",0.00,0.00,"50,399.00","621,310.00","51,415",0
FLAT ROCK METAL INC.,48134FLTRC26601,2024,26163599001,"28,902",0,77,72,0,56,48134,26601 W HURON RIVER DR,"FLAT ROCK, MI","WAYNE, MI",42.10026678,-83.29479309,Zinc compounds (N982),331 Primary Metals,331221 Rolled Steel Shape Manufacturing,NA,"55,425.00",0.00,0.00,0.00,"55,425.00","55,425.00","5,540,469",0
ALLOY RESOURCE CORP,4944WLLYRS2281P,2024,26121000402,-,32,25,94,0,82,49442,2281 PORT CITY BLVD,"MUSKEGON, MI","MUSKEGON, MI",43.21468341,-86.19592015,Copper (7440-50-8),331 Primary Metals,331314 Secondary Smelting and Alloying of Aluminum,PACE INDUSTRIES LLC,"54,901.54",62.12,0.00,0.00,"54,839.42","54,901.54","82,352,310",0
DDP SPECIALTY ELECTRONIC MATERIALS US LLC,4864WDDPSP34SSA,2024,26111290600,"29,731",74,14,85,0,68,48640,3400 S SAGINAW RD - UNIT 96,"MIDLAND, MI","MIDLAND, MI",43.60102204,-84.20774568,Chromium compounds (N090),325 Chemicals,325199 All Other Basic Organic Chemical Manufacturing,DUPONT DE NEMOURS INC,"54,244.00",0.00,0.00,0.00,"54,244.00","54,246.00","867,904,000,000",0
ARAUCO NA GRAYLING PARTICLEBOARD,4973WRCNGR5851A,2024,26039960300,"1,923",0,57,32,0,0,49738,5851 ARAUCO RD.,"GRAYLING, MI","CRAWFORD, MI",44.60422283,-84.68076456,Formaldehyde (50-00-0),321 Wood Products,321219 Reconstituted Wood Product Manufacturing,ARAUCO NORTH AMERICA INC,"53,658.00","53,658.00",0.00,0.00,0.00,"86,322.00","2,092,662,000",0
WEBASTO ROOF SYSTEMS INC.,4817WWBSTR142NB,2024,26163561600,"69,941",23,77,67,0,30,48170,14200 N HAGGERTY RD,"PLYMOUTH, MI","WAYNE, MI",42.38397353,-83.44543024,Diisocyanates (N120),336 Transportation Equipment,336390 Other Motor Vehicle Parts Manufacturing,NA,"53,110.00",0.00,0.00,0.00,"53,110.00","53,110.00","18,588,500,000",1
WAYNE DISPOSAL INC,48111WYNDS49350,2024,26163986501,"28,882",0,0,0,0,0,48111,49350 N I-94 SERVICE DR,"BELLEVILLE, MI","WAYNE, MI",42.21950635,-83.52417321,Arsenic compounds (N020),562 Hazardous Waste,562211 Hazardous Waste Treatment and Disposal,REPUBLIC SERVICES INC,"53,041.14",0.40,0.00,"53,035.00",5.74,"53,041.14","1,697,309,680,000",0
FCA US WARREN TRUCK ASSEMBLY PLANT,48091WRRNT21500,2024,26099982200,"130,932",0,0,0,0,93,48091,21500 MOUND RD,"WARREN, MI","MACOMB, MI",42.45531342,-83.04419136,Ethylbenzene (100-41-4),336 Transportation Equipment,336110 Automobile and Light Duty Motor Vehicle Manufacturing,FCA US LLC,"52,775.02","52,775.02",0.00,0.00,0.00,"84,097.02","46,969,768",0
GENERAL MOTORS LANSING DELTA TOWNSHIP,48917GNRLM85REL,2024,26045020302,"10,044",63,24,60,0,0,48917,8175 MILLETT HWY,"LANSING, MI","EATON, MI",42.69753322,-84.67379564,Certain glycol ethers (N230),336 Transportation Equipment,336110 Automobile and Light Duty Motor Vehicle Manufacturing,GENERAL MOTORS LLC,"52,211.00","50,000.00",0.00,0.00,"2,211.00","121,223.00","9,442,200",0
WARM RAIN CORP,49930GRTLKHANCO,2024,26061000400,"1,365",38,78,24,0,35,49913,51675 N INDUSTRIAL DR,"CALUMET, MI","HOUGHTON, MI",47.16603384,-88.51112079,Styrene (100-42-5),326 Plastics and Rubber,326191 Plastics Plumbing Fixture Manufacturing,NA,"52,160.34","52,160.34",0.00,0.00,0.00,"52,160.34","182,561",0
OTSEGO PAPER INC.,49078MNSHC320NF,2024,26005031900,"11,925",21,48,78,0,40,49078,320 N FARMER ST,"OTSEGO, MI","ALLEGAN, MI",42.46596419,-85.69536143,Ammonia (7664-41-7),322 Paper,322120 Paper Mills,USG CORP,"52,112.00",0.00,"52,112.00",0.00,0.00,"52,112.00",0,0
PHARMACIA & UPJOHN CO LLC A SUBSIDIARY OF PFIZER INC,49001THPJH7171P,2024,26077001905,"31,983",66,12,0,69,34,49002,7171 PORTAGE RD,"PORTAGE, MI","KALAMAZOO, MI",42.21133108,-85.55988021,Methanol (67-56-1),325 Chemicals,325412 Pharmaceutical Preparation Manufacturing,PFIZER INC,"51,880.00","4,090.00",740.00,"36,000.00","11,050.00","17,886,910.00","48,526",0
BELDING TANK TECHNOLOGIES,48809BLDNG200NG,2024,26067030200,"7,511",69,26,0,0,61,48809,200 N GOODING ST,"BELDING, MI","IONIA, MI",43.09823172,-85.21287256,Styrene (100-42-5),326 Plastics and Rubber,326199 All Other Plastics Product Manufacturing,BELDING TANK TECHNOLOGIES,"51,735.00","51,735.00",0.00,0.00,0.00,"51,735.00","181,073",0
CORTEVA AGRISCIENCE LLC - HARBOR BEACH OPERATIONS,48441THNTR30BUE,2024,26063951200,"2,619",27,90,43,0,80,48441,305 N HURON AVE,"HARBOR BEACH, MI","HURON, MI",43.84729735,-82.65196338,Methanol (67-56-1),325 Chemicals,325320 Pesticide and Other Agricultural Chemical Manufacturing,CORTEVA INC,"51,692.08","4,026.00",0.00,0.00,"47,666.08","1,911,403.00","48,391",0
HOWMET CORP - PLANT 5,49461HWMTC1600S,2024,26121003702,"8,180",83,67,0,0,34,49461,1600 S WARNER,"WHITEHALL, MI","MUSKEGON, MI",43.39169374,-86.33629549,Hydrogen fluoride (7664-39-3),332 Fabricated Metals,332811 Metal Heat Treating,HOWMET AEROSPACE INC,"51,632.00",5.00,0.00,0.00,"51,627.00","56,241.00","12,908,000",0
J H CAMPBELL GENERATING PLANT,49460JHCMP17000,2024,26139022002,"2,772",34,62,82,0,47,49460,17000 CROSWELL ST,"WEST OLIVE, MI","OTTAWA, MI",42.92085153,-86.20634501,Zinc compounds (N982),2211 Electric Utilities,221112 Fossil Fuel Electric Power Generation,CMS ENERGY,"51,011.00",712.00,0.00,"50,299.00",0.00,"51,011.00","237,187",0
CANNON-MUSKEGON,49441CNNNM2875L,2024,26121002300,"30,364",36,66,25,0,28,49441,2875 LINCOLN ST,"MUSKEGON, MI","MUSKEGON, MI",43.20068611,-86.30332148,Nickel (7440-02-0),331 Primary Metals,331513 Steel Foundries (except Investment),BERKSHIRE HATHAWAY INC,"50,731.00",132.00,334.00,0.00,"50,265.00","4,990,588.00","46,849,712,305",0
TIARA YACHTS INC,49423SYCHT725EA,2024,26005032401,"29,333",81,35,51,73,72,49423,725 E 40TH ST,"HOLLAND, MI","ALLEGAN, MI",42.76212049,-86.07431244,Styrene (100-42-5),336 Transportation Equipment,336612 Boat Building,TIARA YACHTS INC,"50,303.00","50,303.00",0.00,0.00,0.00,"50,303.00","176,061",1
REPUBLIC INDUSTRIAL & ENERGY SOLUTIONS LLC,4817WRPBLC2847C,2024,26163585500,"54,199",57,20,64,0,51,48174,28470 CITRIN DR,"ROMULUS, MI","WAYNE, MI",42.24413692,-83.31844219,Arsenic (7440-38-2),562 Hazardous Waste,562211 Hazardous Waste Treatment and Disposal,REPUBLIC SERVICES INC,"50,202.40",0.00,20.40,"50,132.00",50.00,"50,202.40","1,606,476,800,000",0
EES COKE BATTERY LLC,48218SCKBT14ZUG,2024,26163985600,"69,556",0,0,0,0,0,48218,1400 ZUG ISLAND,"RIVER ROUGE, MI","WAYNE, MI",42.28876642,-83.11282517,Hydrogen sulfide (2148878),324 Petroleum Products,324199 All Other Petroleum and Coal Products Manufacturing,DTE ENERGY CO,"50,073.00","50,073.00",0.00,0.00,0.00,"1,840,000.00","90,131,400",0
EQ DETROIT INC,48211SLCTY1923F,2024,26163519100,"124,295",0,83,90,0,83,48211,1923 FREDERICK ST,"DETROIT, MI","WAYNE, MI",42.36602042,-83.04737998,Barium compounds (N040),999 Other,562998 All Other Miscellaneous Waste Management Services,REPUBLIC SERVICES INC,"50,027.48",5.62,0.00,0.00,"50,021.86","50,027.48","350,192,360",0
US STEEL CORP GREAT LAKES WORKS,48229GRTLKNO1QU,2024,26163987000,-,0,0,0,0,0,48229,1 QUALITY DR,"ECORSE, MI","WAYNE, MI",42.2562099,-83.13423533,Zinc compounds (N982),331 Primary Metals,331110 Iron and Steel Mills and Ferroalloy Manufacturing,US STEEL CORP,"49,966.00",40.00,545.00,0.00,"49,381.00","50,611.00","4,939,257",0
WAYNE DISPOSAL INC,48111WYNDS49350,2024,26163986501,"28,882",0,0,0,0,0,48111,49350 N I-94 SERVICE DR,"BELLEVILLE, MI","WAYNE, MI",42.21950635,-83.52417321,Selenium compounds (N725),562 Hazardous Waste,562211 Hazardous Waste Treatment and Disposal,REPUBLIC SERVICES INC,"49,557.39",0.39,0.00,"49,557.00",0.00,"49,557.39","9,911,470",0
DEPOR INDUSTRIES,48084DPRND1902N,2024,26125197600,"90,215",13,23,80,72,22,48084,1902 NORTHWOOD,"TROY, MI","OAKLAND, MI",42.55258415,-83.16385512,Zinc compounds (N982),332 Fabricated Metals,"332812 Metal Coating, Engraving (except Jewelry and Silverware), and Allied Services to Manufactur..",THE MAGNI GROUP INC,"49,482.13",0.00,0.00,0.00,"49,482.13","49,482.13","4,947,427",0
FCA US WARREN TRUCK ASSEMBLY PLANT,48091WRRNT21500,2024,26099982200,"130,932",0,0,0,0,93,48091,21500 MOUND RD,"WARREN, MI","MACOMB, MI",42.45531342,-83.04419136,Zinc compounds (N982),336 Transportation Equipment,336110 Automobile and Light Duty Motor Vehicle Manufacturing,FCA US LLC,"49,063.71",30.13,0.00,0.00,"49,033.58","49,063.71","4,878,584",0
SAFETY-KLEEN SYSTEMS SAGINAW (SAG),48601SFTYK3899W,2024,26145010800,"12,181",0,46,87,0,78,48601,3899 WOLF RD,"SAGINAW, MI","SAGINAW, MI",43.46485058,-83.88572203,Ethylene glycol (107-21-1),562 Hazardous Waste,562112 Hazardous Waste Collection,CLEAN HARBORS INC,"48,912.10",3.00,0.00,0.00,"48,909.10","148,707.60","430,426",0
WAYNE DISPOSAL INC,48111WYNDS49350,2024,26163986501,"28,882",0,0,0,0,0,48111,49350 N I-94 SERVICE DR,"BELLEVILLE, MI","WAYNE, MI",42.21950635,-83.52417321,Sodium nitrite (7632-00-0),562 Hazardous Waste,562211 Hazardous Waste Treatment and Disposal,REPUBLIC SERVICES INC,"48,742.39",0.39,0.00,"48,742.00",0.00,"48,742.39","487,424",0
HOLCIM (US) INC,49707LFRGCFORDA,2024,26007000400,"9,674",21,43,61,75,47,49707,1435 FORD AVE,"ALPENA, MI","ALPENA, MI",45.06479492,-83.4264411,Barium compounds (N040),327 Nonmetallic Mineral Product,327310 Cement Manufacturing,HOLCIM PARTICIPATIONS (US) INC,"47,633.94",553.94,0.00,"47,080.00",0.00,"47,633.94","4,112,980",0
ARAUCO NA GRAYLING PARTICLEBOARD,4973WRCNGR5851A,2024,26039960300,"1,923",0,57,32,0,0,49738,5851 ARAUCO RD.,"GRAYLING, MI","CRAWFORD, MI",44.60422283,-84.68076456,Acetaldehyde (75-07-0),321 Wood Products,321219 Reconstituted Wood Product Manufacturing,ARAUCO NORTH AMERICA INC,"47,548.00","47,548.00",0.00,0.00,0.00,"63,880.00","375,629,200",0
GERDAU MACSTEEL MONROE,48161NRTHS3000E,2024,26115831800,"23,135",0,0,0,0,0,48161,3000 E FRONT ST,"MONROE, MI","MONROE, MI",41.89706191,-83.36151774,Zinc compounds (N982),331 Primary Metals,331110 Iron and Steel Mills and Ferroalloy Manufacturing,GERDAU USA INC,"47,434.00","13,046.00",21.00,0.00,"34,367.00","2,861,509.00","4,737,018",1
CADON PLATING CO.,48192CDNPL3715E,2024,26163580900,"81,534",41,69,0,0,58,48192,3715 11TH ST,"WYANDOTTE, MI","WAYNE, MI",42.19503228,-83.16620271,Nitrate compounds (water dissociable) (N511),332 Fabricated Metals,"332812 Metal Coating, Engraving (except Jewelry and Silverware), and Allied Services to Manufactur..",NA,"45,270.00",0.00,0.00,0.00,"45,270.00","45,270.00","28,520",0
VALLEY ENTERPRISES INC.,4847WVLLYN2147L,2024,26063950900,"1,536",49,56,56,0,39,48475,2147 LEPPEK RD,"UBLY, MI","HURON, MI",43.7246587,-82.93386196,Diisocyanates (N120),336 Transportation Equipment,336360 Motor Vehicle Seating and Interior Trim Manufacturing,NA,"43,361.25","43,361.25",0.00,0.00,0.00,"43,361.25","15,176,437,500",0
PACKAGING CORP OF AMERICA,49634PCKGN2245U,2024,26101000700,"8,480",42,83,67,0,64,49634,2246 UDELL ST,"FILER CITY, MI","MANISTEE, MI",44.247547,-86.318539,Acetaldehyde (75-07-0),322 Paper,322120 Paper Mills,PACKAGING CORP OF AMERICA,"43,206.00","42,519.00",686.00,0.00,1.00,"194,563.00","341,327,400",0
CLEVELAND-CLIFFS STEEL CORP DEARBORN WORKS,48121RGSTL3001M,2024,26163985700,"119,381",0,0,0,0,0,48120,4001 MILLER RD,"DEARBORN, MI","WAYNE, MI",42.31635335,-83.1621121,Copper compounds (N100),331 Primary Metals,331110 Iron and Steel Mills and Ferroalloy Manufacturing,CLEVELAND-CLIFFS INC,"43,100.24",43.00,"1,703.00",0.00,"41,354.24","44,937.17","64,650,360",0
ADVANCED FIBERMOLDING INC,49655DVNCD23773,2024,26133970200,835,77,40,96,0,61,49655,23095 14 MILE RD,"LEROY, MI","OSCEOLA, MI",44.01684074,-85.54450483,Styrene (100-42-5),326 Plastics and Rubber,326199 All Other Plastics Product Manufacturing,NA,"42,774.00","42,774.00",0.00,0.00,0.00,"42,774.00","149,709",0
LOUISIANA-PACIFIC SAGOLA OSB,49881LSNPCHWYM9,2024,26043950100,159,65,88,68,0,53,49811,N8504 M-95,"SAGOLA, MI","DICKINSON, MI",46.01199111,-88.06104416,Methanol (67-56-1),321 Wood Products,321219 Reconstituted Wood Product Manufacturing,LOUISIANA PACIFIC CORP,"42,565.00","42,565.00",0.00,0.00,0.00,"103,393.00","7,662",0
ACUMENT GLOBAL TECHNOLOGIES,48314SHMRC61251,2024,26099230502,"94,328",99,76,0,98,0,48314,6125 18 MILE RD,"STERLING HEIGHTS, MI","MACOMB, MI",42.59441962,-83.04815543,Manganese (7439-96-5),332 Fabricated Metals,"332722 Bolt, Nut, Screw, Rivet, and Washer Manufacturing",ACUMENT GLOBAL TECHNOLOGIES INC,"42,172.00",0.00,0.00,"42,172.00",0.00,"42,172.00","299,421",0
GREDE LLC - IRON MOUNTAIN,49801GRDFN801SC,2024,26043950500,"15,138",71,84,32,0,34,49802,801 S CARPENTER AVE,"KINGSFORD, MI","DICKINSON, MI",45.79736011,-88.07155193,Manganese (7439-96-5),331 Primary Metals,331511 Iron Foundries,GREDE HOLDINGS LLC,"41,556.80",14.80,0.00,0.00,"41,542.00","41,556.80","498,681,600",0
FCA US STERLING HEIGHTS ASSEMBLY PLANT,48077STRLN38111,2024,26099231200,"94,944",17,19,0,82,54,48312,38111 VAN DYKE,"STERLING HEIGHTS, MI","MACOMB, MI",42.57039424,-83.03013673,Methyl isobutyl ketone (108-10-1),336 Transportation Equipment,336110 Automobile and Light Duty Motor Vehicle Manufacturing,FCA US LLC,"41,534.83","1,371.74",0.00,0.00,"40,163.09","63,145.87","523,766",0
WAYNE DISPOSAL INC,48111WYNDS49350,2024,26163986501,"28,882",0,0,0,0,0,48111,49350 N I-94 SERVICE DR,"BELLEVILLE, MI","WAYNE, MI",42.21950635,-83.52417321,Vanadium compounds (N770),562 Hazardous Waste,562211 Hazardous Waste Treatment and Disposal,REPUBLIC SERVICES INC,"41,177.22",0.22,0.00,"41,177.00",0.00,"41,177.22","1,441,202,700",0
PHARMACIA & UPJOHN CO LLC A SUBSIDIARY OF PFIZER INC,49001THPJH7171P,2024,26077001905,"31,983",66,12,0,69,34,49002,7171 PORTAGE RD,"PORTAGE, MI","KALAMAZOO, MI",42.21133108,-85.55988021,Triethylamine (121-44-8),325 Chemicals,325412 Pharmaceutical Preparation Manufacturing,PFIZER INC,"41,015.00",15.00,0.00,0.00,"41,000.00","118,415.00","20,507,500",0
ATLAS TUBE- PLYMOUTH PLANT,4817WTLSTB1311E,2024,26163983301,"73,833",0,0,0,0,0,48170,13101 ECKLES ROAD,"PLYMOUTH, MI","WAYNE, MI",42.3768205,-83.43112689,Manganese (7439-96-5),331 Primary Metals,331210 Iron and Steel Pipe and Tube Manufacturing from Purchased Steel,ZEKELMAN INDUSTRIES INC,"40,556.00",5.00,0.00,0.00,"40,551.00","40,556.00","486,672,000",0
FORD MOTOR CO DEARBORN TRUCK PLANT,48121FRDM23001M,2024,26163985700,"123,088",0,0,0,0,0,48120,3001 MILLER RD,"DEARBORN, MI","WAYNE, MI",42.30886967,-83.15678743,"1,2,4-Trimethylbenzene (95-63-6)",336 Transportation Equipment,336110 Automobile and Light Duty Motor Vehicle Manufacturing,FORD MOTOR CO,"40,350.00","40,350.00",0.00,0.00,0.00,"301,000.00","2,340,300",0
DTE ELECTRIC CO - MONROE POWER PLANT,48161DTRTD3500E,2024,26115831800,"5,963",0,0,0,0,0,48161,3500 E FRONT ST,"MONROE, MI","MONROE, MI",41.89241917,-83.35195721,Vanadium compounds (N770),2211 Electric Utilities,221112 Fossil Fuel Electric Power Generation,DTE ENERGY CO,"40,040.00",140.00,"1,900.00",0.00,"38,000.00","40,000.00","1,401,400,000",0
BREMBO HOMER FOUNDRY,4924WBRMBH62593,2024,26075006403,"1,014",62,76,71,0,70,49245,6259 30 MILE ROAD,"HOMER, MI","CALHOUN, MI",42.10786532,-84.71024022,Nickel (7440-02-0),331 Primary Metals,331511 Iron Foundries,BREMBO NORTH AMERICA INC,"39,162.00",38.00,0.00,0.00,"39,124.00","39,660.00","36,420,660,000",0
"BLUE DIAMOND STEEL CASTING,INC.",4841WBLDMN125ST,2024,26063950700,"1,631",68,53,76,0,31,48755,125 STURM RD.,"PIGEON, MI","HURON, MI",43.83113645,-83.25960173,Furan (110-00-9),331 Primary Metals,331513 Steel Foundries (except Investment),HURON CASTING INC,"39,000.00",0.00,0.00,0.00,"39,000.00","39,000.00","39,000,000",0
AJAX METAL PROCESSING INC,48207JXMTL4651B,2024,26163519200,"102,022",77,10,97,0,44,48207,4651 BELLEVUE AVE,"DETROIT, MI","WAYNE, MI",42.36922867,-83.02213289,Chromium compounds (N090),332 Fabricated Metals,"332813 Electroplating, Plating, Polishing, Anodizing, and Coloring",AJAX METAL PROCESSING INC,"38,987.45",0.00,0.00,0.00,"38,987.45","38,987.45","966,106,541,985",0
ABBOTT NUTRITION,49091RSSLB700WL,2024,26149040700,"14,855",54,76,58,61,56,49091,901 N CENTERVILLE RD,"STURGIS, MI","ST JOSEPH, MI",41.80623316,-85.42849755,Sulfuryl fluoride (2699-79-8),311 Food,"311514 Dry, Condensed, and Evaporated Dairy Product Manufacturing",ABBOTT LABORATORIES,"38,922.00","38,922.00",0.00,0.00,0.00,"38,922.00","1,401,192",0
FCA US WARREN TRUCK ASSEMBLY PLANT,48091WRRNT21500,2024,26099982200,"130,932",0,0,0,0,93,48091,21500 MOUND RD,"WARREN, MI","MACOMB, MI",42.45531342,-83.04419136,n-Butyl alcohol (71-36-3),336 Transportation Equipment,336110 Automobile and Light Duty Motor Vehicle Manufacturing,FCA US LLC,"38,564.08","38,564.08",0.00,0.00,0.00,"64,885.62","385,641",0
VENTRA FOWLERVILLE LLC,48836MRDNT8887W,2024,26093722300,"7,666",67,49,65,0,68,48836,8887 W GRAND RIVER AVE,"FOWLERVILLE, MI","LIVINGSTON, MI",42.66097968,-84.08910291,Xylene (mixed isomers) (1330-20-7),336 Transportation Equipment,336390 Other Motor Vehicle Parts Manufacturing,K2TR FAMILY HOLDINGS 2 CORP,"38,473.00","38,473.00",0.00,0.00,0.00,"115,773.00","1,346,555",0
AKWEL CADILLAC USA INC.,49601CDLLC603WE,2024,26165380700,"12,871",76,20,69,0,73,49601,603 W 7TH ST,"CADILLAC, MI","WEXFORD, MI",44.26075834,-85.41659749,Sodium nitrite (7632-00-0),326 Plastics and Rubber,326220 Rubber and Plastics Hoses and Belting Manufacturing,NA,"38,000.00",0.00,0.00,0.00,"38,000.00","38,000.00","380,000",0
HOLCIM (US) INC,49707LFRGCFORDA,2024,26007000400,"9,674",21,43,61,75,47,49707,1435 FORD AVE,"ALPENA, MI","ALPENA, MI",45.06479492,-83.4264411,Ammonia (7664-41-7),327 Nonmetallic Mineral Product,327310 Cement Manufacturing,HOLCIM PARTICIPATIONS (US) INC,"37,690.90","37,690.90",0.00,0.00,0.00,"37,690.90","263,836",0
POSTLE EXTRUSIONS,4903WPSTLX21NRT,2024,26027002100,"3,259",41,49,66,0,56,49031,201 N EDWARDS ST,"CASSOPOLIS, MI","CASS, MI",41.9127179,-85.99373786,Xylene (mixed isomers) (1330-20-7),325 Chemicals,325510 Paint and Coating Manufacturing,NA,"37,641.00","37,641.00",0.00,0.00,0.00,"75,283.00","1,317,435",0
PACKAGING CORP OF AMERICA,49634PCKGN2245U,2024,26101000700,"8,480",42,83,67,0,64,49634,2246 UDELL ST,"FILER CITY, MI","MANISTEE, MI",44.247547,-86.318539,Phenol (108-95-2),322 Paper,322120 Paper Mills,PACKAGING CORP OF AMERICA,"37,138.79","37,132.41",5.38,0.00,1.00,"145,083.79","668,419",0
ALLOY STEEL TREATING CO. INC.,49055LLYST22138,2024,26159010101,"3,478",35,62,54,0,70,49055,22138 M-40 HWY,"GOBLES, MI","VAN BUREN, MI",42.33869648,-85.87894449,Ammonia (7664-41-7),332 Fabricated Metals,332811 Metal Heat Treating,NA,"36,363.00","36,363.00",0.00,0.00,0.00,"36,363.00","254,541",0
TAWAS PLATING CO,48764TWSPL510IN,2024,26069000600,"5,146",65,74,55,0,46,48763,510 INDUSTRIAL AVE,"TAWAS CITY, MI","IOSCO, MI",44.26321711,-83.52713037,Nitric acid (7697-37-2),332 Fabricated Metals,"332813 Electroplating, Plating, Polishing, Anodizing, and Coloring",NA,"35,980.00",10.00,0.00,0.00,"35,970.00","37,380.00","9,714,600",0
FORD MOTOR CO MICHIGAN ASSEMBLY PLANT,48184FRDMT38303,2024,26163566700,"67,978",14,15,80,62,67,48184,38303 MICHIGAN AVE,"WAYNE, MI","WAYNE, MI",42.27796988,-83.41395208,Methyl isobutyl ketone (108-10-1),336 Transportation Equipment,336110 Automobile and Light Duty Motor Vehicle Manufacturing,FORD MOTOR CO,"35,660.00","35,660.00",0.00,0.00,0.00,"106,763.00","42,792",0
DTE ELECTRIC CO - MONROE POWER PLANT,48161DTRTD3500E,2024,26115831800,"5,963",0,0,0,0,0,48161,3500 E FRONT ST,"MONROE, MI","MONROE, MI",41.89241917,-83.35195721,Ammonia (7664-41-7),2211 Electric Utilities,221112 Fossil Fuel Electric Power Generation,DTE ENERGY CO,"35,510.00","35,000.00",510.00,0.00,0.00,"72,000.00","245,000",0
FCA US JEFFERSON NORTH ASSEMBLY PLANT,48215CHRYL2101C,2024,26163985200,"102,064",0,0,0,0,0,48215,2101 CONNOR AVE,"DETROIT, MI","WAYNE, MI",42.37535016,-82.96247701,Diisononyl Phthalates (DINP) (N125),336 Transportation Equipment,336110 Automobile and Light Duty Motor Vehicle Manufacturing,FCA US LLC,"35,330.00",0.00,0.00,0.00,"35,330.00","35,000.00",0,0
MNP CORP,48087MNPCR44225,2024,26099228100,"78,882",67,77,63,0,72,48317,44225 UTICA RD,"UTICA, MI","MACOMB, MI",42.61962513,-83.03822835,Nitrate compounds (water dissociable) (N511),332 Fabricated Metals,"332722 Bolt, Nut, Screw, Rivet, and Washer Manufacturing",MNP CORP,"35,041.87",0.00,0.00,0.00,"35,041.87","35,301.66","22,076",0
ST MARYS CEMENT U.S. LLC,49720MDSCMBELLS,2024,26029000400,"3,587",37,95,51,57,37,49720,16000 BELLS BAY RD,"CHARLEVOIX, MI","CHARLEVOIX, MI",45.30794109,-85.30779401,Hydrochloric acid (acid aerosols) (7647-01-0),327 Nonmetallic Mineral Product,327310 Cement Manufacturing,VCNA PRAIRIE LLC,"34,808.00","34,808.00",0.00,0.00,0.00,"34,808.00","6,265,440",0
HOLCIM (US) INC,49707LFRGCFORDA,2024,26007000400,"9,674",21,43,61,75,47,49707,1435 FORD AVE,"ALPENA, MI","ALPENA, MI",45.06479492,-83.4264411,Hydrochloric acid (acid aerosols) (7647-01-0),327 Nonmetallic Mineral Product,327310 Cement Manufacturing,HOLCIM PARTICIPATIONS (US) INC,"34,238.50","34,238.50",0.00,0.00,0.00,"34,238.50","6,162,930",0
EMERALD STEEL PROCESSING LLC - MADISON HEIGHTS FACILITY,48071STLPR31624,2024,26125181100,"116,262",0,0,0,0,0,48071,31624 STEPHENSON HWY,"MADISON HEIGHTS, MI","OAKLAND, MI",42.52497904,-83.11951882,Nitrate compounds (water dissociable) (N511),332 Fabricated Metals,332811 Metal Heat Treating,NA,"33,962.95",0.00,0.00,0.00,"33,962.95","34,307.98","21,397",0
WOLVERINE PLATING CORP,48066WLVRN29456,2024,26099255300,"133,853",50,41,74,73,77,48066,29456 GROESBECK HWY,"ROSEVILLE, MI","MACOMB, MI",42.51179845,-82.95561476,Zinc compounds (N982),332 Fabricated Metals,"332813 Electroplating, Plating, Polishing, Anodizing, and Coloring",NA,"33,617.00",178.00,0.00,0.00,"33,439.00","33,617.00","3,352,610",0
WAYNE DISPOSAL INC,48111WYNDS49350,2024,26163986501,"28,882",0,0,0,0,0,48111,49350 N I-94 SERVICE DR,"BELLEVILLE, MI","WAYNE, MI",42.21950635,-83.52417321,Silver compounds (N740),562 Hazardous Waste,562211 Hazardous Waste Treatment and Disposal,REPUBLIC SERVICES INC,"33,492.04",0.24,0.00,"33,446.00",45.80,"33,492.04","6,698,408",0
BILLERUD ESCANABA LLC,49829MDPBLCOUNT,2024,26041970400,"5,730",46,91,58,0,34,49829,7100 COUNTY RD 426,"ESCANABA, MI","DELTA, MI",45.8032763,-87.09536725,Hydrogen sulfide (2148878),322 Paper,322120 Paper Mills,BILLERUD AMERICAS CORP,"33,446.00","33,294.00",0.00,152.00,0.00,"982,358.00","60,202,800",0
BREMBO NA,49245TRTRN29991,2024,26025003200,982,71,75,33,0,43,49245,29991 M-60 E,"HOMER, MI","CALHOUN, MI",42.16302288,-84.71239505,Zinc (fume or dust) (7440-66-6),336 Transportation Equipment,336340 Motor Vehicle Brake System Manufacturing,BREMBO NORTH AMERICA INC,"33,298.00",333.00,0.00,0.00,"32,965.00","66,596.00","3,329,800",0
VALLEY ENTERPRISES INC.,4847WVLLYN2147L,2024,26063950900,"1,536",49,56,56,0,39,48475,2147 LEPPEK RD,"UBLY, MI","HURON, MI",43.7246587,-82.93386196,N-Methyl-2-pyrrolidone (872-50-4),336 Transportation Equipment,336360 Motor Vehicle Seating and Interior Trim Manufacturing,NA,"33,148.28","33,148.28",0.00,0.00,0.00,"33,148.28",0,0
FCA US JEFFERSON NORTH ASSEMBLY PLANT,48215CHRYL2101C,2024,26163985200,"102,064",0,0,0,0,0,48215,2101 CONNOR AVE,"DETROIT, MI","WAYNE, MI",42.37535016,-82.96247701,Manganese compounds (N450),336 Transportation Equipment,336110 Automobile and Light Duty Motor Vehicle Manufacturing,FCA US LLC,"33,100.47",0.47,0.00,0.00,"33,100.00","33,600.47","385,452,598",0
DTE ELECTRIC CO - MONROE POWER PLANT,48161DTRTD3500E,2024,26115831800,"5,963",0,0,0,0,0,48161,3500 E FRONT ST,"MONROE, MI","MONROE, MI",41.89241917,-83.35195721,Hydrogen fluoride (7664-39-3),2211 Electric Utilities,221112 Fossil Fuel Electric Power Generation,DTE ENERGY CO,"33,000.00","33,000.00",0.00,0.00,0.00,"1,033,000.00","8,250,000",0
PHARMACIA & UPJOHN CO LLC A SUBSIDIARY OF PFIZER INC,49001THPJH7171P,2024,26077001905,"31,983",66,12,0,69,34,49002,7171 PORTAGE RD,"PORTAGE, MI","KALAMAZOO, MI",42.21133108,-85.55988021,Hydrochloric acid (acid aerosols) (7647-01-0),325 Chemicals,325412 Pharmaceutical Preparation Manufacturing,PFIZER INC,"33,000.00","33,000.00",0.00,0.00,0.00,"2,533,000.00","5,940,000",0
HENKEL US OPERATIONS CORP,48091MCHMP23343,2024,26099263200,"125,648",28,38,82,0,67,48091,23343 SHERWOOD AVE,"WARREN, MI","MACOMB, MI",42.46588693,-83.03550307,Zinc compounds (N982),325 Chemicals,325998 All Other Miscellaneous Chemical Product and Preparation Manufacturing,HENKEL OF AMERICA INC,"32,854.82",435.00,0.00,0.00,"32,419.82","36,316.82","3,281,631",0
GM TRUCK GROUP FLINT ASSEMBLY PLANT,48551GMCTRG3100,2024,26049980000,"51,226",0,0,0,0,0,48551,G-3100 VAN SLYKE RD,"FLINT, MI","GENESEE, MI",42.96697513,-83.71257194,n-Butyl alcohol (71-36-3),336 Transportation Equipment,336110 Automobile and Light Duty Motor Vehicle Manufacturing,GENERAL MOTORS LLC,"32,700.00","32,700.00",0.00,0.00,0.00,"106,135.00","327,000",0
FORD MOTOR CO MICHIGAN ASSEMBLY PLANT,48184FRDMT38303,2024,26163566700,"67,978",14,15,80,62,67,48184,38303 MICHIGAN AVE,"WAYNE, MI","WAYNE, MI",42.27796988,-83.41395208,n-Butyl alcohol (71-36-3),336 Transportation Equipment,336110 Automobile and Light Duty Motor Vehicle Manufacturing,FORD MOTOR CO,"32,600.00","32,600.00",0.00,0.00,0.00,"247,158.00","326,000",0
BILLERUD ESCANABA LLC,49829MDPBLCOUNT,2024,26041970400,"5,730",46,91,58,0,34,49829,7100 COUNTY RD 426,"ESCANABA, MI","DELTA, MI",45.8032763,-87.09536725,Cresol (mixed isomers) (1319-77-3),322 Paper,322120 Paper Mills,BILLERUD AMERICAS CORP,"32,510.33","32,509.00",0.01,1.32,0.00,"56,694.33","188,579",0
MNP CORP,48087MNPCR44225,2024,26099228100,"78,882",67,77,63,0,72,48317,44225 UTICA RD,"UTICA, MI","MACOMB, MI",42.61962513,-83.03822835,Zinc compounds (N982),332 Fabricated Metals,"332722 Bolt, Nut, Screw, Rivet, and Washer Manufacturing",MNP CORP,"32,204.00",0.00,0.00,0.00,"32,204.00","32,204.00","2,694,352",0
PLASTIC PLATE INC. - KRAFT PLATER,4951WPLSTC5675K,2024,26081012203,"9,692",44,55,41,0,12,49512,5675 KRAFT AVE,"KENTWOOD, MI","KENT, MI",42.8607181,-85.5279897,Methanol (67-56-1),332 Fabricated Metals,"332813 Electroplating, Plating, Polishing, Anodizing, and Coloring",LACKS ENTERPRISES INC,"31,944.84","26,923.00",0.00,0.00,"5,021.84","89,696.00","9,868",0
EES COKE BATTERY LLC,48218SCKBT14ZUG,2024,26163985600,"69,556",0,0,0,0,0,48218,1400 ZUG ISLAND,"RIVER ROUGE, MI","WAYNE, MI",42.28876642,-83.11282517,Toluene (108-88-3),324 Petroleum Products,324199 All Other Petroleum and Coal Products Manufacturing,DTE ENERGY CO,"31,270.00","31,270.00",0.00,0.00,0.00,"189,000.00","21,889",0
MEAD JOHNSON & CO LLC,49464BRSTL725EM,2024,26139022900,"21,120",97,10,0,0,63,49464,725 E MAIN ST,"ZEELAND, MI","OTTAWA, MI",42.81244023,-86.00142593,Toluene (108-88-3),311 Food,"311514 Dry, Condensed, and Evaporated Dairy Product Manufacturing",MEAD JOHNSON & CO LLC,"31,094.84","31,091.00",0.00,0.00,3.84,"153,008.00","21,814",0
BILLERUD ESCANABA LLC,49829MDPBLCOUNT,2024,26041970400,"5,730",46,91,58,0,34,49829,7100 COUNTY RD 426,"ESCANABA, MI","DELTA, MI",45.8032763,-87.09536725,Acetaldehyde (75-07-0),322 Paper,322120 Paper Mills,BILLERUD AMERICAS CORP,"31,061.00","30,333.00",705.00,23.00,0.00,"141,486.00","245,381,900",0
MACDERMID INC,48220MCDRM1221F,2024,26125173600,"148,892",15,29,26,0,39,48220,1221 FARROW AVE,"FERNDALE, MI","OAKLAND, MI",42.4572589,-83.1182239,Nickel compounds (N495),325 Chemicals,325998 All Other Miscellaneous Chemical Product and Preparation Manufacturing,ELEMENT SOLUTIONS INC,"30,920.82",143.70,0.00,0.00,"30,777.12","30,920.82","28,712,582,484",0
BILLERUD ESCANABA LLC,49829MDPBLCOUNT,2024,26041970400,"5,730",46,91,58,0,34,49829,7100 COUNTY RD 426,"ESCANABA, MI","DELTA, MI",45.8032763,-87.09536725,Sulfuric acid (acid aerosols) (7664-93-9),322 Paper,322120 Paper Mills,BILLERUD AMERICAS CORP,"30,318.00","30,318.00",0.00,0.00,0.00,"30,318.00","106,113,000",0
DTE ELECTRIC CO-BELLE RIVER POWER PLANT,48054DTRTD4505K,2024,26147641000,"5,092",31,81,78,0,49,48054,4505 KING RD,"CHINA TOWNSHIP, MI","ST. CLAIR, MI",42.77569325,-82.51235737,Vanadium compounds (N770),2211 Electric Utilities,221112 Fossil Fuel Electric Power Generation,DTE ENERGY CO,"30,151.00",150.00,1.00,"30,000.00",0.00,"30,150.00","1,055,285,000",0
EES COKE BATTERY LLC,48218SCKBT14ZUG,2024,26163985600,"69,556",0,0,0,0,0,48218,1400 ZUG ISLAND,"RIVER ROUGE, MI","WAYNE, MI",42.28876642,-83.11282517,Chloromethane (74-87-3),324 Petroleum Products,324199 All Other Petroleum and Coal Products Manufacturing,DTE ENERGY CO,"30,000.00","30,000.00",0.00,0.00,0.00,"30,290.00","19,200,000",0
FORD MOTOR CO MICHIGAN ASSEMBLY PLANT,48184FRDMT38303,2024,26163566700,"67,978",14,15,80,62,67,48184,38303 MICHIGAN AVE,"WAYNE, MI","WAYNE, MI",42.27796988,-83.41395208,Diisononyl Phthalates (DINP) (N125),336 Transportation Equipment,336110 Automobile and Light Duty Motor Vehicle Manufacturing,FORD MOTOR CO,"30,000.00",0.00,0.00,0.00,"30,000.00","54,700.00",0,0
BASF CORP,48150BSFCR13000,2024,26163558500,"80,791",79,69,56,74,35,48150,13000 LEVAN RD,"LIVONIA, MI","WAYNE, MI",42.37759386,-83.40189891,Diisocyanates (N120),325 Chemicals,325211 Plastics Material and Resin Manufacturing,BASF CORP,"29,953.00",0.00,0.00,0.00,"29,953.00","29,953.00","10,483,550,000",0
EQ DETROIT INC,48211SLCTY1923F,2024,26163519100,"124,295",0,83,90,0,83,48211,1923 FREDERICK ST,"DETROIT, MI","WAYNE, MI",42.36602042,-83.04737998,Cobalt (7440-48-4),999 Other,562998 All Other Miscellaneous Waste Management Services,REPUBLIC SERVICES INC,"29,718.89",5.00,0.00,0.00,"29,713.89","29,718.89","832,128,920,000",0
T.E.S. FILER CITY STATION,49634TSFLR700ME,2024,26101000700,"8,553",42,83,67,0,64,49634,700 MEE ST,"FILER CITY, MI","MANISTEE, MI",44.21684644,-86.28962053,Zinc compounds (N982),2211 Electric Utilities,221112 Fossil Fuel Electric Power Generation,TES FILER CITY STATION LP,"29,651.00",333.00,0.00,0.00,"29,318.00","29,651.00","2,965,100",0
THE DOW CHEMICAL CO,48667THDWCMICHI,2024,26111290600,"25,530",74,14,85,0,68,48667,1790 BUILDING,"MIDLAND, MI","MIDLAND, MI",43.6095201,-84.2393991,Xylene (mixed isomers) (1330-20-7),325 Chemicals,325211 Plastics Material and Resin Manufacturing,DOW INC,"29,605.00","16,600.00",0.00,5.00,"13,000.00","3,326,666.00","1,036,025",0
ARAUCO NA GRAYLING PARTICLEBOARD,4973WRCNGR5851A,2024,26039960300,"1,923",0,57,32,0,0,49738,5851 ARAUCO RD.,"GRAYLING, MI","CRAWFORD, MI",44.60422283,-84.68076456,Manganese compounds (N450),321 Wood Products,321219 Reconstituted Wood Product Manufacturing,ARAUCO NORTH AMERICA INC,"29,487.00",536.00,0.00,0.00,"28,951.00","29,487.00","353,844,000",0
PACKAGING CORP OF AMERICA,49634PCKGN2245U,2024,26101000700,"8,480",42,83,67,0,64,49634,2246 UDELL ST,"FILER CITY, MI","MANISTEE, MI",44.247547,-86.318539,Benzene (71-43-2),322 Paper,322120 Paper Mills,PACKAGING CORP OF AMERICA,"29,405.01","29,405.01",0.00,0.00,0.00,"373,925.01","823,340,412",0
DTE ELECTRIC CO - MONROE POWER PLANT,48161DTRTD3500E,2024,26115831800,"5,963",0,0,0,0,0,48161,3500 E FRONT ST,"MONROE, MI","MONROE, MI",41.89241917,-83.35195721,Copper compounds (N100),2211 Electric Utilities,221112 Fossil Fuel Electric Power Generation,DTE ENERGY CO,"29,242.00",190.00,52.00,0.00,"29,000.00","29,240.00","43,863,000",0
LACKS TRIM SYSTEMS-AIRLANE,49508LCKSN4260A,2024,26081012608,"45,423",76,63,33,57,68,49512,4260 AIRLANE SE,"KENTWOOD, MI","KENT, MI",42.88619695,-85.57530451,Methanol (67-56-1),332 Fabricated Metals,"332813 Electroplating, Plating, Polishing, Anodizing, and Coloring",LACKS ENTERPRISES INC,"28,846.60","24,309.00",0.00,0.00,"4,537.60","81,029.00","8,913",0
GREAT LAKES CASTINGS LLC,49431GRTLK800NW,2024,26105950400,"11,558",90,53,51,0,37,49431,800 N WASHINGTON AVE,"LUDINGTON, MI","MASON, MI",43.96511134,-86.4392229,Manganese compounds (N450),331 Primary Metals,331511 Iron Foundries,RESERVE GROUP MANAGEMENT CO,"28,640.55","1,287.90",0.00,0.00,"27,352.65","468,184.65","343,548,082",0
SAS GLOBAL CORP,4808WSSGLB2161M,2024,26099264000,"136,390",79,8,97,74,69,48089,21601 MULLIN AVENUE,"WARREN, MI","MACOMB, MI",42.45542684,-83.01135294,Manganese (7439-96-5),332 Fabricated Metals,332312 Fabricated Structural Metal Manufacturing,NA,"28,581.10",581.00,0.00,0.00,"28,000.10","28,581.10","342,973,200",0
BILLERUD QUINNESEC,49876CHMPNUSHIG,2024,26043950300,"5,480",46,23,42,0,18,49876,W 6791 US HWY 2,"QUINNESEC, MI","DICKINSON, MI",45.80204895,-87.95895733,Hydrogen sulfide (2148878),322 Paper,322110 Pulp Mills,BILLERUD AMERICAS CORP,"28,254.00","27,783.00",247.00,224.00,0.00,"1,764,084.00","50,857,200",0
DTE ELECTRIC CO-BELLE RIVER POWER PLANT,48054DTRTD4505K,2024,26147641000,"5,092",31,81,78,0,49,48054,4505 KING RD,"CHINA TOWNSHIP, MI","ST. CLAIR, MI",42.77569325,-82.51235737,Hydrochloric acid (acid aerosols) (7647-01-0),2211 Electric Utilities,221112 Fossil Fuel Electric Power Generation,DTE ENERGY CO,"28,000.00","28,000.00",0.00,0.00,0.00,"1,128,000.00","5,040,000",0
WAYNE DISPOSAL INC,48111WYNDS49350,2024,26163986501,"28,882",0,0,0,0,0,48111,49350 N I-94 SERVICE DR,"BELLEVILLE, MI","WAYNE, MI",42.21950635,-83.52417321,Cobalt compounds (N096),562 Hazardous Waste,562211 Hazardous Waste Treatment and Disposal,REPUBLIC SERVICES INC,"27,981.18",0.18,0.00,"27,981.00",0.00,"27,981.18","5,040,000",0
OCCIDENTAL CHEMICAL CORP,49431THDWCSOUTH,2024,26105950500,"10,712",73,44,0,0,36,49431,1600 S MADISON ST,"LUDINGTON, MI","MASON, MI",43.94053623,-86.43639678,Ammonia (7664-41-7),325 Chemicals,325180 Other Basic Inorganic Chemical Manufacturing,OCCIDENTAL PETROLEUM CORP,"27,956.00",340.00,"24,514.00","3,102.00",0.00,"27,956.00","2,380",0
ALLOY RESOURCE CORP,4944WLLYRS2281P,2024,26121000402,-,32,25,94,0,82,49442,2281 PORT CITY BLVD,"MUSKEGON, MI","MUSKEGON, MI",43.21468341,-86.19592015,Manganese (7439-96-5),331 Primary Metals,331314 Secondary Smelting and Alloying of Aluminum,PACE INDUSTRIES LLC,"27,852.71",44.37,0.00,0.00,"27,808.34","27,852.71","334,232,520",0
MAGNA ELECTRIC VEHICLE STRUCTURES,4807WMGNLC1811S,2024,26147642000,-,0,0,0,0,0,48079,1811 S RANGE RD,"SAINT CLAIR, MI","ST. CLAIR, MI",42.85263121,-82.49736313,Certain glycol ethers (N230),336 Transportation Equipment,336390 Other Motor Vehicle Parts Manufacturing,MAGNA US HOLDING INC,"27,793.00","27,158.00",0.00,0.00,635.00,"27,961.00","5,015,440",0
US ECOLOGY MICHIGAN INC.,48211DYNCL6520G,2024,26163505800,"127,120",51,65,99,76,88,48211,6520 GEORGIA ST,"DETROIT, MI","WAYNE, MI",42.39346348,-83.03317638,Nitrate compounds (water dissociable) (N511),562 Hazardous Waste,562211 Hazardous Waste Treatment and Disposal,REPUBLIC SERVICES INC,"27,440.70",0.00,0.00,0.00,"27,440.70","154,235.00","17,288",0
JBS PLAINWELL,49080MRCNC11ELE,2024,26005032100,"9,792",84,71,0,0,20,49080,11 11TH ST,"PLAINWELL, MI","ALLEGAN, MI",42.42106805,-85.64985654,Ammonia (7664-41-7),311 Food,311611 Animal (except Poultry) Slaughtering,JBS USA FOOD CO,"27,391.30","27,137.00",254.30,0.00,0.00,"102,064.30","189,959",0
PLASTIC PLATE INC. - KRAFT PLATER,4951WPLSTC5675K,2024,26081012203,"9,692",44,55,41,0,12,49512,5675 KRAFT AVE,"KENTWOOD, MI","KENT, MI",42.8607181,-85.5279897,Nitrate compounds (water dissociable) (N511),332 Fabricated Metals,"332813 Electroplating, Plating, Polishing, Anodizing, and Coloring",LACKS ENTERPRISES INC,"27,272.10",0.00,0.00,0.00,"27,272.10","272,721.00","17,181",0
WEYERHAEUSER NR CO,49738WYRHS4111E,2024,26039960500,535,87,73,61,0,82,49738,4111 W FOUR MILE RD,"GRAYLING, MI","CRAWFORD, MI",44.59845162,-84.69108219,Methanol (67-56-1),321 Wood Products,321219 Reconstituted Wood Product Manufacturing,WEYERHAEUSER CO,"27,123.00","27,079.00",0.00,0.00,44.00,"160,380.00","4,918",0
LOUISIANA PACIFIC CORPORATION-NEWBERRY,49868LSNPC461MI,2024,26095960100,"3,224",22,42,95,0,54,49868,7299 N C.R. 403,"NEWBERRY, MI","LUCE, MI",46.33664546,-85.48893064,Diisocyanates (N120),321 Wood Products,321219 Reconstituted Wood Product Manufacturing,LOUISIANA PACIFIC CORP,"27,074.00",422.00,0.00,0.00,"26,652.00","30,020.00","9,475,900,000",0
UNIVAR SOLUTIONS USA,48174CHMCN13395,2024,26163586300,"16,932",54,76,0,57,54,48174,13395 HURON RIVER DR,"ROMULUS, MI","WAYNE, MI",42.20712845,-83.4044377,Ethylene glycol (107-21-1),4246 Chemical Wholesalers,424690 Other Chemical and Allied Products Merchant Wholesalers,UNIVAR SOLUTIONS USA INC,"27,026.92",161.32,0.00,0.00,"26,865.60","27,026.92","237,837",1
J H CAMPBELL GENERATING PLANT,49460JHCMP17000,2024,26139022002,"2,772",34,62,82,0,47,49460,17000 CROSWELL ST,"WEST OLIVE, MI","OTTAWA, MI",42.92085153,-86.20634501,Chromium compounds (N090),2211 Electric Utilities,221112 Fossil Fuel Electric Power Generation,CMS ENERGY,"26,974.00",48.00,0.00,"26,926.00",0.00,"26,974.00","1,861,563,600",0
ST MARYS CEMENT U.S. LLC,49720MDSCMBELLS,2024,26029000400,"3,587",37,95,51,57,37,49720,16000 BELLS BAY RD,"CHARLEVOIX, MI","CHARLEVOIX, MI",45.30794109,-85.30779401,Acetaldehyde (75-07-0),327 Nonmetallic Mineral Product,327310 Cement Manufacturing,VCNA PRAIRIE LLC,"26,910.00","26,910.00",0.00,0.00,0.00,"26,910.00","212,589,000",0
EQ DETROIT INC,48211SLCTY1923F,2024,26163519100,"124,295",0,83,90,0,83,48211,1923 FREDERICK ST,"DETROIT, MI","WAYNE, MI",42.36602042,-83.04737998,Certain glycol ethers (N230),999 Other,562998 All Other Miscellaneous Waste Management Services,REPUBLIC SERVICES INC,"26,780.45",0.26,0.00,0.00,"26,780.19","26,780.45","5,356,085",0
THE DOW CHEMICAL CO,48667THDWCMICHI,2024,26111290600,"25,530",74,14,85,0,68,48667,1790 BUILDING,"MIDLAND, MI","MIDLAND, MI",43.6095201,-84.2393991,Methanol (67-56-1),325 Chemicals,325211 Plastics Material and Resin Manufacturing,DOW INC,"26,603.00","26,600.00",0.00,0.00,3.00,"8,156,086.00","4,791",0
DAIRY FARMERS OF AMERICA INC.,4872WDRYFRDIVIS,2024,26157000100,"3,598",44,76,89,0,59,48726,4105 NORTH DIV ST,"CASS CITY, MI","TUSCOLA, MI",43.59002008,-83.1802758,Nitrate compounds (water dissociable) (N511),311 Food,"311514 Dry, Condensed, and Evaporated Dairy Product Manufacturing",DAIRY FARMERS OF AMERICA INC,"26,547.00",0.00,"26,547.00",0.00,0.00,"47,972.00","16,725",0
HEMLOCK SEMICONDUCTOR OPERATIONS LLC,48626HMLCK12334,2024,26145012002,"4,294",28,58,32,0,25,48626,12334 GEDDES RD,"HEMLOCK, MI","SAGINAW, MI",43.43100582,-84.16054841,Nitrate compounds (water dissociable) (N511),327 Nonmetallic Mineral Product,327992 Ground or Treated Mineral and Earth Manufacturing,CORNING INC,"26,449.40",0.00,0.00,0.00,"26,449.40","264,494.00","16,663",0
HOLCIM (US) INC,49707LFRGCFORDA,2024,26007000400,"9,674",21,43,61,75,47,49707,1435 FORD AVE,"ALPENA, MI","ALPENA, MI",45.06479492,-83.4264411,Benzene (71-43-2),327 Nonmetallic Mineral Product,327310 Cement Manufacturing,HOLCIM PARTICIPATIONS (US) INC,"26,426.13","26,426.13",0.00,0.00,0.00,"26,426.13","739,931,640",0
HOLCIM (US) INC,49707LFRGCFORDA,2024,26007000400,"9,674",21,43,61,75,47,49707,1435 FORD AVE,"ALPENA, MI","ALPENA, MI",45.06479492,-83.4264411,Zinc compounds (N982),327 Nonmetallic Mineral Product,327310 Cement Manufacturing,HOLCIM PARTICIPATIONS (US) INC,"26,371.94","1,036.94",0.00,"25,335.00",0.00,"26,371.94","187,300",0
WAYNE DISPOSAL INC,48111WYNDS49350,2024,26163986501,"28,882",0,0,0,0,0,48111,49350 N I-94 SERVICE DR,"BELLEVILLE, MI","WAYNE, MI",42.21950635,-83.52417321,Aluminum (fume or dust) (7429-90-5),562 Hazardous Waste,562211 Hazardous Waste Treatment and Disposal,REPUBLIC SERVICES INC,"26,360.21",0.21,0.00,"26,360.00",0.00,"26,360.21","26,507",0
HOLCIM (US) INC,49707LFRGCFORDA,2024,26007000400,"9,674",21,43,61,75,47,49707,1435 FORD AVE,"ALPENA, MI","ALPENA, MI",45.06479492,-83.4264411,Lead compounds (N420),327 Nonmetallic Mineral Product,327310 Cement Manufacturing,HOLCIM PARTICIPATIONS (US) INC,"26,163.39",110.39,0.00,"26,053.00",0.00,"26,163.39","471,492,970",0
INTERTAPE POLYMER GROUP,48040MRCNT317KE,2024,26147637300,"12,121",35,36,42,83,58,48040,317 KENDALL AVE,"MARYSVILLE, MI","ST. CLAIR, MI",42.88498842,-82.48264865,Zinc compounds (N982),322 Paper,322220 Paper Bag and Coated Treated Paper Manufacturing,INTERTAPE POLYMER GROUP,"26,014.00",139.00,0.00,0.00,"25,875.00","26,014.00","2,601,400",0
MAGNA ELECTRIC VEHICLE STRUCTURES,4807WMGNLC1811S,2024,26147642000,-,0,0,0,0,0,48079,1811 S RANGE RD,"SAINT CLAIR, MI","ST. CLAIR, MI",42.85263121,-82.49736313,Diisocyanates (N120),336 Transportation Equipment,336390 Other Motor Vehicle Parts Manufacturing,MAGNA US HOLDING INC,"25,712.00",34.00,0.00,0.00,"25,678.00","25,712.00","8,999,200,000",0
GENERAL MOTORS LANSING DELTA TOWNSHIP,48917GNRLM85REL,2024,26045020302,"10,044",63,24,60,0,0,48917,8175 MILLETT HWY,"LANSING, MI","EATON, MI",42.69753322,-84.67379564,Zinc compounds (N982),336 Transportation Equipment,336110 Automobile and Light Duty Motor Vehicle Manufacturing,GENERAL MOTORS LLC,"25,626.70",265.00,0.00,0.00,"25,361.70","25,648.00","2,508,381",0
CYTEC ENGINEERED MATERIALS,4900WCYTCN3115M,2024,26077001801,"46,374",79,14,29,0,50,49001,3115 MILLER RD,"KALAMAZOO, MI","KALAMAZOO, MI",42.26688896,-85.54115182,Methanol (67-56-1),325 Chemicals,325211 Plastics Material and Resin Manufacturing,SYENSQO HOLDING INC,"25,610.00","2,246.00",0.00,0.00,"23,364.00","294,296.00","23,768",0
L.E. JONES CO LLC,49858LJNSC12003,2024,26109960700,"17,368",52,60,84,0,41,49858,1200 34TH ST,"MENOMINEE, MI","MENOMINEE, MI",45.12976129,-87.61732255,Chromium (7440-47-3),331 Primary Metals,331529 Other Nonferrous Metal Foundries (except Die-Casting),L E JONES INTERNATIONAL CO LLC,"25,337.66",2.80,0.58,0.00,"25,334.28","25,337.66","80,991,997,381",0
US ARMY NATIONAL GUARD CAMP GRAYLING JMTC NORTH RANGES,4973WCMPGRPSTHE,2024,26039960500,416,39,71,65,0,61,49739,POST HEADQUARTERS OPERATIONS BUILDING 4,"CAMP GRAYLING, MI","CRAWFORD, MI",44.618633,-84.780349,Copper (7440-50-8),999 Other,928110 National Security,US DEPARTMENT OF DEFENSE,"25,215.00",0.00,0.00,"25,215.00",0.00,"25,215.00","37,822,500",0
MARATHON PETROLEUM CO LP - MICHIGAN REFINING DIV,48217MRTHN1300S,2024,26163524500,"94,854",0,35,0,0,0,48217,1300 S FORT ST HES DEPT,"DETROIT, MI","WAYNE, MI",42.28071629,-83.15192609,Propylene (115-07-1),324 Petroleum Products,324110 Petroleum Refineries,MARATHON PETROLEUM CORP,"25,107.00","25,107.00",0.00,0.00,0.00,"15,126,526.00","30,128",0
CANNON-MUSKEGON,49441CNNNM2875L,2024,26121002300,"30,364",36,66,25,0,28,49441,2875 LINCOLN ST,"MUSKEGON, MI","MUSKEGON, MI",43.20068611,-86.30332148,Chromium (7440-47-3),331 Primary Metals,331513 Steel Foundries (except Investment),BERKSHIRE HATHAWAY INC,"25,081.00",70.00,180.00,0.00,"24,831.00","2,309,120.00","47,778,875,700",0
EAGLE MINE,4986WRTNTG651TR,2024,26103002902,1,21,94,27,0,14,49861,6510 TRIPLE A ROAD,"MICHIGAMME, MI","MARQUETTE, MI",46.75585598,-87.91306037,Lead compounds (N420),2122 Metal Mining,"212230 Copper, Nickel, Lead, and Zinc Mining",EAGLE MINE LLC,"25,018.25",10.42,0.00,"25,000.23",7.60,"25,018.25","450,418,600",0
L.E. JONES CO LLC,49858LJNSC12003,2024,26109960700,"17,368",52,60,84,0,41,49858,1200 34TH ST,"MENOMINEE, MI","MENOMINEE, MI",45.12976129,-87.61732255,Cobalt (7440-48-4),331 Primary Metals,331529 Other Nonferrous Metal Foundries (except Die-Casting),L E JONES INTERNATIONAL CO LLC,"24,819.88",2.10,0.00,0.00,"24,817.77","24,819.88","694,153,180,000",0
ARAUCO NA GRAYLING PARTICLEBOARD,4973WRCNGR5851A,2024,26039960300,"1,923",0,57,32,0,0,49738,5851 ARAUCO RD.,"GRAYLING, MI","CRAWFORD, MI",44.60422283,-84.68076456,Propionaldehyde (123-38-6),321 Wood Products,321219 Reconstituted Wood Product Manufacturing,ARAUCO NORTH AMERICA INC,"24,478.00","24,478.00",0.00,0.00,0.00,"28,437.00","10,770,320",0
EQ DETROIT INC,48211SLCTY1923F,2024,26163519100,"124,295",0,83,90,0,83,48211,1923 FREDERICK ST,"DETROIT, MI","WAYNE, MI",42.36602042,-83.04737998,Nickel compounds (N495),999 Other,562998 All Other Miscellaneous Waste Management Services,REPUBLIC SERVICES INC,"24,279.09",2.73,0.00,0.00,"24,276.36","24,279.09","22,573,537,189",0
COOPER HEAT TREATING LLC,48234WDWRT20251,2024,26163506100,"142,151",51,39,95,0,66,48234,20251 SHERWOOD,"DETROIT, MI","WAYNE, MI",42.44525635,-83.03450323,Ammonia (7664-41-7),332 Fabricated Metals,332811 Metal Heat Treating,NA,"24,000.00","24,000.00",0.00,0.00,0.00,"24,000.00","168,000",0
FORD MOTOR CO MICHIGAN ASSEMBLY PLANT,48184FRDMT38303,2024,26163566700,"67,978",14,15,80,62,67,48184,38303 MICHIGAN AVE,"WAYNE, MI","WAYNE, MI",42.27796988,-83.41395208,"1,2,4-Trimethylbenzene (95-63-6)",336 Transportation Equipment,336110 Automobile and Light Duty Motor Vehicle Manufacturing,FORD MOTOR CO,"23,700.00","23,700.00",0.00,0.00,0.00,"296,441.00","1,374,600",0
THE DOW CHEMICAL CO,48667THDWCMICHI,2024,26111290600,"25,530",74,14,85,0,68,48667,1790 BUILDING,"MIDLAND, MI","MIDLAND, MI",43.6095201,-84.2393991,Toluene (108-88-3),325 Chemicals,325211 Plastics Material and Resin Manufacturing,DOW INC,"23,564.00","23,500.00",21.00,0.00,43.00,"24,363,886.00","17,282",0
DEPOR INDUSTRIES,48315MRGNC14830,2024,26099226700,"71,501",0,0,0,0,0,48315,14830 23 MILE RD,"UTICA, MI","MACOMB, MI",42.67118863,-82.97810125,Zinc compounds (N982),332 Fabricated Metals,"332812 Metal Coating, Engraving (except Jewelry and Silverware), and Allied Services to Manufactur..",THE MAGNI GROUP INC,"23,497.02",0.00,0.00,0.00,"23,497.02","23,497.02","2,349,217",0
VENTRA FOWLERVILLE LLC,48836MRDNT8887W,2024,26093722300,"7,666",67,49,65,0,68,48836,8887 W GRAND RIVER AVE,"FOWLERVILLE, MI","LIVINGSTON, MI",42.66097968,-84.08910291,n-Butyl alcohol (71-36-3),336 Transportation Equipment,336390 Other Motor Vehicle Parts Manufacturing,K2TR FAMILY HOLDINGS 2 CORP,"23,436.00","23,436.00",0.00,0.00,0.00,"70,528.00","234,360",0
VENTRA FOWLERVILLE LLC,48836MRDNT8887W,2024,26093722300,"7,666",67,49,65,0,68,48836,8887 W GRAND RIVER AVE,"FOWLERVILLE, MI","LIVINGSTON, MI",42.66097968,-84.08910291,"1,2,4-Trimethylbenzene (95-63-6)",336 Transportation Equipment,336390 Other Motor Vehicle Parts Manufacturing,K2TR FAMILY HOLDINGS 2 CORP,"23,341.00","23,341.00",0.00,0.00,0.00,"69,400.00","1,353,778",0
FCA US JEFFERSON NORTH ASSEMBLY PLANT,48215CHRYL2101C,2024,26163985200,"102,064",0,0,0,0,0,48215,2101 CONNOR AVE,"DETROIT, MI","WAYNE, MI",42.37535016,-82.96247701,Nickel compounds (N495),336 Transportation Equipment,336110 Automobile and Light Duty Motor Vehicle Manufacturing,FCA US LLC,"23,192.60",2.60,0.00,0.00,"23,190.00","23,302.60","19,625,608,190",0
CANNON-MUSKEGON,49441CNNNM2875L,2024,26121002300,"30,364",36,66,25,0,28,49441,2875 LINCOLN ST,"MUSKEGON, MI","MUSKEGON, MI",43.20068611,-86.30332148,Cobalt (7440-48-4),331 Primary Metals,331513 Steel Foundries (except Investment),BERKSHIRE HATHAWAY INC,"22,922.00",64.00,164.00,0.00,"22,694.00","3,168,244.00","637,028,000,000",0
EQ DETROIT INC,48211SLCTY1923F,2024,26163519100,"124,295",0,83,90,0,83,48211,1923 FREDERICK ST,"DETROIT, MI","WAYNE, MI",42.36602042,-83.04737998,Copper compounds (N100),999 Other,562998 All Other Miscellaneous Waste Management Services,REPUBLIC SERVICES INC,"22,644.57",0.03,0.00,0.00,"22,644.54","22,644.57","33,966,855",0
EES COKE BATTERY LLC,48218SCKBT14ZUG,2024,26163985600,"69,556",0,0,0,0,0,48218,1400 ZUG ISLAND,"RIVER ROUGE, MI","WAYNE, MI",42.28876642,-83.11282517,Ammonia (7664-41-7),324 Petroleum Products,324199 All Other Petroleum and Coal Products Manufacturing,DTE ENERGY CO,"22,430.00","21,500.00",0.00,0.00,930.00,"24,330.00","150,500",0
FORD MOTOR CO MICHIGAN ASSEMBLY PLANT,48184FRDMT38303,2024,26163566700,"67,978",14,15,80,62,67,48184,38303 MICHIGAN AVE,"WAYNE, MI","WAYNE, MI",42.27796988,-83.41395208,Zinc compounds (N982),336 Transportation Equipment,336110 Automobile and Light Duty Motor Vehicle Manufacturing,FORD MOTOR CO,"22,222.00",22.00,0.00,0.00,"22,200.00","22,222.00","2,202,860",0
LACKS TRIM SYSTEMS-AIRLANE,49508LCKSN4260A,2024,26081012608,"45,423",76,63,33,57,68,49512,4260 AIRLANE SE,"KENTWOOD, MI","KENT, MI",42.88619695,-85.57530451,Nitrate compounds (water dissociable) (N511),332 Fabricated Metals,"332813 Electroplating, Plating, Polishing, Anodizing, and Coloring",LACKS ENTERPRISES INC,"22,220.80",0.00,0.00,0.00,"22,220.80","222,208.00","13,999",0
CADILLAC PLATING CORP,48089CDLLC23849,2024,26099268300,"145,326",98,31,99,0,97,48089,23849 GROESBECK HWY,"WARREN, MI","MACOMB, MI",42.47039734,-82.98678893,Zinc compounds (N982),332 Fabricated Metals,"332813 Electroplating, Plating, Polishing, Anodizing, and Coloring",NA,"22,188.00",10.00,0.00,0.00,"22,178.00","22,188.00","2,217,253",0
CLEVELAND-CLIFFS STEEL CORP DEARBORN WORKS,48121RGSTL3001M,2024,26163985700,"119,381",0,0,0,0,0,48120,4001 MILLER RD,"DEARBORN, MI","WAYNE, MI",42.31635335,-83.1621121,Nickel compounds (N495),331 Primary Metals,331110 Iron and Steel Mills and Ferroalloy Manufacturing,CLEVELAND-CLIFFS INC,"22,135.05",144.00,457.40,0.00,"21,533.65","22,369.67","20,160,256,123",0
DTE ELECTRIC CO-BELLE RIVER POWER PLANT,48054DTRTD4505K,2024,26147641000,"5,092",31,81,78,0,49,48054,4505 KING RD,"CHINA TOWNSHIP, MI","ST. CLAIR, MI",42.77569325,-82.51235737,Sulfuric acid (acid aerosols) (7664-93-9),2211 Electric Utilities,221112 Fossil Fuel Electric Power Generation,DTE ENERGY CO,"22,000.00","22,000.00",0.00,0.00,0.00,"93,000.00","77,000,000",0
GM TRUCK GROUP FLINT ASSEMBLY PLANT,48551GMCTRG3100,2024,26049980000,"51,226",0,0,0,0,0,48551,G-3100 VAN SLYKE RD,"FLINT, MI","GENESEE, MI",42.96697513,-83.71257194,Zinc (fume or dust) (7440-66-6),336 Transportation Equipment,336110 Automobile and Light Duty Motor Vehicle Manufacturing,GENERAL MOTORS LLC,"21,820.00",820.00,0.00,0.00,"21,000.00","97,820.00","2,182,000",0
WAYNE DISPOSAL INC,48111WYNDS49350,2024,26163986501,"28,882",0,0,0,0,0,48111,49350 N I-94 SERVICE DR,"BELLEVILLE, MI","WAYNE, MI",42.21950635,-83.52417321,Ethylene glycol (107-21-1),562 Hazardous Waste,562211 Hazardous Waste Treatment and Disposal,REPUBLIC SERVICES INC,"21,809.17",0.17,0.00,"21,809.00",0.00,"21,809.34","10,906",0
BILLERUD ESCANABA LLC,49829MDPBLCOUNT,2024,26041970400,"5,730",46,91,58,0,34,49829,7100 COUNTY RD 426,"ESCANABA, MI","DELTA, MI",45.8032763,-87.09536725,Phenol (108-95-2),322 Paper,322120 Paper Mills,BILLERUD AMERICAS CORP,"21,528.50","21,527.00",0.01,1.49,0.00,"26,245.50","387,491",0
PHARMACIA & UPJOHN CO LLC A SUBSIDIARY OF PFIZER INC,49001THPJH7171P,2024,26077001905,"31,983",66,12,0,69,34,49002,7171 PORTAGE RD,"PORTAGE, MI","KALAMAZOO, MI",42.21133108,-85.55988021,Dichloromethane (75-09-2),325 Chemicals,325412 Pharmaceutical Preparation Manufacturing,PFIZER INC,"21,312.00","2,270.00",740.00,"18,000.00",302.00,"5,364,290.00","38,165,720",0
GMVM-LANSING GRAND RIVER ASSEMBLY,48921GMCGL920TO,2024,26065980200,"92,043",0,0,0,0,0,48933,920 TOWNSEND ST MAIL CODE: 489-066-600,"LANSING, MI","INGHAM, MI",42.72375252,-84.55561088,Certain glycol ethers (N230),336 Transportation Equipment,336110 Automobile and Light Duty Motor Vehicle Manufacturing,GENERAL MOTORS LLC,"21,000.00","21,000.00",0.00,0.00,0.00,"28,360.00","3,780,000",0
US ECOLOGY MICHIGAN INC.,48211DYNCL6520G,2024,26163505800,"127,120",51,65,99,76,88,48211,6520 GEORGIA ST,"DETROIT, MI","WAYNE, MI",42.39346348,-83.03317638,Nickel compounds (N495),562 Hazardous Waste,562211 Hazardous Waste Treatment and Disposal,REPUBLIC SERVICES INC,"20,894.96",0.00,0.00,0.00,"20,894.96","20,894.96","19,423,050,906",0
GENTEX CORP AUTOMOTIVE DIV,49464GNTXC600NC,2024,26139022900,"23,339",19,75,0,0,45,49464,600 N CENTENNIAL ST,"ZEELAND, MI","OTTAWA, MI",42.82681661,-86.01220917,Toluene (108-88-3),336 Transportation Equipment,336390 Other Motor Vehicle Parts Manufacturing,GENTEX CORP,"20,868.26",489.85,0.00,0.00,"20,378.41","20,868.26","265,262",0
REPUBLIC INDUSTRIAL & ENERGY SOLUTIONS LLC,4817WRPBLC2847C,2024,26163585500,"54,199",57,20,64,0,51,48174,28470 CITRIN DR,"ROMULUS, MI","WAYNE, MI",42.24413692,-83.31844219,Zinc compounds (N982),562 Hazardous Waste,562211 Hazardous Waste Treatment and Disposal,REPUBLIC SERVICES INC,"20,699.00",0.00,157.00,"20,542.00",0.00,"20,699.00","68,307",0
PIONEER METAL FINISHING LLC,48162PNRMT525TE,2024,26115831700,"31,648",98,6,94,0,40,48162,525 TERNES DR,"MONROE, MI","MONROE, MI",41.9172494,-83.36662573,Nitrate compounds (water dissociable) (N511),332 Fabricated Metals,"332813 Electroplating, Plating, Polishing, Anodizing, and Coloring",PIONEER METAL FINISHING LLC,"20,685.00",0.00,0.00,0.00,"20,685.00","206,851.00","13,032",0
FCA US STERLING HEIGHTS ASSEMBLY PLANT,48077STRLN38111,2024,26099231200,"94,944",17,19,0,82,54,48312,38111 VAN DYKE,"STERLING HEIGHTS, MI","MACOMB, MI",42.57039424,-83.03013673,Certain glycol ethers (N230),336 Transportation Equipment,336110 Automobile and Light Duty Motor Vehicle Manufacturing,FCA US LLC,"20,658.62","13,870.24",0.00,0.00,"6,788.38","21,668.07","3,854,319",0
THE DOW CHEMICAL CO,48667THDWCMICHI,2024,26111290600,"25,530",74,14,85,0,68,48667,1790 BUILDING,"MIDLAND, MI","MIDLAND, MI",43.6095201,-84.2393991,Chromium compounds (N090),325 Chemicals,325211 Plastics Material and Resin Manufacturing,DOW INC,"20,642.00",2.00,640.00,"20,000.00",0.00,"20,642.00","1,938,272,000",0
GENTEX CORP AUTOMOTIVE DIV,49464GNTXC600NC,2024,26139022900,"23,339",19,75,0,0,45,49464,600 N CENTENNIAL ST,"ZEELAND, MI","OTTAWA, MI",42.82681661,-86.01220917,"N,N-Dimethylformamide (68-12-2)",336 Transportation Equipment,336390 Other Motor Vehicle Parts Manufacturing,GENTEX CORP,"20,458.93",219.21,0.00,0.00,"20,239.72","20,458.93","2,455,072",0
MICHIGAN MILK PRODUCERS ASSOC,49042MCHGN125DE,2024,26149041101,"3,887",38,54,63,0,79,49042,125 DEPOT ST,"CONSTANTINE, MI","ST JOSEPH, MI",41.8436248,-85.66511974,Nitrate compounds (water dissociable) (N511),311 Food,"311514 Dry, Condensed, and Evaporated Dairy Product Manufacturing",MICHIGAN MILK PRODUCERS ASSOC,"20,412.00",0.00,0.00,0.00,"20,412.00","204,120.00","12,860",0
LOUISIANA-PACIFIC SAGOLA OSB,49881LSNPCHWYM9,2024,26043950100,159,65,88,68,0,53,49811,N8504 M-95,"SAGOLA, MI","DICKINSON, MI",46.01199111,-88.06104416,Formaldehyde (50-00-0),321 Wood Products,321219 Reconstituted Wood Product Manufacturing,LOUISIANA PACIFIC CORP,"20,317.00","20,317.00",0.00,0.00,0.00,"67,359.00","792,363,000",0
HOLCIM (US) INC,49707LFRGCFORDA,2024,26007000400,"9,674",21,43,61,75,47,49707,1435 FORD AVE,"ALPENA, MI","ALPENA, MI",45.06479492,-83.4264411,Nickel compounds (N495),327 Nonmetallic Mineral Product,327310 Cement Manufacturing,HOLCIM PARTICIPATIONS (US) INC,"20,268.28",575.28,0.00,"19,693.00",0.00,"20,268.28","536,802,463",0
BILLERUD QUINNESEC,49876CHMPNUSHIG,2024,26043950300,"5,480",46,23,42,0,18,49876,W 6791 US HWY 2,"QUINNESEC, MI","DICKINSON, MI",45.80204895,-87.95895733,Zinc compounds (N982),322 Paper,322110 Pulp Mills,BILLERUD AMERICAS CORP,"20,227.10",184.50,709.40,"19,333.20",0.00,"20,227.10","84,591",0
THE DOW CHEMICAL CO,48667THDWCMICHI,2024,26111290600,"25,530",74,14,85,0,68,48667,1790 BUILDING,"MIDLAND, MI","MIDLAND, MI",43.6095201,-84.2393991,Hydrochloric acid (acid aerosols) (7647-01-0),325 Chemicals,325211 Plastics Material and Resin Manufacturing,DOW INC,"20,000.00","20,000.00",0.00,0.00,0.00,"3,120,000.00","3,600,000",0
J H CAMPBELL GENERATING PLANT,49460JHCMP17000,2024,26139022002,"2,772",34,62,82,0,47,49460,17000 CROSWELL ST,"WEST OLIVE, MI","OTTAWA, MI",42.92085153,-86.20634501,Hydrogen fluoride (7664-39-3),2211 Electric Utilities,221112 Fossil Fuel Electric Power Generation,CMS ENERGY,"19,969.00","19,969.00",0.00,0.00,0.00,"431,445.00","4,992,250",0
SUPER STEEL TREATING CO,48091SPRST6227R,2024,26099262500,"118,546",56,88,76,64,85,48091,6227 RINKE,"WARREN, MI","MACOMB, MI",42.47392802,-83.04101401,Nitrate compounds (water dissociable) (N511),332 Fabricated Metals,332811 Metal Heat Treating,NA,"19,870.64",0.00,0.00,0.00,"19,870.64","19,870.64","12,519",0
MWC MICHIGAN LLC.,4887WMWCLL164TE,2024,26037010901,"9,294",38,63,23,0,55,48879,1640 TECHNICAL DR,"SAINT JOHNS, MI","CLINTON, MI",43.0209765,-84.55437296,Ammonia (7664-41-7),311 Food,311513 Cheese Manufacturing,NA,"19,732.00","12,718.00","7,014.00",0.00,0.00,"19,732.00","89,026",0
FLAT ROCK METAL INC.,48134FLTRC26601,2024,26163599001,"28,902",0,77,72,0,56,48134,26601 W HURON RIVER DR,"FLAT ROCK, MI","WAYNE, MI",42.10026678,-83.29479309,Nitrate compounds (water dissociable) (N511),331 Primary Metals,331221 Rolled Steel Shape Manufacturing,NA,"19,641.60",0.00,0.00,0.00,"19,641.60","199,673.00","12,374",0
DTE ELECTRIC CO - MONROE POWER PLANT,48161DTRTD3500E,2024,26115831800,"5,963",0,0,0,0,0,48161,3500 E FRONT ST,"MONROE, MI","MONROE, MI",41.89241917,-83.35195721,Arsenic compounds (N020),2211 Electric Utilities,221112 Fossil Fuel Electric Power Generation,DTE ENERGY CO,"19,520.00",100.00,420.00,0.00,"19,000.00","19,520.00","622,940,000,000",0
J H CAMPBELL GENERATING PLANT,49460JHCMP17000,2024,26139022002,"2,772",34,62,82,0,47,49460,17000 CROSWELL ST,"WEST OLIVE, MI","OTTAWA, MI",42.92085153,-86.20634501,Nickel compounds (N495),2211 Electric Utilities,221112 Fossil Fuel Electric Power Generation,CMS ENERGY,"19,438.00",64.00,0.00,"19,374.00",0.00,"19,438.00","61,283,034",0
HENKEL US OPERATIONS CORP,48091MCHMP23343,2024,26099263200,"125,648",28,38,82,0,67,48091,23343 SHERWOOD AVE,"WARREN, MI","MACOMB, MI",42.46588693,-83.03550307,Chromium compounds (N090),325 Chemicals,325998 All Other Miscellaneous Chemical Product and Preparation Manufacturing,HENKEL OF AMERICA INC,"19,060.02",154.00,0.00,0.00,"18,906.02","21,081.02","304,816,608,850",0
WAYNE DISPOSAL INC,48111WYNDS49350,2024,26163986501,"28,882",0,0,0,0,0,48111,49350 N I-94 SERVICE DR,"BELLEVILLE, MI","WAYNE, MI",42.21950635,-83.52417321,Polycyclic aromatic compounds (N590),562 Hazardous Waste,562211 Hazardous Waste Treatment and Disposal,REPUBLIC SERVICES INC,"19,018.66",5.66,0.00,"19,013.00",0.00,"19,023.96","3,424,547,400",0
ESSEX SPECIALTY PRODUCTS LLC - HILLSDALE SITE,49242SSXSP190UR,2024,26059050500,"9,677",58,58,86,0,77,49242,190 URAN ST,"HILLSDALE, MI","HILLSDALE, MI",41.93728734,-84.65038344,Diisocyanates (N120),325 Chemicals,325520 Adhesive Manufacturing,DUPONT DE NEMOURS INC,"18,965.00",0.00,0.00,0.00,"18,965.00","20,770.00","6,637,750,000",0
WAYNE DISPOSAL INC,48111WYNDS49350,2024,26163986501,"28,882",0,0,0,0,0,48111,49350 N I-94 SERVICE DR,"BELLEVILLE, MI","WAYNE, MI",42.21950635,-83.52417321,Certain glycol ethers (N230),562 Hazardous Waste,562211 Hazardous Waste Treatment and Disposal,REPUBLIC SERVICES INC,"18,632.15",0.15,0.00,"18,632.00",0.00,"18,632.15","3,726,427",0
EAGLE MINE,4986WRTNTG651TR,2024,26103002902,1,21,94,27,0,14,49861,6510 TRIPLE A ROAD,"MICHIGAMME, MI","MARQUETTE, MI",46.75585598,-87.91306037,Cobalt compounds (N096),2122 Metal Mining,"212230 Copper, Nickel, Lead, and Zinc Mining",EAGLE MINE LLC,"18,048.28",0.78,0.00,"18,003.50",44.00,"18,048.28","1,253,840,000",0
MARATHON PETROLEUM CO LP - MICHIGAN REFINING DIV,48217MRTHN1300S,2024,26163524500,"94,854",0,35,0,0,0,48217,1300 S FORT ST HES DEPT,"DETROIT, MI","WAYNE, MI",42.28071629,-83.15192609,Ammonia (7664-41-7),324 Petroleum Products,324110 Petroleum Refineries,MARATHON PETROLEUM CORP,"18,039.11","18,039.00",0.00,0.00,0.11,"1,978,187.28","126,273",0
HENKEL US OPERATIONS CORP,48091MCHMP23343,2024,26099263200,"125,648",28,38,82,0,67,48091,23343 SHERWOOD AVE,"WARREN, MI","MACOMB, MI",42.46588693,-83.03550307,Nickel compounds (N495),325 Chemicals,325998 All Other Miscellaneous Chemical Product and Preparation Manufacturing,HENKEL OF AMERICA INC,"18,030.00",265.00,0.00,0.00,"17,765.00","20,153.00","16,715,825,096",0
EES COKE BATTERY LLC,48218SCKBT14ZUG,2024,26163985600,"69,556",0,0,0,0,0,48218,1400 ZUG ISLAND,"RIVER ROUGE, MI","WAYNE, MI",42.28876642,-83.11282517,Ethylene glycol (107-21-1),324 Petroleum Products,324199 All Other Petroleum and Coal Products Manufacturing,DTE ENERGY CO,"18,000.00","18,000.00",0.00,0.00,0.00,"18,000.00","158,400",0
ORCHID ORTHOPEDIC SOLUTIONS LLC,4884WRCHDR3982H,2024,26065005502,-,73,39,86,0,53,48842,3978 HOLT RD,"HOLT, MI","INGHAM, MI",42.64028791,-84.50266793,Nickel (7440-02-0),339 Miscellaneous Manufacturing,339113 Surgical Appliance and Supplies Manufacturing,ORCHID ORTHOPEDIC SOLUTIONS LLC,"17,914.00",10.00,0.00,0.00,"17,904.00","26,147.00","16,660,020,000",0
FCA US JEFFERSON NORTH ASSEMBLY PLANT,48215CHRYL2101C,2024,26163985200,"102,064",0,0,0,0,0,48215,2101 CONNOR AVE,"DETROIT, MI","WAYNE, MI",42.37535016,-82.96247701,Xylene (mixed isomers) (1330-20-7),336 Transportation Equipment,336110 Automobile and Light Duty Motor Vehicle Manufacturing,FCA US LLC,"17,870.00","17,700.00",0.00,0.00,170.00,"312,780.00","625,450",0
US ECOLOGY MICHIGAN INC.,48211DYNCL6520G,2024,26163505800,"127,120",51,65,99,76,88,48211,6520 GEORGIA ST,"DETROIT, MI","WAYNE, MI",42.39346348,-83.03317638,Copper (7440-50-8),562 Hazardous Waste,562211 Hazardous Waste Treatment and Disposal,REPUBLIC SERVICES INC,"17,801.95",0.00,0.00,0.00,"17,801.95","17,801.95","26,702,922",0
US ECOLOGY MICHIGAN INC.,48211DYNCL6520G,2024,26163505800,"127,120",51,65,99,76,88,48211,6520 GEORGIA ST,"DETROIT, MI","WAYNE, MI",42.39346348,-83.03317638,Manganese (7439-96-5),562 Hazardous Waste,562211 Hazardous Waste Treatment and Disposal,REPUBLIC SERVICES INC,"17,740.40",0.00,0.00,0.00,"17,740.40","17,740.40","212,844,024",0
CALUMET ELECTRONICS CORP,49913CLMTL25830,2024,26061000300,"6,880",67,86,87,58,32,49913,25830 DEPOT ST,"CALUMET, MI","HOUGHTON, MI",47.24014029,-88.44912896,Copper (7440-50-8),334 Computers and Electronic Products,334412 Bare Printed Circuit Board Manufacturing,NA,"17,700.00",0.00,0.00,0.00,"17,700.00","80,228.00","26,550,000",0
WAYNE DISPOSAL INC,48111WYNDS49350,2024,26163986501,"28,882",0,0,0,0,0,48111,49350 N I-94 SERVICE DR,"BELLEVILLE, MI","WAYNE, MI",42.21950635,-83.52417321,"1,2-Dichlorobenzene (95-50-1)",562 Hazardous Waste,562211 Hazardous Waste Treatment and Disposal,REPUBLIC SERVICES INC,"17,392.02",0.02,0.00,"17,392.00",0.00,"17,392.02","191,312",0
GM TRUCK GROUP FLINT ASSEMBLY PLANT,48551GMCTRG3100,2024,26049980000,"51,226",0,0,0,0,0,48551,G-3100 VAN SLYKE RD,"FLINT, MI","GENESEE, MI",42.96697513,-83.71257194,Xylene (mixed isomers) (1330-20-7),336 Transportation Equipment,336110 Automobile and Light Duty Motor Vehicle Manufacturing,GENERAL MOTORS LLC,"17,200.00","17,200.00",0.00,0.00,0.00,"161,890.00","602,000",0
BILLERUD ESCANABA LLC,49829MDPBLCOUNT,2024,26041970400,"5,730",46,91,58,0,34,49829,7100 COUNTY RD 426,"ESCANABA, MI","DELTA, MI",45.8032763,-87.09536725,Formaldehyde (50-00-0),322 Paper,322120 Paper Mills,BILLERUD AMERICAS CORP,"17,115.78","16,945.00",165.00,5.78,0.00,"39,706.78","660,855,854",0
LAPEER PLATING & PLASTICS INC.,48446DCPLT395DE,2024,26087337500,"14,131",82,58,30,0,43,48446,395 DEMILLE RD,"LAPEER, MI","LAPEER, MI",43.03934715,-83.30950954,Copper compounds (N100),332 Fabricated Metals,"332813 Electroplating, Plating, Polishing, Anodizing, and Coloring",TTOD LIQUIDATION,"17,049.00",5.00,0.00,0.00,"17,044.00","22,871.00","25,573,500",0
WEBB CHEMICAL SERVICE CORP,49444WBBCH2708J,2024,26121004300,"60,581",56,21,98,0,61,49444,2708 JARMAN,"MUSKEGON HEIGHTS, MI","MUSKEGON, MI",43.20207671,-86.23092135,Methanol (67-56-1),4246 Chemical Wholesalers,424690 Other Chemical and Allied Products Merchant Wholesalers,NA,"17,015.44","2,214.24",0.00,0.00,"14,801.20","17,029.25","15,200",0
CORTEVA AGRISCIENCE LLC - MIDLAND,4867WDWGRS71WAS,2024,26111290600,"30,090",74,14,85,0,68,48640,701 WASHINGTON ST,"MIDLAND, MI","MIDLAND, MI",43.60532757,-84.21757491,Hydrochloric acid (acid aerosols) (7647-01-0),325 Chemicals,325320 Pesticide and Other Agricultural Chemical Manufacturing,CORTEVA INC,"17,010.00","16,300.00",0.00,0.00,710.00,"8,161,111.00","3,061,800",0
EQ DETROIT INC,48211SLCTY1923F,2024,26163519100,"124,295",0,83,90,0,83,48211,1923 FREDERICK ST,"DETROIT, MI","WAYNE, MI",42.36602042,-83.04737998,Manganese compounds (N450),999 Other,562998 All Other Miscellaneous Waste Management Services,REPUBLIC SERVICES INC,"16,734.02",1.41,0.00,0.00,"16,732.61","16,734.02","200,806,561",0
EAGLE MINE LLC-HUMBOLDT MILL,4981WGLMNL4547C,2024,26103002300,417,12,90,25,0,20,49814,4547 COUNTY RD 601,"CHAMPION, MI","MARQUETTE, MI",46.48639054,-87.90779508,Lead compounds (N420),2122 Metal Mining,"212230 Copper, Nickel, Lead, and Zinc Mining",EAGLE MINE LLC,"16,703.31",0.04,1.20,"16,701.80",0.27,"16,703.31","300,661,015",0
MICHIGAN SUGAR CO-CROSW ELL FACTORY,48422MCHGN159SO,2024,26151970800,"3,931",65,51,76,0,57,48422,159 S HOWARD,"CROSWELL, MI","SANILAC, MI",43.26768413,-82.61934732,Ammonia (7664-41-7),311 Food,311313 Beet Sugar Manufacturing,MICHIGAN SUGAR CO,"16,130.00","8,300.00",130.00,"7,700.00",0.00,"16,130.00","58,100",0
MARSH PLATING CORP,48198MRSHP103NG,2024,26161410800,"62,710",16,32,88,0,40,48198,103 N GROVE,"YPSILANTI, MI","WASHTENAW, MI",42.24181001,-83.60403353,Zinc compounds (N982),332 Fabricated Metals,"332813 Electroplating, Plating, Polishing, Anodizing, and Coloring",NA,"16,071.00",225.00,0.00,0.00,"15,846.00","16,071.00","1,534,092",0
UNIVAR SOLUTIONS USA,48174CHMCN13395,2024,26163586300,"16,932",54,76,0,57,54,48174,13395 HURON RIVER DR,"ROMULUS, MI","WAYNE, MI",42.20712845,-83.4044377,Certain glycol ethers (N230),4246 Chemical Wholesalers,424690 Other Chemical and Allied Products Merchant Wholesalers,UNIVAR SOLUTIONS USA INC,"16,069.93",88.97,0.00,0.00,"15,980.96","16,069.93","3,212,207",1
WAYNE DISPOSAL INC,48111WYNDS49350,2024,26163986501,"28,882",0,0,0,0,0,48111,49350 N I-94 SERVICE DR,"BELLEVILLE, MI","WAYNE, MI",42.21950635,-83.52417321,Nitric acid (7697-37-2),562 Hazardous Waste,562211 Hazardous Waste Treatment and Disposal,REPUBLIC SERVICES INC,"16,004.13",0.13,0.00,"16,004.00",0.00,"16,004.13","4,321,115",0
DGP INC,48453DGPNC3260F,2024,26151971000,"3,403",68,59,79,0,55,48453,3260 FENNER ST,"MARLETTE, MI","SANILAC, MI",43.32340525,-83.081191,Styrene (100-42-5),326 Plastics and Rubber,326199 All Other Plastics Product Manufacturing,NA,"15,965.58","15,465.58",0.00,0.00,500.00,"15,965.58","56,630",0
GENTEX CORP AUTOMOTIVE DIV,49464GNTXC600NC,2024,26139022900,"23,339",19,75,0,0,45,49464,600 N CENTENNIAL ST,"ZEELAND, MI","OTTAWA, MI",42.82681661,-86.01220917,Methanol (67-56-1),336 Transportation Equipment,336390 Other Motor Vehicle Parts Manufacturing,GENTEX CORP,"15,830.62",143.05,0.00,0.00,"15,687.57","15,830.62","15,713",0
PACKAGING CORP OF AMERICA,49634PCKGN2245U,2024,26101000700,"8,480",42,83,67,0,64,49634,2246 UDELL ST,"FILER CITY, MI","MANISTEE, MI",44.247547,-86.318539,Formaldehyde (50-00-0),322 Paper,322120 Paper Mills,PACKAGING CORP OF AMERICA,"15,685.10","14,727.10",956.00,0.00,2.00,"192,917.10","574,439,680",0
VENTRA FOWLERVILLE LLC,48836MRDNT8887W,2024,26093722300,"7,666",67,49,65,0,68,48836,8887 W GRAND RIVER AVE,"FOWLERVILLE, MI","LIVINGSTON, MI",42.66097968,-84.08910291,Methyl isobutyl ketone (108-10-1),336 Transportation Equipment,336390 Other Motor Vehicle Parts Manufacturing,K2TR FAMILY HOLDINGS 2 CORP,"15,535.00","15,535.00",0.00,0.00,0.00,"46,302.00","18,642",0
UNIVAR SOLUTIONS USA,48174CHMCN13395,2024,26163586300,"16,932",54,76,0,57,54,48174,13395 HURON RIVER DR,"ROMULUS, MI","WAYNE, MI",42.20712845,-83.4044377,Toluene (108-88-3),4246 Chemical Wholesalers,424690 Other Chemical and Allied Products Merchant Wholesalers,UNIVAR SOLUTIONS USA INC,"15,404.37",250.87,0.00,0.00,"15,153.50","15,404.37","197,171",1
UNIVAR SOLUTIONS USA,48174CHMCN13395,2024,26163586300,"16,932",54,76,0,57,54,48174,13395 HURON RIVER DR,"ROMULUS, MI","WAYNE, MI",42.20712845,-83.4044377,Xylene (mixed isomers) (1330-20-7),4246 Chemical Wholesalers,424690 Other Chemical and Allied Products Merchant Wholesalers,UNIVAR SOLUTIONS USA INC,"15,333.31",167.71,0.00,0.00,"15,165.60","15,333.31","536,666",1
PLASCORE INC,49464PLSCR615NF,2024,26139022900,"20,630",97,10,0,0,63,49464,615 N FAIRVIEW,"ZEELAND, MI","OTTAWA, MI",42.82477632,-85.99949106,Phenol (108-95-2),332 Fabricated Metals,332999 All Other Miscellaneous Fabricated Metal Product Manufacturing,PLASCORE INC,"15,329.00","15,329.00",0.00,0.00,0.00,"157,227.00","275,922",0
CURTIS METAL FINISHING CO,48078CRTSC6645S,2024,26099982001,"98,136",0,0,0,0,0,48313,6645 SIMS DR,"STERLING HEIGHTS, MI","MACOMB, MI",42.58932703,-83.04172465,Nitrate compounds (water dissociable) (N511),332 Fabricated Metals,"332812 Metal Coating, Engraving (except Jewelry and Silverware), and Allied Services to Manufactur..",CURTIS METAL FINISHING CO,"15,289.00",0.00,0.00,0.00,"15,289.00","152,892.00","9,632",0
ETM ENTERPRISES INC.,48837TMNTR920NC,2024,26045020402,"13,544",78,82,64,0,40,48837,920 N CLINTON ST,"GRAND LEDGE, MI","EATON, MI",42.76172743,-84.73960726,Styrene (100-42-5),336 Transportation Equipment,336390 Other Motor Vehicle Parts Manufacturing,NA,"15,252.00","15,252.00",0.00,0.00,0.00,"15,252.00","53,382",0
THE ANDERSONS MARATHON HOLDINGS LLC - ALBION FACILITY,49224NDRSN2625B,2024,26025003600,"9,110",56,64,26,0,89,49224,26250 B DR N,"ALBION, MI","CALHOUN, MI",42.26143646,-84.79500403,Acetaldehyde (75-07-0),325 Chemicals,325193 Ethyl Alcohol Manufacturing,THE ANDERSONS INC,"15,250.00","15,250.00",0.00,0.00,0.00,"115,250.00","120,475,000",0
KKSP PRECISION MACHINING,48054KKSCR65HAT,2024,26147643000,"8,638",34,70,74,0,53,48054,650 HATHAWAY ST,"EAST CHINA, MI","ST. CLAIR, MI",42.80657661,-82.4940654,Dichloromethane (75-09-2),332 Fabricated Metals,332710 Machine Shops,KKSP PRECISION MACHINING LLC,"15,226.00","15,226.00",0.00,0.00,0.00,"15,585.00","548,136",0
CYGNET AUTOMATED CLEANING LLC,4817WCYGNT912GE,2024,26163562900,"79,297",28,65,48,59,16,48170,9120 GENERAL DR,"PLYMOUTH, MI","WAYNE, MI",42.35492535,-83.45421907,N-Methyl-2-pyrrolidone (872-50-4),325 Chemicals,325510 Paint and Coating Manufacturing,CYGNET AUTOMATED CLEANING LLC,"15,125.00","15,125.00",0.00,0.00,0.00,"53,499.00",0,0
MICHIGAN SUGAR CO - CARO FACTORY,48723MCHGN725AL,2024,26157000700,"7,181",23,85,35,0,58,48723,819 PENNINSULAR ST,"CARO, MI","TUSCOLA, MI",43.48157186,-83.39614393,Ammonia (7664-41-7),311 Food,311313 Beet Sugar Manufacturing,MICHIGAN SUGAR CO,"15,100.00","6,800.00","8,300.00",0.00,0.00,"15,100.00","47,600",0
LORIN INDUSTRIES INC,49442CLNDZ1960R,2024,26121000402,"56,411",32,25,94,0,82,49442,1960 ROBERTS ST,"MUSKEGON, MI","MUSKEGON, MI",43.21677533,-86.21434672,Nitrate compounds (water dissociable) (N511),332 Fabricated Metals,"332813 Electroplating, Plating, Polishing, Anodizing, and Coloring",NA,"15,080.70",0.00,0.00,0.00,"15,080.70","147,450.00","9,501",0
GUARDIAN INDUSTRIES - CARLETON,48117GRDNN14600,2024,26115830300,"10,322",70,93,0,0,78,48117,14600 ROMINE RD,"CARLETON, MI","MONROE, MI",42.08997294,-83.36202267,Ammonia (7664-41-7),327 Nonmetallic Mineral Product,327211 Flat Glass Manufacturing,KOCH INC,"15,036.97","15,036.97",0.00,0.00,0.00,"15,036.97","105,259",0
POET BIOREFINING-CARO LLC,48723MCHGN1551E,2024,26157000600,"6,676",72,90,88,0,63,48723,1551 EMPIRE DR,"CARO, MI","TUSCOLA, MI",43.47133344,-83.41248831,Acetaldehyde (75-07-0),325 Chemicals,325193 Ethyl Alcohol Manufacturing,POET HOLDING CO LLC,"15,023.00","15,023.00",0.00,0.00,0.00,"295,084.00","118,681,700",0
MAGNA MIRRORS CORP-NEWAYGO,49337DNNLL700SO,2024,26123970900,"5,417",39,32,88,0,58,49337,700 S INDUSTRIAL DR,"NEWAYGO, MI","NEWAYGO, MI",43.40941924,-85.79402252,Certain glycol ethers (N230),336 Transportation Equipment,336390 Other Motor Vehicle Parts Manufacturing,MAGNA US HOLDING INC,"15,011.28","10,576.00",0.00,0.00,"4,435.28","31,167.00","2,790,736",0
CADILLAC CASTING INC,49601CMCST23010,2024,26165380700,"12,903",76,20,69,0,73,49601,1500 FOURTH AVE,"CADILLAC, MI","WEXFORD, MI",44.26183889,-85.41322873,Aluminum oxide (fibrous forms) (1344-28-1),331 Primary Metals,331511 Iron Foundries,NA,"15,000.00",0.00,0.00,0.00,"15,000.00","15,000.00",0,0
ENGINEERED HEAT TREAT INC,48071NGNRD31271,2024,26125181100,"117,554",0,0,0,0,0,48071,31271 STEPHENSON HWY,"MADISON HEIGHTS, MI","OAKLAND, MI",42.52216715,-83.11986105,Ammonia (7664-41-7),332 Fabricated Metals,332811 Metal Heat Treating,BMT AEROSPACE USA INC,"14,972.00","14,972.00",0.00,0.00,0.00,"14,972.00","104,804",0
BREMBO NA,49245TRTRN29991,2024,26025003200,982,71,75,33,0,43,49245,29991 M-60 E,"HOMER, MI","CALHOUN, MI",42.16302288,-84.71239505,n-Butyl alcohol (71-36-3),336 Transportation Equipment,336340 Motor Vehicle Brake System Manufacturing,BREMBO NORTH AMERICA INC,"14,914.00","14,914.00",0.00,0.00,0.00,"15,065.00","149,140",0
SEKISUI VOLTEK LLC,49036VLTKD17ALL,2024,26023951600,"13,465",57,63,22,90,50,49036,17 ALLEN AVE,"COLDWATER, MI","BRANCH, MI",41.9352977,-85.0196592,Zinc compounds (N982),325 Chemicals,325991 Custom Compounding of Purchased Resins,SEKISUI AMERICA CORP,"14,788.00",0.00,0.00,0.00,"14,788.00","14,788.00","1,478,800",0
CADILLAC PLATING CORP,48089CDLLC23849,2024,26099268300,"145,326",98,31,99,0,97,48089,23849 GROESBECK HWY,"WARREN, MI","MACOMB, MI",42.47039734,-82.98678893,Nitrate compounds (water dissociable) (N511),332 Fabricated Metals,"332813 Electroplating, Plating, Polishing, Anodizing, and Coloring",NA,"14,699.00",0.00,0.00,0.00,"14,699.00","29,454.00","9,260",0
ARAUCO NA GRAYLING PARTICLEBOARD,4973WRCNGR5851A,2024,26039960300,"1,923",0,57,32,0,0,49738,5851 ARAUCO RD.,"GRAYLING, MI","CRAWFORD, MI",44.60422283,-84.68076456,Phenol (108-95-2),321 Wood Products,321219 Reconstituted Wood Product Manufacturing,ARAUCO NORTH AMERICA INC,"14,684.00","14,684.00",0.00,0.00,0.00,"44,379.00","264,312",0
ROMEO RIM INC. - PLANTS 1 & 2,48065RMRMN74000,2024,26099214000,"9,716",43,79,73,0,30,48065,74000 VAN DYKE AVE,"ROMEO, MI","MACOMB, MI",42.83930256,-83.02047615,Diisocyanates (N120),326 Plastics and Rubber,326199 All Other Plastics Product Manufacturing,R MARK HAMLIN JR TRUST,"14,649.00",250.00,0.00,0.00,"14,399.00","14,653.00","5,127,150,000",0
T.E.S. FILER CITY STATION,49634TSFLR700ME,2024,26101000700,"8,553",42,83,67,0,64,49634,700 MEE ST,"FILER CITY, MI","MANISTEE, MI",44.21684644,-86.28962053,Lead compounds (N420),2211 Electric Utilities,221112 Fossil Fuel Electric Power Generation,TES FILER CITY STATION LP,"14,613.90",23.80,0.00,0.00,"14,590.10","14,613.90","336,119,700",0
BILLERUD ESCANABA LLC,49829MDPBLCOUNT,2024,26041970400,"5,730",46,91,58,0,34,49829,7100 COUNTY RD 426,"ESCANABA, MI","DELTA, MI",45.8032763,-87.09536725,Barium compounds (N040),322 Paper,322120 Paper Mills,BILLERUD AMERICAS CORP,"14,576.00",219.00,0.00,"14,357.00",0.00,"14,576.00","1,604,785",0
DTE ELECTRIC CO-BELLE RIVER POWER PLANT,48054DTRTD4505K,2024,26147641000,"5,092",31,81,78,0,49,48054,4505 KING RD,"CHINA TOWNSHIP, MI","ST. CLAIR, MI",42.77569325,-82.51235737,Zinc compounds (N982),2211 Electric Utilities,221112 Fossil Fuel Electric Power Generation,DTE ENERGY CO,"14,345.00","1,300.00",45.00,"13,000.00",0.00,"14,300.00","173,049",0
ADVANCED ARCHITECTURAL PRODUCTS,4941WDVNCD3393M,2024,26005030702,"4,266",71,45,0,0,50,49419,3393 M-40 - BUILDING 10,"HAMILTON, MI","ALLEGAN, MI",42.66459697,-85.99120304,Styrene (100-42-5),326 Plastics and Rubber,326140 Polystyrene Foam Product Manufacturing,NA,"14,307.00","14,307.00",0.00,0.00,0.00,"14,307.00","50,075",0
PRECISION COATINGS INC.,48088PRCSN8120G,2024,26125134400,"47,079",94,55,31,0,33,48390,8120 GOLDIE ST,"WALLED LAKE, MI","OAKLAND, MI",42.57517725,-83.44277835,Toluene (108-88-3),326 Plastics and Rubber,326113 Unlaminated Plastics Film and Sheet (except Packaging) Manufacturing,NA,"14,300.00","14,300.00",0.00,0.00,0.00,"251,690.00","10,010",0
AURORIUM ZEELAND LLC,49464HXCLC215CE,2024,26139022900,"23,379",97,10,0,0,63,49464,215 N CENTENNIAL ST,"ZEELAND, MI","OTTAWA, MI",42.81603499,-86.01197179,Toluene (108-88-3),325 Chemicals,325199 All Other Basic Organic Chemical Manufacturing,AURORIUM PPC HOLDINGS LLC,"14,270.00","10,431.00",0.00,0.00,"3,839.00","4,014,566.00","57,209",0
MARATHON PETROLEUM CO LP - MICHIGAN REFINING DIV,48217MRTHN1300S,2024,26163524500,"94,854",0,35,0,0,0,48217,1300 S FORT ST HES DEPT,"DETROIT, MI","WAYNE, MI",42.28071629,-83.15192609,Hydrogen sulfide (2148878),324 Petroleum Products,324110 Petroleum Refineries,MARATHON PETROLEUM CORP,"14,240.00","14,239.00",0.00,1.00,0.00,"105,339.00","25,632,000",0
PHARMACIA & UPJOHN CO LLC A SUBSIDIARY OF PFIZER INC,49001THPJH7171P,2024,26077001905,"31,983",66,12,0,69,34,49002,7171 PORTAGE RD,"PORTAGE, MI","KALAMAZOO, MI",42.21133108,-85.55988021,Zinc compounds (N982),325 Chemicals,325412 Pharmaceutical Preparation Manufacturing,PFIZER INC,"14,120.00",10.00,0.00,"2,500.00","11,610.00","14,120.00","957,510",0
GENERAL MOTORS LANSING DELTA TOWNSHIP,48917GNRLM85REL,2024,26045020302,"10,044",63,24,60,0,0,48917,8175 MILLETT HWY,"LANSING, MI","EATON, MI",42.69753322,-84.67379564,"1,2,4-Trimethylbenzene (95-63-6)",336 Transportation Equipment,336110 Automobile and Light Duty Motor Vehicle Manufacturing,GENERAL MOTORS LLC,"14,109.00","14,100.00",0.00,0.00,9.00,"118,409.00","818,700",0
MICHIGAN SUGAR CO - SEBEWAING FACTORY,48759MCHGN763BE,2024,26063950800,"2,663",48,92,0,0,42,48759,501 PINE ST,"SEBEWAING, MI","HURON, MI",43.74062468,-83.44541459,Ammonia (7664-41-7),311 Food,311313 Beet Sugar Manufacturing,MICHIGAN SUGAR CO,"14,100.00","7,100.00","7,000.00",0.00,0.00,"14,100.00","49,700",0
LAPEER PLATING & PLASTICS INC.,48446DCPLT395DE,2024,26087337500,"14,131",82,58,30,0,43,48446,395 DEMILLE RD,"LAPEER, MI","LAPEER, MI",43.03934715,-83.30950954,Nickel compounds (N495),332 Fabricated Metals,"332813 Electroplating, Plating, Polishing, Anodizing, and Coloring",TTOD LIQUIDATION,"14,096.00",5.00,0.00,0.00,"14,091.00","19,918.00","13,094,401,456",0
UNIVAR SOLUTIONS USA,48174CHMCN13395,2024,26163586300,"16,932",54,76,0,57,54,48174,13395 HURON RIVER DR,"ROMULUS, MI","WAYNE, MI",42.20712845,-83.4044377,Methanol (67-56-1),4246 Chemical Wholesalers,424690 Other Chemical and Allied Products Merchant Wholesalers,UNIVAR SOLUTIONS USA INC,"14,057.56",281.56,0.00,0.00,"13,776.00","14,057.56","13,827",1
J H CAMPBELL GENERATING PLANT,49460JHCMP17000,2024,26139022002,"2,772",34,62,82,0,47,49460,17000 CROSWELL ST,"WEST OLIVE, MI","OTTAWA, MI",42.92085153,-86.20634501,Lead compounds (N420),2211 Electric Utilities,221112 Fossil Fuel Electric Power Generation,CMS ENERGY,"14,057.40",26.10,0.00,"14,031.30",0.00,"14,057.40","253,163,700",0
MUELLER BRASS CO,48060MLLRB1925L,2024,26147623000,"37,924",27,30,52,0,46,48060,2199 LAPEER AVE,"PORT HURON, MI","ST. CLAIR, MI",42.97769454,-82.45020726,Zinc compounds (N982),331 Primary Metals,"331420 Copper Rolling, Drawing, Extruding, and Alloying",MUELLER INDUSTRIES INC,"13,793.40","10,584.00",0.00,0.00,"3,209.40","987,090.50","1,365,280",0
AJAX METAL PROCESSING INC,48207JXMTL4651B,2024,26163519200,"102,022",77,10,97,0,44,48207,4651 BELLEVUE AVE,"DETROIT, MI","WAYNE, MI",42.36922867,-83.02213289,Toluene (108-88-3),332 Fabricated Metals,"332813 Electroplating, Plating, Polishing, Anodizing, and Coloring",AJAX METAL PROCESSING INC,"13,784.00","13,784.00",0.00,0.00,0.00,"13,784.00","9,649",1
BASF CORP,48192BSFCR1609B,2024,26163580100,"83,157",54,24,35,0,37,481923729,1609 BIDDLE AVE,"WYANDOTTE, MI","WAYNE, MI",42.2177185,-83.15027742,Zinc compounds (N982),325 Chemicals,325211 Plastics Material and Resin Manufacturing,BASF CORP,"13,699.70",0.70,0.00,0.00,"13,699.00","13,699.70","1,353,628",0
NEENAH PAPER MICHIGAN INC.,49862KMBRL601EM,2024,26003000100,"3,621",48,75,31,0,42,49862,501 E MUNISING AVE,"MUNISING, MI","ALGER, MI",46.40844117,-86.64733853,Hydrochloric acid (acid aerosols) (7647-01-0),322 Paper,322120 Paper Mills,MATIV HOLDINGS INC,"13,513.00","13,513.00",0.00,0.00,0.00,"13,513.00","2,432,340",0
HUTCHINSON ANTIVIBRATION SYSTEMS INC,49501PLSTR460FU,2024,26081002200,"117,781",81,13,0,0,20,49503,460 FULLER AVE NE,"GRAND RAPIDS, MI","KENT, MI",42.97166799,-85.63971031,Methyl isobutyl ketone (108-10-1),326 Plastics and Rubber,326291 Rubber Product Manufacturing for Mechanical Use,HUTCHINSON NORTH AMERICA,"13,463.00","13,463.00",0.00,0.00,0.00,"148,384.00","16,156",0
DDP SPECIALTY ELECTRONIC MATERIALS US LLC,4864WDDPSP34SSA,2024,26111290600,"29,731",74,14,85,0,68,48640,3400 S SAGINAW RD - UNIT 96,"MIDLAND, MI","MIDLAND, MI",43.60102204,-84.20774568,Diisocyanates (N120),325 Chemicals,325199 All Other Basic Organic Chemical Manufacturing,DUPONT DE NEMOURS INC,"13,370.00",3.00,0.00,0.00,"13,367.00","23,236.00","4,679,500,000",0
US ECOLOGY MICHIGAN INC.,48211DYNCL6520G,2024,26163505800,"127,120",51,65,99,76,88,48211,6520 GEORGIA ST,"DETROIT, MI","WAYNE, MI",42.39346348,-83.03317638,Chromium compounds (N090),562 Hazardous Waste,562211 Hazardous Waste Treatment and Disposal,REPUBLIC SERVICES INC,"12,969.00",0.00,0.00,0.00,"12,969.00","12,969.00","157,690,931,300",0
FINTEX LLC,48174FNTXL89INK,2024,26163583700,"54,495",42,48,95,66,41,48174,8900 INKSTER RD,"ROMULUS, MI","WAYNE, MI",42.24180327,-83.30817142,Toluene (108-88-3),332 Fabricated Metals,"332813 Electroplating, Plating, Polishing, Anodizing, and Coloring",NA,"12,803.00","12,803.00",0.00,0.00,0.00,"12,803.00","8,962",0
FITZGERALD FINISHING LLC,48212FTZGR17450,2024,26163506300,"145,283",99,56,96,0,84,48212,17450 FILER AVE,"DETROIT, MI","WAYNE, MI",42.42260368,-83.03701756,Nitric acid (7697-37-2),332 Fabricated Metals,"332812 Metal Coating, Engraving (except Jewelry and Silverware), and Allied Services to Manufactur..",NA,"12,578.00","12,578.00",0.00,0.00,0.00,"18,963.00","3,396,060",0
FIBREK,49858GRTLK7014T,2024,26109960700,"19,296",13,85,0,0,36,49858,701 4TH AVE,"MENOMINEE, MI","MENOMINEE, MI",45.10186586,-87.61046122,Ammonia (7664-41-7),322 Paper,322110 Pulp Mills,RESOLUTE FOREST PRODUCTS INC,"12,510.00",0.00,"12,510.00",0.00,0.00,"636,390.00",0,0
NCP COATINGS LLC,49120NLSCH225FO,2024,26021021000,"22,316",0,81,0,0,84,49120,225 FORT ST,"NILES, MI","BERRIEN, MI",41.8125525,-86.2560034,n-Butyl alcohol (71-36-3),325 Chemicals,325510 Paint and Coating Manufacturing,NCP INTERMEDIATE HOLDINGS INC,"12,502.00","1,756.00",0.00,0.00,"10,746.00","32,909.00","125,020",1
CHEMETALL US INC,4920WCHMTL11TEC,2024,26075005501,"24,746",0,14,40,58,13,49201,1100 TECHNOLOGY DR,"JACKSON, MI","JACKSON, MI",42.27282025,-84.47039049,Nickel compounds (N495),325 Chemicals,325611 Soap and Other Detergent Manufacturing,BASF CORP,"12,313.00",0.00,0.00,0.00,"12,313.00","12,313.00","11,451,090,000",0
US ARMY NATIONAL GUARD CAMP GRAYLING JMTC SOUTH,4973WSRMYCPSTHQ,2024,26039960500,"1,175",39,71,65,0,61,49739,POST HEADQUARTERS OPERATIONS BUILDING 4,"CAMP GRAYLING, MI","CRAWFORD, MI",44.618633,-84.780349,Copper (7440-50-8),999 Other,928110 National Security,US DEPARTMENT OF DEFENSE,"12,260.00",0.00,0.00,"12,260.00",0.00,"12,260.00","18,390,000",0
DTE ELECTRIC CO - MONROE POWER PLANT,48161DTRTD3500E,2024,26115831800,"5,963",0,0,0,0,0,48161,3500 E FRONT ST,"MONROE, MI","MONROE, MI",41.89241917,-83.35195721,Lead compounds (N420),2211 Electric Utilities,221112 Fossil Fuel Electric Power Generation,DTE ENERGY CO,"12,249.34",88.36,25.65,0.00,"12,135.33","12,249.34","281,606,570",0
HUTCHINSON ANTIVIBRATION SYSTEMS INC,49501PLSTR460FU,2024,26081002200,"117,781",81,13,0,0,20,49503,460 FULLER AVE NE,"GRAND RAPIDS, MI","KENT, MI",42.97166799,-85.63971031,Xylene (mixed isomers) (1330-20-7),326 Plastics and Rubber,326291 Rubber Product Manufacturing for Mechanical Use,HUTCHINSON NORTH AMERICA,"12,221.00","12,221.00",0.00,0.00,0.00,"137,649.00","427,735",0
DARLING INGREDIENTS INC,49036CLDWT600JA,2024,26023951600,"13,313",83,35,63,66,40,49036,600 JAY ST,"COLDWATER, MI","BRANCH, MI",41.92316573,-85.01501002,Nitrate compounds (water dissociable) (N511),311 Food,311613 Rendering and Meat Byproduct Processing,DARLING INGREDIENTS INC,"12,216.00",0.00,0.00,0.00,"12,216.00","133,838.00","7,696",0
GENERAL MOTORS LANSING DELTA TOWNSHIP,48917GNRLM85REL,2024,26045020302,"10,044",63,24,60,0,0,48917,8175 MILLETT HWY,"LANSING, MI","EATON, MI",42.69753322,-84.67379564,Xylene (mixed isomers) (1330-20-7),336 Transportation Equipment,336110 Automobile and Light Duty Motor Vehicle Manufacturing,GENERAL MOTORS LLC,"12,209.00","12,200.00",0.00,0.00,9.00,"166,419.00","427,315",0
DTE ELECTRIC CO-BELLE RIVER POWER PLANT,48054DTRTD4505K,2024,26147641000,"5,092",31,81,78,0,49,48054,4505 KING RD,"CHINA TOWNSHIP, MI","ST. CLAIR, MI",42.77569325,-82.51235737,Manganese compounds (N450),2211 Electric Utilities,221112 Fossil Fuel Electric Power Generation,DTE ENERGY CO,"12,204.00",143.00,61.00,"12,000.00",0.00,"12,200.00","1,801,633",0
GENTEX CORP AUTOMOTIVE DIV,49464GNTXC600NC,2024,26139022900,"23,339",19,75,0,0,45,49464,600 N CENTENNIAL ST,"ZEELAND, MI","OTTAWA, MI",42.82681661,-86.01220917,Acetonitrile (75-05-8),336 Transportation Equipment,336390 Other Motor Vehicle Parts Manufacturing,GENTEX CORP,"12,147.95",167.52,0.00,0.00,"11,980.43","12,147.95","704,581",0
FLAT ROCK ASSEMBLY PLANT,48134MZDMT1MAZD,2024,26163982000,"48,834",0,0,0,0,0,48134,1 INTERNATIONAL DR,"FLAT ROCK, MI","WAYNE, MI",42.10296609,-83.2436186,Xylene (mixed isomers) (1330-20-7),336 Transportation Equipment,336370 Motor Vehicle Metal Stamping,FORD MOTOR CO,"12,065.00","12,065.00",0.00,0.00,0.00,"101,400.00","422,275",0
FORD MOTOR CO DEARBORN TRUCK PLANT,48121FRDM23001M,2024,26163985700,"123,088",0,0,0,0,0,48120,3001 MILLER RD,"DEARBORN, MI","WAYNE, MI",42.30886967,-83.15678743,Ethylbenzene (100-41-4),336 Transportation Equipment,336110 Automobile and Light Duty Motor Vehicle Manufacturing,FORD MOTOR CO,"12,064.00","12,064.00",0.00,0.00,0.00,"93,410.00","10,736,960",0
WAYNE DISPOSAL INC,48111WYNDS49350,2024,26163986501,"28,882",0,0,0,0,0,48111,49350 N I-94 SERVICE DR,"BELLEVILLE, MI","WAYNE, MI",42.21950635,-83.52417321,Antimony compounds (N010),562 Hazardous Waste,562211 Hazardous Waste Treatment and Disposal,REPUBLIC SERVICES INC,"12,004.45",0.09,0.00,"12,004.36",0.00,"12,004.45","30,011,980",0
GENTEX CORP AUTOMOTIVE DIV,49464GNTXC600NC,2024,26139022900,"23,339",19,75,0,0,45,49464,600 N CENTENNIAL ST,"ZEELAND, MI","OTTAWA, MI",42.82681661,-86.01220917,Methyl acrylate (96-33-3),336 Transportation Equipment,336390 Other Motor Vehicle Parts Manufacturing,GENTEX CORP,"12,002.11",56.55,0.00,0.00,"11,945.56","12,002.11","2,160,380",0
GENTEX CORP AUTOMOTIVE DIV,49464GNTXC600NC,2024,26139022900,"23,339",19,75,0,0,45,49464,600 N CENTENNIAL ST,"ZEELAND, MI","OTTAWA, MI",42.82681661,-86.01220917,n-Butyl alcohol (71-36-3),336 Transportation Equipment,336390 Other Motor Vehicle Parts Manufacturing,GENTEX CORP,"12,000.42","1,767.73",0.00,0.00,"10,232.69","12,000.42","120,004",0
PHARMACIA & UPJOHN CO LLC A SUBSIDIARY OF PFIZER INC,49001THPJH7171P,2024,26077001905,"31,983",66,12,0,69,34,49002,7171 PORTAGE RD,"PORTAGE, MI","KALAMAZOO, MI",42.21133108,-85.55988021,Chlorodifluoromethane (HCFC-22) (75-45-6),325 Chemicals,325412 Pharmaceutical Preparation Manufacturing,PFIZER INC,"12,000.00","12,000.00",0.00,0.00,0.00,"12,000.00",840,0
REC BOAT HOLDINGS-CRUISER PLANT,49601FRWNN609W1,2024,26165380700,"12,965",76,20,69,0,73,49601,609 13TH ST,"CADILLAC, MI","WEXFORD, MI",44.26685754,-85.41677377,Methyl methacrylate (80-62-6),336 Transportation Equipment,336612 Boat Building,REC BOAT HOLDINGS LLC,"11,886.32","11,886.32",0.00,0.00,0.00,"11,886.32","59,432",0
NEXTEER AUTOMOTIVE CORP,48601GMCSG3900H,2024,26145011002,"27,468",99,51,0,0,53,48601,3900 HOLLAND ROAD,"SAGINAW, MI","SAGINAW, MI",43.414546,-83.87992378,Zinc compounds (N982),336 Transportation Equipment,336330 Motor Vehicle Steering and Suspension Components (except Spring) Manufacturing,PCM US STEERING HOLDING LLC,"11,830.10",15.60,0.00,0.00,"11,814.50","12,011.40","1,173,340",0
REAL ALLOY RECYCLING LLC,49036MCRCY267NO,2024,26023951600,"12,956",83,35,63,66,40,49036,267 N FILLMORE RD,"COLDWATER, MI","BRANCH, MI",41.92249326,-85.02338943,Hydrochloric acid (acid aerosols) (7647-01-0),331 Primary Metals,331314 Secondary Smelting and Alloying of Aluminum,REAL ALLOY HOLDING LLC,"11,800.00","11,800.00",0.00,0.00,0.00,"11,800.00","2,124,000",0
ND INDUSTRIES INC.,48017NDNDS1NCRK,2024,26125180000,"100,371",48,62,80,62,24,48017,1000 N CROOKS RD,"CLAWSON, MI","OAKLAND, MI",42.54077646,-83.16617004,Toluene (108-88-3),332 Fabricated Metals,"332812 Metal Coating, Engraving (except Jewelry and Silverware), and Allied Services to Manufactur..",HB FULLER CO,"11,790.00","11,790.00",0.00,0.00,0.00,"13,844.00","8,253",0
GENERAL MOTORS LANSING DELTA TOWNSHIP,48917GNRLM85REL,2024,26045020302,"10,044",63,24,60,0,0,48917,8175 MILLETT HWY,"LANSING, MI","EATON, MI",42.69753322,-84.67379564,Manganese compounds (N450),336 Transportation Equipment,336110 Automobile and Light Duty Motor Vehicle Manufacturing,GENERAL MOTORS LLC,"11,525.71",250.00,0.00,0.00,"11,275.71","11,360.00","135,001,958",0
MIDLAND COGENERATION VENTURE,4864WMDLND1PRGR,2024,26111290500,"11,958",21,56,0,0,0,48640,100 PROGRESS PLACE,"MIDLAND, MI","MIDLAND, MI",43.58704611,-84.24532352,Zinc compounds (N982),2211 Electric Utilities,221112 Fossil Fuel Electric Power Generation,CAPITAL POWER (US HOLDINGS) INC,"11,289.00",69.00,220.00,"11,000.00",0.00,"11,289.00","43,926",0
GUARDIAN INDUSTRIES - CARLETON,48117GRDNN14600,2024,26115830300,"10,322",70,93,0,0,78,48117,14600 ROMINE RD,"CARLETON, MI","MONROE, MI",42.08997294,-83.36202267,Lead compounds (N420),327 Nonmetallic Mineral Product,327211 Flat Glass Manufacturing,KOCH INC,"11,201.68",0.17,0.00,0.00,"11,201.51","11,202.16","257,638,640",0
HOLLAND PURPLE COW CREAMERY,4942WHLLND234CH,2024,26139025101,-,86,47,86,0,65,49424,234 CHARLES DR,"HOLLAND, MI","OTTAWA, MI",42.80377803,-86.09898693,Nitrate compounds (water dissociable) (N511),311 Food,311511 Fluid Milk Manufacturing,MEIJER DISTRIBUTION,"11,150.00",0.00,0.00,0.00,"11,150.00","111,500.00","7,025",0
X-CEL INDUSTRIES INC.,48034XCLND21121,2024,26125162500,"99,931",38,36,48,0,71,48034,21121 TELEGRAPH RD,"SOUTHFIELD, MI","OAKLAND, MI",42.44564224,-83.27835066,Certain glycol ethers (N230),336 Transportation Equipment,336390 Other Motor Vehicle Parts Manufacturing,K2TR FAMILY HOLDINGS 2 CORP,"10,857.00","10,857.00",0.00,0.00,0.00,"11,948.00","1,954,260",0
MACDERMID INC,48220MCDRM1221F,2024,26125173600,"148,892",15,29,26,0,39,48220,1221 FARROW AVE,"FERNDALE, MI","OAKLAND, MI",42.4572589,-83.1182239,Chromium compounds (N090),325 Chemicals,325998 All Other Miscellaneous Chemical Product and Preparation Manufacturing,ELEMENT SOLUTIONS INC,"10,757.24",2.61,0.00,0.00,"10,754.63","10,757.24","171,845,513,475",0
VENTRA FOWLERVILLE LLC,48836MRDNT8887W,2024,26093722300,"7,666",67,49,65,0,68,48836,8887 W GRAND RIVER AVE,"FOWLERVILLE, MI","LIVINGSTON, MI",42.66097968,-84.08910291,Ethylbenzene (100-41-4),336 Transportation Equipment,336390 Other Motor Vehicle Parts Manufacturing,K2TR FAMILY HOLDINGS 2 CORP,"10,673.00","10,673.00",0.00,0.00,0.00,"10,673.00","9,498,970",0
AGCO INC.,49340NTDST7839C,2024,26107961001,970,13,91,37,0,12,49340,7839 COSTABELLA RD,"REMUS, MI","MECOSTA, MI",43.57841752,-85.08594995,Styrene (100-42-5),326 Plastics and Rubber,326191 Plastics Plumbing Fixture Manufacturing,AGCO INC,"10,600.00","10,600.00",0.00,0.00,0.00,"10,600.00","37,100",1
AUTOCAM CORP,49512TCMCR4070E,2024,26081012608,"39,840",76,63,33,57,68,49512,4070 E PARIS AVE SE,"KENTWOOD, MI","KENT, MI",42.89022934,-85.56725677,Chromium compounds (N090),332 Fabricated Metals,332721 Precision Turned Product Manufacturing,NN INC,"10,596.00",0.00,0.00,0.00,"10,596.00","117,704.00","230,568,960,000",0
GENERAL MILLS REED CITY YOPLAIT PLANT,49677YPLTS128ES,2024,26133970600,"4,297",35,81,92,0,88,49677,128 E SLOSSON AVE,"REED CITY, MI","OSCEOLA, MI",43.87489001,-85.50961387,Nitrate compounds (water dissociable) (N511),311 Food,"311514 Dry, Condensed, and Evaporated Dairy Product Manufacturing",GENERAL MILLS INC,"10,592.70",0.00,0.00,0.00,"10,592.70","105,927.00","6,673",0
GERDAU MACSTEEL MONROE,48161NRTHS3000E,2024,26115831800,"23,135",0,0,0,0,0,48161,3000 E FRONT ST,"MONROE, MI","MONROE, MI",41.89706191,-83.36151774,Copper compounds (N100),331 Primary Metals,331110 Iron and Steel Mills and Ferroalloy Manufacturing,GERDAU USA INC,"10,560.60",102.80,23.80,0.00,"10,434.00","39,254.60","15,840,900",1
IAC PORT HURON LLC,48061NTDTC1905B,2024,26147620000,"30,655",0,0,0,0,0,48060,1905 BEARD ST,"PORT HURON, MI","ST. CLAIR, MI",42.95837836,-82.4473386,Diisocyanates (N120),336 Transportation Equipment,336360 Motor Vehicle Seating and Interior Trim Manufacturing,INTERNATIONAL AUTOMOTIVE COMPONENTS GROUP NORTH AMERICA INC,"10,550.32",0.32,0.00,0.00,"10,550.00","10,550.32","3,692,612,000",0
DETROIT COATING LLC,48071HWRDP32565,2024,26099260800,"99,489",59,54,79,75,81,48071,32565 DEQUINDRE RD,"MADISON HEIGHTS, MI","OAKLAND, MI",42.53160418,-83.08681,Certain glycol ethers (N230),332 Fabricated Metals,"332813 Electroplating, Plating, Polishing, Anodizing, and Coloring",HOWARD FINISHING LLC,"10,380.00","10,380.00",0.00,0.00,0.00,"10,380.00","1,868,400",0
FCA US WARREN TRUCK ASSEMBLY PLANT,48091WRRNT21500,2024,26099982200,"130,932",0,0,0,0,93,48091,21500 MOUND RD,"WARREN, MI","MACOMB, MI",42.45531342,-83.04419136,Toluene (108-88-3),336 Transportation Equipment,336110 Automobile and Light Duty Motor Vehicle Manufacturing,FCA US LLC,"10,197.87","10,197.87",0.00,0.00,0.00,"14,560.86","7,139",0
INDUSTRIAL HIGHWAY,48089HTCHC24660,2024,26099268400,"140,740",38,90,96,0,60,48089,24600 INDUSTRIAL HWY,"WARREN, MI","MACOMB, MI",42.47686623,-82.98902326,Xylene (mixed isomers) (1330-20-7),332 Fabricated Metals,"332812 Metal Coating, Engraving (except Jewelry and Silverware), and Allied Services to Manufactur..",PIONEER METAL FINISHING LLC,"10,186.00","10,186.00",0.00,0.00,0.00,"11,361.00","356,510",0
AJAX METAL PROCESSING INC,48207JXMTL4651B,2024,26163519200,"102,022",77,10,97,0,44,48207,4651 BELLEVUE AVE,"DETROIT, MI","WAYNE, MI",42.36922867,-83.02213289,Nitrate compounds (water dissociable) (N511),332 Fabricated Metals,"332813 Electroplating, Plating, Polishing, Anodizing, and Coloring",AJAX METAL PROCESSING INC,"10,119.40",0.00,0.00,0.00,"10,119.40","101,194.00","6,375",0
DAPCO INDUSTRIES,48130DPCND2500B,2024,26161454002,"11,489",89,69,38,0,39,48130,2500 BISHOP CIR E,"DEXTER, MI","WASHTENAW, MI",42.32424998,-83.87689035,Ammonia (7664-41-7),332 Fabricated Metals,332911 Industrial Valve Manufacturing,DAPCO INDUSTRIES,"10,095.00","10,095.00",0.00,0.00,0.00,"10,095.00","70,665",0
ADVANCED HEAT TREAT CORP.,48162DVNCD1625R,2024,26115831700,"32,880",98,6,94,0,40,48162,1625 ROSE ST,"MONROE, MI","MONROE, MI",41.92008042,-83.36676398,Trichloroethylene (79-01-6),332 Fabricated Metals,332811 Metal Heat Treating,ADVANCED HEAT TREAT CORP,"10,078.00","10,078.00",0.00,0.00,0.00,"13,698.00","151,170,000",0
FORD MOTOR CO MICHIGAN ASSEMBLY PLANT,48184FRDMT38303,2024,26163566700,"67,978",14,15,80,62,67,48184,38303 MICHIGAN AVE,"WAYNE, MI","WAYNE, MI",42.27796988,-83.41395208,Ethylbenzene (100-41-4),336 Transportation Equipment,336110 Automobile and Light Duty Motor Vehicle Manufacturing,FORD MOTOR CO,"10,050.00","10,050.00",0.00,0.00,0.00,"101,845.00","8,944,500",0
POET BIOREFINING-CARO LLC,48723MCHGN1551E,2024,26157000600,"6,676",72,90,88,0,63,48723,1551 EMPIRE DR,"CARO, MI","TUSCOLA, MI",43.47133344,-83.41248831,Acrolein (107-02-8),325 Chemicals,325193 Ethyl Alcohol Manufacturing,POET HOLDING CO LLC,"10,015.00","10,015.00",0.00,0.00,0.00,"490,015.00","1,802,700,000",0
WEBASTO ROOF SYSTEMS INC. (NEW HUDSON),4816WWBSTR55111,2024,26125138600,-,34,13,0,65,0,48165,55111 GRAND RIVER AVE,"NEW HUDSON, MI","OAKLAND, MI",42.50689795,-83.59385926,Ethylene glycol (107-21-1),336 Transportation Equipment,336390 Other Motor Vehicle Parts Manufacturing,NA,"10,000.00","10,000.00",0.00,0.00,0.00,"13,152.70","88,000",1
DTE ELECTRIC CO-BELLE RIVER POWER PLANT,48054DTRTD4505K,2024,26147641000,"5,092",31,81,78,0,49,48054,4505 KING RD,"CHINA TOWNSHIP, MI","ST. CLAIR, MI",42.77569325,-82.51235737,Nickel compounds (N495),2211 Electric Utilities,221112 Fossil Fuel Electric Power Generation,DTE ENERGY CO,"9,951.00",140.00,11.00,"9,800.00",0.00,"9,950.00","131,092,801",0
EAGLE ALLOY INC.,49442GLLLY5142E,2024,26121003100,"14,246",42,59,66,0,51,49442,5142 EVANSTON AVE,"MUSKEGON, MI","MUSKEGON, MI",43.21328568,-86.11645093,Manganese (7439-96-5),331 Primary Metals,331513 Steel Foundries (except Investment),NA,"9,862.00",568.00,0.00,0.00,"9,294.00","13,087.00","118,344,000",0
GENERAL MOTORS LANSING DELTA TOWNSHIP,48917GNRLM85REL,2024,26045020302,"10,044",63,24,60,0,0,48917,8175 MILLETT HWY,"LANSING, MI","EATON, MI",42.69753322,-84.67379564,n-Butyl alcohol (71-36-3),336 Transportation Equipment,336110 Automobile and Light Duty Motor Vehicle Manufacturing,GENERAL MOTORS LLC,"9,822.00","9,800.00",0.00,0.00,22.00,"107,222.00","98,220",0
WEYERHAEUSER NR CO,49738WYRHS4111E,2024,26039960500,535,87,73,61,0,82,49738,4111 W FOUR MILE RD,"GRAYLING, MI","CRAWFORD, MI",44.59845162,-84.69108219,Formaldehyde (50-00-0),321 Wood Products,321219 Reconstituted Wood Product Manufacturing,WEYERHAEUSER CO,"9,691.00","9,647.00",0.00,0.00,44.00,"136,891.00","377,949,000",0
ND INDUSTRIES INC.,48017NDNDS1NCRK,2024,26125180000,"100,371",48,62,80,62,24,48017,1000 N CROOKS RD,"CLAWSON, MI","OAKLAND, MI",42.54077646,-83.16617004,Xylene (mixed isomers) (1330-20-7),332 Fabricated Metals,"332812 Metal Coating, Engraving (except Jewelry and Silverware), and Allied Services to Manufactur..",HB FULLER CO,"9,554.00","9,554.00",0.00,0.00,0.00,"12,292.00","334,390",0
CORTEVA AGRISCIENCE LLC - MIDLAND,4867WDWGRS71WAS,2024,26111290600,"30,090",74,14,85,0,68,48640,701 WASHINGTON ST,"MIDLAND, MI","MIDLAND, MI",43.60532757,-84.21757491,Ammonia (7664-41-7),325 Chemicals,325320 Pesticide and Other Agricultural Chemical Manufacturing,CORTEVA INC,"9,500.00","9,500.00",0.00,0.00,0.00,"193,808.00","66,500",0
HUTCHINSON ANTIVIBRATION SYSTEMS INC,49501PLSTR460FU,2024,26081002200,"117,781",81,13,0,0,20,49503,460 FULLER AVE NE,"GRAND RAPIDS, MI","KENT, MI",42.97166799,-85.63971031,Toluene (108-88-3),326 Plastics and Rubber,326291 Rubber Product Manufacturing for Mechanical Use,HUTCHINSON NORTH AMERICA,"9,479.00","9,479.00",0.00,0.00,0.00,"107,561.00","6,635",0
SUNSATION PRODUCTS INC,48001SNSTN9666K,2024,26147646000,"11,106",85,46,26,0,68,48001,9666 KRETZ DR,"CLAY TOWNSHIP, MI","ST. CLAIR, MI",42.62184394,-82.57068008,Styrene (100-42-5),336 Transportation Equipment,336612 Boat Building,NA,"9,353.00","9,353.00",0.00,0.00,0.00,"9,353.00","32,736",0
NCP COATINGS LLC,49120NLSCH225FO,2024,26021021000,"22,316",0,81,0,0,84,49120,225 FORT ST,"NILES, MI","BERRIEN, MI",41.8125525,-86.2560034,Methanol (67-56-1),325 Chemicals,325510 Paint and Coating Manufacturing,NCP INTERMEDIATE HOLDINGS INC,"9,337.00","1,416.00",0.00,0.00,"7,921.00","16,675.00","8,176",1
SELFRIDGE PLATING INC.,48045SLFRD42081,2024,26099982100,"52,839",0,0,0,0,0,48045,42081 IRWIN,"HARRISON TOWNSHIP, MI","MACOMB, MI",42.60371409,-82.85176968,Copper (7440-50-8),332 Fabricated Metals,"332813 Electroplating, Plating, Polishing, Anodizing, and Coloring",NA,"9,273.80",313.00,1.50,0.00,"8,959.30","9,273.80","13,910,700",0
NCP COATINGS LLC,49120NLSCH225FO,2024,26021021000,"22,316",0,81,0,0,84,49120,225 FORT ST,"NILES, MI","BERRIEN, MI",41.8125525,-86.2560034,Xylene (mixed isomers) (1330-20-7),325 Chemicals,325510 Paint and Coating Manufacturing,NCP INTERMEDIATE HOLDINGS INC,"9,240.00",612.00,0.00,0.00,"8,628.00","79,115.00","323,400",1
MARATHON PETROLEUM CO LP - MICHIGAN REFINING DIV,48217MRTHN1300S,2024,26163524500,"94,854",0,35,0,0,0,48217,1300 S FORT ST HES DEPT,"DETROIT, MI","WAYNE, MI",42.28071629,-83.15192609,Toluene (108-88-3),324 Petroleum Products,324110 Petroleum Refineries,MARATHON PETROLEUM CORP,"9,226.00","9,041.00",0.00,1.00,184.00,"19,627.00","8,734",0
LAPEER PLATING & PLASTICS INC.,48446DCPLT395DE,2024,26087337500,"14,131",82,58,30,0,43,48446,395 DEMILLE RD,"LAPEER, MI","LAPEER, MI",43.03934715,-83.30950954,Chromium compounds (N090),332 Fabricated Metals,"332813 Electroplating, Plating, Polishing, Anodizing, and Coloring",TTOD LIQUIDATION,"9,208.00",5.00,0.00,0.00,"9,203.00","9,208.00","229,508,568,900",0
MIDWEST PLATING CO INC,49503MDWST613NO,2024,26081001400,"121,265",90,15,56,0,10,49503,613 NORTH AVE NE,"GRAND RAPIDS, MI","KENT, MI",42.97387849,-85.65965726,Zinc compounds (N982),332 Fabricated Metals,"332813 Electroplating, Plating, Polishing, Anodizing, and Coloring",NA,"9,205.00",0.00,0.00,0.00,"9,205.00","9,205.00","920,017",1
FCA US JEFFERSON NORTH ASSEMBLY PLANT,48215CHRYL2101C,2024,26163985200,"102,064",0,0,0,0,0,48215,2101 CONNOR AVE,"DETROIT, MI","WAYNE, MI",42.37535016,-82.96247701,"1,2,4-Trimethylbenzene (95-63-6)",336 Transportation Equipment,336110 Automobile and Light Duty Motor Vehicle Manufacturing,FCA US LLC,"9,154.00","9,070.00",0.00,0.00,84.00,"106,834.00","534,460",0
GM COMPONENTS HOLDINGS LLC,49501RCHST2100B,2024,26081013400,"94,906",87,19,57,67,47,49509,2100 BURLINGAME AVE SW,"WYOMING, MI","KENT, MI",42.92605814,-85.70565085,Ammonia (7664-41-7),336 Transportation Equipment,336310 Motor Vehicle Gasoline Engine and Engine Parts Manufacturing,GENERAL MOTORS LLC,"9,053.81","2,690.00",0.00,0.00,"6,363.81","18,600.00","18,830",0
CARBON GREEN BIOENERGY,48849SBWDB7795S,2024,26045020700,"1,390",59,71,83,0,64,48849,7795 SADDLEBAG LAKE ROAD,"LAKE ODESSA, MI","BARRY, MI",42.76664184,-85.0743491,Acetaldehyde (75-07-0),325 Chemicals,325193 Ethyl Alcohol Manufacturing,NA,"9,051.92","9,051.92",0.00,0.00,0.00,"19,798.38","71,510,168",0
BILLERUD ESCANABA LLC,49829MDPBLCOUNT,2024,26041970400,"5,730",46,91,58,0,34,49829,7100 COUNTY RD 426,"ESCANABA, MI","DELTA, MI",45.8032763,-87.09536725,Zinc compounds (N982),322 Paper,322120 Paper Mills,BILLERUD AMERICAS CORP,"9,014.00","1,187.00","2,897.00","4,930.00",0.00,"9,014.00","144,529",0
GM - ROMULUS ENGINE OPERATIONS,48174GMCCP36880,2024,26163585800,"39,011",60,6,88,0,68,48174,36880 ECORSE RD,"ROMULUS, MI","WAYNE, MI",42.25220163,-83.40013412,Copper (7440-50-8),336 Transportation Equipment,336310 Motor Vehicle Gasoline Engine and Engine Parts Manufacturing,GENERAL MOTORS LLC,"9,007.92",0.00,2.00,0.00,"9,005.92","82,004.00","13,511,885",0
MAGNA MIRRORS CORP-NEWAYGO,49337DNNLL700SO,2024,26123970900,"5,417",39,32,88,0,58,49337,700 S INDUSTRIAL DR,"NEWAYGO, MI","NEWAYGO, MI",43.40941924,-85.79402252,n-Butyl alcohol (71-36-3),336 Transportation Equipment,336390 Other Motor Vehicle Parts Manufacturing,MAGNA US HOLDING INC,"8,826.80","7,182.00",0.00,0.00,"1,644.80","46,308.00","88,268",0
FORD MOTOR CO MICHIGAN ASSEMBLY PLANT,48184FRDMT38303,2024,26163566700,"67,978",14,15,80,62,67,48184,38303 MICHIGAN AVE,"WAYNE, MI","WAYNE, MI",42.27796988,-83.41395208,Toluene (108-88-3),336 Transportation Equipment,336110 Automobile and Light Duty Motor Vehicle Manufacturing,FORD MOTOR CO,"8,808.00","8,800.00",0.00,0.00,8.00,"13,041.00","6,264",0
DIAMOND CHROME PLATING INC,48843DMNDC604SM,2024,26093725101,"22,574",51,16,28,0,39,48843,604 S MICHIGAN AVE,"HOWELL, MI","LIVINGSTON, MI",42.60270902,-83.93263141,Chromium compounds (N090),332 Fabricated Metals,"332813 Electroplating, Plating, Polishing, Anodizing, and Coloring",DIAMOND CHROME PLATING INC,"8,744.60",21.41,0.00,0.00,"8,723.19","8,744.60","218,265,163,584",0
HOWMET CORP - PLANTS 1& 3,49461HWMTCONEMI,2024,26121003701,"8,033",49,96,0,0,10,49461,ONE MISCO DR,"WHITEHALL, MI","MUSKEGON, MI",43.3983286,-86.34789518,Nickel (7440-02-0),331 Primary Metals,331529 Other Nonferrous Metal Foundries (except Die-Casting),HOWMET AEROSPACE INC,"8,684.00",46.00,0.00,0.00,"8,638.00","27,506.00","8,053,802,184",0
BILLERUD QUINNESEC,49876CHMPNUSHIG,2024,26043950300,"5,480",46,23,42,0,18,49876,W 6791 US HWY 2,"QUINNESEC, MI","DICKINSON, MI",45.80204895,-87.95895733,Formaldehyde (50-00-0),322 Paper,322110 Pulp Mills,BILLERUD AMERICAS CORP,"8,604.63","8,268.00",333.00,3.63,0.00,"23,163.63","322,453,683",0
DAPCO INDUSTRIES,48130DPCND2500B,2024,26161454002,"11,489",89,69,38,0,39,48130,2500 BISHOP CIR E,"DEXTER, MI","WASHTENAW, MI",42.32424998,-83.87689035,Dichloromethane (75-09-2),332 Fabricated Metals,332911 Industrial Valve Manufacturing,DAPCO INDUSTRIES,"8,604.00","8,604.00",0.00,0.00,0.00,"9,289.00","309,744",1
MARYSVILLE ETHANOL LLC,4804WMRYSV251BU,2024,-,"12,364",-,-,-,-,-,48040,2512 BUSHA HWY,"MARYSVILLE, MI","ST. CLAIR, MI",42.88346038,-82.49083171,Acetaldehyde (75-07-0),325 Chemicals,325193 Ethyl Alcohol Manufacturing,NA,"8,594.00","8,594.00",0.00,0.00,0.00,"8,594.00","67,892,600",0
FCA US STERLING HEIGHTS ASSEMBLY PLANT,48077STRLN38111,2024,26099231200,"94,944",17,19,0,82,54,48312,38111 VAN DYKE,"STERLING HEIGHTS, MI","MACOMB, MI",42.57039424,-83.03013673,Xylene (mixed isomers) (1330-20-7),336 Transportation Equipment,336110 Automobile and Light Duty Motor Vehicle Manufacturing,FCA US LLC,"8,540.71","8,535.70",0.00,0.00,5.01,"118,311.20","298,925",0
CADON PLATING CO.,48192CDNPL3715E,2024,26163580900,"81,534",41,69,0,0,58,48192,3715 11TH ST,"WYANDOTTE, MI","WAYNE, MI",42.19503228,-83.16620271,Certain glycol ethers (N230),332 Fabricated Metals,"332812 Metal Coating, Engraving (except Jewelry and Silverware), and Allied Services to Manufactur..",NA,"8,509.00","8,509.00",0.00,0.00,0.00,"62,213.00","1,531,620",0
WEBB CHEMICAL SERVICE CORP,49444WBBCH2708J,2024,26121004300,"60,581",56,21,98,0,61,49444,2708 JARMAN,"MUSKEGON HEIGHTS, MI","MUSKEGON, MI",43.20207671,-86.23092135,Xylene (mixed isomers) (1330-20-7),4246 Chemical Wholesalers,424690 Other Chemical and Allied Products Merchant Wholesalers,NA,"8,439.77",167.27,0.00,0.00,"8,272.50","8,439.77","295,392",0
AJAX METAL PROCESSING INC,48207JXMTL4651B,2024,26163519200,"102,022",77,10,97,0,44,48207,4651 BELLEVUE AVE,"DETROIT, MI","WAYNE, MI",42.36922867,-83.02213289,Nickel compounds (N495),332 Fabricated Metals,"332813 Electroplating, Plating, Polishing, Anodizing, and Coloring",AJAX METAL PROCESSING INC,"8,389.33",0.00,0.00,0.00,"8,389.33","8,389.33","7,652,984,590",0
CORTEVA AGRISCIENCE LLC - MIDLAND,4867WDWGRS71WAS,2024,26111290600,"30,090",74,14,85,0,68,48640,701 WASHINGTON ST,"MIDLAND, MI","MIDLAND, MI",43.60532757,-84.21757491,Methanol (67-56-1),325 Chemicals,325320 Pesticide and Other Agricultural Chemical Manufacturing,CORTEVA INC,"8,300.00","8,300.00",0.00,0.00,0.00,"2,513,358.00","1,494",0
GM TRUCK GROUP FLINT ASSEMBLY PLANT,48551GMCTRG3100,2024,26049980000,"51,226",0,0,0,0,0,48551,G-3100 VAN SLYKE RD,"FLINT, MI","GENESEE, MI",42.96697513,-83.71257194,Methyl isobutyl ketone (108-10-1),336 Transportation Equipment,336110 Automobile and Light Duty Motor Vehicle Manufacturing,GENERAL MOTORS LLC,"8,300.00","8,300.00",0.00,0.00,0.00,"48,810.00","9,960",0
GM TRUCK GROUP FLINT ASSEMBLY PLANT,48551GMCTRG3100,2024,26049980000,"51,226",0,0,0,0,0,48551,G-3100 VAN SLYKE RD,"FLINT, MI","GENESEE, MI",42.96697513,-83.71257194,Toluene (108-88-3),336 Transportation Equipment,336110 Automobile and Light Duty Motor Vehicle Manufacturing,GENERAL MOTORS LLC,"8,300.00","8,300.00",0.00,0.00,0.00,"14,730.00","5,810",0
HUTCHINSON AEROSPACE & INDUSTRY,48847PLSTR1300S,2024,26057001000,"3,673",83,16,0,0,75,48847,1300 S COUNTY FARM DR,"ITHACA, MI","GRATIOT, MI",43.27512446,-84.60806048,Toluene (108-88-3),326 Plastics and Rubber,326291 Rubber Product Manufacturing for Mechanical Use,HUTCHINSON NORTH AMERICA,"8,275.00","3,692.00",0.00,0.00,"4,583.00","47,609.00","62,163",0
FORD MOTOR CO MICHIGAN ASSEMBLY PLANT,48184FRDMT38303,2024,26163566700,"67,978",14,15,80,62,67,48184,38303 MICHIGAN AVE,"WAYNE, MI","WAYNE, MI",42.27796988,-83.41395208,Nitrate compounds (water dissociable) (N511),336 Transportation Equipment,336110 Automobile and Light Duty Motor Vehicle Manufacturing,FORD MOTOR CO,"8,200.00",0.00,0.00,0.00,"8,200.00","83,200.00","5,166",0
THE DOW CHEMICAL CO,48667THDWCMICHI,2024,26111290600,"25,530",74,14,85,0,68,48667,1790 BUILDING,"MIDLAND, MI","MIDLAND, MI",43.6095201,-84.2393991,Ethylene (74-85-1),325 Chemicals,325211 Plastics Material and Resin Manufacturing,DOW INC,"8,186.00","8,186.00",0.00,0.00,0.00,"42,186.00","4,584",0
K C JONES PLATING CO,48030KCJNS321WT,2024,26125181500,"140,124",25,31,29,0,26,48030,321 W TEN MILE RD,"HAZEL PARK, MI","OAKLAND, MI",42.47601645,-83.1072768,Nickel compounds (N495),332 Fabricated Metals,"332813 Electroplating, Plating, Polishing, Anodizing, and Coloring",K C JONES PLATING CO,"8,132.80",61.00,1.80,0.00,"8,070.00","8,132.80","7,291,226,645",1
MAGNA MIRRORS CORP-NEWAYGO,49337DNNLL700SO,2024,26123970900,"5,417",39,32,88,0,58,49337,700 S INDUSTRIAL DR,"NEWAYGO, MI","NEWAYGO, MI",43.40941924,-85.79402252,Xylene (mixed isomers) (1330-20-7),336 Transportation Equipment,336390 Other Motor Vehicle Parts Manufacturing,MAGNA US HOLDING INC,"8,003.08","7,998.00",0.00,0.00,5.08,"36,698.40","280,105",0
MARATHON PETROLEUM CO LP - MICHIGAN REFINING DIV,48217MRTHN1300S,2024,26163524500,"94,854",0,35,0,0,0,48217,1300 S FORT ST HES DEPT,"DETROIT, MI","WAYNE, MI",42.28071629,-83.15192609,Xylene (mixed isomers) (1330-20-7),324 Petroleum Products,324110 Petroleum Refineries,MARATHON PETROLEUM CORP,"7,939.08","7,838.00",0.00,0.00,101.08,"19,589.40","277,865",0
GM TRUCK GROUP FLINT ASSEMBLY PLANT,48551GMCTRG3100,2024,26049980000,"51,226",0,0,0,0,0,48551,G-3100 VAN SLYKE RD,"FLINT, MI","GENESEE, MI",42.96697513,-83.71257194,Nitrate compounds (water dissociable) (N511),336 Transportation Equipment,336110 Automobile and Light Duty Motor Vehicle Manufacturing,GENERAL MOTORS LLC,"7,925.00",0.00,0.00,0.00,"7,925.00","78,900.00","4,993",0
GM TRUCK GROUP FLINT ASSEMBLY PLANT,48551GMCTRG3100,2024,26049980000,"51,226",0,0,0,0,0,48551,G-3100 VAN SLYKE RD,"FLINT, MI","GENESEE, MI",42.96697513,-83.71257194,"1,2,4-Trimethylbenzene (95-63-6)",336 Transportation Equipment,336110 Automobile and Light Duty Motor Vehicle Manufacturing,GENERAL MOTORS LLC,"7,900.00","7,900.00",0.00,0.00,0.00,"105,111.00","458,200",0
ROYAL ADHESIVES & SEALANTS,49254DCPRD4401P,2024,26075006101,"17,114",48,31,93,0,16,49254,4401 PAGE AVE,"MICHIGAN CENTER, MI","JACKSON, MI",42.23436429,-84.33316071,Zinc compounds (N982),325 Chemicals,325520 Adhesive Manufacturing,HB FULLER CO,"7,886.00",5.00,0.00,0.00,"7,881.00","7,886.00","788,600",0
NUTRITION & BIOSCIENCES USA 1 LLC MIDLAND,4864WNTRTN34SSB,2024,26111290600,"27,335",74,14,85,0,68,48640,3400 S SAGINAW RD,"MIDLAND, MI","MIDLAND, MI",43.60102204,-84.20774568,Chloromethane (74-87-3),325 Chemicals,325211 Plastics Material and Resin Manufacturing,INTERNATIONAL FLAVORS & FRAGRANCES INC,"7,867.00","7,867.00",0.00,0.00,0.00,"275,906.00","5,034,880",0
VENTRA FOWLERVILLE LLC,48836MRDNT8887W,2024,26093722300,"7,666",67,49,65,0,68,48836,8887 W GRAND RIVER AVE,"FOWLERVILLE, MI","LIVINGSTON, MI",42.66097968,-84.08910291,Methanol (67-56-1),336 Transportation Equipment,336390 Other Motor Vehicle Parts Manufacturing,K2TR FAMILY HOLDINGS 2 CORP,"7,854.00","7,854.00",0.00,0.00,0.00,"24,059.00","1,414",0
CURTIS METAL FINISHING CO,48078CRTSC6645S,2024,26099982001,"98,136",0,0,0,0,0,48313,6645 SIMS DR,"STERLING HEIGHTS, MI","MACOMB, MI",42.58932703,-83.04172465,Zinc compounds (N982),332 Fabricated Metals,"332812 Metal Coating, Engraving (except Jewelry and Silverware), and Allied Services to Manufactur..",CURTIS METAL FINISHING CO,"7,835.73",0.00,0.00,0.00,"7,835.73","7,835.73","755,143",0
DENSO MANUFACTURING MICHIGAN INC,49015NPPNDONEDE,2024,26025002600,"10,024",56,21,66,71,74,49037,ONE DENSO RD,"BATTLE CREEK, MI","CALHOUN, MI",42.32984027,-85.28355993,Hydrogen fluoride (7664-39-3),336 Transportation Equipment,336390 Other Motor Vehicle Parts Manufacturing,DENSO INTERNATIONAL AMERICA INC,"7,823.10","7,823.10",0.00,0.00,0.00,"41,138.90","1,955,775",1
IHC LLC.,48228NTRNT12400,2024,26163547000,"143,160",42,55,92,0,79,48228,12400 BURT RD,"DETROIT, MI","WAYNE, MI",42.37853813,-83.24631192,Nitric acid (7697-37-2),332 Fabricated Metals,"332813 Electroplating, Plating, Polishing, Anodizing, and Coloring",NA,"7,780.00","7,780.00",0.00,0.00,0.00,"7,780.00","2,100,600",0
LAPEER PLATING & PLASTICS INC.,48446DCPLT395DE,2024,26087337500,"14,131",82,58,30,0,43,48446,395 DEMILLE RD,"LAPEER, MI","LAPEER, MI",43.03934715,-83.30950954,Nitrate compounds (water dissociable) (N511),332 Fabricated Metals,"332813 Electroplating, Plating, Polishing, Anodizing, and Coloring",TTOD LIQUIDATION,"7,584.50",5.00,0.00,0.00,"7,579.50","75,800.00","4,778",0
SHAPE 1820,49417FNSHC1820H,2024,26139021204,"25,808",40,17,0,0,74,49417,1820 HAYES ST,"GRAND HAVEN, MI","OTTAWA, MI",43.03021274,-86.19614468,Zinc compounds (N982),332 Fabricated Metals,"332812 Metal Coating, Engraving (except Jewelry and Silverware), and Allied Services to Manufactur..",SHAPE CORP,"7,580.71",0.00,0.00,0.00,"7,580.71","7,580.71","751,463",0
EQ DETROIT INC,48211SLCTY1923F,2024,26163519100,"124,295",0,83,90,0,83,48211,1923 FREDERICK ST,"DETROIT, MI","WAYNE, MI",42.36602042,-83.04737998,Lead compounds (N420),999 Other,562998 All Other Miscellaneous Waste Management Services,REPUBLIC SERVICES INC,"7,568.06",23.42,0.00,0.00,"7,544.64","7,568.06","174,065,380",0
MAHLE ENGINE COMPONENTS USA INC,48879SLDPW916WE,2024,26037010801,"9,939",21,79,59,0,12,48879,916 W STATE ST,"SAINT JOHNS, MI","CLINTON, MI",43.00158539,-84.57143975,Manganese compounds (N450),336 Transportation Equipment,336310 Motor Vehicle Gasoline Engine and Engine Parts Manufacturing,MAHLE INDUSTRIES INC,"7,563.02",0.37,0.00,0.00,"7,562.65","7,967.02","87,870,149",0
THE ANDERSONS MARATHON HOLDINGS LLC - ALBION FACILITY,49224NDRSN2625B,2024,26025003600,"9,110",56,64,26,0,89,49224,26250 B DR N,"ALBION, MI","CALHOUN, MI",42.26143646,-84.79500403,n-Hexane (110-54-3),325 Chemicals,325193 Ethyl Alcohol Manufacturing,THE ANDERSONS INC,"7,500.00","7,500.00",0.00,0.00,0.00,"8,800.00","37,500",0
AJAX METAL PROCESSING INC,48207JXMTL4651B,2024,26163519200,"102,022",77,10,97,0,44,48207,4651 BELLEVUE AVE,"DETROIT, MI","WAYNE, MI",42.36922867,-83.02213289,Cobalt compounds (N096),332 Fabricated Metals,"332813 Electroplating, Plating, Polishing, Anodizing, and Coloring",AJAX METAL PROCESSING INC,"7,473.00",0.00,0.00,0.00,"7,473.00","7,473.00","209,244,000,000",0
MAGNA MIRRORS CORP-NEWAYGO,49337DNNLL700SO,2024,26123970900,"5,417",39,32,88,0,58,49337,700 S INDUSTRIAL DR,"NEWAYGO, MI","NEWAYGO, MI",43.40941924,-85.79402252,"1,2,4-Trimethylbenzene (95-63-6)",336 Transportation Equipment,336390 Other Motor Vehicle Parts Manufacturing,MAGNA US HOLDING INC,"7,456.06","7,445.00",0.00,0.00,11.06,"34,237.20","432,916",0
NEXTEER AUTOMOTIVE CORP,48601GMCSG3900H,2024,26145011002,"27,468",99,51,0,0,53,48601,3900 HOLLAND ROAD,"SAGINAW, MI","SAGINAW, MI",43.414546,-83.87992378,Certain glycol ethers (N230),336 Transportation Equipment,336330 Motor Vehicle Steering and Suspension Components (except Spring) Manufacturing,PCM US STEERING HOLDING LLC,"7,453.70","4,333.60",0.00,0.00,"3,120.10","43,373.90","1,404,068",0
ROBROY ENCLOSURES,48809RBRYN500MA,2024,26067030200,"7,868",39,21,51,0,53,48809,500 MAPLE ST,"BELDING, MI","IONIA, MI",43.09369893,-85.23372515,Styrene (100-42-5),326 Plastics and Rubber,326199 All Other Plastics Product Manufacturing,ROBROY INDUSTRIES,"7,449.00","7,449.00",0.00,0.00,0.00,"7,449.00","26,072",0
GENTEX CORP AUTOMOTIVE DIV,49464GNTXC600NC,2024,26139022900,"23,339",19,75,0,0,45,49464,600 N CENTENNIAL ST,"ZEELAND, MI","OTTAWA, MI",42.82681661,-86.01220917,Lead compounds (N420),336 Transportation Equipment,336390 Other Motor Vehicle Parts Manufacturing,GENTEX CORP,"7,436.11",0.40,0.00,0.00,"7,435.71","9,288.15","171,030,530",0
REC BOAT HOLDINGS LLC-SPORT/ENGINEERING,49601FRWNN925FR,2024,26165380700,"13,006",76,20,69,0,73,49601,925 FRISBIE ST,"CADILLAC, MI","WEXFORD, MI",44.2641537,-85.4231946,Styrene (100-42-5),336 Transportation Equipment,336612 Boat Building,REC BOAT HOLDINGS LLC,"7,356.60","7,356.60",0.00,0.00,0.00,"9,697.40","25,748",0
HASTINGS MANUFACTURING CO,49058HSTNG325NO,2024,26015011301,"10,263",17,37,37,0,72,49058,325 N HANOVER ST,"HASTINGS, MI","BARRY, MI",42.65143398,-85.28311673,Lead compounds (N420),336 Transportation Equipment,336310 Motor Vehicle Gasoline Engine and Engine Parts Manufacturing,NA,"7,319.41",9.08,0.00,0.00,"7,310.33","7,361.65","168,346,280",1
CARGILL KITCHEN SOLUTIONS,48849SNNYF31BNA,2024,26067031200,"3,864",44,73,64,57,52,48849,3100 BONANZA RD,"LAKE ODESSA, MI","IONIA, MI",42.79212745,-85.13563079,Nitrate compounds (water dissociable) (N511),311 Food,311999 All Other Miscellaneous Food Manufacturing,CARGILL INC,"7,273.40",0.00,0.00,0.00,"7,273.40","67,604.00","4,582",1
CURTIS METAL FINISHING CO,48078CRTSC6645S,2024,26099982001,"98,136",0,0,0,0,0,48313,6645 SIMS DR,"STERLING HEIGHTS, MI","MACOMB, MI",42.58932703,-83.04172465,Certain glycol ethers (N230),332 Fabricated Metals,"332812 Metal Coating, Engraving (except Jewelry and Silverware), and Allied Services to Manufactur..",CURTIS METAL FINISHING CO,"7,248.11","6,498.00",0.00,0.00,750.11,"72,417.11","1,319,662",0
REAL ALLOY RECYCLING LLC,49036MCRCY267NO,2024,26023951600,"12,956",83,35,63,66,40,49036,267 N FILLMORE RD,"COLDWATER, MI","BRANCH, MI",41.92249326,-85.02338943,Copper compounds (N100),331 Primary Metals,331314 Secondary Smelting and Alloying of Aluminum,REAL ALLOY HOLDING LLC,"7,108.00",580.00,0.00,0.00,"6,528.00","7,108.00","10,662,000",0
ELMET TECHNOLOGIES,49036CLMXS460JA,2024,26023951600,"13,495",57,63,22,90,50,49036,460 JAY ST,"COLDWATER, MI","BRANCH, MI",41.92888962,-85.01506275,Ammonia (7664-41-7),332 Fabricated Metals,332117 Powder Metallurgy Part Manufacturing,ELMET TECHNOLOGIES LLC,"7,049.00","7,049.00",0.00,0.00,0.00,"7,049.00","49,343",0
SARA LEE FROZEN BAKERY LLC,49684SRLBK2314S,2024,26055551400,"25,812",35,82,46,0,46,49684,2314 SYBRANDT RD,"TRAVERSE CITY, MI","GRAND TRAVERSE, MI",44.73536061,-85.62308035,Ethylene glycol (107-21-1),311 Food,"311813 Frozen Cakes, Pies, and Other Pastries Manufacturing",NA,"7,029.00","7,029.00",0.00,0.00,0.00,"7,029.00","61,855",0
GENERAL MOTORS LANSING DELTA TOWNSHIP,48917GNRLM85REL,2024,26045020302,"10,044",63,24,60,0,0,48917,8175 MILLETT HWY,"LANSING, MI","EATON, MI",42.69753322,-84.67379564,Ethylbenzene (100-41-4),336 Transportation Equipment,336110 Automobile and Light Duty Motor Vehicle Manufacturing,GENERAL MOTORS LLC,"6,997.00","6,990.00",0.00,0.00,7.00,"80,297.00","6,227,330",0
ORAFOL AUTOMOTIVE GRAPHICS,48057KYTMT57KAY,2024,26125128900,"33,590",70,8,32,66,22,48359,57 KAY INDUSTRIAL DR,"LAKE ORION, MI","OAKLAND, MI",42.71675887,-83.2401917,Certain glycol ethers (N230),323 Printing,323113 Commercial Screen Printing,ORAFOL INTERNATIONAL,"6,992.00","6,992.00",0.00,0.00,0.00,"15,744.90","1,258,560",0
VENTRA IONIA MAIN LLC,48846MRCNB14NOR,2024,26067031700,"10,724",39,39,25,0,57,48846,14 N BEARDSLEY RD,"IONIA, MI","IONIA, MI",42.98536297,-85.03008498,Sodium nitrite (7632-00-0),336 Transportation Equipment,336390 Other Motor Vehicle Parts Manufacturing,FLEX-N-GATE CORP,"6,986.00",333.00,0.00,0.00,"6,653.00","6,986.00","69,860",0
MARATHON PETROLEUM CO LP - MICHIGAN REFINING DIV,48217MRTHN1300S,2024,26163524500,"94,854",0,35,0,0,0,48217,1300 S FORT ST HES DEPT,"DETROIT, MI","WAYNE, MI",42.28071629,-83.15192609,Naphthalene (91-20-3),324 Petroleum Products,324110 Petroleum Refineries,MARATHON PETROLEUM CORP,"6,983.00","1,240.00",0.00,0.00,"5,743.00","8,829.00","83,796,000",0
MARATHON PETROLEUM CO LP - MICHIGAN REFINING DIV,48217MRTHN1300S,2024,26163524500,"94,854",0,35,0,0,0,48217,1300 S FORT ST HES DEPT,"DETROIT, MI","WAYNE, MI",42.28071629,-83.15192609,n-Hexane (110-54-3),324 Petroleum Products,324110 Petroleum Refineries,MARATHON PETROLEUM CORP,"6,971.50","6,970.00",0.00,0.50,1.00,"1,114,096.50","34,876",0
THE DOW CHEMICAL CO,48667THDWCMICHI,2024,26111290600,"25,530",74,14,85,0,68,48667,1790 BUILDING,"MIDLAND, MI","MIDLAND, MI",43.6095201,-84.2393991,n-Hexane (110-54-3),325 Chemicals,325211 Plastics Material and Resin Manufacturing,DOW INC,"6,962.00","6,960.00",0.00,0.00,2.00,"81,881.00","34,834",0
EDW C LEVY CO - PLANT 6,48217DWCLV13800,2024,26163524500,"105,392",0,0,98,0,97,48217,13800 MELLON ST,"DETROIT, MI","WAYNE, MI",42.29048442,-83.15733701,Manganese compounds (N450),327 Nonmetallic Mineral Product,327992 Ground or Treated Mineral and Earth Manufacturing,EDW C LEVY CO,"6,872.00",127.00,0.00,"6,745.00",0.00,"6,872.00","1,571,890",0
FCA US WARREN TRUCK ASSEMBLY PLANT,48091WRRNT21500,2024,26099982200,"130,932",0,0,0,0,93,48091,21500 MOUND RD,"WARREN, MI","MACOMB, MI",42.45531342,-83.04419136,Cumene (98-82-8),336 Transportation Equipment,336110 Automobile and Light Duty Motor Vehicle Manufacturing,FCA US LLC,"6,831.75","6,831.75",0.00,0.00,0.00,"10,942.85","60,119",0
GENERAL MOTORS LANSING DELTA TOWNSHIP,48917GNRLM85REL,2024,26045020302,"10,044",63,24,60,0,0,48917,8175 MILLETT HWY,"LANSING, MI","EATON, MI",42.69753322,-84.67379564,Cumene (98-82-8),336 Transportation Equipment,336110 Automobile and Light Duty Motor Vehicle Manufacturing,GENERAL MOTORS LLC,"6,807.00","6,800.00",0.00,0.00,7.00,"69,197.00","59,910",0
TOWER AUTOMOTIVE PLYMOUTH,48170TWRTM43955,2024,26163561700,"60,660",0,0,0,0,0,48170,43955 PLYMOUTH OAKS BLVD,"PLYMOUTH, MI","WAYNE, MI",42.38294364,-83.47229219,Manganese (7439-96-5),336 Transportation Equipment,336110 Automobile and Light Duty Motor Vehicle Manufacturing,AUTOKINITON US HOLDINGS INC,"6,775.60","6,775.60",0.00,0.00,0.00,"6,786.60","81,307,200",0
FCA US WARREN TRUCK ASSEMBLY PLANT,48091WRRNT21500,2024,26099982200,"130,932",0,0,0,0,93,48091,21500 MOUND RD,"WARREN, MI","MACOMB, MI",42.45531342,-83.04419136,Certain glycol ethers (N230),336 Transportation Equipment,336110 Automobile and Light Duty Motor Vehicle Manufacturing,FCA US LLC,"6,757.96","6,757.96",0.00,0.00,0.00,"20,355.20","1,216,433",0
THE HILLSHIRE BRANDS CO,49464BLMRF83009,2024,26139022001,"4,282",53,28,0,66,30,49464,8300 96TH AVE,"ZEELAND, MI","OTTAWA, MI",42.9197795,-86.02217819,Ammonia (7664-41-7),311 Food,311612 Meat Processed from Carcasses,TYSON FOODS INC,"6,714.00","6,552.00",162.00,0.00,0.00,"8,334.39","45,864",0
DETROIT ASSEMBLY COMPLEX MACK,4821WDTRTS4STJE,2024,26163514100,"124,212",56,18,98,0,46,48214,4000 ST JEAN ST,"DETROIT, MI","WAYNE, MI",42.37978444,-82.97886412,Xylene (mixed isomers) (1330-20-7),336 Transportation Equipment,336110 Automobile and Light Duty Motor Vehicle Manufacturing,FCA US LLC,"6,678.64","6,678.64",0.00,0.00,0.00,"140,141.87","233,752",0
J H CAMPBELL GENERATING PLANT,49460JHCMP17000,2024,26139022002,"2,772",34,62,82,0,47,49460,17000 CROSWELL ST,"WEST OLIVE, MI","OTTAWA, MI",42.92085153,-86.20634501,Hydrochloric acid (acid aerosols) (7647-01-0),2211 Electric Utilities,221112 Fossil Fuel Electric Power Generation,CMS ENERGY,"6,669.00","6,669.00",0.00,0.00,0.00,"63,033.00","1,200,420",0
SUN CHEMICAL CORP MUSKEGON PLANT,49443SNCHM4925E,2024,26121003100,"15,493",42,59,66,0,51,49442,4925 EVANSTON AVE,"MUSKEGON, MI","MUSKEGON, MI",43.21312746,-86.12464853,Barium compounds (N040),325 Chemicals,325130 Synthetic Dye and Pigment Manufacturing,SUN CHEMICAL CORP,"6,620.04",0.04,0.00,0.00,"6,620.00","57,591.04","33,348",0
HENKEL US OPERATIONS CORP,48091MCHMP23343,2024,26099263200,"125,648",28,38,82,0,67,48091,23343 SHERWOOD AVE,"WARREN, MI","MACOMB, MI",42.46588693,-83.03550307,Manganese compounds (N450),325 Chemicals,325998 All Other Miscellaneous Chemical Product and Preparation Manufacturing,HENKEL OF AMERICA INC,"6,573.00",99.00,0.00,0.00,"6,474.00","7,333.00","78,048,490",0
BILLERUD QUINNESEC,49876CHMPNUSHIG,2024,26043950300,"5,480",46,23,42,0,18,49876,W 6791 US HWY 2,"QUINNESEC, MI","DICKINSON, MI",45.80204895,-87.95895733,Acetaldehyde (75-07-0),322 Paper,322110 Pulp Mills,BILLERUD AMERICAS CORP,"6,532.39","6,346.00",185.00,1.39,0.00,"27,304.39","51,605,881",0
WOLVERINE PLATING CORP,48066WLVRN29456,2024,26099255300,"133,853",50,41,74,73,77,48066,29456 GROESBECK HWY,"ROSEVILLE, MI","MACOMB, MI",42.51179845,-82.95561476,Chromium compounds (N090),332 Fabricated Metals,"332813 Electroplating, Plating, Polishing, Anodizing, and Coloring",NA,"6,524.00",1.00,0.00,0.00,"6,523.00","6,524.00","162,267,381,900",0
ASAMA COLDWATER MANUFACTURING,49036SMCLD180AS,2024,26023951400,"13,275",16,82,34,0,40,49036,180 ASAMA PKWY,"COLDWATER, MI","BRANCH, MI",41.95315529,-84.97865584,Manganese (7439-96-5),331 Primary Metals,331511 Iron Foundries,SUMITOMO CORP OF AMERICAS,"6,491.85",17.60,3.25,0.00,"6,471.00","42,348.85","77,863,223",0
ALLNEX USA INC,49003MRCNC2715M,2024,26077001801,"50,356",79,14,29,0,50,49001,2715 MILLER RD,"KALAMAZOO, MI","KALAMAZOO, MI",42.26691458,-85.54570614,Formaldehyde (50-00-0),325 Chemicals,325211 Plastics Material and Resin Manufacturing,ALLNEX USA INC,"6,275.20","1,014.20",0.00,0.00,"5,261.00","59,989.20","62,587,155",0
FCA US STERLING HEIGHTS ASSEMBLY PLANT,48077STRLN38111,2024,26099231200,"94,944",17,19,0,82,54,48312,38111 VAN DYKE,"STERLING HEIGHTS, MI","MACOMB, MI",42.57039424,-83.03013673,Nitric acid (7697-37-2),336 Transportation Equipment,336110 Automobile and Light Duty Motor Vehicle Manufacturing,FCA US LLC,"6,257.21","6,257.21",0.00,0.00,0.00,"9,639.79","1,689,447",0
DDP SPECIALTY ELECTRONIC MATERIALS US LLC,4864WDDPSP34SSA,2024,26111290600,"29,731",74,14,85,0,68,48640,3400 S SAGINAW RD - UNIT 96,"MIDLAND, MI","MIDLAND, MI",43.60102204,-84.20774568,Styrene (100-42-5),325 Chemicals,325199 All Other Basic Organic Chemical Manufacturing,DUPONT DE NEMOURS INC,"6,196.00","6,108.00",0.00,0.00,88.00,"121,108.00","21,818",0
AVIENT COLORANTS USA LLC - ALBION FACILITY,49224RDPLSALBIO,2024,26025003600,"9,350",56,64,26,0,89,49224,926 ELLIOTT RD,"ALBION, MI","CALHOUN, MI",42.25635389,-84.77948306,Zinc compounds (N982),325 Chemicals,325991 Custom Compounding of Purchased Resins,AVIENT CORP,"6,147.50",18.00,0.00,0.00,"6,129.50","8,111.80","613,735",0
MARSHALL EXCELSIOR CO,49068MRSHL1506G,2024,26025004000,"9,400",84,35,68,0,22,49068,1506 GEORGE BROWN DR,"MARSHALL, MI","CALHOUN, MI",42.2486456,-84.95665161,Copper (7440-50-8),332 Fabricated Metals,332911 Industrial Valve Manufacturing,NA,"6,087.60",5.60,0.00,0.00,"6,082.00","673,999.79","9,131,400",0
HOWMET CORP-PLANT 10,49461HWMTC3850W,2024,26121003702,"8,117",83,67,0,0,34,49461,3850 W WHITE LAKE DR,"WHITEHALL, MI","MUSKEGON, MI",43.38541792,-86.33760743,Nickel (7440-02-0),331 Primary Metals,331529 Other Nonferrous Metal Foundries (except Die-Casting),HOWMET AEROSPACE INC,"6,083.00",5.00,0.00,0.00,"6,078.00","18,650.00","5,635,802,093",0
AKWEL CADILLAC USA INC.,49601CDLLC603WE,2024,26165380700,"12,871",76,20,69,0,73,49601,603 W 7TH ST,"CADILLAC, MI","WEXFORD, MI",44.26075834,-85.41659749,Nitrate compounds (water dissociable) (N511),326 Plastics and Rubber,326220 Rubber and Plastics Hoses and Belting Manufacturing,NA,"6,080.00",0.00,0.00,0.00,"6,080.00","60,800.00","3,830",0
V&S DETROIT GALVANIZING LLC,48239GLVNZ25425,2024,26163554900,"107,639",66,32,51,62,11,48239,12600 ARNOLD ST,"REDFORD, MI","WAYNE, MI",42.37868813,-83.29024964,Zinc compounds (N982),332 Fabricated Metals,"332812 Metal Coating, Engraving (except Jewelry and Silverware), and Allied Services to Manufactur..",VOIGT & SCHWEITZER LLC,"6,038.00",719.00,0.00,0.00,"5,319.00","539,902.00","541,235",0
VENTRA IONIA PAINT LLC,48846MRDNT719WM,2024,26067031700,"11,961",92,8,42,0,85,48846,719 W MAIN ST,"IONIA, MI","IONIA, MI",42.98181438,-85.07421665,n-Butyl alcohol (71-36-3),336 Transportation Equipment,336390 Other Motor Vehicle Parts Manufacturing,FLEX-N-GATE CORP,"6,031.40","6,031.40",0.00,0.00,0.00,"41,931.28","60,314",0
LACKS TRIM SYSTEMS-AIRLANE,49508LCKSN4260A,2024,26081012608,"45,423",76,63,33,57,68,49512,4260 AIRLANE SE,"KENTWOOD, MI","KENT, MI",42.88619695,-85.57530451,Nickel compounds (N495),332 Fabricated Metals,"332813 Electroplating, Plating, Polishing, Anodizing, and Coloring",LACKS ENTERPRISES INC,"5,809.00",20.00,0.00,0.00,"5,789.00","61,590.00","5,350,295,096",0
SA AUTOMOTIVE,4889WSGRPT137HI,2024,26065005900,"3,385",81,39,76,0,37,48892,1307 HIGHVIEW DR,"WEBBERVILLE, MI","INGHAM, MI",42.65678869,-84.19145938,Diisocyanates (N120),336 Transportation Equipment,336390 Other Motor Vehicle Parts Manufacturing,NA,"5,798.00",0.00,0.00,0.00,"5,798.00","5,798.00","2,029,300,000",0
CABOT FUMED SILICA - MIDLAND PLANT,48640CBTFM3603S,2024,26111290600,"22,802",74,14,85,0,68,48640,3603 S SAGINAW RD,"MIDLAND, MI","MIDLAND, MI",43.59621126,-84.20771824,Hydrochloric acid (acid aerosols) (7647-01-0),325 Chemicals,325180 Other Basic Inorganic Chemical Manufacturing,CABOT CORP,"5,784.00","5,784.00",0.00,0.00,0.00,"7,725.00","1,041,120",0
BILLERUD QUINNESEC,49876CHMPNUSHIG,2024,26043950300,"5,480",46,23,42,0,18,49876,W 6791 US HWY 2,"QUINNESEC, MI","DICKINSON, MI",45.80204895,-87.95895733,Ethylene glycol (107-21-1),322 Paper,322110 Pulp Mills,BILLERUD AMERICAS CORP,"5,771.81",26.72,"5,728.53",16.56,0.00,"26,748.08","3,108",0
LOUISIANA PACIFIC CORPORATION-NEWBERRY,49868LSNPC461MI,2024,26095960100,"3,224",22,42,95,0,54,49868,7299 N C.R. 403,"NEWBERRY, MI","LUCE, MI",46.33664546,-85.48893064,Methanol (67-56-1),321 Wood Products,321219 Reconstituted Wood Product Manufacturing,LOUISIANA PACIFIC CORP,"5,718.00","5,718.00",0.00,0.00,0.00,"70,254.00","1,029",0
CHEMETALL US INC,4920WCHMTL11TEC,2024,26075005501,"24,746",0,14,40,58,13,49201,1100 TECHNOLOGY DR,"JACKSON, MI","JACKSON, MI",42.27282025,-84.47039049,Nitrate compounds (water dissociable) (N511),325 Chemicals,325611 Soap and Other Detergent Manufacturing,BASF CORP,"5,688.90",8.90,0.00,0.00,"5,680.00","8,108.90","3,584",0
ROSLER METAL FINISHING USA LLC,49015RSLRM1551D,2024,26025002600,"7,140",56,21,66,71,74,49037,1551 DENSO RD,"BATTLE CREEK, MI","CALHOUN, MI",42.33192068,-85.29451864,Styrene (100-42-5),327 Nonmetallic Mineral Product,327910 Abrasive Product Manufacturing,NA,"5,668.00","5,668.00",0.00,0.00,0.00,"5,668.00","19,838",0
DETROIT ASSEMBLY COMPLEX MACK,4821WDTRTS4STJE,2024,26163514100,"124,212",56,18,98,0,46,48214,4000 ST JEAN ST,"DETROIT, MI","WAYNE, MI",42.37978444,-82.97886412,Methyl isobutyl ketone (108-10-1),336 Transportation Equipment,336110 Automobile and Light Duty Motor Vehicle Manufacturing,FCA US LLC,"5,660.43","1,897.85",0.00,0.00,"3,762.58","37,080.85","51,191",0
WOODWORTH INC HOMER,4924WWDWRT29753,2024,26025003200,930,71,75,33,0,43,49245,29753 M-60,"HOMER, MI","CALHOUN, MI",42.16287355,-84.71576183,Ammonia (7664-41-7),332 Fabricated Metals,332811 Metal Heat Treating,WOODWORTH INC,"5,658.00","5,658.00",0.00,0.00,0.00,"5,658.00","39,606",1
DDP SPECIALTY ELECTRONIC MATERIALS US LLC,4864WDDPSP34SSA,2024,26111290600,"29,731",74,14,85,0,68,48640,3400 S SAGINAW RD - UNIT 96,"MIDLAND, MI","MIDLAND, MI",43.60102204,-84.20774568,Methanol (67-56-1),325 Chemicals,325199 All Other Basic Organic Chemical Manufacturing,DUPONT DE NEMOURS INC,"5,627.20","4,690.20",0.00,0.00,937.00,"951,747.30","1,781",0
BILLERUD ESCANABA LLC,49829MDPBLCOUNT,2024,26041970400,"5,730",46,91,58,0,34,49829,7100 COUNTY RD 426,"ESCANABA, MI","DELTA, MI",45.8032763,-87.09536725,Formic acid (64-18-6),322 Paper,322120 Paper Mills,BILLERUD AMERICAS CORP,"5,614.00",0.00,"5,614.00",0.00,0.00,"175,426.00","2,807",0
SCHREIBER FOOD INC.,49548PRMLT5252C,2024,26081014300,"85,238",15,79,82,81,64,49548,5252 CLAY AVE,"GRAND RAPIDS, MI","KENT, MI",42.86951922,-85.67706506,Nitrate compounds (water dissociable) (N511),311 Food,311511 Fluid Milk Manufacturing,SCHREIBER FOODS INC,"5,611.00",0.00,0.00,0.00,"5,611.00","56,110.00","3,535",0
NCP COATINGS LLC,49120NLSCH225FO,2024,26021021000,"22,316",0,81,0,0,84,49120,225 FORT ST,"NILES, MI","BERRIEN, MI",41.8125525,-86.2560034,Certain glycol ethers (N230),325 Chemicals,325510 Paint and Coating Manufacturing,NCP INTERMEDIATE HOLDINGS INC,"5,606.00","1,095.00",0.00,0.00,"4,511.00","14,316.00","1,099,300",1
ARKEMA INC,49507PLYMR1415S,2024,26081003800,"130,521",81,5,83,95,98,49507,1415 STEELE AVE SW,"GRAND RAPIDS, MI","KENT, MI",42.9387233,-85.67574584,Xylene (mixed isomers) (1330-20-7),325 Chemicals,325211 Plastics Material and Resin Manufacturing,ARKEMA DELAWARE INC,"5,599.00","5,599.00",0.00,0.00,0.00,"62,342.00","195,965",0
FORD MOTOR CO MICHIGAN ASSEMBLY PLANT,48184FRDMT38303,2024,26163566700,"67,978",14,15,80,62,67,48184,38303 MICHIGAN AVE,"WAYNE, MI","WAYNE, MI",42.27796988,-83.41395208,Certain glycol ethers (N230),336 Transportation Equipment,336110 Automobile and Light Duty Motor Vehicle Manufacturing,FORD MOTOR CO,"5,581.00","5,445.00",0.00,0.00,136.00,"45,051.00","1,007,300",0
PLASTIC PLATE INC. - KRAFT PLATER,4951WPLSTC5675K,2024,26081012203,"9,692",44,55,41,0,12,49512,5675 KRAFT AVE,"KENTWOOD, MI","KENT, MI",42.8607181,-85.5279897,Nickel compounds (N495),332 Fabricated Metals,"332813 Electroplating, Plating, Polishing, Anodizing, and Coloring",LACKS ENTERPRISES INC,"5,576.00",23.00,0.00,0.00,"5,553.00","64,753.00","5,154,993,003",0
MARATHON PETROLEUM CO LP - MICHIGAN REFINING DIV,48217MRTHN1300S,2024,26163524500,"94,854",0,35,0,0,0,48217,1300 S FORT ST HES DEPT,"DETROIT, MI","WAYNE, MI",42.28071629,-83.15192609,Ethylene (74-85-1),324 Petroleum Products,324110 Petroleum Refineries,MARATHON PETROLEUM CORP,"5,560.00","5,560.00",0.00,0.00,0.00,"26,164,148.00","3,114",0
MACDERMID INC,48220MCDRM1221F,2024,26125173600,"148,892",15,29,26,0,39,48220,1221 FARROW AVE,"FERNDALE, MI","OAKLAND, MI",42.4572589,-83.1182239,Zinc compounds (N982),325 Chemicals,325998 All Other Miscellaneous Chemical Product and Preparation Manufacturing,ELEMENT SOLUTIONS INC,"5,542.44",39.47,0.00,0.00,"5,502.97","5,542.44","549,541",0
MICHIGAN METAL COATINGS,48060STVNS2015D,2024,26147620000,"30,088",0,0,0,0,0,48060,2015 DOVE ST,"PORT HURON, MI","ST. CLAIR, MI",42.95192632,-82.44889921,Methanol (67-56-1),332 Fabricated Metals,"332812 Metal Coating, Engraving (except Jewelry and Silverware), and Allied Services to Manufactur..",MMC SYSTEMS,"5,527.00","5,527.00",0.00,0.00,0.00,"26,090.00",995,0
CADON PLATING CO.,48192CDNPL3715E,2024,26163580900,"81,534",41,69,0,0,58,48192,3715 11TH ST,"WYANDOTTE, MI","WAYNE, MI",42.19503228,-83.16620271,Zinc compounds (N982),332 Fabricated Metals,"332812 Metal Coating, Engraving (except Jewelry and Silverware), and Allied Services to Manufactur..",NA,"5,522.00",0.00,0.00,0.00,"5,522.00","5,522.00","534,407",0
FLAT ROCK ASSEMBLY PLANT,48134MZDMT1MAZD,2024,26163982000,"48,834",0,0,0,0,0,48134,1 INTERNATIONAL DR,"FLAT ROCK, MI","WAYNE, MI",42.10296609,-83.2436186,Nitrate compounds (water dissociable) (N511),336 Transportation Equipment,336370 Motor Vehicle Metal Stamping,FORD MOTOR CO,"5,500.00",0.00,0.00,0.00,"5,500.00","44,500.00","3,465",0
FCA US JEFFERSON NORTH ASSEMBLY PLANT,48215CHRYL2101C,2024,26163985200,"102,064",0,0,0,0,0,48215,2101 CONNOR AVE,"DETROIT, MI","WAYNE, MI",42.37535016,-82.96247701,n-Butyl alcohol (71-36-3),336 Transportation Equipment,336110 Automobile and Light Duty Motor Vehicle Manufacturing,FCA US LLC,"5,473.00","5,420.00",0.00,0.00,53.00,"54,592.10","54,730",0
NCP COATINGS LLC,49120NLSCH225FO,2024,26021021000,"22,316",0,81,0,0,84,49120,225 FORT ST,"NILES, MI","BERRIEN, MI",41.8125525,-86.2560034,"1,2,4-Trimethylbenzene (95-63-6)",325 Chemicals,325510 Paint and Coating Manufacturing,NCP INTERMEDIATE HOLDINGS INC,"5,452.00",766.00,0.00,0.00,"4,686.00","18,865.00","513,028",1
ALLOY RESOURCE CORP,4944WLLYRS2281P,2024,26121000402,-,32,25,94,0,82,49442,2281 PORT CITY BLVD,"MUSKEGON, MI","MUSKEGON, MI",43.21468341,-86.19592015,Nickel (7440-02-0),331 Primary Metals,331314 Secondary Smelting and Alloying of Aluminum,PACE INDUSTRIES LLC,"5,338.24",212.97,0.00,0.00,"5,125.27","5,338.24","4,964,563,200",0
GERBER PRODUCTS CO,49412GRBRP405ST,2024,26123970500,"6,773",70,92,81,0,63,49412,405 STATE ST,"FREMONT, MI","NEWAYGO, MI",43.46944279,-85.95487563,Nitrate compounds (water dissociable) (N511),311 Food,311422 Specialty Canning,NESTLE USA INC,"5,330.00",0.00,0.00,"5,330.00",0.00,"66,871.00","3,358",0
LEXAMAR CORP,49712LXMRC100LE,2024,26029001300,"5,195",55,81,45,63,41,49712,100 LEXAMAR DR,"BOYNE CITY, MI","CHARLEVOIX, MI",45.20542862,-84.9871016,Xylene (mixed isomers) (1330-20-7),326 Plastics and Rubber,326199 All Other Plastics Product Manufacturing,MAGNA US HOLDING INC,"5,298.00",589.00,0.00,0.00,"4,709.00","52,985.00","185,430",0
LOUISIANA-PACIFIC SAGOLA OSB,49881LSNPCHWYM9,2024,26043950100,159,65,88,68,0,53,49811,N8504 M-95,"SAGOLA, MI","DICKINSON, MI",46.01199111,-88.06104416,Acetaldehyde (75-07-0),321 Wood Products,321219 Reconstituted Wood Product Manufacturing,LOUISIANA PACIFIC CORP,"5,266.00","5,266.00",0.00,0.00,0.00,"38,828.00","41,601,400",0
PHARMACIA & UPJOHN CO LLC A SUBSIDIARY OF PFIZER INC,49001THPJH7171P,2024,26077001905,"31,983",66,12,0,69,34,49002,7171 PORTAGE RD,"PORTAGE, MI","KALAMAZOO, MI",42.21133108,-85.55988021,Ammonia (7664-41-7),325 Chemicals,325412 Pharmaceutical Preparation Manufacturing,PFIZER INC,"5,227.00","5,080.00",0.00,0.00,147.00,"26,310.00","35,560",0
NUTRITION & BIOSCIENCES USA 1 LLC MIDLAND,4864WNTRTN34SSB,2024,26111290600,"27,335",74,14,85,0,68,48640,3400 S SAGINAW RD,"MIDLAND, MI","MIDLAND, MI",43.60102204,-84.20774568,Methanol (67-56-1),325 Chemicals,325211 Plastics Material and Resin Manufacturing,INTERNATIONAL FLAVORS & FRAGRANCES INC,"5,206.00","5,206.00",0.00,0.00,0.00,"3,294,568.00",937,0
EAST JORDAN FOUNDRY LLC,4973WSTJRD2675B,2024,26009960200,447,41,78,56,0,38,49730,2675 N US HIGHWAY 131,"ELMIRA, MI","ANTRIM, MI",45.06963685,-84.8979168,Nickel compounds (N495),331 Primary Metals,331511 Iron Foundries,EJ AMERICAS LLC,"5,191.83",23.29,0.00,0.00,"5,168.54","14,380.16","4,828,401,900",0
KENDRICK PLASTICS,49512TSTYL5050K,2024,26081012203,"14,633",44,55,41,0,12,49512,5050 KENDRICK ST SE,"GRAND RAPIDS, MI","KENT, MI",42.87262317,-85.54307685,Toluene (108-88-3),336 Transportation Equipment,336360 Motor Vehicle Seating and Interior Trim Manufacturing,NA,"5,183.00","5,183.00",0.00,0.00,0.00,"157,703.60","3,628",1
MICHIGAN SEAMLESS TUBE LLC,48178QNXMC400MC,2024,26125139202,"24,586",52,82,0,0,24,48178,400 MCMUNN ST,"SOUTH LYON, MI","OAKLAND, MI",42.45817495,-83.65631026,Zinc compounds (N982),331 Primary Metals,331210 Iron and Steel Pipe and Tube Manufacturing from Purchased Steel,SPECIALTY STEEL WORKS INC,"5,179.01",44.01,129.00,0.00,"5,006.00","5,179.01","505,427",0
FORD MOTOR CO MICHIGAN ASSEMBLY PLANT,48184FRDMT38303,2024,26163566700,"67,978",14,15,80,62,67,48184,38303 MICHIGAN AVE,"WAYNE, MI","WAYNE, MI",42.27796988,-83.41395208,Manganese compounds (N450),336 Transportation Equipment,336110 Automobile and Light Duty Motor Vehicle Manufacturing,FORD MOTOR CO,"5,145.30",0.30,0.00,0.00,"5,145.00","5,145.30","61,203,920",0
PACKAGING CORP OF AMERICA,49634PCKGN2245U,2024,26101000700,"8,480",42,83,67,0,64,49634,2246 UDELL ST,"FILER CITY, MI","MANISTEE, MI",44.247547,-86.318539,Toluene (108-88-3),322 Paper,322120 Paper Mills,PACKAGING CORP OF AMERICA,"5,131.08","5,130.53",0.54,0.00,0.01,"62,200.76","3,599",0
THE DOW CHEMICAL CO,48667THDWCMICHI,2024,26111290600,"25,530",74,14,85,0,68,48667,1790 BUILDING,"MIDLAND, MI","MIDLAND, MI",43.6095201,-84.2393991,Propylene (115-07-1),325 Chemicals,325211 Plastics Material and Resin Manufacturing,DOW INC,"5,130.00","5,130.00",0.00,0.00,0.00,"170,132.00","6,156",0
DAYTON LAMINA CORP,49615LMNNC1000F,2024,26009960401,"2,444",46,84,40,0,13,49615,3650 S DERENZY RD,"BELLAIRE, MI","ANTRIM, MI",44.98078046,-85.19323818,Copper compounds (N100),332 Fabricated Metals,"332813 Electroplating, Plating, Polishing, Anodizing, and Coloring",DAYTON LAMINA CORP,"5,087.00",30.00,0.00,0.00,"5,057.00","5,087.00","7,630,500",0
DFA DAIRY BRANDS FLUID LLC DBA: COUNTRY FRESH,49518CNTRY2555B,2024,26081013600,"124,983",44,8,57,0,65,49548,2555 BUCHANAN AVE SW,"GRAND RAPIDS, MI","KENT, MI",42.91709253,-85.67120219,Nitrate compounds (water dissociable) (N511),311 Food,311511 Fluid Milk Manufacturing,DAIRY FARMERS OF AMERICA INC,"5,050.00",5.00,0.00,0.00,"5,045.00","50,455.00","3,182",0
L & L PRODUCTS INC.,48065LLPRD160MC,2024,26099206700,"9,723",0,0,0,0,0,48065,160 MCLEAN DR,"ROMEO, MI","MACOMB, MI",42.8176699,-82.98200412,Zinc compounds (N982),326 Plastics and Rubber,326199 All Other Plastics Product Manufacturing,L & L PRODUCTS,"5,035.00",5.00,0.00,0.00,"5,030.00","5,035.00","503,500",0
DICASTAL N.A. INC,4883WDCSTL1DICA,2024,26117971200,"10,751",57,64,0,0,41,48838,1 DICASTAL DRIVE,"GREENVILLE, MI","MONTCALM, MI",43.19809171,-85.23659512,Nitric acid (7697-37-2),331 Primary Metals,331523 Nonferrous Metal Die-Casting Foundries,NA,"5,027.06",0.00,0.00,0.00,"5,027.06","37,601.06","1,357,306",0
THE ANDERSONS MARATHON HOLDINGS LLC - ALBION FACILITY,49224NDRSN2625B,2024,26025003600,"9,110",56,64,26,0,89,49224,26250 B DR N,"ALBION, MI","CALHOUN, MI",42.26143646,-84.79500403,Acrolein (107-02-8),325 Chemicals,325193 Ethyl Alcohol Manufacturing,THE ANDERSONS INC,"5,005.00","5,005.00",0.00,0.00,0.00,"104,005.00","900,900,000",0
REQUEST FOODS GREENLY STREET PLANT,4942WRQSTF12875,2024,26139023102,"33,200",68,36,0,0,64,49424,12875 GREENLY ST.,"HOLLAND, MI","OTTAWA, MI",42.83374041,-86.10036851,Ammonia (7664-41-7),311 Food,311412 Frozen Specialty Food Manufacturing,REQUEST FOODS INC,"5,000.00","5,000.00",0.00,0.00,0.00,"5,000.00","35,000",0
REQUEST FOODS INC,49424RQSTF3460J,2024,26139023102,"33,498",19,51,29,83,0,49424,3460 JOHN F DONNELLY DR,"HOLLAND, MI","OTTAWA, MI",42.83060658,-86.10438201,Ammonia (7664-41-7),311 Food,311412 Frozen Specialty Food Manufacturing,NA,"5,000.00","5,000.00",0.00,0.00,0.00,"5,000.00","35,000",0
EAST JORDAN FOUNDRY LLC,4973WSTJRD2675B,2024,26009960200,447,41,78,56,0,38,49730,2675 N US HIGHWAY 131,"ELMIRA, MI","ANTRIM, MI",45.06963685,-84.8979168,Manganese compounds (N450),331 Primary Metals,331511 Iron Foundries,EJ AMERICAS LLC,"4,953.43",93.75,0.00,0.00,"4,859.68","12,843.23","59,441,160",0
DDP SPECIALTY ELECTRONIC MATERIALS US LLC,4864WDDPSP34SSA,2024,26111290600,"29,731",74,14,85,0,68,48640,3400 S SAGINAW RD - UNIT 96,"MIDLAND, MI","MIDLAND, MI",43.60102204,-84.20774568,Dichloromethane (75-09-2),325 Chemicals,325199 All Other Basic Organic Chemical Manufacturing,DUPONT DE NEMOURS INC,"4,916.00","4,916.00",0.00,0.00,0.00,"17,404.50","176,976",0
ATMOSPHERE HEAT TREATING,48393TMSPH30760,2024,26125133102,"30,469",0,0,0,0,0,48393,30760 CENTURY DR,"WIXOM, MI","OAKLAND, MI",42.51851697,-83.54868183,Sodium nitrite (7632-00-0),332 Fabricated Metals,332811 Metal Heat Treating,ATMOSPHERE HEAT TREATING,"4,856.00","3,605.00",0.00,0.00,"1,251.00","349,356.00","48,560",0
REAL ALLOY RECYCLING LLC,49036MCRCY267NO,2024,26023951600,"12,956",83,35,63,66,40,49036,267 N FILLMORE RD,"COLDWATER, MI","BRANCH, MI",41.92249326,-85.02338943,Zinc compounds (N982),331 Primary Metals,331314 Secondary Smelting and Alloying of Aluminum,REAL ALLOY HOLDING LLC,"4,855.00",397.00,0.00,0.00,"4,458.00","4,855.00","485,500",0
ESSEX SPECIALTY PRODUCTS LLC - HILLSDALE SITE,49242SSXSP190UR,2024,26059050500,"9,677",58,58,86,0,77,49242,190 URAN ST,"HILLSDALE, MI","HILLSDALE, MI",41.93728734,-84.65038344,Toluene (108-88-3),325 Chemicals,325520 Adhesive Manufacturing,DUPONT DE NEMOURS INC,"4,847.00",5.00,0.00,0.00,"4,842.00","5,461.00","62,950",0
NCP COATINGS LLC,49120NLSCH225FO,2024,26021021000,"22,316",0,81,0,0,84,49120,225 FORT ST,"NILES, MI","BERRIEN, MI",41.8125525,-86.2560034,Zinc (fume or dust) (7440-66-6),325 Chemicals,325510 Paint and Coating Manufacturing,NCP INTERMEDIATE HOLDINGS INC,"4,840.00",0.00,0.00,0.00,"4,840.00","4,840.00","484,000",1
HASTINGS FIBERGLASS PRODUCTS,4905WHSTNG131WG,2024,26015011402,"10,632",32,95,65,0,54,49058,1301 W GREEN ST,"HASTINGS, MI","BARRY, MI",42.64407379,-85.31414725,Styrene (100-42-5),326 Plastics and Rubber,326199 All Other Plastics Product Manufacturing,NA,"4,819.40","4,819.40",0.00,0.00,0.00,"4,819.40","16,868",1
LOUISIANA PACIFIC CORPORATION-NEWBERRY,49868LSNPC461MI,2024,26095960100,"3,224",22,42,95,0,54,49868,7299 N C.R. 403,"NEWBERRY, MI","LUCE, MI",46.33664546,-85.48893064,Formaldehyde (50-00-0),321 Wood Products,321219 Reconstituted Wood Product Manufacturing,LOUISIANA PACIFIC CORP,"4,814.00","4,814.00",0.00,0.00,0.00,"102,936.00","187,746,000",0
CWC TEXTRON,49441CWCCS2672H,2024,26121002100,"54,742",91,73,32,0,51,49441,1085 W SHERMAN BLVD,"MUSKEGON, MI","MUSKEGON, MI",43.2052961,-86.26983158,Manganese (7439-96-5),331 Primary Metals,331511 Iron Foundries,TEXTRON INC,"4,806.21",434.22,0.00,0.00,"4,371.99","300,148.21","57,674,568",0
VENTRA IONIA PAINT LLC,48846MRDNT719WM,2024,26067031700,"11,961",92,8,42,0,85,48846,719 W MAIN ST,"IONIA, MI","IONIA, MI",42.98181438,-85.07421665,"1,2,4-Trimethylbenzene (95-63-6)",336 Transportation Equipment,336390 Other Motor Vehicle Parts Manufacturing,FLEX-N-GATE CORP,"4,796.45","4,796.45",0.00,0.00,0.00,"33,583.35","278,194",0
MARATHON PETROLEUM CO LP - MICHIGAN REFINING DIV,48217MRTHN1300S,2024,26163524500,"94,854",0,35,0,0,0,48217,1300 S FORT ST HES DEPT,"DETROIT, MI","WAYNE, MI",42.28071629,-83.15192609,Benzene (71-43-2),324 Petroleum Products,324110 Petroleum Refineries,MARATHON PETROLEUM CORP,"4,781.72","4,530.00",0.00,0.00,251.72,"10,193.00","140,684,600",0
HASTINGS MANUFACTURING CO,49058HSTNG325NO,2024,26015011301,"10,263",17,37,37,0,72,49058,325 N HANOVER ST,"HASTINGS, MI","BARRY, MI",42.65143398,-85.28311673,Chromium compounds (N090),336 Transportation Equipment,336310 Motor Vehicle Gasoline Engine and Engine Parts Manufacturing,NA,"4,757.14",0.31,0.00,0.00,"4,756.83","7,868.14","103,497,294,754",1
LACKS TRIM SYSTEMS - 52ND STREET PAINT CENTRAL,4951WLCKST43155,2024,26081012604,"23,603",90,6,32,78,55,49512,4315 52ND ST SE,"GRAND RAPIDS, MI","KENT, MI",42.86904062,-85.55899954,Chromium compounds (N090),336 Transportation Equipment,336360 Motor Vehicle Seating and Interior Trim Manufacturing,LACKS ENTERPRISES INC,"4,754.30",0.30,0.00,0.00,"4,754.00","4,754.30","100,073,328,800",0
TRINSEO LLC-MI OPERATIONS,4866WSTYRN164BU,2024,26111290700,"31,609",34,73,38,77,47,48667,1604 BUILDING,"MIDLAND, MI","MIDLAND, MI",43.6095201,-84.2393991,Styrene (100-42-5),325 Chemicals,325211 Plastics Material and Resin Manufacturing,TRINSEO US HOLDING INC,"4,736.69","4,736.69",0.00,0.00,0.00,"1,133,824.50","16,578",2
GMVM-LANSING GRAND RIVER ASSEMBLY,48921GMCGL920TO,2024,26065980200,"92,043",0,0,0,0,0,48933,920 TOWNSEND ST MAIL CODE: 489-066-600,"LANSING, MI","INGHAM, MI",42.72375252,-84.55561088,"1,2,4-Trimethylbenzene (95-63-6)",336 Transportation Equipment,336110 Automobile and Light Duty Motor Vehicle Manufacturing,GENERAL MOTORS LLC,"4,710.00","4,710.00",0.00,0.00,0.00,"23,200.00","273,180",0
HEMLOCK SEMICONDUCTOR OPERATIONS LLC,48626HMLCK12334,2024,26145012002,"4,294",28,58,32,0,25,48626,12334 GEDDES RD,"HEMLOCK, MI","SAGINAW, MI",43.43100582,-84.16054841,Hydrochloric acid (acid aerosols) (7647-01-0),327 Nonmetallic Mineral Product,327992 Ground or Treated Mineral and Earth Manufacturing,CORNING INC,"4,704.00","4,704.00",0.00,0.00,0.00,"690,734.00","846,720",0
DTE ELECTRIC CO-BELLE RIVER POWER PLANT,48054DTRTD4505K,2024,26147641000,"5,092",31,81,78,0,49,48054,4505 KING RD,"CHINA TOWNSHIP, MI","ST. CLAIR, MI",42.77569325,-82.51235737,Hydrogen fluoride (7664-39-3),2211 Electric Utilities,221112 Fossil Fuel Electric Power Generation,DTE ENERGY CO,"4,700.00","4,700.00",0.00,0.00,0.00,"404,700.00","1,175,000",0
WOLVERINE PLATING CORP,48066WLVRN29456,2024,26099255300,"133,853",50,41,74,73,77,48066,29456 GROESBECK HWY,"ROSEVILLE, MI","MACOMB, MI",42.51179845,-82.95561476,Nickel compounds (N495),332 Fabricated Metals,"332813 Electroplating, Plating, Polishing, Anodizing, and Coloring",NA,"4,691.00",5.00,0.00,0.00,"4,686.00","4,691.00","4,312,414,914",0
CORTEVA AGRISCIENCE LLC - MIDLAND,4867WDWGRS71WAS,2024,26111290600,"30,090",74,14,85,0,68,48640,701 WASHINGTON ST,"MIDLAND, MI","MIDLAND, MI",43.60532757,-84.21757491,Acetonitrile (75-05-8),325 Chemicals,325320 Pesticide and Other Agricultural Chemical Manufacturing,CORTEVA INC,"4,669.00","4,669.00",0.00,0.00,0.00,"3,051,169.00","270,802",0
LEXAMAR CORP,49712LXMRC100LE,2024,26029001300,"5,195",55,81,45,63,41,49712,100 LEXAMAR DR,"BOYNE CITY, MI","CHARLEVOIX, MI",45.20542862,-84.9871016,Methyl isobutyl ketone (108-10-1),326 Plastics and Rubber,326199 All Other Plastics Product Manufacturing,MAGNA US HOLDING INC,"4,667.00",34.00,0.00,0.00,"4,633.00","39,490.00","60,270",0
VENTRA IONIA PAINT LLC,48846MRDNT719WM,2024,26067031700,"11,961",92,8,42,0,85,48846,719 W MAIN ST,"IONIA, MI","IONIA, MI",42.98181438,-85.07421665,Xylene (mixed isomers) (1330-20-7),336 Transportation Equipment,336390 Other Motor Vehicle Parts Manufacturing,FLEX-N-GATE CORP,"4,621.50","4,621.50",0.00,0.00,0.00,"38,795.23","161,753",0
FINTEX LLC,48174FNTXL89INK,2024,26163583700,"54,495",42,48,95,66,41,48174,8900 INKSTER RD,"ROMULUS, MI","WAYNE, MI",42.24180327,-83.30817142,Nitrate compounds (water dissociable) (N511),332 Fabricated Metals,"332813 Electroplating, Plating, Polishing, Anodizing, and Coloring",NA,"4,617.00",0.00,0.00,0.00,"4,617.00","46,171.00","2,909",0
WORTHEN COATED FABRICS,4950WWRTHN11254,2024,26081004600,"100,003",67,35,79,90,85,49508,1125 41ST ST SE,"GRAND RAPIDS, MI","KENT, MI",42.873395,-85.629405,Toluene (108-88-3),313 Textiles,313320 Fabric Coating Mills,WF HOLDINGS INC,"4,611.00","4,611.00",0.00,0.00,0.00,"344,072.00","3,228",0
AIR PRODUCTS & CHEMICALS INC/DETROIT HYDROGEN FACILITY,48217DTRTS1025S,2024,-,"99,709",-,-,-,-,-,48217,1025 OAKWOOD BLVD,"DETROIT, MI","WAYNE, MI",42.28702436,-83.1555223,Ammonia (7664-41-7),325 Chemicals,325120 Industrial Gas Manufacturing,AIR PRODUCTS & CHEMICALS INC,"4,585.30","4,585.30",0.00,0.00,0.00,"12,671.30","32,097",0
BASF CORP,48192BSFCR1609B,2024,26163580100,"83,157",54,24,35,0,37,481923729,1609 BIDDLE AVE,"WYANDOTTE, MI","WAYNE, MI",42.2177185,-83.15027742,Styrene (100-42-5),325 Chemicals,325211 Plastics Material and Resin Manufacturing,BASF CORP,"4,569.15","2,562.00",0.00,19.30,"1,987.85","1,477,257.30","19,003",0
GENERAL MOTORS LANSING DELTA TOWNSHIP,48917GNRLM85REL,2024,26045020302,"10,044",63,24,60,0,0,48917,8175 MILLETT HWY,"LANSING, MI","EATON, MI",42.69753322,-84.67379564,Nitrate compounds (water dissociable) (N511),336 Transportation Equipment,336110 Automobile and Light Duty Motor Vehicle Manufacturing,GENERAL MOTORS LLC,"4,560.10",0.00,0.00,0.00,"4,560.10","45,600.00","2,873",0
DDP SPECIALTY ELECTRONIC MATERIALS US LLC,4864WDDPSP34SSA,2024,26111290600,"29,731",74,14,85,0,68,48640,3400 S SAGINAW RD - UNIT 96,"MIDLAND, MI","MIDLAND, MI",43.60102204,-84.20774568,Certain glycol ethers (N230),325 Chemicals,325199 All Other Basic Organic Chemical Manufacturing,DUPONT DE NEMOURS INC,"4,519.00","4,519.00",0.00,0.00,0.00,"18,047.00","813,420",0
BENTELER AUTOMOTIVE HAGEN FACILITY,49548BNTLR3721H,2024,26081014200,"114,648",71,23,48,0,65,49548,3721 HAGEN DR SE,"GRAND RAPIDS, MI","KENT, MI",42.89640721,-85.65701519,Chromium (7440-47-3),336 Transportation Equipment,336390 Other Motor Vehicle Parts Manufacturing,BENTELER AUTOMOTIVE CORP,"4,477.45",447.20,0.00,0.00,"4,030.25","4,477.45","97,207,212,950",0
SEKISUI VOLTEK LLC,49036VLTKD17ALL,2024,26023951600,"13,465",57,63,22,90,50,49036,17 ALLEN AVE,"COLDWATER, MI","BRANCH, MI",41.9352977,-85.0196592,Antimony compounds (N010),325 Chemicals,325991 Custom Compounding of Purchased Resins,SEKISUI AMERICA CORP,"4,435.00",0.00,0.00,0.00,"4,435.00","4,435.00","53,220,000",0
PHARMACIA & UPJOHN CO LLC A SUBSIDIARY OF PFIZER INC,49001THPJH7171P,2024,26077001905,"31,983",66,12,0,69,34,49002,7171 PORTAGE RD,"PORTAGE, MI","KALAMAZOO, MI",42.21133108,-85.55988021,Manganese compounds (N450),325 Chemicals,325412 Pharmaceutical Preparation Manufacturing,PFIZER INC,"4,423.00",0.00,0.00,0.00,"4,423.00","4,423.00","307,240",0
CHEMETALL US INC,4920WCHMTL11TEC,2024,26075005501,"24,746",0,14,40,58,13,49201,1100 TECHNOLOGY DR,"JACKSON, MI","JACKSON, MI",42.27282025,-84.47039049,Nonylphenol Ethoxylates (N535),325 Chemicals,325611 Soap and Other Detergent Manufacturing,BASF CORP,"4,413.85",13.85,0.00,0.00,"4,400.00","4,413.85",0,0
GERDAU MACSTEEL MONROE,48161NRTHS3000E,2024,26115831800,"23,135",0,0,0,0,0,48161,3000 E FRONT ST,"MONROE, MI","MONROE, MI",41.89706191,-83.36151774,Manganese compounds (N450),331 Primary Metals,331110 Iron and Steel Mills and Ferroalloy Manufacturing,GERDAU USA INC,"4,408.00","4,312.00",96.00,0.00,0.00,"800,931.00","51,744,682",1
GERDAU MACSTEEL MONROE,48161NRTHS3000E,2024,26115831800,"23,135",0,0,0,0,0,48161,3000 E FRONT ST,"MONROE, MI","MONROE, MI",41.89706191,-83.36151774,Chromium compounds (N090),331 Primary Metals,331110 Iron and Steel Mills and Ferroalloy Manufacturing,GERDAU USA INC,"4,376.40",359.10,7.30,0.00,"4,010.00","82,283.40","8,388,731,130",1
DETROIT ASSEMBLY COMPLEX MACK,4821WDTRTS4STJE,2024,26163514100,"124,212",56,18,98,0,46,48214,4000 ST JEAN ST,"DETROIT, MI","WAYNE, MI",42.37978444,-82.97886412,Certain glycol ethers (N230),336 Transportation Equipment,336110 Automobile and Light Duty Motor Vehicle Manufacturing,FCA US LLC,"4,373.48","1,863.81",0.00,0.00,"2,509.67","10,255.77","837,420",0
SUPERIOR BRASS & ALUMINUM CASTING CO,48823SPRRB4893D,2024,26065004302,"52,365",0,4,51,84,49,48823,4893 DAWN AVE,"EAST LANSING, MI","INGHAM, MI",42.7232963,-84.45130955,Copper (7440-50-8),331 Primary Metals,331529 Other Nonferrous Metal Foundries (except Die-Casting),NA,"4,357.90",388.10,112.80,0.00,"3,857.00","344,322.90","6,536,850",0
WEYERHAEUSER NR CO,49738WYRHS4111E,2024,26039960500,535,87,73,61,0,82,49738,4111 W FOUR MILE RD,"GRAYLING, MI","CRAWFORD, MI",44.59845162,-84.69108219,Diisocyanates (N120),321 Wood Products,321219 Reconstituted Wood Product Manufacturing,WEYERHAEUSER CO,"4,340.00","1,421.00",0.00,0.00,"2,919.00","7,253.00","1,519,000,000",0
GAGE PRODUCTS CO,48220GGPRD625WA,2024,26125173600,"148,304",15,29,26,0,39,48220,625 WANDA ST,"FERNDALE, MI","OAKLAND, MI",42.45155981,-83.11350414,Methanol (67-56-1),325 Chemicals,325510 Paint and Coating Manufacturing,NA,"4,335.00","4,335.00",0.00,0.00,0.00,"330,752.00",780,0
LACKS TRIM SYSTEMS - 52ND STREET PAINT CENTRAL,4951WLCKST43155,2024,26081012604,"23,603",90,6,32,78,55,49512,4315 52ND ST SE,"GRAND RAPIDS, MI","KENT, MI",42.86904062,-85.55899954,Methyl isobutyl ketone (108-10-1),336 Transportation Equipment,336360 Motor Vehicle Seating and Interior Trim Manufacturing,LACKS ENTERPRISES INC,"4,321.00","4,321.00",0.00,0.00,0.00,"12,384.00","5,185",0
PHARMACIA & UPJOHN CO LLC A SUBSIDIARY OF PFIZER INC,49001THPJH7171P,2024,26077001905,"31,983",66,12,0,69,34,49002,7171 PORTAGE RD,"PORTAGE, MI","KALAMAZOO, MI",42.21133108,-85.55988021,Chromium compounds (N090),325 Chemicals,325412 Pharmaceutical Preparation Manufacturing,PFIZER INC,"4,300.00",30.00,0.00,"1,100.00","3,170.00","4,300.00","67,132,796,000",0
FINTEX LLC,48174FNTXL89INK,2024,26163583700,"54,495",42,48,95,66,41,48174,8900 INKSTER RD,"ROMULUS, MI","WAYNE, MI",42.24180327,-83.30817142,Zinc compounds (N982),332 Fabricated Metals,"332813 Electroplating, Plating, Polishing, Anodizing, and Coloring",NA,"4,254.00",0.00,0.00,0.00,"4,254.00","4,254.00","420,275",0
FCA US STERLING HEIGHTS ASSEMBLY PLANT,48077STRLN38111,2024,26099231200,"94,944",17,19,0,82,54,48312,38111 VAN DYKE,"STERLING HEIGHTS, MI","MACOMB, MI",42.57039424,-83.03013673,Nitrate compounds (water dissociable) (N511),336 Transportation Equipment,336110 Automobile and Light Duty Motor Vehicle Manufacturing,FCA US LLC,"4,252.57",0.00,0.00,0.00,"4,252.57","42,525.67","2,679",0
US ARMY NATIONAL GUARD CAMP GRAYLING JMTC SOUTH,4973WSRMYCPSTHQ,2024,26039960500,"1,175",39,71,65,0,61,49739,POST HEADQUARTERS OPERATIONS BUILDING 4,"CAMP GRAYLING, MI","CRAWFORD, MI",44.618633,-84.780349,Lead (7439-92-1),999 Other,928110 National Security,US DEPARTMENT OF DEFENSE,"4,242.20",0.00,0.00,"4,242.20",0.00,"4,242.20","76,359,600",0
TAC MANUFACTURING INC,49201TCMNF4111C,2024,26075005501,"20,523",0,14,40,58,13,49201,4111 COUNTY FARM RD,"JACKSON, MI","JACKSON, MI",42.2765017,-84.47494623,Diisocyanates (N120),336 Transportation Equipment,336320 Motor Vehicle Electrical and Electronic Equipment Manufacturing,TRAM INC,"4,241.85",0.72,0.00,0.00,"4,241.13","4,241.85","1,484,647,290",1
AXALTA COATING SYSTEMS USA LLC-MOUNT CLEMENS PLANT,48043DPNTM400GR,2024,26099245200,"69,774",78,62,35,0,89,48043,400 GROESBECK HWY,"MOUNT CLEMENS, MI","MACOMB, MI",42.61385915,-82.88881704,Methyl isobutyl ketone (108-10-1),325 Chemicals,325510 Paint and Coating Manufacturing,AXALTA COATING SYSTEMS LLC,"4,222.00","4,222.00",0.00,0.00,0.00,"3,489,122.00","5,066",0
FCA US STERLING HEIGHTS ASSEMBLY PLANT,48077STRLN38111,2024,26099231200,"94,944",17,19,0,82,54,48312,38111 VAN DYKE,"STERLING HEIGHTS, MI","MACOMB, MI",42.57039424,-83.03013673,n-Hexane (110-54-3),336 Transportation Equipment,336110 Automobile and Light Duty Motor Vehicle Manufacturing,FCA US LLC,"4,218.22","4,218.22",0.00,0.00,0.00,"4,218.22","21,091",0
GENERAL MOTORS LANSING DELTA TOWNSHIP,48917GNRLM85REL,2024,26045020302,"10,044",63,24,60,0,0,48917,8175 MILLETT HWY,"LANSING, MI","EATON, MI",42.69753322,-84.67379564,Toluene (108-88-3),336 Transportation Equipment,336110 Automobile and Light Duty Motor Vehicle Manufacturing,GENERAL MOTORS LLC,"4,200.00","4,200.00",0.00,0.00,0.00,"6,749.00","2,940",0
THE DOW CHEMICAL CO,48667THDWCMICHI,2024,26111290600,"25,530",74,14,85,0,68,48667,1790 BUILDING,"MIDLAND, MI","MIDLAND, MI",43.6095201,-84.2393991,Ethylbenzene (100-41-4),325 Chemicals,325211 Plastics Material and Resin Manufacturing,DOW INC,"4,173.00","2,550.00",21.00,2.00,"1,600.00","416,411.00","3,693,730",0
AURORIUM ZEELAND LLC,49464HXCLC215CE,2024,26139022900,"23,379",97,10,0,0,63,49464,215 N CENTENNIAL ST,"ZEELAND, MI","OTTAWA, MI",42.81603499,-86.01197179,Chromium compounds (N090),325 Chemicals,325199 All Other Basic Organic Chemical Manufacturing,AURORIUM PPC HOLDINGS LLC,"4,166.00",11.00,0.00,0.00,"4,155.00","4,166.00","66,576,337,500",0
FCA US STERLING HEIGHTS ASSEMBLY PLANT,48077STRLN38111,2024,26099231200,"94,944",17,19,0,82,54,48312,38111 VAN DYKE,"STERLING HEIGHTS, MI","MACOMB, MI",42.57039424,-83.03013673,Zinc compounds (N982),336 Transportation Equipment,336110 Automobile and Light Duty Motor Vehicle Manufacturing,FCA US LLC,"4,160.94",40.33,0.00,0.00,"4,120.61","4,160.94","415,623",0
BILLERUD ESCANABA LLC,49829MDPBLCOUNT,2024,26041970400,"5,730",46,91,58,0,34,49829,7100 COUNTY RD 426,"ESCANABA, MI","DELTA, MI",45.8032763,-87.09536725,Chlorine (7782-50-5),322 Paper,322120 Paper Mills,BILLERUD AMERICAS CORP,"4,020.00","4,020.00",0.00,0.00,0.00,"492,297.00","92,460,000",0
MARYSVILLE ETHANOL LLC,4804WMRYSV251BU,2024,-,"12,364",-,-,-,-,-,48040,2512 BUSHA HWY,"MARYSVILLE, MI","ST. CLAIR, MI",42.88346038,-82.49083171,n-Hexane (110-54-3),325 Chemicals,325193 Ethyl Alcohol Manufacturing,NA,"4,013.00","4,013.00",0.00,0.00,0.00,"4,013.00","20,065",0
LACKS TRIM SYSTEMS-AIRLANE,49508LCKSN4260A,2024,26081012608,"45,423",76,63,33,57,68,49512,4260 AIRLANE SE,"KENTWOOD, MI","KENT, MI",42.88619695,-85.57530451,Copper compounds (N100),332 Fabricated Metals,"332813 Electroplating, Plating, Polishing, Anodizing, and Coloring",LACKS ENTERPRISES INC,"4,008.00",114.00,0.00,0.00,"3,894.00","81,434.00","6,012,000",0
TRINSEO LLC-MI OPERATIONS,4866WSTYRN164BU,2024,26111290700,"31,609",34,73,38,77,47,48667,1604 BUILDING,"MIDLAND, MI","MIDLAND, MI",43.6095201,-84.2393991,Ethylbenzene (100-41-4),325 Chemicals,325211 Plastics Material and Resin Manufacturing,TRINSEO US HOLDING INC,"3,955.30","3,955.30",0.00,0.00,0.00,"229,642.11","3,520,217",2
WACKER CHEMICAL CORP,49221WCKRS3301S,2024,26091060701,"7,387",80,38,53,0,31,49221,3301 SUTTON RD,"ADRIAN, MI","LENAWEE, MI",41.94877475,-83.95996504,Ammonia (7664-41-7),325 Chemicals,325212 Synthetic Rubber Manufacturing,WACKER CHEMICAL CORP,"3,946.57","3,946.57",0.00,0.00,0.00,"6,540.57","27,626",0
HUTCHINSON ANTIVIBRATION SYSTEMS INC,49601PLSTR6007T,2024,26165380700,"12,868",76,20,69,0,73,49601,600 7TH ST,"CADILLAC, MI","WEXFORD, MI",44.26074658,-85.41339726,Xylene (mixed isomers) (1330-20-7),326 Plastics and Rubber,326291 Rubber Product Manufacturing for Mechanical Use,HUTCHINSON NORTH AMERICA,"3,932.00","3,932.00",0.00,0.00,0.00,"167,467.00","137,620",0
CORTEVA AGRISCIENCE LLC - MIDLAND,4867WDWGRS71WAS,2024,26111290600,"30,090",74,14,85,0,68,48640,701 WASHINGTON ST,"MIDLAND, MI","MIDLAND, MI",43.60532757,-84.21757491,Chloroacetic acid (79-11-8),325 Chemicals,325320 Pesticide and Other Agricultural Chemical Manufacturing,CORTEVA INC,"3,910.00","3,910.00",0.00,0.00,0.00,"276,820.00","1,955,000",0
POET BIOREFINING-CARO LLC,48723MCHGN1551E,2024,26157000600,"6,676",72,90,88,0,63,48723,1551 EMPIRE DR,"CARO, MI","TUSCOLA, MI",43.47133344,-83.41248831,n-Hexane (110-54-3),325 Chemicals,325193 Ethyl Alcohol Manufacturing,POET HOLDING CO LLC,"3,887.00","3,880.00",0.00,0.00,7.00,"28,890.00","19,519",0
ZF AXLE DRIVES MARYSVILLE,4804WZFMRY29BUS,2024,26147637300,"9,596",0,0,0,0,0,48040,2900 BUSHA HWY,"MARYSVILLE, MI","ST. CLAIR, MI",42.8775138,-82.48351335,Manganese (7439-96-5),336 Transportation Equipment,336350 Motor Vehicle Transmission and Power Train Parts Manufacturing,ZF NORTH AMERICA INC,"3,877.70",0.87,0.00,0.00,"3,876.83","5,803.11","46,532,400",0
AURORIUM ZEELAND LLC,49464HXCLC215CE,2024,26139022900,"23,379",97,10,0,0,63,49464,215 N CENTENNIAL ST,"ZEELAND, MI","OTTAWA, MI",42.81603499,-86.01197179,2-Methoxyethanol (109-86-4),325 Chemicals,325199 All Other Basic Organic Chemical Manufacturing,AURORIUM PPC HOLDINGS LLC,"3,864.00",740.00,0.00,0.00,"3,124.00","33,551.00","758,000",0
NUTRITION & BIOSCIENCES USA 1 LLC MIDLAND,4864WNTRTN34SSB,2024,26111290600,"27,335",74,14,85,0,68,48640,3400 S SAGINAW RD,"MIDLAND, MI","MIDLAND, MI",43.60102204,-84.20774568,Toluene (108-88-3),325 Chemicals,325211 Plastics Material and Resin Manufacturing,INTERNATIONAL FLAVORS & FRAGRANCES INC,"3,852.00","3,852.00",0.00,0.00,0.00,"183,033.00","2,696",0
EQ DETROIT INC,48211SLCTY1923F,2024,26163519100,"124,295",0,83,90,0,83,48211,1923 FREDERICK ST,"DETROIT, MI","WAYNE, MI",42.36602042,-83.04737998,"1,3,4,6,7,8-Hexahydro-4,6,6,7,8,8-hexamethylcyclopenta[g]-2-benzopyran (1222-05-5)",999 Other,562998 All Other Miscellaneous Waste Management Services,REPUBLIC SERVICES INC,"3,838.84",0.21,0.00,0.00,"3,838.63","3,838.84",0,0
W. R. GRACE & CO.-CONN.,49090WYCKF1421K,2024,26159010400,"8,031",91,76,37,0,56,49090,1421 KALAMAZOO ST,"SOUTH HAVEN, MI","VAN BUREN, MI",42.38306959,-86.27544911,Methanol (67-56-1),325 Chemicals,325411 Medicinal and Botanical Manufacturing,W R GRACE & CO,"3,817.00","3,817.00",0.00,0.00,0.00,"832,459.00",687,0
GENERAL MOTORS GM VA FACTORY ZERO ASSEMBLY PLANT,48211CDLLC2500E,2024,26163985100,"126,564",0,5,96,0,80,48211,2500 E GENERAL MOTORS BLVD,"DETROIT, MI","WAYNE, MI",42.37659651,-83.05238398,Nitrate compounds (water dissociable) (N511),336 Transportation Equipment,336110 Automobile and Light Duty Motor Vehicle Manufacturing,GENERAL MOTORS LLC,"3,803.72",0.00,0.00,0.00,"3,803.72","37,800.00","2,396",0
HUTCHINSON ANTIVIBRATION SYSTEMS INC,49501PLSTR460FU,2024,26081002200,"117,781",81,13,0,0,20,49503,460 FULLER AVE NE,"GRAND RAPIDS, MI","KENT, MI",42.97166799,-85.63971031,Zinc compounds (N982),326 Plastics and Rubber,326291 Rubber Product Manufacturing for Mechanical Use,HUTCHINSON NORTH AMERICA,"3,775.00",798.00,0.00,0.00,"2,977.00","3,888.00","376,533",0
DDP SPECIALTY ELECTRONIC MATERIALS US LLC,4864WDDPSP34SSA,2024,26111290600,"29,731",74,14,85,0,68,48640,3400 S SAGINAW RD - UNIT 96,"MIDLAND, MI","MIDLAND, MI",43.60102204,-84.20774568,N-Methyl-2-pyrrolidone (872-50-4),325 Chemicals,325199 All Other Basic Organic Chemical Manufacturing,DUPONT DE NEMOURS INC,"3,755.00",1.00,0.00,0.00,"3,754.00","5,190.00",0,0
ORCHID ORTHOPEDIC SOLUTIONS LLC,4884WRCHDR3982H,2024,26065005502,-,73,39,86,0,53,48842,3978 HOLT RD,"HOLT, MI","INGHAM, MI",42.64028791,-84.50266793,Chromium (7440-47-3),339 Miscellaneous Manufacturing,339113 Surgical Appliance and Supplies Manufacturing,ORCHID ORTHOPEDIC SOLUTIONS LLC,"3,752.00",10.00,0.00,0.00,"3,742.00","12,633.00","43,223,040,000",0
GM COMPONENTS HOLDINGS LLC,49501RCHST2100B,2024,26081013400,"94,906",87,19,57,67,47,49509,2100 BURLINGAME AVE SW,"WYOMING, MI","KENT, MI",42.92605814,-85.70565085,Zinc compounds (N982),336 Transportation Equipment,336310 Motor Vehicle Gasoline Engine and Engine Parts Manufacturing,GENERAL MOTORS LLC,"3,734.87",6.52,0.00,0.00,"3,728.35","3,760.00","367,719",0
EXCELDA MANUFACTURING HOLDING LLC - BRIGHTON A,48116XCLDM12785,2024,26093744200,"14,993",45,65,26,0,39,48116,12785 EMERSON DR,"BRIGHTON, MI","LIVINGSTON, MI",42.50342952,-83.69196253,Certain glycol ethers (N230),325 Chemicals,325612 Polish and Other Sanitation Good Manufacturing,KEM KREST LLC,"3,724.00","1,480.00",0.00,0.00,"2,244.00","3,724.00","715,200",0
PLASTIC PLATE INC. - KRAFT PLATER,4951WPLSTC5675K,2024,26081012203,"9,692",44,55,41,0,12,49512,5675 KRAFT AVE,"KENTWOOD, MI","KENT, MI",42.8607181,-85.5279897,Copper compounds (N100),332 Fabricated Metals,"332813 Electroplating, Plating, Polishing, Anodizing, and Coloring",LACKS ENTERPRISES INC,"3,709.00",88.00,0.00,0.00,"3,621.00","66,922.00","5,563,500",0
AXALTA COATING SYSTEMS USA LLC-MOUNT CLEMENS PLANT,48043DPNTM400GR,2024,26099245200,"69,774",78,62,35,0,89,48043,400 GROESBECK HWY,"MOUNT CLEMENS, MI","MACOMB, MI",42.61385915,-82.88881704,n-Butyl alcohol (71-36-3),325 Chemicals,325510 Paint and Coating Manufacturing,AXALTA COATING SYSTEMS LLC,"3,699.00","3,699.00",0.00,0.00,0.00,"951,008.00","36,990",0
KNAUF INSULATION INC.,49224GRDNF1000E,2024,26025003500,"9,883",52,20,90,0,13,49224,1000 E N ST,"ALBION, MI","CALHOUN, MI",42.28467722,-84.80037627,Manganese compounds (N450),327 Nonmetallic Mineral Product,327993 Mineral Wool Manufacturing,KNAUF INSULATION,"3,682.49",11.72,0.00,0.00,"3,670.77","3,682.49","44,189,880",0
LOUISIANA PACIFIC CORPORATION-NEWBERRY,49868LSNPC461MI,2024,26095960100,"3,224",22,42,95,0,54,49868,7299 N C.R. 403,"NEWBERRY, MI","LUCE, MI",46.33664546,-85.48893064,Acetaldehyde (75-07-0),321 Wood Products,321219 Reconstituted Wood Product Manufacturing,LOUISIANA PACIFIC CORP,"3,672.00","3,672.00",0.00,0.00,0.00,"46,694.00","29,008,800",0
US ARMY NATIONAL GUARD FORT CUSTER TRAINING CENTER RANGES,4901WFRTCS25126,2024,26077002601,"6,778",70,52,35,0,27,49012,2501 26TH STREET,"AUGUSTA, MI","KALAMAZOO, MI",42.33636724,-85.30100691,Lead (7439-92-1),999 Other,928110 National Security,US DEPARTMENT OF DEFENSE,"3,665.80",0.00,0.00,"3,665.80",0.00,"3,665.80","65,984,400",0
FORD MOTOR CO DEARBORN TRUCK PLANT,48121FRDM23001M,2024,26163985700,"123,088",0,0,0,0,0,48120,3001 MILLER RD,"DEARBORN, MI","WAYNE, MI",42.30886967,-83.15678743,Naphthalene (91-20-3),336 Transportation Equipment,336110 Automobile and Light Duty Motor Vehicle Manufacturing,FORD MOTOR CO,"3,623.00","3,623.00",0.00,0.00,0.00,"19,332.00","43,476,000",0
DEPOR INDUSTRIES,48084DPRND1902N,2024,26125197600,"90,215",13,23,80,72,22,48084,1902 NORTHWOOD,"TROY, MI","OAKLAND, MI",42.55258415,-83.16385512,Nitrate compounds (water dissociable) (N511),332 Fabricated Metals,"332812 Metal Coating, Engraving (except Jewelry and Silverware), and Allied Services to Manufactur..",THE MAGNI GROUP INC,"3,617.24",0.00,0.00,0.00,"3,617.24","4,133.36","2,279",0
THE DOW CHEMICAL CO,48667THDWCMICHI,2024,26111290600,"25,530",74,14,85,0,68,48667,1790 BUILDING,"MIDLAND, MI","MIDLAND, MI",43.6095201,-84.2393991,Chloroethane (75-00-3),325 Chemicals,325211 Plastics Material and Resin Manufacturing,DOW INC,"3,575.00","3,490.00",85.00,0.00,0.00,"261,451.00","1,251",0
L.E. JONES CO LLC,49858LJNSC12003,2024,26109960700,"17,368",52,60,84,0,41,49858,1200 34TH ST,"MENOMINEE, MI","MENOMINEE, MI",45.12976129,-87.61732255,Nickel (7440-02-0),331 Primary Metals,331529 Other Nonferrous Metal Foundries (except Die-Casting),L E JONES INTERNATIONAL CO LLC,"3,569.79",1.30,7.39,0.00,"3,561.10","3,569.79","3,309,231,205",0
DTE ELECTRIC COMPANY-FERMI POWER PLANT,48166DTRTD6400N,2024,26115831202,"5,275",0,0,0,0,0,48166,6400 N DIXIE HWY,"NEWPORT, MI","MONROE, MI",41.96991315,-83.28929583,Lead (7439-92-1),2211 Electric Utilities,221113 Nuclear Electric Power Generation,DTE ENERGY CO,"3,567.66",2.14,0.00,"3,565.50",0.02,"3,567.66","64,228,680",0
AUTOCAM CORP,49512TCMCR4070E,2024,26081012608,"39,840",76,63,33,57,68,49512,4070 E PARIS AVE SE,"KENTWOOD, MI","KENT, MI",42.89022934,-85.56725677,Manganese compounds (N450),332 Fabricated Metals,332721 Precision Turned Product Manufacturing,NN INC,"3,520.00",0.00,0.00,0.00,"3,520.00","28,161.00","42,240,000",0
GMVM-LANSING GRAND RIVER ASSEMBLY,48921GMCGL920TO,2024,26065980200,"92,043",0,0,0,0,0,48933,920 TOWNSEND ST MAIL CODE: 489-066-600,"LANSING, MI","INGHAM, MI",42.72375252,-84.55561088,n-Butyl alcohol (71-36-3),336 Transportation Equipment,336110 Automobile and Light Duty Motor Vehicle Manufacturing,GENERAL MOTORS LLC,"3,520.00","3,520.00",0.00,0.00,0.00,"17,420.00","35,200",0
INDUSTRIAL HIGHWAY,48089HTCHC24660,2024,26099268400,"140,740",38,90,96,0,60,48089,24600 INDUSTRIAL HWY,"WARREN, MI","MACOMB, MI",42.47686623,-82.98902326,Methyl isobutyl ketone (108-10-1),332 Fabricated Metals,"332812 Metal Coating, Engraving (except Jewelry and Silverware), and Allied Services to Manufactur..",PIONEER METAL FINISHING LLC,"3,479.00","3,479.00",0.00,0.00,0.00,"9,354.00","4,175",0
CARBON GREEN BIOENERGY,48849SBWDB7795S,2024,26045020700,"1,390",59,71,83,0,64,48849,7795 SADDLEBAG LAKE ROAD,"LAKE ODESSA, MI","BARRY, MI",42.76664184,-85.0743491,n-Hexane (110-54-3),325 Chemicals,325193 Ethyl Alcohol Manufacturing,NA,"3,472.70","3,472.70",0.00,0.00,0.00,"3,963.87","17,364",0
PHARMACIA & UPJOHN CO LLC A SUBSIDIARY OF PFIZER INC,49001THPJH7171P,2024,26077001905,"31,983",66,12,0,69,34,49002,7171 PORTAGE RD,"PORTAGE, MI","KALAMAZOO, MI",42.21133108,-85.55988021,Chlorine (7782-50-5),325 Chemicals,325412 Pharmaceutical Preparation Manufacturing,PFIZER INC,"3,465.00","3,303.00",160.00,0.00,2.00,"259,565.00","76,016,600",0
MNP CORP,48087MNPCR44225,2024,26099228100,"78,882",67,77,63,0,72,48317,44225 UTICA RD,"UTICA, MI","MACOMB, MI",42.61962513,-83.03822835,Sulfuric acid (acid aerosols) (7664-93-9),332 Fabricated Metals,"332722 Bolt, Nut, Screw, Rivet, and Washer Manufacturing",MNP CORP,"3,443.48","3,443.48",0.00,0.00,0.00,"3,443.48","12,052,180",0
LOUISIANA PACIFIC CORPORATION-NEWBERRY,49868LSNPC461MI,2024,26095960100,"3,224",22,42,95,0,54,49868,7299 N C.R. 403,"NEWBERRY, MI","LUCE, MI",46.33664546,-85.48893064,Zinc compounds (N982),321 Wood Products,321219 Reconstituted Wood Product Manufacturing,LOUISIANA PACIFIC CORP,"3,429.00","1,131.00",0.00,0.00,"2,298.00","3,429.00","342,900",0
GM TRUCK GROUP FLINT ASSEMBLY PLANT,48551GMCTRG3100,2024,26049980000,"51,226",0,0,0,0,0,48551,G-3100 VAN SLYKE RD,"FLINT, MI","GENESEE, MI",42.96697513,-83.71257194,Ethylbenzene (100-41-4),336 Transportation Equipment,336110 Automobile and Light Duty Motor Vehicle Manufacturing,GENERAL MOTORS LLC,"3,400.00","3,400.00",0.00,0.00,0.00,"32,380.00","3,026,000",0
MACDERMID INC,48220MCDRM1221F,2024,26125173600,"148,892",15,29,26,0,39,48220,1221 FARROW AVE,"FERNDALE, MI","OAKLAND, MI",42.4572589,-83.1182239,Nitric acid (7697-37-2),325 Chemicals,325998 All Other Miscellaneous Chemical Product and Preparation Manufacturing,ELEMENT SOLUTIONS INC,"3,393.12",18.00,0.00,0.00,"3,375.12","16,482.12","916,142",0
DETROIT ASSEMBLY COMPLEX MACK,4821WDTRTS4STJE,2024,26163514100,"124,212",56,18,98,0,46,48214,4000 ST JEAN ST,"DETROIT, MI","WAYNE, MI",42.37978444,-82.97886412,Nitric acid (7697-37-2),336 Transportation Equipment,336110 Automobile and Light Duty Motor Vehicle Manufacturing,FCA US LLC,"3,387.03","3,387.03",0.00,0.00,0.00,"23,312.92","914,498",0
BILLERUD QUINNESEC,49876CHMPNUSHIG,2024,26043950300,"5,480",46,23,42,0,18,49876,W 6791 US HWY 2,"QUINNESEC, MI","DICKINSON, MI",45.80204895,-87.95895733,Barium compounds (N040),322 Paper,322110 Pulp Mills,BILLERUD AMERICAS CORP,"3,361.00",713.00,0.00,"2,648.00",0.00,"3,361.00","5,004,240",0
TAWAS PLATING CO,48764TWSPL510IN,2024,26069000600,"5,146",65,74,55,0,46,48763,510 INDUSTRIAL AVE,"TAWAS CITY, MI","IOSCO, MI",44.26321711,-83.52713037,Nickel compounds (N495),332 Fabricated Metals,"332813 Electroplating, Plating, Polishing, Anodizing, and Coloring",NA,"3,355.00",23.00,0.00,0.00,"3,332.00","3,815.00","3,105,271,456",1
LIGHT METALS CORP,49509LGHTM2740P,2024,26081013801,"71,475",47,55,85,73,41,49509,2740 PRAIRIE SW,"WYOMING, MI","KENT, MI",42.90647099,-85.73208484,Nitrate compounds (water dissociable) (N511),332 Fabricated Metals,"332813 Electroplating, Plating, Polishing, Anodizing, and Coloring",NA,"3,336.20",0.00,0.00,0.00,"3,336.20","33,362.00","2,102",0
GAGE PRODUCTS CO,48220GGPRD625WA,2024,26125173600,"148,304",15,29,26,0,39,48220,625 WANDA ST,"FERNDALE, MI","OAKLAND, MI",42.45155981,-83.11350414,Xylene (mixed isomers) (1330-20-7),325 Chemicals,325510 Paint and Coating Manufacturing,NA,"3,335.20","3,333.00",0.00,0.00,2.20,"5,645,432.00","116,666",0
FLAT ROCK ASSEMBLY PLANT,48134MZDMT1MAZD,2024,26163982000,"48,834",0,0,0,0,0,48134,1 INTERNATIONAL DR,"FLAT ROCK, MI","WAYNE, MI",42.10296609,-83.2436186,"1,2,4-Trimethylbenzene (95-63-6)",336 Transportation Equipment,336370 Motor Vehicle Metal Stamping,FORD MOTOR CO,"3,333.00","3,333.00",0.00,0.00,0.00,"45,100.00","193,314",0
GENERAL MOTORS GM VA FACTORY ZERO ASSEMBLY PLANT,48211CDLLC2500E,2024,26163985100,"126,564",0,5,96,0,80,48211,2500 E GENERAL MOTORS BLVD,"DETROIT, MI","WAYNE, MI",42.37659651,-83.05238398,"1,2,4-Trimethylbenzene (95-63-6)",336 Transportation Equipment,336110 Automobile and Light Duty Motor Vehicle Manufacturing,GENERAL MOTORS LLC,"3,310.00","3,310.00",0.00,0.00,0.00,"90,230.00","191,980",0
DOMICO MED-DEVICE,48430CNTRF14241,2024,26049013303,"20,863",0,93,26,0,19,48430,14241 FENTON RD,"FENTON, MI","GENESEE, MI",42.82170801,-83.70631914,Toluene (108-88-3),339 Miscellaneous Manufacturing,339113 Surgical Appliance and Supplies Manufacturing,NA,"3,309.00","3,309.00",0.00,0.00,0.00,"4,049.00","2,316",0
THE ANDERSONS MARATHON HOLDINGS LLC - ALBION FACILITY,49224NDRSN2625B,2024,26025003600,"9,110",56,64,26,0,89,49224,26250 B DR N,"ALBION, MI","CALHOUN, MI",42.26143646,-84.79500403,Formaldehyde (50-00-0),325 Chemicals,325193 Ethyl Alcohol Manufacturing,THE ANDERSONS INC,"3,305.00","3,305.00",0.00,0.00,0.00,"72,305.00","128,895,000",0
CHEMETALL US INC,4920WCHMTL11TEC,2024,26075005501,"24,746",0,14,40,58,13,49201,1100 TECHNOLOGY DR,"JACKSON, MI","JACKSON, MI",42.27282025,-84.47039049,Chromium compounds (N090),325 Chemicals,325611 Soap and Other Detergent Manufacturing,BASF CORP,"3,284.60",0.00,0.00,0.00,"3,284.60","3,284.60","70,042,794,800",0
PACKAGING CORP OF AMERICA,49634PCKGN2245U,2024,26101000700,"8,480",42,83,67,0,64,49634,2246 UDELL ST,"FILER CITY, MI","MANISTEE, MI",44.247547,-86.318539,Styrene (100-42-5),322 Paper,322120 Paper Mills,PACKAGING CORP OF AMERICA,"3,252.50","3,252.50",0.00,0.00,0.00,"36,250.40","11,384",0
ABRASIVE FINISHING INC,48118BRSVF11770,2024,26161448000,"5,460",36,44,27,0,16,48118,11770 DEXTER-CHELSEA  RD,"CHELSEA, MI","WASHTENAW, MI",42.32505689,-83.96309636,Manganese compounds (N450),327 Nonmetallic Mineral Product,327910 Abrasive Product Manufacturing,NA,"3,241.51",3.51,0.00,0.00,"3,238.00","3,241.51","38,898,120",1
TENNECO AUTOMOTIVE OPERATING CO INC.,49068WLKRM904IN,2024,26025004000,"9,696",70,63,92,0,75,49068,904 INDUSTRIAL RD,"MARSHALL, MI","CALHOUN, MI",42.26680088,-84.97509437,Chromium (7440-47-3),336 Transportation Equipment,336390 Other Motor Vehicle Parts Manufacturing,TENNECO INC,"3,238.00",215.00,0.00,0.00,"3,023.00","946,301.00","70,458,880,000",0
US ARMY NATIONAL GUARD CAMP GRAYLING JMTC NORTH RANGES,4973WCMPGRPSTHE,2024,26039960500,416,39,71,65,0,61,49739,POST HEADQUARTERS OPERATIONS BUILDING 4,"CAMP GRAYLING, MI","CRAWFORD, MI",44.618633,-84.780349,Lead (7439-92-1),999 Other,928110 National Security,US DEPARTMENT OF DEFENSE,"3,234.20",0.00,0.00,"3,234.20",0.00,"3,234.20","58,215,600",0
THE DOW CHEMICAL CO,48667THDWCMICHI,2024,26111290600,"25,530",74,14,85,0,68,48667,1790 BUILDING,"MIDLAND, MI","MIDLAND, MI",43.6095201,-84.2393991,Cyclohexane (110-82-7),325 Chemicals,325211 Plastics Material and Resin Manufacturing,DOW INC,"3,220.00","3,220.00",0.00,0.00,0.00,"317,150.00","1,868",0
TRMI INC,49015TKRKS100HI,2024,26025002600,"13,888",56,21,66,71,74,49037,100 HILL BRADY RD,"BATTLE CREEK, MI","CALHOUN, MI",42.33385612,-85.27609657,Toluene (108-88-3),336 Transportation Equipment,336320 Motor Vehicle Electrical and Electronic Equipment Manufacturing,TRAM INC,"3,207.08","3,207.08",0.00,0.00,0.00,"3,207.08","2,245",1
DICASTAL N.A. INC,4883WDCSTL1DICA,2024,26117971200,"10,751",57,64,0,0,41,48838,1 DICASTAL DRIVE,"GREENVILLE, MI","MONTCALM, MI",43.19809171,-85.23659512,Nitrate compounds (water dissociable) (N511),331 Primary Metals,331523 Nonferrous Metal Die-Casting Foundries,NA,"3,206.00",0.00,0.00,0.00,"3,206.00","32,062.00","2,020",0
GM TRUCK GROUP FLINT ASSEMBLY PLANT,48551GMCTRG3100,2024,26049980000,"51,226",0,0,0,0,0,48551,G-3100 VAN SLYKE RD,"FLINT, MI","GENESEE, MI",42.96697513,-83.71257194,Diisononyl Phthalates (DINP) (N125),336 Transportation Equipment,336110 Automobile and Light Duty Motor Vehicle Manufacturing,GENERAL MOTORS LLC,"3,200.00",0.00,0.00,0.00,"3,200.00","3,200.00",0,0
ADVANCED MICRONUTRIENT PRODUCTS INC,48757GRCCH2405S,2024,26145011200,"1,850",30,74,45,0,32,48757,2405 W VASSAR RD M-15,"REESE, MI","SAGINAW, MI",43.44175702,-83.75078382,Zinc compounds (N982),325 Chemicals,325314 Fertilizer (Mixing Only) Manufacturing,NA,"3,193.00","3,193.00",0.00,0.00,0.00,"3,193.00","319,300",0
INTEVA PRODUCTS-ADRIAN OPERATIONS,49221GNRLM1450E,2024,26091061701,"25,965",33,34,65,70,75,49221,1450 E BEECHER ST,"ADRIAN, MI","LENAWEE, MI",41.88985034,-84.01186344,Diisocyanates (N120),336 Transportation Equipment,336360 Motor Vehicle Seating and Interior Trim Manufacturing,THE RENCO GROUP INC,"3,171.53",2.47,0.00,0.00,"3,169.06","5,511.37","1,110,035,500",0
GREDE LLC - IRON MOUNTAIN,49801GRDFN801SC,2024,26043950500,"15,138",71,84,32,0,34,49802,801 S CARPENTER AVE,"KINGSFORD, MI","DICKINSON, MI",45.79736011,-88.07155193,Lead (7439-92-1),331 Primary Metals,331511 Iron Foundries,GREDE HOLDINGS LLC,"3,165.40",0.40,0.00,0.00,"3,165.00","3,165.40","72,804,200",0
FLOWSERVE CORP,49001DRMTL2100F,2024,26077001801,"56,946",79,14,29,0,50,49001,2100 FACTORY ST,"KALAMAZOO, MI","KALAMAZOO, MI",42.27107591,-85.5556818,Chromium (7440-47-3),339 Miscellaneous Manufacturing,"339991 Gasket, Packing, and Sealing Device Manufacturing",FLOWSERVE CORP,"3,156.43",143.43,0.00,0.00,"3,013.00","129,156.43","8,080,460,800",0
SENSIENT FLAVORS LLC,48441HRCLS79STA,2024,26063951200,"2,636",27,90,43,0,80,48441,79 STATE ST,"HARBOR BEACH, MI","HURON, MI",43.84470408,-82.64951823,Hydrochloric acid (acid aerosols) (7647-01-0),311 Food,311999 All Other Miscellaneous Food Manufacturing,SENSIENT TECHNOLOGIES CORP,"3,154.79","3,154.79",0.00,0.00,0.00,"3,154.79","567,863",0
MARSH PLATING - WILLOW RUN,48197PRLSS2800T,2024,26161984000,"46,038",0,0,0,0,0,48198,2800 TYLER RD,"YPSILANTI, MI","WASHTENAW, MI",42.23221649,-83.55543464,Zinc compounds (N982),332 Fabricated Metals,"332813 Electroplating, Plating, Polishing, Anodizing, and Coloring",NA,"3,153.00",6.00,0.00,0.00,"3,147.00","3,153.00","300,118",0
PLASTIC PLATE INC-MONROE PLANT,49503PLSTC1648M,2024,26081000900,"101,657",68,21,33,0,54,49505,1648 MONROE AVE NW,"GRAND RAPIDS, MI","KENT, MI",42.99285169,-85.67045601,Nitrate compounds (water dissociable) (N511),332 Fabricated Metals,"332813 Electroplating, Plating, Polishing, Anodizing, and Coloring",LACKS ENTERPRISES INC,"3,144.20",0.00,0.00,0.00,"3,144.20","31,442.00","1,981",0
BILLERUD ESCANABA LLC,49829MDPBLCOUNT,2024,26041970400,"5,730",46,91,58,0,34,49829,7100 COUNTY RD 426,"ESCANABA, MI","DELTA, MI",45.8032763,-87.09536725,Hydrochloric acid (acid aerosols) (7647-01-0),322 Paper,322120 Paper Mills,BILLERUD AMERICAS CORP,"3,142.00","3,142.00",0.00,0.00,0.00,"8,350.00","565,560",0
GMVM-LANSING GRAND RIVER ASSEMBLY,48921GMCGL920TO,2024,26065980200,"92,043",0,0,0,0,0,48933,920 TOWNSEND ST MAIL CODE: 489-066-600,"LANSING, MI","INGHAM, MI",42.72375252,-84.55561088,Diisononyl Phthalates (DINP) (N125),336 Transportation Equipment,336110 Automobile and Light Duty Motor Vehicle Manufacturing,GENERAL MOTORS LLC,"3,110.00",0.00,0.00,0.00,"3,110.00","3,100.00",0,0
PHARMACIA & UPJOHN CO LLC A SUBSIDIARY OF PFIZER INC,49001THPJH7171P,2024,26077001905,"31,983",66,12,0,69,34,49002,7171 PORTAGE RD,"PORTAGE, MI","KALAMAZOO, MI",42.21133108,-85.55988021,n-Hexane (110-54-3),325 Chemicals,325412 Pharmaceutical Preparation Manufacturing,PFIZER INC,"3,101.00","3,101.00",0.00,0.00,0.00,"19,811.00","15,505",0
ALLOY RESOURCE CORP,4944WLLYRS2281P,2024,26121000402,-,32,25,94,0,82,49442,2281 PORT CITY BLVD,"MUSKEGON, MI","MUSKEGON, MI",43.21468341,-86.19592015,Lead compounds (N420),331 Primary Metals,331314 Secondary Smelting and Alloying of Aluminum,PACE INDUSTRIES LLC,"3,095.13",19.97,0.00,0.00,"3,075.16","3,095.13","71,187,990",0
LACKS TRIM SYSTEMS - 52ND STREET PAINT CENTRAL,4951WLCKST43155,2024,26081012604,"23,603",90,6,32,78,55,49512,4315 52ND ST SE,"GRAND RAPIDS, MI","KENT, MI",42.86904062,-85.55899954,Cyclohexane (110-82-7),336 Transportation Equipment,336360 Motor Vehicle Seating and Interior Trim Manufacturing,LACKS ENTERPRISES INC,"3,084.00","3,084.00",0.00,0.00,0.00,"189,979.00","1,789",0
GENERAL MOTORS GM VA FACTORY ZERO ASSEMBLY PLANT,48211CDLLC2500E,2024,26163985100,"126,564",0,5,96,0,80,48211,2500 E GENERAL MOTORS BLVD,"DETROIT, MI","WAYNE, MI",42.37659651,-83.05238398,n-Butyl alcohol (71-36-3),336 Transportation Equipment,336110 Automobile and Light Duty Motor Vehicle Manufacturing,GENERAL MOTORS LLC,"3,059.00","2,870.00",0.00,0.00,189.00,"72,770.00","30,590",0
ROMEO RIM INC. - PLANTS 1 & 2,48065RMRMN74000,2024,26099214000,"9,716",43,79,73,0,30,48065,74000 VAN DYKE AVE,"ROMEO, MI","MACOMB, MI",42.83930256,-83.02047615,Ethylene glycol (107-21-1),326 Plastics and Rubber,326199 All Other Plastics Product Manufacturing,R MARK HAMLIN JR TRUST,"3,053.00",10.00,0.00,0.00,"3,043.00","3,053.00","26,866",0
AVIENT COLORANTS USA LLC - ALBION FACILITY,49224RDPLSALBIO,2024,26025003600,"9,350",56,64,26,0,89,49224,926 ELLIOTT RD,"ALBION, MI","CALHOUN, MI",42.25635389,-84.77948306,Cobalt compounds (N096),325 Chemicals,325991 Custom Compounding of Purchased Resins,AVIENT CORP,"3,041.90",8.90,0.00,0.00,"3,033.00","3,902.70","85,033,200,000",0
MARATHON PETROLEUM CO LP - MICHIGAN REFINING DIV,48217MRTHN1300S,2024,26163524500,"94,854",0,35,0,0,0,48217,1300 S FORT ST HES DEPT,"DETROIT, MI","WAYNE, MI",42.28071629,-83.15192609,Zinc compounds (N982),324 Petroleum Products,324110 Petroleum Refineries,MARATHON PETROLEUM CORP,"3,039.00",432.00,0.00,0.00,"2,607.00","3,039.00","303,900",0
FLAT ROCK ASSEMBLY PLANT,48134MZDMT1MAZD,2024,26163982000,"48,834",0,0,0,0,0,48134,1 INTERNATIONAL DR,"FLAT ROCK, MI","WAYNE, MI",42.10296609,-83.2436186,Certain glycol ethers (N230),336 Transportation Equipment,336370 Motor Vehicle Metal Stamping,FORD MOTOR CO,"3,016.40","3,016.00",0.00,0.00,0.40,"3,008.40","542,960",0
GAGE PRODUCTS CO,48220GGPRD625WA,2024,26125173600,"148,304",15,29,26,0,39,48220,625 WANDA ST,"FERNDALE, MI","OAKLAND, MI",42.45155981,-83.11350414,Methyl isobutyl ketone (108-10-1),325 Chemicals,325510 Paint and Coating Manufacturing,NA,"2,964.14","2,960.00",0.00,0.00,4.14,"4,134,784.00","3,606",0
TRINSEO LLC-MI OPERATIONS,4866WSTYRN164BU,2024,26111290700,"31,609",34,73,38,77,47,48667,1604 BUILDING,"MIDLAND, MI","MIDLAND, MI",43.6095201,-84.2393991,Acrylonitrile (107-13-1),325 Chemicals,325211 Plastics Material and Resin Manufacturing,TRINSEO US HOLDING INC,"2,960.00","2,960.00",0.00,0.00,0.00,"36,864.65","710,400,000",2
ANDERSON DEVELOPMENT CO,49221NDRSN1415E,2024,26091061301,"26,525",93,24,86,0,82,49221,1415 E MICHIGAN ST,"ADRIAN, MI","LENAWEE, MI",41.89404029,-84.01757843,Toluene (108-88-3),325 Chemicals,325211 Plastics Material and Resin Manufacturing,MITSUI & CO (USA) INC,"2,956.47","2,952.87",3.60,0.00,0.00,"250,875.18","2,114",0
US ECOLOGY MICHIGAN INC.,48211DYNCL6520G,2024,26163505800,"127,120",51,65,99,76,88,48211,6520 GEORGIA ST,"DETROIT, MI","WAYNE, MI",42.39346348,-83.03317638,Lead compounds (N420),562 Hazardous Waste,562211 Hazardous Waste Treatment and Disposal,REPUBLIC SERVICES INC,"2,926.16",0.00,0.00,0.00,"2,926.16","2,926.16","67,290,880",0
MUELLER BRASS CO,48060MLLRB1925L,2024,26147623000,"37,924",27,30,52,0,46,48060,2199 LAPEER AVE,"PORT HURON, MI","ST. CLAIR, MI",42.97769454,-82.45020726,Copper compounds (N100),331 Primary Metals,"331420 Copper Rolling, Drawing, Extruding, and Alloying",MUELLER INDUSTRIES INC,"2,923.20","1,013.00",0.00,0.00,"1,910.20","786,888.20","4,384,800",0
FORD MOTOR CO MICHIGAN ASSEMBLY PLANT,48184FRDMT38303,2024,26163566700,"67,978",14,15,80,62,67,48184,38303 MICHIGAN AVE,"WAYNE, MI","WAYNE, MI",42.27796988,-83.41395208,N-Methyl-2-pyrrolidone (872-50-4),336 Transportation Equipment,336110 Automobile and Light Duty Motor Vehicle Manufacturing,FORD MOTOR CO,"2,915.00","2,915.00",0.00,0.00,0.00,"19,227.00",0,0
HUTCHINSON ANTIVIBRATION SYSTEMS INC,49501PLSTR460FU,2024,26081002200,"117,781",81,13,0,0,20,49503,460 FULLER AVE NE,"GRAND RAPIDS, MI","KENT, MI",42.97166799,-85.63971031,Ethylbenzene (100-41-4),326 Plastics and Rubber,326291 Rubber Product Manufacturing for Mechanical Use,HUTCHINSON NORTH AMERICA,"2,885.00","2,885.00",0.00,0.00,0.00,"32,545.00","2,567,650",0
MAGNI INDUSTRIES INC.,48209MGNNC2771H,2024,26163523100,"109,739",68,11,88,73,95,48209,2771 HAMMOND,"DETROIT, MI","WAYNE, MI",42.32309627,-83.11146256,Aluminum (fume or dust) (7429-90-5),325 Chemicals,325510 Paint and Coating Manufacturing,THE MAGNI GROUP INC,"2,874.00","1,883.00",0.00,0.00,991.00,"2,874.00","2,011,800",0
SAS GLOBAL CORP,4808WSSGLB2161M,2024,26099264000,"136,390",79,8,97,74,69,48089,21601 MULLIN AVENUE,"WARREN, MI","MACOMB, MI",42.45542684,-83.01135294,Chromium (7440-47-3),332 Fabricated Metals,332312 Fabricated Structural Metal Manufacturing,NA,"2,857.00",57.00,0.00,0.00,"2,800.00","2,857.00","31,084,160,000",0
ADVANCED MICRONUTRIENT PRODUCTS INC,48757GRCCH2405S,2024,26145011200,"1,850",30,74,45,0,32,48757,2405 W VASSAR RD M-15,"REESE, MI","SAGINAW, MI",43.44175702,-83.75078382,Ammonia (7664-41-7),325 Chemicals,325314 Fertilizer (Mixing Only) Manufacturing,NA,"2,851.00","2,851.00",0.00,0.00,0.00,"2,851.00","19,957",0
CORTEVA AGRISCIENCE LLC - MIDLAND,4867WDWGRS71WAS,2024,26111290600,"30,090",74,14,85,0,68,48640,701 WASHINGTON ST,"MIDLAND, MI","MIDLAND, MI",43.60532757,-84.21757491,Tetrachloroethylene (127-18-4),325 Chemicals,325320 Pesticide and Other Agricultural Chemical Manufacturing,CORTEVA INC,"2,847.00","2,840.00",0.00,0.00,7.00,"423,667.00","2,655,900",0
DICASTAL N.A. INC,4883WDCSTL1DICA,2024,26117971200,"10,751",57,64,0,0,41,48838,1 DICASTAL DRIVE,"GREENVILLE, MI","MONTCALM, MI",43.19809171,-85.23659512,Lead (7439-92-1),331 Primary Metals,331523 Nonferrous Metal Die-Casting Foundries,NA,"2,845.97",3.10,0.00,0.00,"2,842.87","2,860.97","65,457,310",0
PREMIERE PACKAGING LLC,48507PRMRP6220L,2024,26049012905,"30,646",18,71,66,0,45,48507,6220 LEHMAN DR,"FLINT, MI","GENESEE, MI",42.93868782,-83.71113151,Certain glycol ethers (N230),325 Chemicals,325612 Polish and Other Sanitation Good Manufacturing,NA,"2,800.00",10.00,0.00,0.00,"2,790.00","3,019.00","559,800",1
CURTIS METAL FINISHING CO,48078CRTSC6645S,2024,26099982001,"98,136",0,0,0,0,0,48313,6645 SIMS DR,"STERLING HEIGHTS, MI","MACOMB, MI",42.58932703,-83.04172465,n-Butyl alcohol (71-36-3),332 Fabricated Metals,"332812 Metal Coating, Engraving (except Jewelry and Silverware), and Allied Services to Manufactur..",CURTIS METAL FINISHING CO,"2,779.39","2,395.00",0.00,0.00,384.39,"25,145.39","27,794",0
UNIVAR SOLUTIONS USA,48174CHMCN13395,2024,26163586300,"16,932",54,76,0,57,54,48174,13395 HURON RIVER DR,"ROMULUS, MI","WAYNE, MI",42.20712845,-83.4044377,"1,2,4-Trimethylbenzene (95-63-6)",4246 Chemical Wholesalers,424690 Other Chemical and Allied Products Merchant Wholesalers,UNIVAR SOLUTIONS USA INC,"2,778.02",22.82,0.00,0.00,"2,755.20","2,778.02","276,843",1
UNITED PAINT & CHEMICAL,48034NTDPN24671,2024,26125161700,"79,191",36,72,61,0,41,48033,24671 TELEGRAPH RD,"SOUTHFIELD, MI","OAKLAND, MI",42.46989825,-83.28081892,Certain glycol ethers (N230),325 Chemicals,325510 Paint and Coating Manufacturing,NA,"2,760.00","2,760.00",0.00,0.00,0.00,"5,578.00","496,800",0
BASF CORP,48192BSFCR1609B,2024,26163580100,"83,157",54,24,35,0,37,481923729,1609 BIDDLE AVE,"WYANDOTTE, MI","WAYNE, MI",42.2177185,-83.15027742,Ammonia (7664-41-7),325 Chemicals,325211 Plastics Material and Resin Manufacturing,BASF CORP,"2,749.00","2,155.00",2.00,0.00,592.00,"28,352.00","15,085",0
MCGEAN-ROHCO INC,48150MCGNR38521,2024,26163983301,"75,202",0,0,0,0,0,48150,38521 SCHOOLCRAFT AVE,"LIVONIA, MI","WAYNE, MI",42.38143278,-83.42303723,Chromium compounds (N090),325 Chemicals,325180 Other Basic Inorganic Chemical Manufacturing,MCGEAN-ROHCO INC,"2,738.00",10.00,0.00,0.00,"2,728.00","2,738.00","43,728,337,500",0
LA COLOMBE MANUFACTURING,4944WLCLMB6366N,2024,-,-,-,-,-,-,-,49441,6366 NORTON CENTER DR,"MUSKEGON, MI","MUSKEGON, MI",43.13703913,-86.21777072,Nitrate compounds (water dissociable) (N511),311 Food,311920 Coffee and Tea Manufacturing,CHOBANI GLOBAL HOLDINGS LLC,"2,726.60",0.00,0.00,0.00,"2,726.60","27,266.00","1,718",0
REPUBLIC INDUSTRIAL & ENERGY SOLUTIONS LLC,4817WRPBLC2847C,2024,26163585500,"54,199",57,20,64,0,51,48174,28470 CITRIN DR,"ROMULUS, MI","WAYNE, MI",42.24413692,-83.31844219,Polychlorinated biphenyls (PCBs) (1336-36-3),562 Hazardous Waste,562211 Hazardous Waste Treatment and Disposal,REPUBLIC SERVICES INC,"2,723.04",0.00,0.00,"2,723.00",0.04,"2,723.04","5,446,080,000",0
ILLINOIS TOOL WORKS CODING PRODUCTS DIV,49646CDNGP111WP,2024,26079950300,"3,860",57,34,52,0,70,49646,111 W PARK DR,"KALKASKA, MI","KALKASKA, MI",44.73313981,-85.16830383,Methanol (67-56-1),322 Paper,322220 Paper Bag and Coated Treated Paper Manufacturing,ILLINOIS TOOL WORKS INC,"2,711.00","1,131.00",0.00,0.00,"1,580.00","3,595.00","1,784",0
GM TRUCK GROUP FLINT ASSEMBLY PLANT,48551GMCTRG3100,2024,26049980000,"51,226",0,0,0,0,0,48551,G-3100 VAN SLYKE RD,"FLINT, MI","GENESEE, MI",42.96697513,-83.71257194,Methanol (67-56-1),336 Transportation Equipment,336110 Automobile and Light Duty Motor Vehicle Manufacturing,GENERAL MOTORS LLC,"2,710.00","2,710.00",0.00,0.00,0.00,"18,300.00",488,0
AUSTEMPER INC,48035STMPR33180,2024,26099241600,"115,550",88,15,56,0,31,48035,33180 KELLY RD,"CLINTON TOWNSHIP, MI","MACOMB, MI",42.54093241,-82.92959965,Sodium nitrite (7632-00-0),332 Fabricated Metals,332811 Metal Heat Treating,NA,"2,706.00","2,706.00",0.00,0.00,0.00,"256,706.00","27,060",0
SPECIALTY STEEL TREATING INC.,48026SPCLT34501,2024,26099254000,"104,122",0,0,0,0,0,48026,34501 COMMERCE RD,"FRASER, MI","MACOMB, MI",42.55079305,-82.94278828,Ammonia (7664-41-7),332 Fabricated Metals,332811 Metal Heat Treating,SPECIALTY STEEL TREATING INC,"2,677.00","2,677.00",0.00,0.00,0.00,"2,677.00","18,739",0
FORD MOTOR CO MICHIGAN ASSEMBLY PLANT,48184FRDMT38303,2024,26163566700,"67,978",14,15,80,62,67,48184,38303 MICHIGAN AVE,"WAYNE, MI","WAYNE, MI",42.27796988,-83.41395208,Cumene (98-82-8),336 Transportation Equipment,336110 Automobile and Light Duty Motor Vehicle Manufacturing,FORD MOTOR CO,"2,659.00","2,659.00",0.00,0.00,0.00,"16,387.00","23,399",0
FCA US WARREN TRUCK ASSEMBLY PLANT,48091WRRNT21500,2024,26099982200,"130,932",0,0,0,0,93,48091,21500 MOUND RD,"WARREN, MI","MACOMB, MI",42.45531342,-83.04419136,n-Hexane (110-54-3),336 Transportation Equipment,336110 Automobile and Light Duty Motor Vehicle Manufacturing,FCA US LLC,"2,649.21","2,649.21",0.00,0.00,0.00,"2,649.21","13,246",0
DTE ELECTRIC CO-BELLE RIVER POWER PLANT,48054DTRTD4505K,2024,26147641000,"5,092",31,81,78,0,49,48054,4505 KING RD,"CHINA TOWNSHIP, MI","ST. CLAIR, MI",42.77569325,-82.51235737,Lead compounds (N420),2211 Electric Utilities,221112 Fossil Fuel Electric Power Generation,DTE ENERGY CO,"2,645.34",44.40,3.01,"2,584.63",13.30,"2,645.34","47,904,620",0
NUTRITION & BIOSCIENCES USA 1 LLC MIDLAND,4864WNTRTN34SSB,2024,26111290600,"27,335",74,14,85,0,68,48640,3400 S SAGINAW RD,"MIDLAND, MI","MIDLAND, MI",43.60102204,-84.20774568,Ethylene (74-85-1),325 Chemicals,325211 Plastics Material and Resin Manufacturing,INTERNATIONAL FLAVORS & FRAGRANCES INC,"2,636.00","2,636.00",0.00,0.00,0.00,"241,715.00","1,476",0
GM TRUCK GROUP FLINT ASSEMBLY PLANT,48551GMCTRG3100,2024,26049980000,"51,226",0,0,0,0,0,48551,G-3100 VAN SLYKE RD,"FLINT, MI","GENESEE, MI",42.96697513,-83.71257194,Benzene (71-43-2),336 Transportation Equipment,336110 Automobile and Light Duty Motor Vehicle Manufacturing,GENERAL MOTORS LLC,"2,620.00","2,620.00",0.00,0.00,0.00,"2,721.00","73,360,000",0
INDUSTRIAL HIGHWAY,48089HTCHC24660,2024,26099268400,"140,740",38,90,96,0,60,48089,24600 INDUSTRIAL HWY,"WARREN, MI","MACOMB, MI",42.47686623,-82.98902326,Ethylbenzene (100-41-4),332 Fabricated Metals,"332812 Metal Coating, Engraving (except Jewelry and Silverware), and Allied Services to Manufactur..",PIONEER METAL FINISHING LLC,"2,608.00","2,608.00",0.00,0.00,0.00,"3,196.00","2,321,120",0
THE ANDERSONS MARATHON HOLDINGS LLC - ALBION FACILITY,49224NDRSN2625B,2024,26025003600,"9,110",56,64,26,0,89,49224,26250 B DR N,"ALBION, MI","CALHOUN, MI",42.26143646,-84.79500403,Methanol (67-56-1),325 Chemicals,325193 Ethyl Alcohol Manufacturing,THE ANDERSONS INC,"2,605.00","2,605.00",0.00,0.00,0.00,"51,605.00",469,0
MSP INDUSTRIES,48371MSPND45WAK,2024,26125121000,"5,471",0,46,0,0,11,48371,45 W OAKWOOD RD,"OXFORD, MI","OAKLAND, MI",42.86905546,-83.29053711,Ethylene glycol (107-21-1),332 Fabricated Metals,332111 Iron and Steel Forging,AMERICAN AXLE & MANUFACTURING HOLDINGS INC,"2,594.00",13.00,0.00,0.00,"2,581.00","12,876.00","22,827",0
NCP COATINGS LLC,49120NLSCH225FO,2024,26021021000,"22,316",0,81,0,0,84,49120,225 FORT ST,"NILES, MI","BERRIEN, MI",41.8125525,-86.2560034,Tetrachloroethylene (127-18-4),325 Chemicals,325510 Paint and Coating Manufacturing,NCP INTERMEDIATE HOLDINGS INC,"2,555.00",359.00,0.00,0.00,"2,196.00","2,555.00","4,945,470",1
FCA US STERLING HEIGHTS ASSEMBLY PLANT,48077STRLN38111,2024,26099231200,"94,944",17,19,0,82,54,48312,38111 VAN DYKE,"STERLING HEIGHTS, MI","MACOMB, MI",42.57039424,-83.03013673,Toluene (108-88-3),336 Transportation Equipment,336110 Automobile and Light Duty Motor Vehicle Manufacturing,FCA US LLC,"2,551.12","2,511.57",0.00,0.00,39.55,"6,211.67","2,272",0
KAYDON CORP,49441KYDNC2860M,2024,26121002300,"41,088",73,53,60,0,62,49441,2860 MC CRACKEN ST,"MUSKEGON, MI","MUSKEGON, MI",43.2005757,-86.29319041,Methanol (67-56-1),332 Fabricated Metals,332991 Ball and Roller Bearing Manufacturing,SKF USA INC,"2,545.00","2,400.00",0.00,0.00,145.00,"4,212.00",577,0
FCA US STERLING HEIGHTS ASSEMBLY PLANT,48077STRLN38111,2024,26099231200,"94,944",17,19,0,82,54,48312,38111 VAN DYKE,"STERLING HEIGHTS, MI","MACOMB, MI",42.57039424,-83.03013673,"1,2,4-Trimethylbenzene (95-63-6)",336 Transportation Equipment,336110 Automobile and Light Duty Motor Vehicle Manufacturing,FCA US LLC,"2,537.69","2,536.10",0.00,0.00,1.59,"39,127.43","147,253",0
NATIONAL GALVANIZING LP,48161NTNLG1500T,2024,26115831700,"33,886",98,6,94,0,40,48162,1500 TELB RD,"MONROE, MI","MONROE, MI",41.91658548,-83.36732381,Hydrochloric acid (acid aerosols) (7647-01-0),332 Fabricated Metals,"332812 Metal Coating, Engraving (except Jewelry and Silverware), and Allied Services to Manufactur..",NA,"2,533.00","2,533.00",0.00,0.00,0.00,"123,254.00","455,940",0
JVIS MANUFACTURING LLC,49022TLNTC1285N,2024,26021002500,"17,702",20,87,72,0,61,49022,1285 N CRYSTAL AVE,"BENTON HARBOR, MI","BERRIEN, MI",42.13556181,-86.41758877,Methyl isobutyl ketone (108-10-1),326 Plastics and Rubber,326199 All Other Plastics Product Manufacturing,NA,"2,529.00","2,529.00",0.00,0.00,0.00,"27,815.00","3,035",0
DOW SILICONES CORP AUBURN SITE,48611DWCRN5300E,2024,26017285600,"5,814",68,36,44,0,18,48611,5300 ELEVEN MILE RD,"AUBURN, MI","BAY, MI",43.58751678,-84.10933364,Zinc compounds (N982),325 Chemicals,325211 Plastics Material and Resin Manufacturing,DOW INC,"2,525.00",199.00,0.00,0.00,"2,326.00","2,525.00","252,500",0
MARATHON PETROLEUM CO LP - MICHIGAN REFINING DIV,48217MRTHN1300S,2024,26163524500,"94,854",0,35,0,0,0,48217,1300 S FORT ST HES DEPT,"DETROIT, MI","WAYNE, MI",42.28071629,-83.15192609,"1,3-Butadiene (106-99-0)",324 Petroleum Products,324110 Petroleum Refineries,MARATHON PETROLEUM CORP,"2,524.87","2,524.00",0.00,0.00,0.87,"206,202.00","277,735,700",0
AURORIUM ZEELAND LLC,49464HXCLC215CE,2024,26139022900,"23,379",97,10,0,0,63,49464,215 N CENTENNIAL ST,"ZEELAND, MI","OTTAWA, MI",42.81603499,-86.01197179,Methanol (67-56-1),325 Chemicals,325199 All Other Basic Organic Chemical Manufacturing,AURORIUM PPC HOLDINGS LLC,"2,510.00","2,354.00",0.00,0.00,156.00,"145,275.00",580,0
UNIVAR SOLUTIONS USA,48174CHMCN13395,2024,26163586300,"16,932",54,76,0,57,54,48174,13395 HURON RIVER DR,"ROMULUS, MI","WAYNE, MI",42.20712845,-83.4044377,Ethylbenzene (100-41-4),4246 Chemical Wholesalers,424690 Other Chemical and Allied Products Merchant Wholesalers,UNIVAR SOLUTIONS USA INC,"2,506.77",23.89,0.00,0.00,"2,482.88","2,506.77","2,231,023",1
GENERAL MOTORS GM VA FACTORY ZERO ASSEMBLY PLANT,48211CDLLC2500E,2024,26163985100,"126,564",0,5,96,0,80,48211,2500 E GENERAL MOTORS BLVD,"DETROIT, MI","WAYNE, MI",42.37659651,-83.05238398,Xylene (mixed isomers) (1330-20-7),336 Transportation Equipment,336110 Automobile and Light Duty Motor Vehicle Manufacturing,GENERAL MOTORS LLC,"2,500.00","2,500.00",0.00,0.00,0.00,"139,500.00","87,500",0
POET BIOREFINING-CARO LLC,48723MCHGN1551E,2024,26157000600,"6,676",72,90,88,0,63,48723,1551 EMPIRE DR,"CARO, MI","TUSCOLA, MI",43.47133344,-83.41248831,Formic acid (64-18-6),325 Chemicals,325193 Ethyl Alcohol Manufacturing,POET HOLDING CO LLC,"2,500.00","2,500.00",0.00,0.00,0.00,"112,500.00","1,250",0
SUN CHEMICAL CORP MUSKEGON PLANT,49443SNCHM4925E,2024,26121003100,"15,493",42,59,66,0,51,49442,4925 EVANSTON AVE,"MUSKEGON, MI","MUSKEGON, MI",43.21312746,-86.12464853,o-Anisidine (90-04-0),325 Chemicals,325130 Synthetic Dye and Pigment Manufacturing,SUN CHEMICAL CORP,"2,467.74","1,717.74",0.00,0.00,750.00,"2,467.74","90,919,320",0
MARATHON PETROLEUM CO LP - MICHIGAN REFINING DIV,48217MRTHN1300S,2024,26163524500,"94,854",0,35,0,0,0,48217,1300 S FORT ST HES DEPT,"DETROIT, MI","WAYNE, MI",42.28071629,-83.15192609,"1,2,4-Trimethylbenzene (95-63-6)",324 Petroleum Products,324110 Petroleum Refineries,MARATHON PETROLEUM CORP,"2,466.32","2,381.00",0.00,0.00,85.32,"7,701.00","146,630",0
GENERAL SHALE BRICK INC. - PLANT 66,48817MCHGN3820S,2024,26155031700,"6,150",81,67,79,0,35,48817,3820 SERR RD,"CORUNNA, MI","SHIAWASSEE, MI",42.99494709,-84.08838546,Hydrochloric acid (acid aerosols) (7647-01-0),327 Nonmetallic Mineral Product,327120 Clay Building Material and Refractories Manufacturing,GENERAL SHALE BRICK INC,"2,457.00","2,457.00",0.00,0.00,0.00,"48,863.00","442,260",0
POET BIOREFINING-CARO LLC,48723MCHGN1551E,2024,26157000600,"6,676",72,90,88,0,63,48723,1551 EMPIRE DR,"CARO, MI","TUSCOLA, MI",43.47133344,-83.41248831,Formaldehyde (50-00-0),325 Chemicals,325193 Ethyl Alcohol Manufacturing,POET HOLDING CO LLC,"2,418.00","2,418.00",0.00,0.00,0.00,"112,418.00","94,302,000",0
AAR MOBILITY SYSTEMS,49601RBRKS201HA,2024,26165380800,"13,044",54,89,0,0,62,49601,201 HAYNES ST,"CADILLAC, MI","WEXFORD, MI",44.25381338,-85.4052817,Toluene (108-88-3),332 Fabricated Metals,332311 Prefabricated Metal Building and Component Manufacturing,AAR CORP,"2,416.13","2,416.00",0.00,0.00,0.13,"48,237.13","1,693",1
NCP COATINGS LLC,49120NLSCH225FO,2024,26021021000,"22,316",0,81,0,0,84,49120,225 FORT ST,"NILES, MI","BERRIEN, MI",41.8125525,-86.2560034,Toluene (108-88-3),325 Chemicals,325510 Paint and Coating Manufacturing,NCP INTERMEDIATE HOLDINGS INC,"2,414.00",507.00,0.00,0.00,"1,907.00","46,548.00","25,146",1
ALBAR INDUSTRIES INC,48446LBRND780WH,2024,26087337500,"14,180",82,58,30,0,43,48446,780 WHITNEY DR,"LAPEER, MI","LAPEER, MI",43.04097602,-83.30776486,Xylene (mixed isomers) (1330-20-7),326 Plastics and Rubber,326199 All Other Plastics Product Manufacturing,ALBAR INDUSTRIES INC,"2,402.00","2,402.00",0.00,0.00,0.00,"2,855.00","84,070",0
FCA US JEFFERSON NORTH ASSEMBLY PLANT,48215CHRYL2101C,2024,26163985200,"102,064",0,0,0,0,0,48215,2101 CONNOR AVE,"DETROIT, MI","WAYNE, MI",42.37535016,-82.96247701,n-Hexane (110-54-3),336 Transportation Equipment,336110 Automobile and Light Duty Motor Vehicle Manufacturing,FCA US LLC,"2,400.00","2,400.00",0.00,0.00,0.00,"2,530.00","12,000",0
HONEYWELL BURDICK & JACKSON,49442BXTRH1953S,2024,26121000402,"55,518",32,25,94,0,82,49442,1953 S HARVEY ST,"MUSKEGON, MI","MUSKEGON, MI",43.2182559,-86.20679593,Dichloromethane (75-09-2),325 Chemicals,325199 All Other Basic Organic Chemical Manufacturing,HONEYWELL INTERNATIONAL INC,"2,367.45","2,366.00",0.00,0.00,1.45,"41,359.45","88,076",0
MUELLER IMPACTS CO,48040MLLRB2409W,2024,26147637300,"12,255",35,36,42,83,58,48040,2409 WILLS ST,"MARYSVILLE, MI","ST. CLAIR, MI",42.88611686,-82.4835838,Nitrate compounds (water dissociable) (N511),332 Fabricated Metals,332112 Nonferrous Forging,MUELLER INDUSTRIES INC,"2,366.50",0.00,0.00,0.00,"2,366.50","23,665.00","1,491",0
THE DOW CHEMICAL CO,48667THDWCMICHI,2024,26111290600,"25,530",74,14,85,0,68,48667,1790 BUILDING,"MIDLAND, MI","MIDLAND, MI",43.6095201,-84.2393991,Ethylene glycol (107-21-1),325 Chemicals,325211 Plastics Material and Resin Manufacturing,DOW INC,"2,337.00",30.00,"2,300.00",0.00,7.00,"956,990.00","1,476",0
FCA US STERLING HEIGHTS ASSEMBLY PLANT,48077STRLN38111,2024,26099231200,"94,944",17,19,0,82,54,48312,38111 VAN DYKE,"STERLING HEIGHTS, MI","MACOMB, MI",42.57039424,-83.03013673,n-Butyl alcohol (71-36-3),336 Transportation Equipment,336110 Automobile and Light Duty Motor Vehicle Manufacturing,FCA US LLC,"2,309.29","1,159.63",0.00,0.00,"1,149.66","20,652.51","23,093",0
MARATHON PETROLEUM CO LP - MICHIGAN REFINING DIV,48217MRTHN1300S,2024,26163524500,"94,854",0,35,0,0,0,48217,1300 S FORT ST HES DEPT,"DETROIT, MI","WAYNE, MI",42.28071629,-83.15192609,Nitrate compounds (water dissociable) (N511),324 Petroleum Products,324110 Petroleum Refineries,MARATHON PETROLEUM CORP,"2,307.00",0.00,0.00,0.00,"2,307.00","938,006.00","1,453",0
MIDWEST RUBBER CO,48427MDWST3525R,2024,26151970200,"1,541",72,49,68,0,45,48427,3525 RANGELINE RD,"DECKERVILLE, MI","SANILAC, MI",43.52683904,-82.75458095,Diisononyl Phthalates (DINP) (N125),326 Plastics and Rubber,326299 All Other Rubber Product Manufacturing,NA,"2,288.91","2,288.91",0.00,0.00,0.00,"2,288.91",0,0
WEBB CHEMICAL SERVICE CORP,49444WBBCH2708J,2024,26121004300,"60,581",56,21,98,0,61,49444,2708 JARMAN,"MUSKEGON HEIGHTS, MI","MUSKEGON, MI",43.20207671,-86.23092135,Ethylene glycol (107-21-1),4246 Chemical Wholesalers,424690 Other Chemical and Allied Products Merchant Wholesalers,NA,"2,287.28",39.58,0.00,0.00,"2,247.70","2,347.13","20,085",0
AXALTA COATING SYSTEMS USA LLC-MOUNT CLEMENS PLANT,48043DPNTM400GR,2024,26099245200,"69,774",78,62,35,0,89,48043,400 GROESBECK HWY,"MOUNT CLEMENS, MI","MACOMB, MI",42.61385915,-82.88881704,"1,2,4-Trimethylbenzene (95-63-6)",325 Chemicals,325510 Paint and Coating Manufacturing,AXALTA COATING SYSTEMS LLC,"2,281.00","2,281.00",0.00,0.00,0.00,"551,005.00","132,298",0
DEXSYS,4891WDXSYS5589B,2024,26045020202,"47,757",78,95,85,0,12,48917,5589 W MT HOPE HWY,"LANSING, MI","EATON, MI",42.71201486,-84.63044171,Certain glycol ethers (N230),336 Transportation Equipment,336390 Other Motor Vehicle Parts Manufacturing,MAGNA US HOLDING INC,"2,281.00",781.00,0.00,0.00,"1,500.00","38,225.00","440,580",0
UNITED PAINT & CHEMICAL,48034NTDPN24671,2024,26125161700,"79,191",36,72,61,0,41,48033,24671 TELEGRAPH RD,"SOUTHFIELD, MI","OAKLAND, MI",42.46989825,-83.28081892,Toluene (108-88-3),325 Chemicals,325510 Paint and Coating Manufacturing,NA,"2,269.00","2,269.00",0.00,0.00,0.00,"6,931.00","1,588",0
HONEYWELL BURDICK & JACKSON,49442BXTRH1953S,2024,26121000402,"55,518",32,25,94,0,82,49442,1953 S HARVEY ST,"MUSKEGON, MI","MUSKEGON, MI",43.2182559,-86.20679593,Acetonitrile (75-05-8),325 Chemicals,325199 All Other Basic Organic Chemical Manufacturing,HONEYWELL INTERNATIONAL INC,"2,256.00","2,256.00",0.00,0.00,0.00,"81,379.00","130,848",0
MAGNI INDUSTRIES INC.,48209MGNNC2771H,2024,26163523100,"109,739",68,11,88,73,95,48209,2771 HAMMOND,"DETROIT, MI","WAYNE, MI",42.32309627,-83.11146256,Copper compounds (N100),325 Chemicals,325510 Paint and Coating Manufacturing,THE MAGNI GROUP INC,"2,255.00","1,264.00",0.00,0.00,991.00,"2,255.00","3,382,500",0
MARYSVILLE ETHANOL LLC,4804WMRYSV251BU,2024,-,"12,364",-,-,-,-,-,48040,2512 BUSHA HWY,"MARYSVILLE, MI","ST. CLAIR, MI",42.88346038,-82.49083171,Formaldehyde (50-00-0),325 Chemicals,325193 Ethyl Alcohol Manufacturing,NA,"2,253.00","2,253.00",0.00,0.00,0.00,"2,253.00","87,867,000",0
AKWEL CADILLAC USA INC.,49601CDLLC603WE,2024,26165380700,"12,871",76,20,69,0,73,49601,603 W 7TH ST,"CADILLAC, MI","WEXFORD, MI",44.26075834,-85.41659749,Toluene (108-88-3),326 Plastics and Rubber,326220 Rubber and Plastics Hoses and Belting Manufacturing,NA,"2,240.00","2,240.00",0.00,0.00,0.00,"174,056.00","1,568",0
ZF ACTIVE SAFETY FOWLERVILLE,4883WZFCTV5EVAN,2024,26093722300,-,80,65,57,0,29,48836,500 E VAN RIPER RD,"FOWLERVILLE, MI","LIVINGSTON, MI",42.65021636,-84.06540755,Hydrochloric acid (acid aerosols) (7647-01-0),336 Transportation Equipment,336110 Automobile and Light Duty Motor Vehicle Manufacturing,ZF NORTH AMERICA INC,"2,223.60","2,223.60",0.00,0.00,0.00,"2,223.60","400,248",0
FCA US JEFFERSON NORTH ASSEMBLY PLANT,48215CHRYL2101C,2024,26163985200,"102,064",0,0,0,0,0,48215,2101 CONNOR AVE,"DETROIT, MI","WAYNE, MI",42.37535016,-82.96247701,Ethylbenzene (100-41-4),336 Transportation Equipment,336110 Automobile and Light Duty Motor Vehicle Manufacturing,FCA US LLC,"2,219.00","2,210.00",0.00,0.00,9.00,"71,694.00","1,974,910",0
DETROIT ASSEMBLY COMPLEX MACK,4821WDTRTS4STJE,2024,26163514100,"124,212",56,18,98,0,46,48214,4000 ST JEAN ST,"DETROIT, MI","WAYNE, MI",42.37978444,-82.97886412,"1,2,4-Trimethylbenzene (95-63-6)",336 Transportation Equipment,336110 Automobile and Light Duty Motor Vehicle Manufacturing,FCA US LLC,"2,204.96","2,204.96",0.00,0.00,0.00,"46,692.70","127,888",0
HUTCHINSON ANTIVIBRATION SYSTEMS INC,49601PLSTR6007T,2024,26165380700,"12,868",76,20,69,0,73,49601,600 7TH ST,"CADILLAC, MI","WEXFORD, MI",44.26074658,-85.41339726,Methyl isobutyl ketone (108-10-1),326 Plastics and Rubber,326291 Rubber Product Manufacturing for Mechanical Use,HUTCHINSON NORTH AMERICA,"2,185.00","2,185.00",0.00,0.00,0.00,"98,992.00","2,622",0
BETZ INDUSTRIES,49504BTZFN2029B,2024,26081011502,"70,042",14,44,0,0,52,49504,2029 BRISTOL AVE NW,"GRAND RAPIDS, MI","KENT, MI",43.00072997,-85.70815088,Manganese (7439-96-5),331 Primary Metals,331511 Iron Foundries,NA,"2,183.00",460.00,0.00,0.00,"1,723.00","10,959.00","26,196,000",0
GRUPO ANTOLIN MARLETTE,48453GRPNT63EUC,2024,26151971000,"3,390",68,59,79,0,55,48453,6300 EUCLID ST,"MARLETTE, MI","SANILAC, MI",43.32062381,-83.07346937,Diisocyanates (N120),336 Transportation Equipment,336360 Motor Vehicle Seating and Interior Trim Manufacturing,GRUPO ANTOLIN NORTH AMERICA INC,"2,166.22",56.00,0.00,0.00,"2,110.22","2,916.22","758,177,700",0
MIDWEST RUBBER CO,48427MDWST3525R,2024,26151970200,"1,541",72,49,68,0,45,48427,3525 RANGELINE RD,"DECKERVILLE, MI","SANILAC, MI",43.52683904,-82.75458095,Chlorine (7782-50-5),326 Plastics and Rubber,326299 All Other Rubber Product Manufacturing,NA,"2,156.20",0.00,"2,156.20",0.00,0.00,"2,156.20","21,562",0
AVIENT COLORANTS USA LLC - ALBION FACILITY,49224RDPLSALBIO,2024,26025003600,"9,350",56,64,26,0,89,49224,926 ELLIOTT RD,"ALBION, MI","CALHOUN, MI",42.25635389,-84.77948306,Antimony compounds (N010),325 Chemicals,325991 Custom Compounding of Purchased Resins,AVIENT CORP,"2,139.00",5.00,0.00,0.00,"2,134.00","2,761.49","25,632,850",0
WEBB CHEMICAL SERVICE CORP,49444WBBCH2708J,2024,26121004300,"60,581",56,21,98,0,61,49444,2708 JARMAN,"MUSKEGON HEIGHTS, MI","MUSKEGON, MI",43.20207671,-86.23092135,Ethylbenzene (100-41-4),4246 Chemical Wholesalers,424690 Other Chemical and Allied Products Merchant Wholesalers,NA,"2,103.02",41.02,0.00,0.00,"2,062.00","2,103.02","1,871,688",0
FORD MOTOR CO DEARBORN STAMPING PLANT,48121FRDM13001M,2024,26163985700,"123,088",0,0,0,0,0,48120,3001 MILLER RD,"DEARBORN, MI","WAYNE, MI",42.30886967,-83.15678743,Diisononyl Phthalates (DINP) (N125),336 Transportation Equipment,336370 Motor Vehicle Metal Stamping,FORD MOTOR CO,"2,100.00",0.00,0.00,0.00,"2,100.00","11,800.00",0,0
GENERAL MOTORS LANSING DELTA TOWNSHIP,48917GNRLM85REL,2024,26045020302,"10,044",63,24,60,0,0,48917,8175 MILLETT HWY,"LANSING, MI","EATON, MI",42.69753322,-84.67379564,Diisononyl Phthalates (DINP) (N125),336 Transportation Equipment,336110 Automobile and Light Duty Motor Vehicle Manufacturing,GENERAL MOTORS LLC,"2,100.00",0.00,0.00,0.00,"2,100.00","2,100.00",0,0
PRECISION COATINGS INC.,48088PRCSN8120G,2024,26125134400,"47,079",94,55,31,0,33,48390,8120 GOLDIE ST,"WALLED LAKE, MI","OAKLAND, MI",42.57517725,-83.44277835,Methanol (67-56-1),326 Plastics and Rubber,326113 Unlaminated Plastics Film and Sheet (except Packaging) Manufacturing,NA,"2,090.00","2,090.00",0.00,0.00,0.00,"38,404.00",376,0
MAGNI INDUSTRIES INC.,48209MGNNC2771H,2024,26163523100,"109,739",68,11,88,73,95,48209,2771 HAMMOND,"DETROIT, MI","WAYNE, MI",42.32309627,-83.11146256,Manganese compounds (N450),325 Chemicals,325510 Paint and Coating Manufacturing,THE MAGNI GROUP INC,"2,083.00","1,092.00",0.00,0.00,991.00,"2,083.00","24,996,000",0
MARATHON PETROLEUM CO LP - MICHIGAN REFINING DIV,48217MRTHN1300S,2024,26163524500,"94,854",0,35,0,0,0,48217,1300 S FORT ST HES DEPT,"DETROIT, MI","WAYNE, MI",42.28071629,-83.15192609,Ethylbenzene (100-41-4),324 Petroleum Products,324110 Petroleum Refineries,MARATHON PETROLEUM CORP,"2,049.15","2,006.00",0.00,0.00,43.15,"4,857.32","1,823,612",0
GENERAL FORMULATIONS INC,49345GNRLF320SO,2024,26081010402,"9,186",69,37,0,0,34,49345,320 S UNION,"SPARTA, MI","KENT, MI",43.15403591,-85.70707628,Toluene (108-88-3),326 Plastics and Rubber,326113 Unlaminated Plastics Film and Sheet (except Packaging) Manufacturing,CELIA CORP,"2,018.00","2,018.00",0.00,0.00,0.00,"5,023.00","1,413",0
W2 FUEL LLC,49221NXTDS1571W,2024,26091061702,"26,438",41,69,91,63,16,49221,1571 W BEECHER RD,"ADRIAN, MI","LENAWEE, MI",41.88899011,-84.06352228,Methanol (67-56-1),325 Chemicals,325199 All Other Basic Organic Chemical Manufacturing,NA,"2,017.10","2,017.10",0.00,0.00,0.00,"2,017.10",363,0
BASF CORP,48192BSFCR1609B,2024,26163580100,"83,157",54,24,35,0,37,481923729,1609 BIDDLE AVE,"WYANDOTTE, MI","WAYNE, MI",42.2177185,-83.15027742,Acrylic acid (79-10-7),325 Chemicals,325211 Plastics Material and Resin Manufacturing,BASF CORP,"2,001.04",283.00,10.00,0.00,"1,708.04","950,897.00","6,762,138",0
PHARMACIA & UPJOHN CO LLC A SUBSIDIARY OF PFIZER INC,49001THPJH7171P,2024,26077001905,"31,983",66,12,0,69,34,49002,7171 PORTAGE RD,"PORTAGE, MI","KALAMAZOO, MI",42.21133108,-85.55988021,Formaldehyde (50-00-0),325 Chemicals,325412 Pharmaceutical Preparation Manufacturing,PFIZER INC,"2,000.00",350.00,0.00,0.00,"1,650.00","110,353.00","13,658,250",0
GMVM-LANSING GRAND RIVER ASSEMBLY,48921GMCGL920TO,2024,26065980200,"92,043",0,0,0,0,0,48933,920 TOWNSEND ST MAIL CODE: 489-066-600,"LANSING, MI","INGHAM, MI",42.72375252,-84.55561088,Xylene (mixed isomers) (1330-20-7),336 Transportation Equipment,336110 Automobile and Light Duty Motor Vehicle Manufacturing,GENERAL MOTORS LLC,"1,985.00","1,985.00",0.00,0.00,0.00,"43,601.00","69,475",0
SUN CHEMICAL CORP MUSKEGON PLANT,49443SNCHM4925E,2024,26121003100,"15,493",42,59,66,0,51,49442,4925 EVANSTON AVE,"MUSKEGON, MI","MUSKEGON, MI",43.21312746,-86.12464853,Sodium nitrite (7632-00-0),325 Chemicals,325130 Synthetic Dye and Pigment Manufacturing,SUN CHEMICAL CORP,"1,984.00",0.00,0.00,0.00,"1,984.00","1,984.00","19,840",0
BILLERUD ESCANABA LLC,49829MDPBLCOUNT,2024,26041970400,"5,730",46,91,58,0,34,49829,7100 COUNTY RD 426,"ESCANABA, MI","DELTA, MI",45.8032763,-87.09536725,Chlorine dioxide (10049-04-4),322 Paper,322120 Paper Mills,BILLERUD AMERICAS CORP,"1,976.00","1,976.00",0.00,0.00,0.00,"197,060.00","35,568,000",0
SEKISUI KYDEX LLC,49423LLNXT1305L,2024,26005032401,"30,559",81,35,51,73,72,49423,1305 LINCOLN AVE,"HOLLAND, MI","ALLEGAN, MI",42.75149682,-86.09656179,Styrene (100-42-5),326 Plastics and Rubber,326113 Unlaminated Plastics Film and Sheet (except Packaging) Manufacturing,SEKISUI AMERICA CORP,"1,968.00","1,968.00",0.00,0.00,0.00,"4,045.00","6,888",0
OMEGA CASTINGS INC,49015MGCST31FRI,2024,26025002600,"9,871",56,21,66,71,74,49037,301 FRITZ KEIPER BLVD FORT CUSTER INDUSTRIAL PARK,"BATTLE CREEK, MI","CALHOUN, MI",42.33440021,-85.29093211,Nickel (7440-02-0),331 Primary Metals,331513 Steel Foundries (except Investment),NA,"1,945.00",33.00,0.00,0.00,"1,912.00","1,945.00","1,808,850,000",0
L & L PRODUCTS INC.,48065LLPRD160MC,2024,26099206700,"9,723",0,0,0,0,0,48065,160 MCLEAN DR,"ROMEO, MI","MACOMB, MI",42.8176699,-82.98200412,Diisocyanates (N120),326 Plastics and Rubber,326199 All Other Plastics Product Manufacturing,L & L PRODUCTS,"1,944.00",34.00,0.00,0.00,"1,910.00","1,944.00","680,400,000",0
HENKEL US OPERATIONS CORP,48091MCHMP23343,2024,26099263200,"125,648",28,38,82,0,67,48091,23343 SHERWOOD AVE,"WARREN, MI","MACOMB, MI",42.46588693,-83.03550307,Nitrate compounds (water dissociable) (N511),325 Chemicals,325998 All Other Miscellaneous Chemical Product and Preparation Manufacturing,HENKEL OF AMERICA INC,"1,943.60",366.00,0.00,0.00,"1,577.60","29,289.00","1,224",0
NUTRITION & BIOSCIENCES USA 1 LLC MIDLAND,4864WNTRTN34SSB,2024,26111290600,"27,335",74,14,85,0,68,48640,3400 S SAGINAW RD,"MIDLAND, MI","MIDLAND, MI",43.60102204,-84.20774568,Hydrochloric acid (acid aerosols) (7647-01-0),325 Chemicals,325211 Plastics Material and Resin Manufacturing,INTERNATIONAL FLAVORS & FRAGRANCES INC,"1,942.00","1,942.00",0.00,0.00,0.00,"5,373.80","349,560",0
GENERAL MOTORS GM VA FACTORY ZERO ASSEMBLY PLANT,48211CDLLC2500E,2024,26163985100,"126,564",0,5,96,0,80,48211,2500 E GENERAL MOTORS BLVD,"DETROIT, MI","WAYNE, MI",42.37659651,-83.05238398,N-Methyl-2-pyrrolidone (872-50-4),336 Transportation Equipment,336110 Automobile and Light Duty Motor Vehicle Manufacturing,GENERAL MOTORS LLC,"1,930.00",660.00,0.00,0.00,"1,270.00","12,960.00",0,0
MAHLE ENGINE COMPONENTS USA INC,48879SLDPW916WE,2024,26037010801,"9,939",21,79,59,0,12,48879,916 W STATE ST,"SAINT JOHNS, MI","CLINTON, MI",43.00158539,-84.57143975,Chromium compounds (N090),336 Transportation Equipment,336310 Motor Vehicle Gasoline Engine and Engine Parts Manufacturing,MAHLE INDUSTRIES INC,"1,913.95",38.41,0.00,0.00,"1,875.54","45,916.95","41,550,044,825",0
REAL ALLOY SPECIFICATION LLC,49036LCHML368WG,2024,26023951600,"13,219",57,63,22,90,50,49036,368 W GARFIELD AVE,"COLDWATER, MI","BRANCH, MI",41.92728472,-85.02110789,Chlorine (7782-50-5),331 Primary Metals,331314 Secondary Smelting and Alloying of Aluminum,REAL ALLOY HOLDING LLC,"1,913.00","1,913.00",0.00,0.00,0.00,"1,913.00","43,999,000",0
FCA US STERLING HEIGHTS ASSEMBLY PLANT,48077STRLN38111,2024,26099231200,"94,944",17,19,0,82,54,48312,38111 VAN DYKE,"STERLING HEIGHTS, MI","MACOMB, MI",42.57039424,-83.03013673,Ethylbenzene (100-41-4),336 Transportation Equipment,336110 Automobile and Light Duty Motor Vehicle Manufacturing,FCA US LLC,"1,897.78","1,896.77",0.00,0.00,1.01,"29,340.33","1,689,024",0
PYRAMID PEAK COATINGS LLC,48867VNGRD630SC,2024,26155030300,"20,790",24,93,56,0,71,48867,630 S CHESTNUT ST,"OWOSSO, MI","SHIAWASSEE, MI",42.99228355,-84.19657402,Xylene (mixed isomers) (1330-20-7),336 Transportation Equipment,336390 Other Motor Vehicle Parts Manufacturing,K2TR FAMILY HOLDINGS 2 CORP,"1,897.00","1,897.00",0.00,0.00,0.00,"2,077.00","66,395",0
MAGNI INDUSTRIES INC.,48209MGNNC2771H,2024,26163523100,"109,739",68,11,88,73,95,48209,2771 HAMMOND,"DETROIT, MI","WAYNE, MI",42.32309627,-83.11146256,Zinc compounds (N982),325 Chemicals,325510 Paint and Coating Manufacturing,THE MAGNI GROUP INC,"1,801.00",810.00,0.00,0.00,991.00,"1,801.00","180,100",0
FCA US JEFFERSON NORTH ASSEMBLY PLANT,48215CHRYL2101C,2024,26163985200,"102,064",0,0,0,0,0,48215,2101 CONNOR AVE,"DETROIT, MI","WAYNE, MI",42.37535016,-82.96247701,Nitrate compounds (water dissociable) (N511),336 Transportation Equipment,336110 Automobile and Light Duty Motor Vehicle Manufacturing,FCA US LLC,"1,800.00",0.00,0.00,0.00,"1,800.00","17,800.00","1,134",0
ELECTRO CHEMICAL FINISHING CO,49509LCTRC2610R,2024,26081013801,"71,804",38,73,47,57,63,49519,2610 REMICO ST SW,"WYOMING, MI","KENT, MI",42.90896576,-85.73020061,Nitrate compounds (water dissociable) (N511),332 Fabricated Metals,"332813 Electroplating, Plating, Polishing, Anodizing, and Coloring",ELECTRO CHEMICAL FINISHING CO,"1,791.70",0.00,0.00,0.00,"1,791.70","17,917.00","1,129",0
DETROIT ASSEMBLY COMPLEX MACK,4821WDTRTS4STJE,2024,26163514100,"124,212",56,18,98,0,46,48214,4000 ST JEAN ST,"DETROIT, MI","WAYNE, MI",42.37978444,-82.97886412,Ethylbenzene (100-41-4),336 Transportation Equipment,336110 Automobile and Light Duty Motor Vehicle Manufacturing,FCA US LLC,"1,781.27","1,781.27",0.00,0.00,0.00,"35,147.07","1,585,330",0
MUSKEGON COMPOSITES INC.,49441GRGMR1355W,2024,26121002200,"51,763",82,67,64,0,25,49441,1355 W SHERMAN BLVD,"MUSKEGON, MI","MUSKEGON, MI",43.20544059,-86.27709725,Styrene (100-42-5),326 Plastics and Rubber,326199 All Other Plastics Product Manufacturing,EJ USA INC,"1,770.50","1,770.50",0.00,0.00,0.00,"1,775.10","6,197",0
NEW BOSTON RTM INC.,4816WNWBST19155,2024,26163590500,"8,012",35,95,0,0,37,48164,19155 SHOOK RD.,"NEW BOSTON, MI","WAYNE, MI",42.16438422,-83.39393817,Styrene (100-42-5),326 Plastics and Rubber,326199 All Other Plastics Product Manufacturing,NA,"1,755.26","1,755.26",0.00,0.00,0.00,"1,755.26","6,143",0
HAVILAND ENTERPRISES INC,4950WHVLND421AN,2024,26081000800,"94,071",39,9,50,0,52,49504,421 ANN STREET NW,"GRAND RAPIDS, MI","KENT, MI",42.99586552,-85.6796008,Chromium compounds (N090),4246 Chemical Wholesalers,424690 Other Chemical and Allied Products Merchant Wholesalers,HAVILAND ENTERPRISES INC,"1,751.50",1.00,0.00,0.00,"1,750.50","1,751.50","38,090,971,800",0
SHERWIN-WILLIAMS CO,49423GRDSM636E4,2024,26005032401,"30,689",81,35,51,73,72,49423,636 E 40TH ST,"HOLLAND, MI","ALLEGAN, MI",42.76200737,-86.07937104,Toluene (108-88-3),325 Chemicals,325510 Paint and Coating Manufacturing,THE SHERWIN-WILLIAMS CO,"1,751.00","1,751.00",0.00,0.00,0.00,"297,623.00","1,226",0
GREDE LLC - IRON MOUNTAIN,49801GRDFN801SC,2024,26043950500,"15,138",71,84,32,0,34,49802,801 S CARPENTER AVE,"KINGSFORD, MI","DICKINSON, MI",45.79736011,-88.07155193,Chromium (7440-47-3),331 Primary Metals,331511 Iron Foundries,GREDE HOLDINGS LLC,"1,745.00",4.00,0.00,0.00,"1,741.00","1,745.00","3,350,400,000",0
QUANTUM COMPOSITES INC.,48706QNTMC1310S,2024,26017285500,"5,154",34,75,0,0,39,48706,1310 S VALLEY CENTER DR,"BAY CITY, MI","BAY, MI",43.59032648,-83.99902223,Styrene (100-42-5),325 Chemicals,325991 Custom Compounding of Purchased Resins,LYONDELLBASELL FINANCE CO,"1,730.00","1,730.00",0.00,0.00,0.00,"3,880.00","6,055",0
UNITED PAINT & CHEMICAL,48034NTDPN24671,2024,26125161700,"79,191",36,72,61,0,41,48033,24671 TELEGRAPH RD,"SOUTHFIELD, MI","OAKLAND, MI",42.46989825,-83.28081892,Xylene (mixed isomers) (1330-20-7),325 Chemicals,325510 Paint and Coating Manufacturing,NA,"1,729.00","1,729.00",0.00,0.00,0.00,"3,419.00","60,515",0
NUTRITION & BIOSCIENCES USA 1 LLC MIDLAND,4864WNTRTN34SSB,2024,26111290600,"27,335",74,14,85,0,68,48640,3400 S SAGINAW RD,"MIDLAND, MI","MIDLAND, MI",43.60102204,-84.20774568,Propylene oxide (75-56-9),325 Chemicals,325211 Plastics Material and Resin Manufacturing,INTERNATIONAL FLAVORS & FRAGRANCES INC,"1,727.00","1,727.00",0.00,0.00,0.00,"52,416.00","22,451,000",0
FLAT ROCK ASSEMBLY PLANT,48134MZDMT1MAZD,2024,26163982000,"48,834",0,0,0,0,0,48134,1 INTERNATIONAL DR,"FLAT ROCK, MI","WAYNE, MI",42.10296609,-83.2436186,Ethylbenzene (100-41-4),336 Transportation Equipment,336370 Motor Vehicle Metal Stamping,FORD MOTOR CO,"1,718.00","1,718.00",0.00,0.00,0.00,"20,280.00","1,529,020",0
METALOR TECHNOLOGIES,4806WMTLRT164TH,2024,-,-,-,-,-,-,-,48060,1640 THOMAS ST,"PORT HURON, MI","ST. CLAIR, MI",42.99070302,-82.44057086,Nitrate compounds (water dissociable) (N511),332 Fabricated Metals,332999 All Other Miscellaneous Fabricated Metal Product Manufacturing,NA,"1,717.82",0.00,0.00,0.00,"1,717.82","17,178.17","1,082",0
SHERWIN-WILLIAMS CO,49423GRDSM636E4,2024,26005032401,"30,689",81,35,51,73,72,49423,636 E 40TH ST,"HOLLAND, MI","ALLEGAN, MI",42.76200737,-86.07937104,n-Hexane (110-54-3),325 Chemicals,325510 Paint and Coating Manufacturing,THE SHERWIN-WILLIAMS CO,"1,717.00","1,717.00",0.00,0.00,0.00,"4,152.00","8,585",0
DETROIT ASSEMBLY COMPLEX MACK,4821WDTRTS4STJE,2024,26163514100,"124,212",56,18,98,0,46,48214,4000 ST JEAN ST,"DETROIT, MI","WAYNE, MI",42.37978444,-82.97886412,Nitrate compounds (water dissociable) (N511),336 Transportation Equipment,336110 Automobile and Light Duty Motor Vehicle Manufacturing,FCA US LLC,"1,715.39",0.00,0.00,0.00,"1,715.39","17,153.88","1,081",0
AMERICAN JETWAY CORP,48184MRCNJ34136,2024,26163566800,"79,713",38,53,85,0,81,48184,34136 MYRTLE,"WAYNE, MI","WAYNE, MI",42.27925941,-83.3748709,Certain glycol ethers (N230),325 Chemicals,325998 All Other Miscellaneous Chemical Product and Preparation Manufacturing,AMERICAN JETWAY CORP,"1,700.00","1,700.00",0.00,0.00,0.00,"1,700.00","306,000",0
BASF CORP,48192BSFCR1609B,2024,26163580100,"83,157",54,24,35,0,37,481923729,1609 BIDDLE AVE,"WYANDOTTE, MI","WAYNE, MI",42.2177185,-83.15027742,Diisocyanates (N120),325 Chemicals,325211 Plastics Material and Resin Manufacturing,BASF CORP,"1,675.00","1,662.00",0.00,13.00,0.00,"25,326.00","586,250,000",0
EES COKE BATTERY LLC,48218SCKBT14ZUG,2024,26163985600,"69,556",0,0,0,0,0,48218,1400 ZUG ISLAND,"RIVER ROUGE, MI","WAYNE, MI",42.28876642,-83.11282517,Naphthalene (91-20-3),324 Petroleum Products,324199 All Other Petroleum and Coal Products Manufacturing,DTE ENERGY CO,"1,664.47","1,330.00",0.00,0.00,334.47,"26,634.39","19,968,024",0
ORCHID ORTHOPEDIC SOLUTIONS,4872WRCHDR6688D,2024,26145011701,"6,280",26,83,62,0,47,48722,6688 DIXIE HWY,"BRIDGEPORT, MI","SAGINAW, MI",43.34569485,-83.85473752,Chromium (7440-47-3),339 Miscellaneous Manufacturing,339112 Surgical and Medical Instrument Manufacturing,ORCHID MPS HOLDINGS LLC,"1,653.53",5.00,0.00,0.00,"1,648.53","35,902.53","35,904,324,054",0
SUN CHEMICAL CORP MUSKEGON PLANT,49443SNCHM4925E,2024,26121003100,"15,493",42,59,66,0,51,49442,4925 EVANSTON AVE,"MUSKEGON, MI","MUSKEGON, MI",43.21312746,-86.12464853,Polychlorinated biphenyls (PCBs) (1336-36-3),325 Chemicals,325130 Synthetic Dye and Pigment Manufacturing,SUN CHEMICAL CORP,"1,650.77",0.14,0.00,0.00,"1,650.63","1,651.36","3,301,310,400",0
VENTRA FOWLERVILLE LLC,48836MRDNT8887W,2024,26093722300,"7,666",67,49,65,0,68,48836,8887 W GRAND RIVER AVE,"FOWLERVILLE, MI","LIVINGSTON, MI",42.66097968,-84.08910291,Naphthalene (91-20-3),336 Transportation Equipment,336390 Other Motor Vehicle Parts Manufacturing,K2TR FAMILY HOLDINGS 2 CORP,"1,645.00","1,645.00",0.00,0.00,0.00,"1,645.00","19,740,000",0
MARATHON PETROLEUM CO LP - MICHIGAN REFINING DIV,48217MRTHN1300S,2024,26163524500,"94,854",0,35,0,0,0,48217,1300 S FORT ST HES DEPT,"DETROIT, MI","WAYNE, MI",42.28071629,-83.15192609,Cyclohexane (110-82-7),324 Petroleum Products,324110 Petroleum Refineries,MARATHON PETROLEUM CORP,"1,641.24","1,641.00",0.00,0.13,0.11,"6,055.56",952,0
CALHOUN FOUNDRY CO INC.,49245CLHNF506SC,2024,26025003100,"2,484",87,27,67,0,38,49245,506 S CLAY ST,"HOMER, MI","CALHOUN, MI",42.13983531,-84.80433177,Manganese (7439-96-5),331 Primary Metals,331511 Iron Foundries,NA,"1,639.82",10.30,0.00,0.00,"1,629.52","1,639.82","19,677,840",0
BILLERUD ESCANABA LLC,49829MDPBLCOUNT,2024,26041970400,"5,730",46,91,58,0,34,49829,7100 COUNTY RD 426,"ESCANABA, MI","DELTA, MI",45.8032763,-87.09536725,Lead compounds (N420),322 Paper,322120 Paper Mills,BILLERUD AMERICAS CORP,"1,636.00",41.00,52.00,"1,543.00",0.00,"1,636.00","29,653,000",0
DDP SPECIALTY ELECTRONIC MATERIALS US LLC,4864WDDPSP34SSA,2024,26111290600,"29,731",74,14,85,0,68,48640,3400 S SAGINAW RD - UNIT 96,"MIDLAND, MI","MIDLAND, MI",43.60102204,-84.20774568,Toluene (108-88-3),325 Chemicals,325199 All Other Basic Organic Chemical Manufacturing,DUPONT DE NEMOURS INC,"1,636.00",985.00,0.00,0.00,651.00,"130,514.30","9,153",0
FITZGERALD FINISHING LLC,48212FTZGR17450,2024,26163506300,"145,283",99,56,96,0,84,48212,17450 FILER AVE,"DETROIT, MI","WAYNE, MI",42.42260368,-83.03701756,n-Butyl alcohol (71-36-3),332 Fabricated Metals,"332812 Metal Coating, Engraving (except Jewelry and Silverware), and Allied Services to Manufactur..",NA,"1,605.00","1,605.00",0.00,0.00,0.00,"11,784.00","16,050",0
SAFETY-KLEEN SYSTEMS SAGINAW (SAG),48601SFTYK3899W,2024,26145010800,"12,181",0,46,87,0,78,48601,3899 WOLF RD,"SAGINAW, MI","SAGINAW, MI",43.46485058,-83.88572203,Polycyclic aromatic compounds (N590),562 Hazardous Waste,562112 Hazardous Waste Collection,CLEAN HARBORS INC,"1,599.70",0.00,0.00,0.00,"1,599.70","3,496.20","623,883,000",0
THE DOW CHEMICAL CO,48667THDWCMICHI,2024,26111290600,"25,530",74,14,85,0,68,48667,1790 BUILDING,"MIDLAND, MI","MIDLAND, MI",43.6095201,-84.2393991,Dichloromethane (75-09-2),325 Chemicals,325211 Plastics Material and Resin Manufacturing,DOW INC,"1,597.00","1,555.00",42.00,0.00,0.00,"211,599.00","139,980",0
WEBB CHEMICAL SERVICE CORP,49444WBBCH2708J,2024,26121004300,"60,581",56,21,98,0,61,49444,2708 JARMAN,"MUSKEGON HEIGHTS, MI","MUSKEGON, MI",43.20207671,-86.23092135,Dichloromethane (75-09-2),4246 Chemical Wholesalers,424690 Other Chemical and Allied Products Merchant Wholesalers,NA,"1,592.50","1,234.26",0.00,0.00,358.24,"1,633.72","760,908",0
LACKS TRIM SYSTEMS-52ND STREET PAINT EAST,49512LCKSN43755,2024,26081012604,"22,801",90,6,32,78,55,49512,4375 52ND ST SE,"KENTWOOD, MI","KENT, MI",42.86904321,-85.55744871,Cyclohexane (110-82-7),336 Transportation Equipment,336360 Motor Vehicle Seating and Interior Trim Manufacturing,LACKS ENTERPRISES INC,"1,583.20","1,583.00",0.00,0.00,0.20,"20,593.20",918,0
MICHIGAN MILK PRODUCERS ASSOC,48866MCHGN431WW,2024,26037011001,"3,849",44,43,29,0,45,48866,431 W WILLIAMS ST,"OVID, MI","CLINTON, MI",43.00649639,-84.37904098,Nitrate compounds (water dissociable) (N511),311 Food,"311514 Dry, Condensed, and Evaporated Dairy Product Manufacturing",MICHIGAN MILK PRODUCERS ASSOC,"1,574.61",0.00,"1,550.00",0.00,24.61,"175,872.12",992,0
MPLX TERMINALS LLC - NILES MI TERMINAL,49120MRTHN2216S,2024,26021021100,"20,662",80,89,49,0,47,49120,2216 S 3RD ST,"NILES, MI","BERRIEN, MI",41.78687345,-86.25481823,n-Hexane (110-54-3),4247 Petroleum Bulk Terminals,424710 Petroleum Bulk Stations and Terminals,MARATHON PETROLEUM CORP,"1,562.00","1,560.00",0.00,0.00,2.00,"1,562.00","7,834",0
BASF CORP,48192BSFCR1609B,2024,26163580100,"83,157",54,24,35,0,37,481923729,1609 BIDDLE AVE,"WYANDOTTE, MI","WAYNE, MI",42.2177185,-83.15027742,Propylene oxide (75-56-9),325 Chemicals,325211 Plastics Material and Resin Manufacturing,BASF CORP,"1,557.34","1,239.00",12.00,25.00,281.34,"81,889.00","92,508,600",0
WYMAN-GORDON CO,48116CMRNP7250W,2024,26093744600,"20,915",67,29,77,0,28,48116,7250 WHITMORE LAKE RD,"BRIGHTON, MI","LIVINGSTON, MI",42.49580499,-83.75817939,Nickel (7440-02-0),331 Primary Metals,"331492 Secondary Smelting, Refining, and Alloying of Nonferrous Metal (except Copper and Aluminum)",BERKSHIRE HATHAWAY INC,"1,553.00",7.00,0.00,0.00,"1,546.00","913,065.00","1,444,290,000",0
LACKS TRIM SYSTEMS-52ND STREET PAINT EAST,49512LCKSN43755,2024,26081012604,"22,801",90,6,32,78,55,49512,4375 52ND ST SE,"KENTWOOD, MI","KENT, MI",42.86904321,-85.55744871,Methyl isobutyl ketone (108-10-1),336 Transportation Equipment,336360 Motor Vehicle Seating and Interior Trim Manufacturing,LACKS ENTERPRISES INC,"1,552.20","1,552.00",0.00,0.00,0.20,"22,816.20","1,865",0
FLAT ROCK METAL INC.,48134FLTRC26601,2024,26163599001,"28,902",0,77,72,0,56,48134,26601 W HURON RIVER DR,"FLAT ROCK, MI","WAYNE, MI",42.10026678,-83.29479309,Sodium nitrite (7632-00-0),331 Primary Metals,331221 Rolled Steel Shape Manufacturing,NA,"1,547.00",0.00,0.00,0.00,"1,547.00","154,710.00","15,470",0
EXCELDA MANUFACTURING HOLDING LLC - BRIGHTON A,48116XCLDM12785,2024,26093744200,"14,993",45,65,26,0,39,48116,12785 EMERSON DR,"BRIGHTON, MI","LIVINGSTON, MI",42.50342952,-83.69196253,Ethylene glycol (107-21-1),325 Chemicals,325612 Polish and Other Sanitation Good Manufacturing,KEM KREST LLC,"1,546.00",430.00,0.00,0.00,"1,116.00","1,546.00","13,605",0
FLAT ROCK ASSEMBLY PLANT,48134MZDMT1MAZD,2024,26163982000,"48,834",0,0,0,0,0,48134,1 INTERNATIONAL DR,"FLAT ROCK, MI","WAYNE, MI",42.10296609,-83.2436186,n-Butyl alcohol (71-36-3),336 Transportation Equipment,336370 Motor Vehicle Metal Stamping,FORD MOTOR CO,"1,509.00","1,509.00",0.00,0.00,0.00,"13,440.00","15,090",0
WAYNE DISPOSAL INC,48111WYNDS49350,2024,26163986501,"28,882",0,0,0,0,0,48111,49350 N I-94 SERVICE DR,"BELLEVILLE, MI","WAYNE, MI",42.21950635,-83.52417321,Mercury compounds (N458),562 Hazardous Waste,562211 Hazardous Waste Treatment and Disposal,REPUBLIC SERVICES INC,"1,509.00",0.00,0.00,"1,509.00",0.00,"1,509.00","15,090,000",0
GM TRUCK GROUP FLINT ASSEMBLY PLANT,48551GMCTRG3100,2024,26049980000,"51,226",0,0,0,0,0,48551,G-3100 VAN SLYKE RD,"FLINT, MI","GENESEE, MI",42.96697513,-83.71257194,n-Hexane (110-54-3),336 Transportation Equipment,336110 Automobile and Light Duty Motor Vehicle Manufacturing,GENERAL MOTORS LLC,"1,505.00","1,505.00",0.00,0.00,0.00,"1,708.00","7,525",0
MAGNI INDUSTRIES INC.,48209MGNNC2771H,2024,26163523100,"109,739",68,11,88,73,95,48209,2771 HAMMOND,"DETROIT, MI","WAYNE, MI",42.32309627,-83.11146256,n-Butyl alcohol (71-36-3),325 Chemicals,325510 Paint and Coating Manufacturing,THE MAGNI GROUP INC,"1,504.00","1,504.00",0.00,0.00,0.00,"4,625.00","15,040",0
VIKING CORP,49058VKNGC21NIN,2024,26015011402,"10,775",32,95,65,0,54,49058,210 N INDUSTRIAL PARK DR,"HASTINGS, MI","BARRY, MI",42.64976325,-85.30321132,Lead compounds (N420),332 Fabricated Metals,332999 All Other Miscellaneous Fabricated Metal Product Manufacturing,VIKING GROUP INC,"1,503.10",0.00,0.00,0.00,"1,503.10","49,071.10","34,571,300",1
DDP SPECIALTY ELECTRONIC MATERIALS US LLC,4864WDDPSP34SSA,2024,26111290600,"29,731",74,14,85,0,68,48640,3400 S SAGINAW RD - UNIT 96,"MIDLAND, MI","MIDLAND, MI",43.60102204,-84.20774568,Chloromethane (74-87-3),325 Chemicals,325199 All Other Basic Organic Chemical Manufacturing,DUPONT DE NEMOURS INC,"1,501.20","1,501.20",0.00,0.00,0.00,"941,875.30","960,768",0
AMERICAN JETWAY CORP,4818WMRCNJ3737V,2024,26163566900,"85,493",33,61,0,0,75,48184,3737 VENOY RD,"WAYNE, MI","WAYNE, MI",42.2806406,-83.36305978,Toluene (108-88-3),325 Chemicals,325998 All Other Miscellaneous Chemical Product and Preparation Manufacturing,AMERICAN JETWAY CORP,"1,500.00","1,500.00",0.00,0.00,0.00,"59,500.00","1,050",0
AMERICAN JETWAY CORP,48184MRCNJ34136,2024,26163566800,"79,713",38,53,85,0,81,48184,34136 MYRTLE,"WAYNE, MI","WAYNE, MI",42.27925941,-83.3748709,n-Hexane (110-54-3),325 Chemicals,325998 All Other Miscellaneous Chemical Product and Preparation Manufacturing,AMERICAN JETWAY CORP,"1,500.00","1,500.00",0.00,0.00,0.00,"15,500.00","7,500",0
AMERICAN JETWAY CORP,48184MRCNJ34136,2024,26163566800,"79,713",38,53,85,0,81,48184,34136 MYRTLE,"WAYNE, MI","WAYNE, MI",42.27925941,-83.3748709,Xylene (mixed isomers) (1330-20-7),325 Chemicals,325998 All Other Miscellaneous Chemical Product and Preparation Manufacturing,AMERICAN JETWAY CORP,"1,500.00","1,500.00",0.00,0.00,0.00,"14,500.00","52,500",0
AMERICHEM SALES CO,48854MRCHM340NS,2024,26065006301,"9,702",53,10,22,0,39,48854,340 NORTH ST,"MASON, MI","INGHAM, MI",42.58427961,-84.44831437,Methanol (67-56-1),325 Chemicals,325998 All Other Miscellaneous Chemical Product and Preparation Manufacturing,NA,"1,500.00","1,500.00",0.00,0.00,0.00,"1,500.00",270,0
LINAMAR STRUCTURES (MICHIGAN),49415CMNRN14638,2024,26139020503,"14,068",46,49,47,0,39,49415,14638 APPLE DR,"FRUITPORT, MI","OTTAWA, MI",43.11427429,-86.15325535,Lead (7439-92-1),331 Primary Metals,331524 Aluminum Foundries (except Die-Casting),LINAMAR HOLDING NEVADA INC,"1,499.00","1,499.00",0.00,0.00,0.00,"2,160,496.00","34,477,000",1
SPECIAL-LITE INC. -,4902WSPCLL1394E,2024,26021002100,-,79,94,0,0,81,49022,1394 E EMPIRE AVE,"BENTON HARBOR, MI","BERRIEN, MI",42.1014566,-86.42497069,Styrene (100-42-5),326 Plastics and Rubber,326199 All Other Plastics Product Manufacturing,SPECIAL LITE INC,"1,498.00","1,498.00",0.00,0.00,0.00,"1,869.00","5,243",0
CHAMPLAIN SPECIALTY METALS INC.,49022SNDVK2235D,2024,26021002400,"13,713",49,48,56,0,42,49022,2235 DEWEY AVENUE,"BENTON HARBOR, MI","BERRIEN, MI",42.07949115,-86.39757609,Lead (7439-92-1),331 Primary Metals,331221 Rolled Steel Shape Manufacturing,CHAMPLAIN CABLE CORP,"1,478.66",13.20,0.00,0.00,"1,465.46","1,478.66","34,006,680",0
FLEX-N-GATE  FORMING TECHNOLOGIES,48089PRGRN26269,2024,26099262800,"145,094",31,18,0,0,43,48089,26269 GROESBECK HWY,"WARREN, MI","MACOMB, MI",42.48966085,-82.97243444,Zinc compounds (N982),336 Transportation Equipment,336390 Other Motor Vehicle Parts Manufacturing,FLEX-N-GATE CORP,"1,469.00","1,469.00",0.00,0.00,0.00,"154,997.00","146,900",0
BASF CORP,48192BSFCR1609B,2024,26163580100,"83,157",54,24,35,0,37,481923729,1609 BIDDLE AVE,"WYANDOTTE, MI","WAYNE, MI",42.2177185,-83.15027742,Methyl methacrylate (80-62-6),325 Chemicals,325211 Plastics Material and Resin Manufacturing,BASF CORP,"1,463.40","1,421.00",5.00,0.00,37.40,"167,471.00","7,135",0
ARKEMA INC,49507PLYMR1415S,2024,26081003800,"130,521",81,5,83,95,98,49507,1415 STEELE AVE SW,"GRAND RAPIDS, MI","KENT, MI",42.9387233,-85.67574584,Ethylbenzene (100-41-4),325 Chemicals,325211 Plastics Material and Resin Manufacturing,ARKEMA DELAWARE INC,"1,439.00","1,439.00",0.00,0.00,0.00,"9,399.00","1,280,710",0
BASF CORP,48192BSFCR1609B,2024,26163580100,"83,157",54,24,35,0,37,481923729,1609 BIDDLE AVE,"WYANDOTTE, MI","WAYNE, MI",42.2177185,-83.15027742,Nickel compounds (N495),325 Chemicals,325211 Plastics Material and Resin Manufacturing,BASF CORP,"1,432.30",0.00,0.00,0.00,"1,432.30","1,432.30","1,327,110,482",0
CORTEVA AGRISCIENCE LLC - MIDLAND,4867WDWGRS71WAS,2024,26111290600,"30,090",74,14,85,0,68,48640,701 WASHINGTON ST,"MIDLAND, MI","MIDLAND, MI",43.60532757,-84.21757491,Dimethylamine (124-40-3),325 Chemicals,325320 Pesticide and Other Agricultural Chemical Manufacturing,CORTEVA INC,"1,410.00","1,410.00",0.00,0.00,0.00,"1,739.00",0,0
PROGRESSIVE SURFACE,4951WPRGRS4695D,2024,26081012608,"25,268",76,63,33,57,68,49512,4695 DANVERS DR SE,"GRAND RAPIDS, MI","KENT, MI",42.88687474,-85.54968969,Manganese compounds (N450),333 Machinery,333998 All Other Miscellaneous General Purpose Machinery Manufacturing,NA,"1,404.00",0.00,0.00,0.00,"1,404.00","45,745.00","16,848,000",0
AMERICAN JETWAY CORP,4818WMRCNJ3737V,2024,26163566900,"85,493",33,61,0,0,75,48184,3737 VENOY RD,"WAYNE, MI","WAYNE, MI",42.2806406,-83.36305978,Certain glycol ethers (N230),325 Chemicals,325998 All Other Miscellaneous Chemical Product and Preparation Manufacturing,AMERICAN JETWAY CORP,"1,400.00","1,400.00",0.00,0.00,0.00,"1,400.00","252,000",0
WOODWORTH INC PONTIAC,4834WWDWRT5CENT,2024,26125142300,"57,541",99,71,88,77,97,48341,500 CENTERPOINT PKWY,"PONTIAC, MI","OAKLAND, MI",42.62233908,-83.25120428,Ammonia (7664-41-7),332 Fabricated Metals,332811 Metal Heat Treating,WOODWORTH INC,"1,400.00","1,400.00",0.00,0.00,0.00,"1,400.00","9,800",1
HENKEL US OPERATIONS CORP,48091MCHMP23343,2024,26099263200,"125,648",28,38,82,0,67,48091,23343 SHERWOOD AVE,"WARREN, MI","MACOMB, MI",42.46588693,-83.03550307,Copper compounds (N100),325 Chemicals,325998 All Other Miscellaneous Chemical Product and Preparation Manufacturing,HENKEL OF AMERICA INC,"1,397.45",39.00,0.00,0.00,"1,358.45","1,710.45","2,096,175",0
SILICONATURE CORP,4931WSLCNT4255B,2024,26081014808,"14,810",42,35,50,0,57,49316,4255 68TH ST SE,"CALEDONIA, MI","KENT, MI",42.8410728,-85.55937074,Toluene (108-88-3),326 Plastics and Rubber,326113 Unlaminated Plastics Film and Sheet (except Packaging) Manufacturing,SILICONATURE CORP SRL,"1,387.00","1,387.00",0.00,0.00,0.00,"312,770.00",971,0
STEPHENS ROAD,48089JMLPN13251,2024,26099268400,"142,663",38,90,96,0,60,48089,13251 STEPHENS RD,"WARREN, MI","MACOMB, MI",42.47109728,-82.99049658,Xylene (mixed isomers) (1330-20-7),332 Fabricated Metals,"332812 Metal Coating, Engraving (except Jewelry and Silverware), and Allied Services to Manufactur..",PIONEER METAL FINISHING LLC,"1,381.00","1,381.00",0.00,0.00,0.00,"2,537.00","48,335",0
HARBISONWALKER INTERNATIONAL INC,49349NRTHMM378T,2024,26123970700,"2,641",52,42,31,0,79,49349,1301 E 8TH ST,"WHITE CLOUD, MI","NEWAYGO, MI",43.53974701,-85.76870178,Phenol (108-95-2),327 Nonmetallic Mineral Product,327120 Clay Building Material and Refractories Manufacturing,PLATINUM EQUITY ADVISORS LLC,"1,380.00","1,375.00",0.00,0.00,5.00,"1,380.00","24,840",1
CENTURY SUN METAL TREATING,49684CNTRY2411A,2024,26055551100,"20,856",19,56,37,66,59,49686,2411 W AERO PARK CT,"TRAVERSE CITY, MI","GRAND TRAVERSE, MI",44.74493244,-85.57460013,Sodium nitrite (7632-00-0),332 Fabricated Metals,332811 Metal Heat Treating,CENTURY LLC,"1,372.80","1,372.80",0.00,0.00,0.00,"10,551.07","13,728",0
BAY CAST - WEBSTER STREET PLANT,48707BYCST400WE,2024,26017280700,"47,060",14,48,71,60,80,48708,400 WEBSTER ST,"BAY CITY, MI","BAY, MI",43.57664104,-83.89781453,Manganese compounds (N450),331 Primary Metals,331513 Steel Foundries (except Investment),BAY CAST INC,"1,372.10",445.50,0.00,0.00,926.60,"1,372.10","16,465,200",0
GENERAL MOTORS LANSING DELTA TOWNSHIP,48917GNRLM85REL,2024,26045020302,"10,044",63,24,60,0,0,48917,8175 MILLETT HWY,"LANSING, MI","EATON, MI",42.69753322,-84.67379564,Benzene (71-43-2),336 Transportation Equipment,336110 Automobile and Light Duty Motor Vehicle Manufacturing,GENERAL MOTORS LLC,"1,360.00","1,360.00",0.00,0.00,0.00,"1,450.00","38,080,000",0
SYMMETRY MEDICAL INC LANSING,48911JTNGX5212A,2024,26065005304,"59,621",58,5,76,94,79,48911,5212 AURELIUS RD,"LANSING, MI","INGHAM, MI",42.68096935,-84.52359733,Nitrate compounds (water dissociable) (N511),332 Fabricated Metals,332112 Nonferrous Forging,TECOMET INC,"1,359.20",0.00,0.00,0.00,"1,359.20","17,526.00",856,0
T.E.S. FILER CITY STATION,49634TSFLR700ME,2024,26101000700,"8,553",42,83,67,0,64,49634,700 MEE ST,"FILER CITY, MI","MANISTEE, MI",44.21684644,-86.28962053,Hydrochloric acid (acid aerosols) (7647-01-0),2211 Electric Utilities,221112 Fossil Fuel Electric Power Generation,TES FILER CITY STATION LP,"1,358.00","1,358.00",0.00,0.00,0.00,"166,991.00","244,440",0
BREMBO HOMER FOUNDRY,4924WBRMBH62593,2024,26075006403,"1,014",62,76,71,0,70,49245,6259 30 MILE ROAD,"HOMER, MI","CALHOUN, MI",42.10786532,-84.71024022,Lead (7439-92-1),331 Primary Metals,331511 Iron Foundries,BREMBO NORTH AMERICA INC,"1,348.50",0.50,0.00,0.00,"1,348.00","1,355.50","31,015,500",0
GAGE PRODUCTS CO,48220GGPRD625WA,2024,26125173600,"148,304",15,29,26,0,39,48220,625 WANDA ST,"FERNDALE, MI","OAKLAND, MI",42.45155981,-83.11350414,Toluene (108-88-3),325 Chemicals,325510 Paint and Coating Manufacturing,NA,"1,338.20","1,337.00",0.00,0.00,1.20,"216,957.00",952,0
HONEYWELL BURDICK & JACKSON,49442BXTRH1953S,2024,26121000402,"55,518",32,25,94,0,82,49442,1953 S HARVEY ST,"MUSKEGON, MI","MUSKEGON, MI",43.2182559,-86.20679593,Methanol (67-56-1),325 Chemicals,325199 All Other Basic Organic Chemical Manufacturing,HONEYWELL INTERNATIONAL INC,"1,338.00","1,338.00",0.00,0.00,0.00,"43,062.00",241,0
BASF CORP,48192BSFCR1609B,2024,26163580100,"83,157",54,24,35,0,37,481923729,1609 BIDDLE AVE,"WYANDOTTE, MI","WAYNE, MI",42.2177185,-83.15027742,N-Methyl-2-pyrrolidone (872-50-4),325 Chemicals,325211 Plastics Material and Resin Manufacturing,BASF CORP,"1,336.52","1,314.00",0.00,3.00,19.52,"590,114.00",0,0
ADVANCED HEAT TREAT CORP.,48162DVNCD1625R,2024,26115831700,"32,880",98,6,94,0,40,48162,1625 ROSE ST,"MONROE, MI","MONROE, MI",41.92008042,-83.36676398,Ammonia (7664-41-7),332 Fabricated Metals,332811 Metal Heat Treating,ADVANCED HEAT TREAT CORP,"1,328.80","1,320.00",0.00,0.00,8.80,"109,842.00","9,240",0
SUNSATION PRODUCTS INC,48001SNSTN9666K,2024,26147646000,"11,106",85,46,26,0,68,48001,9666 KRETZ DR,"CLAY TOWNSHIP, MI","ST. CLAIR, MI",42.62184394,-82.57068008,Methyl methacrylate (80-62-6),336 Transportation Equipment,336612 Boat Building,NA,"1,327.00","1,327.00",0.00,0.00,0.00,"1,327.00","6,635",0
DDP SPECIALTY ELECTRONIC MATERIALS US LLC,4864WDDPSP34SSA,2024,26111290600,"29,731",74,14,85,0,68,48640,3400 S SAGINAW RD - UNIT 96,"MIDLAND, MI","MIDLAND, MI",43.60102204,-84.20774568,Ethylbenzene (100-41-4),325 Chemicals,325199 All Other Basic Organic Chemical Manufacturing,DUPONT DE NEMOURS INC,"1,325.00","1,237.00",0.00,0.00,88.00,"23,745.20","1,179,250",0
X-CEL INDUSTRIES INC.,48034XCLND21121,2024,26125162500,"99,931",38,36,48,0,71,48034,21121 TELEGRAPH RD,"SOUTHFIELD, MI","OAKLAND, MI",42.44564224,-83.27835066,n-Butyl alcohol (71-36-3),336 Transportation Equipment,336390 Other Motor Vehicle Parts Manufacturing,K2TR FAMILY HOLDINGS 2 CORP,"1,320.00","1,320.00",0.00,0.00,0.00,"10,573.00","13,200",0
MARYSVILLE ETHANOL LLC,4804WMRYSV251BU,2024,-,"12,364",-,-,-,-,-,48040,2512 BUSHA HWY,"MARYSVILLE, MI","ST. CLAIR, MI",42.88346038,-82.49083171,Acrolein (107-02-8),325 Chemicals,325193 Ethyl Alcohol Manufacturing,NA,"1,319.00","1,319.00",0.00,0.00,0.00,"1,319.00","237,420,000",0
AXALTA COATING SYSTEMS USA LLC-MOUNT CLEMENS PLANT,48043DPNTM400GR,2024,26099245200,"69,774",78,62,35,0,89,48043,400 GROESBECK HWY,"MOUNT CLEMENS, MI","MACOMB, MI",42.61385915,-82.88881704,Certain glycol ethers (N230),325 Chemicals,325510 Paint and Coating Manufacturing,AXALTA COATING SYSTEMS LLC,"1,316.00","1,316.00",0.00,0.00,0.00,"935,939.00","236,880",0
METALLURGICAL PROCESSING CO,48091MTLLR2703E,2024,26099263500,"136,706",52,27,67,89,80,48091,2703 E NINE MILE RD,"WARREN, MI","MACOMB, MI",42.46203964,-83.07548176,Ammonia (7664-41-7),332 Fabricated Metals,332811 Metal Heat Treating,NA,"1,311.00","1,311.00",0.00,0.00,0.00,"65,530.00","9,177",0
DEXSYS,4891WDXSYS5589B,2024,26045020202,"47,757",78,95,85,0,12,48917,5589 W MT HOPE HWY,"LANSING, MI","EATON, MI",42.71201486,-84.63044171,"1,2,4-Trimethylbenzene (95-63-6)",336 Transportation Equipment,336390 Other Motor Vehicle Parts Manufacturing,MAGNA US HOLDING INC,"1,280.00",780.00,0.00,0.00,500.00,"59,091.00","95,240",0
LAKESHORE FITTINGS INC,4941WLKSHR1865I,2024,26139021204,"26,488",40,17,0,0,74,49417,1865 INDUSTRIAL PARK DR,"GRAND HAVEN, MI","OTTAWA, MI",43.03154988,-86.1920502,Copper (7440-50-8),332 Fabricated Metals,332721 Precision Turned Product Manufacturing,ALCO HOLDINGS,"1,269.00",0.00,0.00,0.00,"1,269.00","2,422,789.00","1,903,500",0
MACDERMID INC,48220MCDRM1221F,2024,26125173600,"148,892",15,29,26,0,39,48220,1221 FARROW AVE,"FERNDALE, MI","OAKLAND, MI",42.4572589,-83.1182239,Nitrate compounds (water dissociable) (N511),325 Chemicals,325998 All Other Miscellaneous Chemical Product and Preparation Manufacturing,ELEMENT SOLUTIONS INC,"1,260.10",13.60,0.00,0.00,"1,246.50","13,618.35",794,0
MARATHON PETROLEUM CO LP - MICHIGAN REFINING DIV,48217MRTHN1300S,2024,26163524500,"94,854",0,35,0,0,0,48217,1300 S FORT ST HES DEPT,"DETROIT, MI","WAYNE, MI",42.28071629,-83.15192609,Lead compounds (N420),324 Petroleum Products,324110 Petroleum Refineries,MARATHON PETROLEUM CORP,"1,258.80",38.50,0.00,0.00,"1,220.30","1,258.80","28,940,900",0
DEPOR INDUSTRIES,48084DPRND1902N,2024,26125197600,"90,215",13,23,80,72,22,48084,1902 NORTHWOOD,"TROY, MI","OAKLAND, MI",42.55258415,-83.16385512,n-Butyl alcohol (71-36-3),332 Fabricated Metals,"332812 Metal Coating, Engraving (except Jewelry and Silverware), and Allied Services to Manufactur..",THE MAGNI GROUP INC,"1,252.00","1,252.00",0.00,0.00,0.00,"1,254.05","12,520",0
MPLX TERMINALS LLC - NILES MI TERMINAL,49120MRTHN2216S,2024,26021021100,"20,662",80,89,49,0,47,49120,2216 S 3RD ST,"NILES, MI","BERRIEN, MI",41.78687345,-86.25481823,Toluene (108-88-3),4247 Petroleum Bulk Terminals,424710 Petroleum Bulk Stations and Terminals,MARATHON PETROLEUM CORP,"1,242.00","1,230.00",0.00,0.00,12.00,"1,245.00","1,017",0
MAGNI INDUSTRIES INC.,48209MGNNC2771H,2024,26163523100,"109,739",68,11,88,73,95,48209,2771 HAMMOND,"DETROIT, MI","WAYNE, MI",42.32309627,-83.11146256,Zinc (fume or dust) (7440-66-6),325 Chemicals,325510 Paint and Coating Manufacturing,THE MAGNI GROUP INC,"1,238.00",247.00,0.00,0.00,991.00,"1,238.00","123,800",0
LORIN INDUSTRIES INC,49442CLNDZ1960R,2024,26121000402,"56,411",32,25,94,0,82,49442,1960 ROBERTS ST,"MUSKEGON, MI","MUSKEGON, MI",43.21677533,-86.21434672,Nitric acid (7697-37-2),332 Fabricated Metals,"332813 Electroplating, Plating, Polishing, Anodizing, and Coloring",NA,"1,235.00","1,235.00",0.00,0.00,0.00,"151,082.00","333,450",0
CALUMET ELECTRONICS CORP,49913CLMTL25830,2024,26061000300,"6,880",67,86,87,58,32,49913,25830 DEPOT ST,"CALUMET, MI","HOUGHTON, MI",47.24014029,-88.44912896,Ammonia (7664-41-7),334 Computers and Electronic Products,334412 Bare Printed Circuit Board Manufacturing,NA,"1,231.00","1,171.00",0.00,0.00,60.00,"4,595.00","8,197",0
CHEMETALL US INC,4920WCHMTL11TEC,2024,26075005501,"24,746",0,14,40,58,13,49201,1100 TECHNOLOGY DR,"JACKSON, MI","JACKSON, MI",42.27282025,-84.47039049,Nitric acid (7697-37-2),325 Chemicals,325611 Soap and Other Detergent Manufacturing,BASF CORP,"1,229.00",101.00,0.00,0.00,"1,128.00","2,618.00","331,830",0
NCP COATINGS LLC,49120NLSCH225FO,2024,26021021000,"22,316",0,81,0,0,84,49120,225 FORT ST,"NILES, MI","BERRIEN, MI",41.8125525,-86.2560034,Aluminum oxide (fibrous forms) (1344-28-1),325 Chemicals,325510 Paint and Coating Manufacturing,NCP INTERMEDIATE HOLDINGS INC,"1,215.00",1.00,0.00,0.00,"1,214.00","1,215.00",0,1
TROY MANUFACTURING FACILITY,48084CLDFR690WE,2024,26125197600,"93,429",13,23,80,72,22,48084,690 W MAPLE RD,"TROY, MI","OAKLAND, MI",42.54817637,-83.15591141,Zinc compounds (N982),332 Fabricated Metals,332111 Iron and Steel Forging,AMERICAN AXLE & MANUFACTURING HOLDINGS INC,"1,212.00",1.00,0.00,0.00,"1,211.00","2,659.00","106,598",0
DANA - WARREN MANUFACTURING LLC,48093SMNFC2821V,2024,26099262000,"103,399",36,75,96,79,65,48093,28201 VAN DYKE AVE,"WARREN, MI","MACOMB, MI",42.49990932,-83.02813603,Sulfuric acid (acid aerosols) (7664-93-9),336 Transportation Equipment,336330 Motor Vehicle Steering and Suspension Components (except Spring) Manufacturing,DANA INC,"1,211.69","1,211.69",0.00,0.00,0.00,"1,211.69","4,240,915",0
GENERAL MOTORS LANSING DELTA TOWNSHIP,48917GNRLM85REL,2024,26045020302,"10,044",63,24,60,0,0,48917,8175 MILLETT HWY,"LANSING, MI","EATON, MI",42.69753322,-84.67379564,n-Hexane (110-54-3),336 Transportation Equipment,336110 Automobile and Light Duty Motor Vehicle Manufacturing,GENERAL MOTORS LLC,"1,208.00","1,208.00",0.00,0.00,0.00,"1,243.00","6,040",0
LEXAMAR CORP,49712LXMRC100LE,2024,26029001300,"5,195",55,81,45,63,41,49712,100 LEXAMAR DR,"BOYNE CITY, MI","CHARLEVOIX, MI",45.20542862,-84.9871016,n-Butyl alcohol (71-36-3),326 Plastics and Rubber,326199 All Other Plastics Product Manufacturing,MAGNA US HOLDING INC,"1,207.00",332.00,0.00,0.00,875.00,"17,740.00","12,070",0
BAKELITE CHEMICALS LLC,49738GRGPCROUTE,2024,26039960500,475,87,73,61,0,82,49738,4113 FOUR MILE RD,"GRAYLING, MI","CRAWFORD, MI",44.59845162,-84.69111322,Ammonia (7664-41-7),325 Chemicals,325211 Plastics Material and Resin Manufacturing,BAKELITE US HOLDCO INC,"1,205.00","1,204.00",0.00,0.00,1.00,"8,565.00","8,435",0
MAGNA ELECTRIC VEHICLE STRUCTURES,4807WMGNLC1811S,2024,26147642000,-,0,0,0,0,0,48079,1811 S RANGE RD,"SAINT CLAIR, MI","ST. CLAIR, MI",42.85263121,-82.49736313,Copper (7440-50-8),336 Transportation Equipment,336390 Other Motor Vehicle Parts Manufacturing,MAGNA US HOLDING INC,"1,205.00",163.00,2.00,0.00,"1,040.00","1,205.00","1,807,500",0
K C JONES PLATING CO,48030KCJNS321WT,2024,26125181500,"140,124",25,31,29,0,26,48030,321 W TEN MILE RD,"HAZEL PARK, MI","OAKLAND, MI",42.47601645,-83.1072768,Cyanide compounds (N106),332 Fabricated Metals,"332813 Electroplating, Plating, Polishing, Anodizing, and Coloring",K C JONES PLATING CO,"1,203.00",7.00,0.00,0.00,"1,196.00","2,337.00","5,263,800",0
AMERICAN JETWAY CORP,48184MRCNJ34136,2024,26163566800,"79,713",38,53,85,0,81,48184,34136 MYRTLE,"WAYNE, MI","WAYNE, MI",42.27925941,-83.3748709,Toluene (108-88-3),325 Chemicals,325998 All Other Miscellaneous Chemical Product and Preparation Manufacturing,AMERICAN JETWAY CORP,"1,200.00","1,200.00",0.00,0.00,0.00,"59,200.00",840,0
FORD MOTOR CO DEARBORN TOOL & DIE PLANT,48121FRDM43001M,2024,26163985700,"123,088",0,0,0,0,0,48120,3001 MILLER RD,"DEARBORN, MI","WAYNE, MI",42.30886967,-83.15678743,Methanol (67-56-1),333 Machinery,"333514 Special Die and Tool, Die Set, Jig, and Fixture Manufacturing",FORD MOTOR CO,"1,200.00","1,200.00",0.00,0.00,0.00,"1,200.00",216,0
FORD MOTOR CO MICHIGAN ASSEMBLY PLANT,48184FRDMT38303,2024,26163566700,"67,978",14,15,80,62,67,48184,38303 MICHIGAN AVE,"WAYNE, MI","WAYNE, MI",42.27796988,-83.41395208,Sodium nitrite (7632-00-0),336 Transportation Equipment,336110 Automobile and Light Duty Motor Vehicle Manufacturing,FORD MOTOR CO,"1,200.00",0.00,0.00,0.00,"1,200.00","1,224.00","12,000",0
IHC LLC.,48228NTRNT12400,2024,26163547000,"143,160",42,55,92,0,79,48228,12400 BURT RD,"DETROIT, MI","WAYNE, MI",42.37853813,-83.24631192,Nitrate compounds (water dissociable) (N511),332 Fabricated Metals,"332813 Electroplating, Plating, Polishing, Anodizing, and Coloring",NA,"1,200.00",0.00,0.00,0.00,"1,200.00","12,000.00",756,0
OTSEGO PAPER INC.,49078MNSHC320NF,2024,26005031900,"11,925",21,48,78,0,40,49078,320 N FARMER ST,"OTSEGO, MI","ALLEGAN, MI",42.46596419,-85.69536143,Nitrate compounds (water dissociable) (N511),322 Paper,322120 Paper Mills,USG CORP,"1,192.51",0.00,"1,175.20",0.00,17.31,"1,192.51",751,0
PPG INDUSTRIES-ADRIAN,49221PPGND961DI,2024,26091061600,"27,287",28,37,99,74,85,49221,961 DIVISION ST,"ADRIAN, MI","LENAWEE, MI",41.88390715,-84.03346982,Diisononyl Phthalates (DINP) (N125),325 Chemicals,325520 Adhesive Manufacturing,PPG INDUSTRIES INC,"1,174.55",0.00,0.00,0.00,"1,174.55","1,179.05",0,0
THE DOW CHEMICAL CO,48667THDWCMICHI,2024,26111290600,"25,530",74,14,85,0,68,48667,1790 BUILDING,"MIDLAND, MI","MIDLAND, MI",43.6095201,-84.2393991,Allyl chloride (107-05-1),325 Chemicals,325211 Plastics Material and Resin Manufacturing,DOW INC,"1,172.00","1,172.00",0.00,0.00,0.00,"111,172.00","4,102,000",0
UNIVAR SOLUTIONS USA,48906SHLND2011T,2024,26065000100,"67,306",35,74,48,0,63,48906,2011 TURNER ST,"LANSING, MI","INGHAM, MI",42.75628968,-84.55215085,Methanol (67-56-1),4246 Chemical Wholesalers,424690 Other Chemical and Allied Products Merchant Wholesalers,UNIVAR SOLUTIONS USA INC,"1,166.17","1,166.17",0.00,0.00,0.00,"12,166.17",210,0
MODINEER PLANT 6,49120SHLLR1501S,2024,26021021000,"22,894",0,81,0,0,84,49120,1501 S 3RD ST,"NILES, MI","BERRIEN, MI",41.8077567,-86.25435557,Aluminum (fume or dust) (7429-90-5),333 Machinery,333415 Air-Conditioning and Warm Air Heating Equipment and Commercial and Industrial Refrigeration..,NA,"1,165.00","1,165.00",0.00,0.00,0.00,"22,597.00","815,500",1
MAGNI INDUSTRIES INC.,48209MGNNC2771H,2024,26163523100,"109,739",68,11,88,73,95,48209,2771 HAMMOND,"DETROIT, MI","WAYNE, MI",42.32309627,-83.11146256,Chromium compounds (N090),325 Chemicals,325510 Paint and Coating Manufacturing,THE MAGNI GROUP INC,"1,162.00",171.00,0.00,0.00,991.00,"1,162.00","2,231,040,000",0
LEXAMAR CORP,49712LXMRC100LE,2024,26029001300,"5,195",55,81,45,63,41,49712,100 LEXAMAR DR,"BOYNE CITY, MI","CHARLEVOIX, MI",45.20542862,-84.9871016,"1,2,4-Trimethylbenzene (95-63-6)",326 Plastics and Rubber,326199 All Other Plastics Product Manufacturing,MAGNA US HOLDING INC,"1,161.00",649.00,0.00,0.00,512.00,"7,123.00","88,842",0
CANNON-MUSKEGON,49441CNNNM2875L,2024,26121002300,"30,364",36,66,25,0,28,49441,2875 LINCOLN ST,"MUSKEGON, MI","MUSKEGON, MI",43.20068611,-86.30332148,Copper (7440-50-8),331 Primary Metals,331513 Steel Foundries (except Investment),BERKSHIRE HATHAWAY INC,"1,160.00",3.00,8.00,0.00,"1,149.00","12,976.00","1,740,000",0
CORTEVA AGRISCIENCE LLC - MIDLAND,4867WDWGRS71WAS,2024,26111290600,"30,090",74,14,85,0,68,48640,701 WASHINGTON ST,"MIDLAND, MI","MIDLAND, MI",43.60532757,-84.21757491,Toluene (108-88-3),325 Chemicals,325320 Pesticide and Other Agricultural Chemical Manufacturing,CORTEVA INC,"1,160.00","1,160.00",0.00,0.00,0.00,"1,227,587.00",812,0
NELSON PAINT CO OF MICHIGAN,49801THNLSONENE,2024,26043950500,"15,155",71,84,32,0,34,49802,ONE NELSON DR,"KINGSFORD, MI","DICKINSON, MI",45.80199886,-88.06823941,Methanol (67-56-1),325 Chemicals,325510 Paint and Coating Manufacturing,NA,"1,160.00","1,160.00",0.00,0.00,0.00,"1,344.00",209,0
CWC TEXTRON,49441CWCCS2672H,2024,26121002100,"54,742",91,73,32,0,51,49441,1085 W SHERMAN BLVD,"MUSKEGON, MI","MUSKEGON, MI",43.2052961,-86.26983158,Chromium (7440-47-3),331 Primary Metals,331511 Iron Foundries,TEXTRON INC,"1,159.37",5.74,0.00,0.00,"1,153.63","102,950.37","2,222,223,925",0
GCI GOKOH COLDWATER INC,4903WGKHCL1CNCE,2024,26023951400,"13,334",16,82,34,0,40,49036,100 CONCEPT DR,"COLDWATER, MI","BRANCH, MI",41.94927569,-84.97854904,Triethylamine (121-44-8),331 Primary Metals,331511 Iron Foundries,NA,"1,152.00","1,152.00",0.00,0.00,0.00,"57,600.00","576,000",0
DETROIT ASSEMBLY COMPLEX MACK,4821WDTRTS4STJE,2024,26163514100,"124,212",56,18,98,0,46,48214,4000 ST JEAN ST,"DETROIT, MI","WAYNE, MI",42.37978444,-82.97886412,n-Butyl alcohol (71-36-3),336 Transportation Equipment,336110 Automobile and Light Duty Motor Vehicle Manufacturing,FCA US LLC,"1,145.00","1,145.00",0.00,0.00,0.00,"23,388.87","11,450",0
DETROIT ASSEMBLY COMPLEX MACK,4821WDTRTS4STJE,2024,26163514100,"124,212",56,18,98,0,46,48214,4000 ST JEAN ST,"DETROIT, MI","WAYNE, MI",42.37978444,-82.97886412,n-Hexane (110-54-3),336 Transportation Equipment,336110 Automobile and Light Duty Motor Vehicle Manufacturing,FCA US LLC,"1,144.09","1,144.09",0.00,0.00,0.00,"1,144.09","5,720",0
CYGNET AUTOMATED CLEANING LLC,4817WCYGNT912GE,2024,26163562900,"79,297",28,65,48,59,16,48170,9120 GENERAL DR,"PLYMOUTH, MI","WAYNE, MI",42.35492535,-83.45421907,Xylene (mixed isomers) (1330-20-7),325 Chemicals,325510 Paint and Coating Manufacturing,CYGNET AUTOMATED CLEANING LLC,"1,138.00","1,138.00",0.00,0.00,0.00,"23,358.00","39,830",0
DEXSYS,4891WDXSYS5589B,2024,26045020202,"47,757",78,95,85,0,12,48917,5589 W MT HOPE HWY,"LANSING, MI","EATON, MI",42.71201486,-84.63044171,Xylene (mixed isomers) (1330-20-7),336 Transportation Equipment,336390 Other Motor Vehicle Parts Manufacturing,MAGNA US HOLDING INC,"1,137.00",637.00,0.00,0.00,500.00,"56,464.00","39,795",0
BASF CORP,48192BSFCR1609B,2024,26163580100,"83,157",54,24,35,0,37,481923729,1609 BIDDLE AVE,"WYANDOTTE, MI","WAYNE, MI",42.2177185,-83.15027742,n-Hexane (110-54-3),325 Chemicals,325211 Plastics Material and Resin Manufacturing,BASF CORP,"1,133.00","1,133.00",0.00,0.00,0.00,"2,853.00","5,665",0
MPLX TERMINALS LLC - BAY CITY MI TERMINAL,48706BYCTY1806M,2024,26017285900,"44,145",62,94,90,0,62,48706,1806 MARQUETTE ST,"BAY CITY, MI","BAY, MI",43.61888918,-83.86460666,n-Hexane (110-54-3),4247 Petroleum Bulk Terminals,424710 Petroleum Bulk Stations and Terminals,MARATHON PETROLEUM CORP,"1,131.00","1,130.00",0.00,0.00,1.00,"1,621.00","5,667",0
OMEGA CASTINGS INC,49015MGCST31FRI,2024,26025002600,"9,871",56,21,66,71,74,49037,301 FRITZ KEIPER BLVD FORT CUSTER INDUSTRIAL PARK,"BATTLE CREEK, MI","CALHOUN, MI",42.33440021,-85.29093211,Chromium (7440-47-3),331 Primary Metals,331513 Steel Foundries (except Investment),NA,"1,121.00",17.00,0.00,0.00,"1,104.00","1,121.00","2,152,320,000",0
LACKS TRIM SYSTEMS-AIRLANE,49508LCKSN4260A,2024,26081012608,"45,423",76,63,33,57,68,49512,4260 AIRLANE SE,"KENTWOOD, MI","KENT, MI",42.88619695,-85.57530451,Formaldehyde (50-00-0),332 Fabricated Metals,"332813 Electroplating, Plating, Polishing, Anodizing, and Coloring",LACKS ENTERPRISES INC,"1,115.20",849.00,0.00,0.00,266.20,"1,957.00","40,638,366",0
ADVANCED MICRONUTRIENT PRODUCTS INC,48757GRCCH2405S,2024,26145011200,"1,850",30,74,45,0,32,48757,2405 W VASSAR RD M-15,"REESE, MI","SAGINAW, MI",43.44175702,-83.75078382,Manganese compounds (N450),325 Chemicals,325314 Fertilizer (Mixing Only) Manufacturing,NA,"1,112.00","1,112.00",0.00,0.00,0.00,"1,112.00","13,344,000",0
TRINSEO LLC-MI OPERATIONS,4866WSTYRN164BU,2024,26111290700,"31,609",34,73,38,77,47,48667,1604 BUILDING,"MIDLAND, MI","MIDLAND, MI",43.6095201,-84.2393991,"1,3-Butadiene (106-99-0)",325 Chemicals,325211 Plastics Material and Resin Manufacturing,TRINSEO US HOLDING INC,"1,111.12","1,111.12",0.00,0.00,0.00,"614,551.63","122,223,200",2
BRADFORD WHITE CORP,49333BRDFR200LA,2024,26015010301,"6,299",64,52,0,62,36,49333,200 LAFAYETTE ST,"MIDDLEVILLE, MI","BARRY, MI",42.7183492,-85.46383357,Manganese compounds (N450),335 Electrical Equipment,335220 Major Household Appliance Manufacturing,BRADFORD WHITE CORP,"1,099.00",264.00,0.00,0.00,835.00,"16,777.00","12,960,135",0
ELM PLATING CO.,49203LMPLT1319S,2024,26075001200,"49,357",79,14,98,0,74,49203,1319 S ELM ST,"JACKSON, MI","JACKSON, MI",42.23815911,-84.38425524,Zinc compounds (N982),332 Fabricated Metals,"332813 Electroplating, Plating, Polishing, Anodizing, and Coloring",ELM PLATING CO,"1,092.00",0.00,0.00,0.00,"1,092.00","21,092.00","85,122",0
UNIVAR SOLUTIONS USA,48906SHLND2011T,2024,26065000100,"67,306",35,74,48,0,63,48906,2011 TURNER ST,"LANSING, MI","INGHAM, MI",42.75628968,-84.55215085,Toluene (108-88-3),4246 Chemical Wholesalers,424690 Other Chemical and Allied Products Merchant Wholesalers,UNIVAR SOLUTIONS USA INC,"1,091.07","1,091.07",0.00,0.00,0.00,"12,211.07",764,0
WOODWORTH INC FLINT,4850WWDWRT421PI,2024,26049010502,"40,608",33,62,70,0,34,48504,4201 PIER N BLVD,"FLINT, MI","GENESEE, MI",43.06554651,-83.76485173,Ammonia (7664-41-7),332 Fabricated Metals,332811 Metal Heat Treating,WOODWORTH INC,"1,091.00","1,091.00",0.00,0.00,0.00,"1,091.00","7,637",0
CASCADE DIE CASTING / GREAT LAKES,49345PRDCT9983S,2024,26081010401,"8,701",83,23,97,0,71,49345,9983 SPARTA AVE,"SPARTA, MI","KENT, MI",43.14507478,-85.7101295,Copper (7440-50-8),331 Primary Metals,331523 Nonferrous Metal Die-Casting Foundries,CASCADE DIE CASTING GROUP INC,"1,088.00",707.00,0.00,0.00,381.00,"193,026.00","1,632,000",0
FCA US JEFFERSON NORTH ASSEMBLY PLANT,48215CHRYL2101C,2024,26163985200,"102,064",0,0,0,0,0,48215,2101 CONNOR AVE,"DETROIT, MI","WAYNE, MI",42.37535016,-82.96247701,Certain glycol ethers (N230),336 Transportation Equipment,336110 Automobile and Light Duty Motor Vehicle Manufacturing,FCA US LLC,"1,079.56",259.00,0.00,0.00,820.56,"1,082.08","210,732",0
FCI MILAN,4816WFCMLNPBX1X,2024,26161422202,"7,352",63,63,43,0,19,48160,4004 E. ARKONA,"MILAN, MI","MONROE, MI",42.09871877,-83.67318037,Lead (7439-92-1),999 Other,922140 Correctional Institutions,US DEPARTMENT OF JUSTICE,"1,077.13",0.00,0.00,"1,077.13",0.00,"1,077.13","19,388,340",0
GM - ROMULUS ENGINE OPERATIONS,48174GMCCP36880,2024,26163585800,"39,011",60,6,88,0,68,48174,36880 ECORSE RD,"ROMULUS, MI","WAYNE, MI",42.25220163,-83.40013412,Manganese (7439-96-5),336 Transportation Equipment,336310 Motor Vehicle Gasoline Engine and Engine Parts Manufacturing,GENERAL MOTORS LLC,"1,070.00",0.00,0.00,0.00,"1,070.00","9,700.00","12,840,000",0
GREDE LLC - IRON MOUNTAIN,49801GRDFN801SC,2024,26043950500,"15,138",71,84,32,0,34,49802,801 S CARPENTER AVE,"KINGSFORD, MI","DICKINSON, MI",45.79736011,-88.07155193,Copper (7440-50-8),331 Primary Metals,331511 Iron Foundries,GREDE HOLDINGS LLC,"1,059.50",6.50,0.00,0.00,"1,053.00","1,059.50","1,589,250",0
CALUMET ELECTRONICS CORP,49913CLMTL25830,2024,26061000300,"6,880",67,86,87,58,32,49913,25830 DEPOT ST,"CALUMET, MI","HOUGHTON, MI",47.24014029,-88.44912896,Nickel (7440-02-0),334 Computers and Electronic Products,334412 Bare Printed Circuit Board Manufacturing,NA,"1,047.00",0.00,0.00,0.00,"1,047.00","4,542.00","938,373,458",0
NCP COATINGS LLC,49120NLSCH225FO,2024,26021021000,"22,316",0,81,0,0,84,49120,225 FORT ST,"NILES, MI","BERRIEN, MI",41.8125525,-86.2560034,Chromium compounds (N090),325 Chemicals,325510 Paint and Coating Manufacturing,NCP INTERMEDIATE HOLDINGS INC,"1,046.00",1.00,0.00,0.00,"1,045.00","1,046.00","6,024,960,000",1
LIGHT METALS CORP,49509LGHTM2740P,2024,26081013801,"71,475",47,55,85,73,41,49509,2740 PRAIRIE SW,"WYOMING, MI","KENT, MI",42.90647099,-85.73208484,Nitric acid (7697-37-2),332 Fabricated Metals,"332813 Electroplating, Plating, Polishing, Anodizing, and Coloring",NA,"1,043.28","1,043.28",0.00,0.00,0.00,"25,755.28","281,686",0
GENERAL MOTORS LANSING DELTA TOWNSHIP,48917GNRLM85REL,2024,26045020302,"10,044",63,24,60,0,0,48917,8175 MILLETT HWY,"LANSING, MI","EATON, MI",42.69753322,-84.67379564,Methyl isobutyl ketone (108-10-1),336 Transportation Equipment,336110 Automobile and Light Duty Motor Vehicle Manufacturing,GENERAL MOTORS LLC,"1,043.00","1,030.00",0.00,0.00,13.00,"20,769.00","1,405",0
BAY CAST - WEBSTER STREET PLANT,48707BYCST400WE,2024,26017280700,"47,060",14,48,71,60,80,48708,400 WEBSTER ST,"BAY CITY, MI","BAY, MI",43.57664104,-83.89781453,Chromium compounds (N090),331 Primary Metals,331513 Steel Foundries (except Investment),BAY CAST INC,"1,037.60",336.90,0.00,0.00,700.70,"1,037.60","1,992,192,000",0
CALUMET ELECTRONICS CORP,49913CLMTL25830,2024,26061000300,"6,880",67,86,87,58,32,49913,25830 DEPOT ST,"CALUMET, MI","HOUGHTON, MI",47.24014029,-88.44912896,Nitrate compounds (water dissociable) (N511),334 Computers and Electronic Products,334412 Bare Printed Circuit Board Manufacturing,NA,"1,028.50",0.00,0.00,0.00,"1,028.50","10,285.00",648,0
AIRGAS USA LLC - GRANDVILLE MI,4941WRGSGR28282,2024,26081013000,"66,751",15,52,31,0,29,49418,2828 28TH STREET S.W,"GRANDVILLE, MI","KENT, MI",42.91369381,-85.73491414,Propylene (115-07-1),4246 Chemical Wholesalers,424690 Other Chemical and Allied Products Merchant Wholesalers,AIRGAS INC,"1,028.00","1,028.00",0.00,0.00,0.00,"1,028.00","1,234",0
LOUISIANA-PACIFIC SAGOLA OSB,49881LSNPCHWYM9,2024,26043950100,159,65,88,68,0,53,49811,N8504 M-95,"SAGOLA, MI","DICKINSON, MI",46.01199111,-88.06104416,Zinc compounds (N982),321 Wood Products,321219 Reconstituted Wood Product Manufacturing,LOUISIANA PACIFIC CORP,"1,028.00","1,028.00",0.00,0.00,0.00,"1,028.00","102,800",0
GM TRUCK GROUP FLINT ASSEMBLY PLANT,48551GMCTRG3100,2024,26049980000,"51,226",0,0,0,0,0,48551,G-3100 VAN SLYKE RD,"FLINT, MI","GENESEE, MI",42.96697513,-83.71257194,Zinc compounds (N982),336 Transportation Equipment,336110 Automobile and Light Duty Motor Vehicle Manufacturing,GENERAL MOTORS LLC,"1,026.31",20.00,0.00,0.00,"1,006.31","1,040.00","34,428",0
NCP COATINGS LLC,49120NLSCH225FO,2024,26021021000,"22,316",0,81,0,0,84,49120,225 FORT ST,"NILES, MI","BERRIEN, MI",41.8125525,-86.2560034,Ethylbenzene (100-41-4),325 Chemicals,325510 Paint and Coating Manufacturing,NCP INTERMEDIATE HOLDINGS INC,"1,021.00",87.00,0.00,0.00,934.00,"6,760.00","908,690",1
REC BOAT HOLDINGS LLC-SPORT/ENGINEERING,49601FRWNN925FR,2024,26165380700,"13,006",76,20,69,0,73,49601,925 FRISBIE ST,"CADILLAC, MI","WEXFORD, MI",44.2641537,-85.4231946,Methyl methacrylate (80-62-6),336 Transportation Equipment,336612 Boat Building,REC BOAT HOLDINGS LLC,"1,020.21","1,020.21",0.00,0.00,0.00,"1,020.21","5,101",0
EES COKE BATTERY LLC,48218SCKBT14ZUG,2024,26163985600,"69,556",0,0,0,0,0,48218,1400 ZUG ISLAND,"RIVER ROUGE, MI","WAYNE, MI",42.28876642,-83.11282517,Ethylene (74-85-1),324 Petroleum Products,324199 All Other Petroleum and Coal Products Manufacturing,DTE ENERGY CO,"1,020.00","1,020.00",0.00,0.00,0.00,"1,000.00",571,0
FCA US WARREN TRUCK ASSEMBLY PLANT,48091WRRNT21500,2024,26099982200,"130,932",0,0,0,0,93,48091,21500 MOUND RD,"WARREN, MI","MACOMB, MI",42.45531342,-83.04419136,Nitrate compounds (water dissociable) (N511),336 Transportation Equipment,336110 Automobile and Light Duty Motor Vehicle Manufacturing,FCA US LLC,"1,014.20",0.00,0.00,0.00,"1,014.20","10,142.00",639,0
MPLX TERMINALS LLC - NORTH MUSKEGON MI TERMINAL,49445NRTHM3005H,2024,26121001500,"24,989",54,38,56,0,37,49445,3005 HOLTON RD,"NORTH MUSKEGON, MI","MUSKEGON, MI",43.27027437,-86.24517486,n-Hexane (110-54-3),4247 Petroleum Bulk Terminals,424710 Petroleum Bulk Stations and Terminals,MARATHON PETROLEUM CORP,"1,010.00","1,010.00",0.00,0.00,0.00,"1,010.00","5,050",0
CORTEVA AGRISCIENCE LLC - MIDLAND,4867WDWGRS71WAS,2024,26111290600,"30,090",74,14,85,0,68,48640,701 WASHINGTON ST,"MIDLAND, MI","MIDLAND, MI",43.60532757,-84.21757491,Methyl isobutyl ketone (108-10-1),325 Chemicals,325320 Pesticide and Other Agricultural Chemical Manufacturing,CORTEVA INC,"1,009.00","1,009.00",0.00,0.00,0.00,"1,266,424.00","1,211",0
GAGE PRODUCTS CO,48220GGPRD625WA,2024,26125173600,"148,304",15,29,26,0,39,48220,625 WANDA ST,"FERNDALE, MI","OAKLAND, MI",42.45155981,-83.11350414,n-Hexane (110-54-3),325 Chemicals,325510 Paint and Coating Manufacturing,NA,"1,009.00","1,009.00",0.00,0.00,0.00,"1,009.00","5,045",0
R J MARSHALL CO,48133RJMRS1740E,2024,26115833600,"5,215",50,75,52,0,48,48133,1740 ERIE RD,"ERIE, MI","MONROE, MI",41.7939485,-83.50609534,Antimony compounds (N010),325 Chemicals,325180 Other Basic Inorganic Chemical Manufacturing,THE R J MARSHALL CO,"1,005.00",10.00,0.00,0.00,995.00,"1,005.00","11,585,000",0
FCA US STERLING HEIGHTS ASSEMBLY PLANT,48077STRLN38111,2024,26099231200,"94,944",17,19,0,82,54,48312,38111 VAN DYKE,"STERLING HEIGHTS, MI","MACOMB, MI",42.57039424,-83.03013673,Methanol (67-56-1),336 Transportation Equipment,336110 Automobile and Light Duty Motor Vehicle Manufacturing,FCA US LLC,"1,000.22",999.59,0.00,0.00,0.63,"1,106.47",181,0
AMERICAN JETWAY CORP,4818WMRCNJ3737V,2024,26163566900,"85,493",33,61,0,0,75,48184,3737 VENOY RD,"WAYNE, MI","WAYNE, MI",42.2806406,-83.36305978,n-Hexane (110-54-3),325 Chemicals,325998 All Other Miscellaneous Chemical Product and Preparation Manufacturing,AMERICAN JETWAY CORP,"1,000.00","1,000.00",0.00,0.00,0.00,"2,200.00","5,000",0
REPCOLITE PAINTS INC,49423RPCLT473W1,2024,26139025800,"50,708",73,31,0,0,62,49423,473 W 17TH ST,"HOLLAND, MI","OTTAWA, MI",42.78206366,-86.12882751,Xylene (mixed isomers) (1330-20-7),325 Chemicals,325510 Paint and Coating Manufacturing,NA,"1,000.00",500.00,0.00,500.00,0.00,"1,750.00","20,000",0
THE DOW CHEMICAL CO,48667THDWCMICHI,2024,26111290600,"25,530",74,14,85,0,68,48667,1790 BUILDING,"MIDLAND, MI","MIDLAND, MI",43.6095201,-84.2393991,Styrene (100-42-5),325 Chemicals,325211 Plastics Material and Resin Manufacturing,DOW INC,995.00,993.00,2.00,0.00,0.00,"631,012.00","3,486",0
AURORIUM ZEELAND LLC,49464HXCLC215CE,2024,26139022900,"23,379",97,10,0,0,63,49464,215 N CENTENNIAL ST,"ZEELAND, MI","OTTAWA, MI",42.81603499,-86.01197179,Chlorobenzene (108-90-7),325 Chemicals,325199 All Other Basic Organic Chemical Manufacturing,AURORIUM PPC HOLDINGS LLC,994.00,673.00,0.00,0.00,321.00,"231,623.00","18,406",0
CWC TEXTRON,49441CWCCS2672H,2024,26121002100,"54,742",91,73,32,0,51,49441,1085 W SHERMAN BLVD,"MUSKEGON, MI","MUSKEGON, MI",43.2052961,-86.26983158,Copper (7440-50-8),331 Primary Metals,331511 Iron Foundries,TEXTRON INC,987.59,1.67,0.53,0.00,985.39,"276,972.59","1,481,387",0
GENERAL MOTORS GM VA FACTORY ZERO ASSEMBLY PLANT,48211CDLLC2500E,2024,26163985100,"126,564",0,5,96,0,80,48211,2500 E GENERAL MOTORS BLVD,"DETROIT, MI","WAYNE, MI",42.37659651,-83.05238398,Diisononyl Phthalates (DINP) (N125),336 Transportation Equipment,336110 Automobile and Light Duty Motor Vehicle Manufacturing,GENERAL MOTORS LLC,984.00,0.00,0.00,0.00,984.00,980.00,0,0
WEBB CHEMICAL SERVICE CORP,49444WBBCH2708J,2024,26121004300,"60,581",56,21,98,0,61,49444,2708 JARMAN,"MUSKEGON HEIGHTS, MI","MUSKEGON, MI",43.20207671,-86.23092135,Toluene (108-88-3),4246 Chemical Wholesalers,424690 Other Chemical and Allied Products Merchant Wholesalers,NA,981.00,981.00,0.00,0.00,0.00,981.00,687,0
FORD MOTOR CO DEARBORN TRUCK PLANT,48121FRDM23001M,2024,26163985700,"123,088",0,0,0,0,0,48120,3001 MILLER RD,"DEARBORN, MI","WAYNE, MI",42.30886967,-83.15678743,Methyl isobutyl ketone (108-10-1),336 Transportation Equipment,336110 Automobile and Light Duty Motor Vehicle Manufacturing,FORD MOTOR CO,965.00,965.00,0.00,0.00,0.00,"57,970.00","1,158",0
LG ENERGY SOLUTION MICHIGAN INC.,4942WLGCHM1LGWA,2024,26005032401,"25,102",81,35,51,73,72,49423,1 LG WAY,"HOLLAND, MI","ALLEGAN, MI",42.75548554,-86.06953225,N-Methyl-2-pyrrolidone (872-50-4),335 Electrical Equipment,335910 Battery Manufacturing,LG ENERGY SOLUTION MICHIGAN INC,958.33,958.00,0.00,0.00,0.33,"1,740,265.12",0,0
CORTEVA AGRISCIENCE LLC - HARBOR BEACH OPERATIONS,48441THNTR30BUE,2024,26063951200,"2,619",27,90,43,0,80,48441,305 N HURON AVE,"HARBOR BEACH, MI","HURON, MI",43.84729735,-82.65196338,"1,2,4-Trimethylbenzene (95-63-6)",325 Chemicals,325320 Pesticide and Other Agricultural Chemical Manufacturing,CORTEVA INC,953.92,908.00,0.00,0.00,45.92,"26,521.40","57,256",0
PLASTIC PLATE INC. - KRAFT PLATER,4951WPLSTC5675K,2024,26081012203,"9,692",44,55,41,0,12,49512,5675 KRAFT AVE,"KENTWOOD, MI","KENT, MI",42.8607181,-85.5279897,Formaldehyde (50-00-0),332 Fabricated Metals,"332813 Electroplating, Plating, Polishing, Anodizing, and Coloring",LACKS ENTERPRISES INC,950.08,725.00,0.00,0.00,225.08,"1,963.00","33,618,440",0
FORD MOTOR CO DEARBORN TRUCK PLANT,48121FRDM23001M,2024,26163985700,"123,088",0,0,0,0,0,48120,3001 MILLER RD,"DEARBORN, MI","WAYNE, MI",42.30886967,-83.15678743,Methanol (67-56-1),336 Transportation Equipment,336110 Automobile and Light Duty Motor Vehicle Manufacturing,FORD MOTOR CO,950.00,950.00,0.00,0.00,0.00,"8,650.00",171,0
DEXSYS,4891WDXSYS5589B,2024,26045020202,"47,757",78,95,85,0,12,48917,5589 W MT HOPE HWY,"LANSING, MI","EATON, MI",42.71201486,-84.63044171,n-Butyl alcohol (71-36-3),336 Transportation Equipment,336390 Other Motor Vehicle Parts Manufacturing,MAGNA US HOLDING INC,947.00,447.00,0.00,0.00,500.00,"22,873.00","9,470",0
MICHIGAN RUBBER PRODUCTS INC,49601MCHGN12EIG,2024,26165380700,"12,874",76,20,69,0,73,49601,1600 HOLMAN ST,"CADILLAC, MI","WEXFORD, MI",44.26430594,-85.42152187,Zinc compounds (N982),326 Plastics and Rubber,326220 Rubber and Plastics Hoses and Belting Manufacturing,ZHONGDING SEALING PARTS (USA),945.09,23.30,0.00,0.00,921.79,"5,881.27","94,492",0
FCA US JEFFERSON NORTH ASSEMBLY PLANT,48215CHRYL2101C,2024,26163985200,"102,064",0,0,0,0,0,48215,2101 CONNOR AVE,"DETROIT, MI","WAYNE, MI",42.37535016,-82.96247701,Methyl isobutyl ketone (108-10-1),336 Transportation Equipment,336110 Automobile and Light Duty Motor Vehicle Manufacturing,FCA US LLC,945.00,945.00,0.00,0.00,0.00,"46,050.00","1,134",0
FORD MOTOR CO MICHIGAN ASSEMBLY PLANT,48184FRDMT38303,2024,26163566700,"67,978",14,15,80,62,67,48184,38303 MICHIGAN AVE,"WAYNE, MI","WAYNE, MI",42.27796988,-83.41395208,Methanol (67-56-1),336 Transportation Equipment,336110 Automobile and Light Duty Motor Vehicle Manufacturing,FORD MOTOR CO,940.00,940.00,0.00,0.00,0.00,"20,940.00",169,0
COOPER STANDARD AUTOMOTIVE INC,48750TTNDS4700N,2024,26069000202,"5,206",48,77,40,0,36,48750,4700 N INDUSTRIAL ROW,"OSCODA, MI","IOSCO, MI",44.41742122,-83.34795405,Antimony compounds (N010),326 Plastics and Rubber,326199 All Other Plastics Product Manufacturing,COOPER-STANDARD HOLDINGS INC,939.00,0.00,0.00,0.00,939.00,939.00,"11,268,000",0
ESSEX SPECIALTY PRODUCTS LLC - HILLSDALE SITE,49242SSXSP190UR,2024,26059050500,"9,677",58,58,86,0,77,49242,190 URAN ST,"HILLSDALE, MI","HILLSDALE, MI",41.93728734,-84.65038344,"4,4'-Isopropylidenediphenol (80-05-7)",325 Chemicals,325520 Adhesive Manufacturing,DUPONT DE NEMOURS INC,932.00,5.00,0.00,0.00,927.00,932.00,"18,640",0
TENNECO AUTOMOTIVE OPERATING CO INC.,49068WLKRM904IN,2024,26025004000,"9,696",70,63,92,0,75,49068,904 INDUSTRIAL RD,"MARSHALL, MI","CALHOUN, MI",42.26680088,-84.97509437,Nickel (7440-02-0),336 Transportation Equipment,336390 Other Motor Vehicle Parts Manufacturing,TENNECO INC,927.00,72.00,0.00,0.00,855.00,"10,012.00","862,110,000",0
ADCO CIRCUITS,48309DCCRC2868B,2024,26125194500,"49,463",17,97,63,64,68,48309,2868 BOND ST,"ROCHESTER HILLS, MI","OAKLAND, MI",42.63649088,-83.1883057,Lead (7439-92-1),334 Computers and Electronic Products,334418 Printed Circuit Assembly (Electronic Assembly) Manufacturing,NA,925.00,0.00,0.00,0.00,925.00,925.00,"21,275,000",1
ALLIED FINISHING INC,49508LLDFN4100B,2024,26081012608,"41,254",76,63,33,57,68,49512,4100 BROADMOOR SE,"KENTWOOD, MI","KENT, MI",42.88901815,-85.56932812,Nickel compounds (N495),332 Fabricated Metals,"332813 Electroplating, Plating, Polishing, Anodizing, and Coloring",ALLIED FINISHING INC,924.00,0.00,0.00,0.00,924.00,"94,626.00","777,488,008",0
THE DOW CHEMICAL CO,48667THDWCMICHI,2024,26111290600,"25,530",74,14,85,0,68,48667,1790 BUILDING,"MIDLAND, MI","MIDLAND, MI",43.6095201,-84.2393991,Chlorobenzene (108-90-7),325 Chemicals,325211 Plastics Material and Resin Manufacturing,DOW INC,921.00,900.00,21.00,0.00,0.00,"1,017,461.00","4,200",0
POET BIOREFINING-CARO LLC,48723MCHGN1551E,2024,26157000600,"6,676",72,90,88,0,63,48723,1551 EMPIRE DR,"CARO, MI","TUSCOLA, MI",43.47133344,-83.41248831,Methanol (67-56-1),325 Chemicals,325193 Ethyl Alcohol Manufacturing,POET HOLDING CO LLC,916.00,912.00,0.00,0.00,4.00,"30,916.00",168,0
MPLX TERMINALS LLC - BAY CITY MI TERMINAL,48706BYCTY1806M,2024,26017285900,"44,145",62,94,90,0,62,48706,1806 MARQUETTE ST,"BAY CITY, MI","BAY, MI",43.61888918,-83.86460666,Toluene (108-88-3),4247 Petroleum Bulk Terminals,424710 Petroleum Bulk Stations and Terminals,MARATHON PETROLEUM CORP,915.00,910.00,0.00,0.00,5.00,"2,221.00",702,0
GMVM-LANSING GRAND RIVER ASSEMBLY,48921GMCGL920TO,2024,26065980200,"92,043",0,0,0,0,0,48933,920 TOWNSEND ST MAIL CODE: 489-066-600,"LANSING, MI","INGHAM, MI",42.72375252,-84.55561088,Toluene (108-88-3),336 Transportation Equipment,336110 Automobile and Light Duty Motor Vehicle Manufacturing,GENERAL MOTORS LLC,910.00,910.00,0.00,0.00,0.00,"3,067.00",637,0
NITREX INC.,4885WNTRXN822KI,2024,26065006301,"9,654",53,10,22,0,39,48854,822 KIM DR,"MASON, MI","INGHAM, MI",42.59488486,-84.45682527,Ammonia (7664-41-7),332 Fabricated Metals,332811 Metal Heat Treating,NITREX INC,905.60,905.60,0.00,0.00,0.00,"254,156.60","6,339",0
THE DOW CHEMICAL CO,48667THDWCMICHI,2024,26111290600,"25,530",74,14,85,0,68,48667,1790 BUILDING,"MIDLAND, MI","MIDLAND, MI",43.6095201,-84.2393991,Benzene (71-43-2),325 Chemicals,325211 Plastics Material and Resin Manufacturing,DOW INC,905.00,880.00,21.00,0.00,4.00,"16,516,749.00","26,015,000",0
WAYNE DISPOSAL INC,48111WYNDS49350,2024,26163986501,"28,882",0,0,0,0,0,48111,49350 N I-94 SERVICE DR,"BELLEVILLE, MI","WAYNE, MI",42.21950635,-83.52417321,"Benzo[g,h,i]perylene (191-24-2)",562 Hazardous Waste,562211 Hazardous Waste Treatment and Disposal,REPUBLIC SERVICES INC,904.55,5.55,0.00,899.00,0.00,910.01,"18,091,000",0
STELMI AMERICA LLC,49068STLMM161BR,2024,26025002900,"9,411",67,74,36,0,42,49068,1601 BROOKS DR,"MARSHALL, MI","CALHOUN, MI",42.24605021,-84.96768093,Chromium compounds (N090),332 Fabricated Metals,"332813 Electroplating, Plating, Polishing, Anodizing, and Coloring",INDUSTRIAL HARD CHROME LTD,904.00,1.00,0.00,0.00,903.00,904.00,"22,563,840,000",0
KOPPERS PERFORMANCE CHEMICALS,49934PNNSL1700D,2024,26061000400,"2,869",42,77,64,0,32,49934,52430 DUNCAN AVE,"HUBBELL, MI","HOUGHTON, MI",47.17604982,-88.4248479,Copper compounds (N100),325 Chemicals,325180 Other Basic Inorganic Chemical Manufacturing,KOPPERS INC,900.00,500.00,0.00,0.00,400.00,"49,860.00","1,350,000",0
MASTER FINISH CO,49507MSTRF1160B,2024,26081004200,"127,087",50,32,61,56,41,49507,2020 NELSON SE,"GRAND RAPIDS, MI","KENT, MI",42.92648956,-85.63901326,Nitric acid (7697-37-2),332 Fabricated Metals,"332812 Metal Coating, Engraving (except Jewelry and Silverware), and Allied Services to Manufactur..",NA,900.00,900.00,0.00,0.00,0.00,"17,898.00","243,000",0
FLAT ROCK ASSEMBLY PLANT,48134MZDMT1MAZD,2024,26163982000,"48,834",0,0,0,0,0,48134,1 INTERNATIONAL DR,"FLAT ROCK, MI","WAYNE, MI",42.10296609,-83.2436186,Methyl isobutyl ketone (108-10-1),336 Transportation Equipment,336370 Motor Vehicle Metal Stamping,FORD MOTOR CO,895.00,895.00,0.00,0.00,0.00,"11,805.00","1,074",0
HOWMET CORP - PLANTS 1& 3,49461HWMTCONEMI,2024,26121003701,"8,033",49,96,0,0,10,49461,ONE MISCO DR,"WHITEHALL, MI","MUSKEGON, MI",43.3983286,-86.34789518,Chromium (7440-47-3),331 Primary Metals,331529 Other Nonferrous Metal Foundries (except Die-Casting),HOWMET AEROSPACE INC,885.00,5.00,0.00,0.00,880.00,"3,463.00","1,680,081,000",0
GM TRUCK GROUP FLINT ASSEMBLY PLANT,48551GMCTRG3100,2024,26049980000,"51,226",0,0,0,0,0,48551,G-3100 VAN SLYKE RD,"FLINT, MI","GENESEE, MI",42.96697513,-83.71257194,Cumene (98-82-8),336 Transportation Equipment,336110 Automobile and Light Duty Motor Vehicle Manufacturing,GENERAL MOTORS LLC,880.00,880.00,0.00,0.00,0.00,"11,519.00","7,744",0
EXCELDA MANUFACTURING HOLDING LLC - FOWLERVILLE,4883WXCLDM9GARD,2024,26093722300,"7,494",67,49,65,0,68,48836,900 GARDEN LN,"FOWLERVILLE, MI","LIVINGSTON, MI",42.65516341,-84.08322376,Ethylene glycol (107-21-1),325 Chemicals,325998 All Other Miscellaneous Chemical Product and Preparation Manufacturing,KEM KREST LLC,879.00,143.00,0.00,0.00,736.00,879.00,"7,735",0
PHARMACIA & UPJOHN CO LLC A SUBSIDIARY OF PFIZER INC,49001THPJH7171P,2024,26077001905,"31,983",66,12,0,69,34,49002,7171 PORTAGE RD,"PORTAGE, MI","KALAMAZOO, MI",42.21133108,-85.55988021,Pyridine (110-86-1),325 Chemicals,325412 Pharmaceutical Preparation Manufacturing,PFIZER INC,876.00,0.00,0.00,0.00,876.00,"13,430.00","876,000",0
VENTRA EVART LLC,49631VRTPR601WS,2024,26133970400,"3,127",51,75,84,0,91,49631,601 W SEVENTH ST,"EVART, MI","OSCEOLA, MI",43.90066423,-85.26622672,"1,2,4-Trimethylbenzene (95-63-6)",336 Transportation Equipment,336390 Other Motor Vehicle Parts Manufacturing,FLEX-N-GATE CORP,866.99,866.99,0.00,0.00,0.00,"31,070.99","50,285",0
GERDAU MACSTEEL MONROE,48161NRTHS3000E,2024,26115831800,"23,135",0,0,0,0,0,48161,3000 E FRONT ST,"MONROE, MI","MONROE, MI",41.89706191,-83.36151774,Lead compounds (N420),331 Primary Metals,331110 Iron and Steel Mills and Ferroalloy Manufacturing,GERDAU USA INC,864.00,181.00,0.00,0.00,683.00,"46,397.00","19,872,000",1
MPLX TERMINALS LLC - NILES MI TERMINAL,49120MRTHN2216S,2024,26021021100,"20,662",80,89,49,0,47,49120,2216 S 3RD ST,"NILES, MI","BERRIEN, MI",41.78687345,-86.25481823,Benzene (71-43-2),4247 Petroleum Bulk Terminals,424710 Petroleum Bulk Stations and Terminals,MARATHON PETROLEUM CORP,861.00,860.00,0.00,0.00,1.00,862.00,"24,135,000",0
GM - ROMULUS ENGINE OPERATIONS,48174GMCCP36880,2024,26163585800,"39,011",60,6,88,0,68,48174,36880 ECORSE RD,"ROMULUS, MI","WAYNE, MI",42.25220163,-83.40013412,Nickel (7440-02-0),336 Transportation Equipment,336310 Motor Vehicle Gasoline Engine and Engine Parts Manufacturing,GENERAL MOTORS LLC,860.69,0.00,0.00,0.00,860.69,"7,760.40","799,800,063",0
REAL ALLOY SPECIFICATION LLC,49036LCHML368WG,2024,26023951600,"13,219",57,63,22,90,50,49036,368 W GARFIELD AVE,"COLDWATER, MI","BRANCH, MI",41.92728472,-85.02110789,Copper compounds (N100),331 Primary Metals,331314 Secondary Smelting and Alloying of Aluminum,REAL ALLOY HOLDING LLC,860.00,150.00,0.00,0.00,710.00,860.00,"1,290,000",0
XALT ENERGY LLC,4864WDWKKM27SUT,2024,26111290600,"29,962",74,14,85,0,68,48640,2700 SOUTH SAGINAW ROAD,"MIDLAND, MI","MIDLAND, MI",43.60792532,-84.20824713,N-Methyl-2-pyrrolidone (872-50-4),335 Electrical Equipment,335910 Battery Manufacturing,NA,849.40,849.40,0.00,0.00,0.00,"793,840.40",0,0
HOWMET CORP - PLANTS 1& 3,49461HWMTCONEMI,2024,26121003701,"8,033",49,96,0,0,10,49461,ONE MISCO DR,"WHITEHALL, MI","MUSKEGON, MI",43.3983286,-86.34789518,Cobalt (7440-48-4),331 Primary Metals,331529 Other Nonferrous Metal Foundries (except Die-Casting),HOWMET AEROSPACE INC,845.00,6.00,0.00,0.00,839.00,"3,423.00","23,352,000,000",0
THE DOW CHEMICAL CO,48667THDWCMICHI,2024,26111290600,"25,530",74,14,85,0,68,48667,1790 BUILDING,"MIDLAND, MI","MIDLAND, MI",43.6095201,-84.2393991,Acetonitrile (75-05-8),325 Chemicals,325211 Plastics Material and Resin Manufacturing,DOW INC,842.00,815.00,24.00,3.00,0.00,"1,800,843.00","48,836",0
FCA US WARREN TRUCK ASSEMBLY PLANT,48091WRRNT21500,2024,26099982200,"130,932",0,0,0,0,93,48091,21500 MOUND RD,"WARREN, MI","MACOMB, MI",42.45531342,-83.04419136,Sodium nitrite (7632-00-0),336 Transportation Equipment,336110 Automobile and Light Duty Motor Vehicle Manufacturing,FCA US LLC,837.17,158.25,0.00,0.00,678.92,"6,947.39","8,372",0
HONEYWELL BURDICK & JACKSON,49442BXTRH1953S,2024,26121000402,"55,518",32,25,94,0,82,49442,1953 S HARVEY ST,"MUSKEGON, MI","MUSKEGON, MI",43.2182559,-86.20679593,n-Hexane (110-54-3),325 Chemicals,325199 All Other Basic Organic Chemical Manufacturing,HONEYWELL INTERNATIONAL INC,836.00,836.00,0.00,0.00,0.00,"18,022.00","4,180",0
MICHIGAN STATE UNIVERSITY BIOECONOMY INSTITUTE,4942WMCHGN242HW,2024,26139025101,"58,545",86,47,86,0,65,49424,242 HOWARD AVE,"HOLLAND, MI","OTTAWA, MI",42.79862286,-86.11886248,Toluene (108-88-3),325 Chemicals,325199 All Other Basic Organic Chemical Manufacturing,MICHIGAN STATE UNIVERSITY,836.00,500.00,0.00,0.00,336.00,"27,900.00","4,718",0
FRASER MANUFACTURING FACILITY,48026MLLYM18450,2024,26099241400,"101,711",42,88,64,0,38,48026,18450 15 MILE RD,"FRASER, MI","MACOMB, MI",42.55389777,-82.93208924,Manganese (7439-96-5),332 Fabricated Metals,332111 Iron and Steel Forging,AMERICAN AXLE & MANUFACTURING HOLDINGS INC,832.40,0.40,0.00,0.00,832.00,"4,957.40","9,988,800",0
GERDAU MACSTEEL MONROE,48161NRTHS3000E,2024,26115831800,"23,135",0,0,0,0,0,48161,3000 E FRONT ST,"MONROE, MI","MONROE, MI",41.89706191,-83.36151774,Barium compounds (N040),331 Primary Metals,331110 Iron and Steel Mills and Ferroalloy Manufacturing,GERDAU USA INC,832.00,21.00,0.00,0.00,811.00,"3,376.88","5,824,000",1
MPLX TERMINALS LLC - NORTH MUSKEGON MI TERMINAL,49445NRTHM3005H,2024,26121001500,"24,989",54,38,56,0,37,49445,3005 HOLTON RD,"NORTH MUSKEGON, MI","MUSKEGON, MI",43.27027437,-86.24517486,Toluene (108-88-3),4247 Petroleum Bulk Terminals,424710 Petroleum Bulk Stations and Terminals,MARATHON PETROLEUM CORP,830.00,830.00,0.00,0.00,0.00,832.00,581,0
NYLOK LLC,48042NYLKC1526H,2024,26099223902,"69,405",0,0,0,0,0,48042,15260 HALLMARK CT,"MACOMB, MI","MACOMB, MI",42.67489852,-82.97456592,Toluene (108-88-3),332 Fabricated Metals,"332812 Metal Coating, Engraving (except Jewelry and Silverware), and Allied Services to Manufactur..",BERKSHIRE HATHAWAY INC,827.00,827.00,0.00,0.00,0.00,"37,555.00",579,0
ND INDUSTRIES INC,48084NDNDS1893B,2024,26125197600,"92,914",13,23,80,72,22,48084,1893 BARRETT ST,"TROY, MI","OAKLAND, MI",42.54989422,-83.15901922,Formaldehyde (50-00-0),325 Chemicals,325520 Adhesive Manufacturing,HB FULLER CO,820.08,670.00,0.00,0.00,150.08,"4,472.00","26,130,750",0
CORTEVA AGRISCIENCE LLC - MIDLAND,4867WDWGRS71WAS,2024,26111290600,"30,090",74,14,85,0,68,48640,701 WASHINGTON ST,"MIDLAND, MI","MIDLAND, MI",43.60532757,-84.21757491,Picloram (6607),325 Chemicals,325320 Pesticide and Other Agricultural Chemical Manufacturing,CORTEVA INC,820.00,420.00,0.00,0.00,400.00,"2,441.00","4,100",0
GM TRUCK GROUP FLINT ASSEMBLY PLANT,48551GMCTRG3100,2024,26049980000,"51,226",0,0,0,0,0,48551,G-3100 VAN SLYKE RD,"FLINT, MI","GENESEE, MI",42.96697513,-83.71257194,Zinc (fume or dust) (7440-66-6),336 Transportation Equipment,336370 Motor Vehicle Metal Stamping,GENERAL MOTORS LLC,820.00,820.00,0.00,0.00,0.00,820.00,"82,000",0
COR-MET INC.,48116CRMTN12500,2024,26093740200,"11,360",38,58,73,0,34,48116,12500  GRAND RIVER RD,"BRIGHTON, MI","LIVINGSTON, MI",42.51727995,-83.70204811,Chromium compounds (N090),333 Machinery,333992 Welding and Soldering Equipment Manufacturing,NA,819.03,10.00,0.00,0.00,809.03,819.03,"9,435,225,600",0
CALUMET ELECTRONICS CORP,49913CLMTL25830,2024,26061000300,"6,880",67,86,87,58,32,49913,25830 DEPOT ST,"CALUMET, MI","HOUGHTON, MI",47.24014029,-88.44912896,Formaldehyde (50-00-0),334 Computers and Electronic Products,334412 Bare Printed Circuit Board Manufacturing,NA,812.32,500.00,0.00,0.00,312.32,"11,988.00","19,501,562",0
PHARMACIA & UPJOHN CO LLC A SUBSIDIARY OF PFIZER INC,49001THPJH7171P,2024,26077001905,"31,983",66,12,0,69,34,49002,7171 PORTAGE RD,"PORTAGE, MI","KALAMAZOO, MI",42.21133108,-85.55988021,Acetonitrile (75-05-8),325 Chemicals,325412 Pharmaceutical Preparation Manufacturing,PFIZER INC,810.00,810.00,0.00,0.00,0.00,"409,610.00","46,980",0
K C JONES PLATING CO,48030KCJNS321WT,2024,26125181500,"140,124",25,31,29,0,26,48030,321 W TEN MILE RD,"HAZEL PARK, MI","OAKLAND, MI",42.47601645,-83.1072768,Zinc compounds (N982),332 Fabricated Metals,"332813 Electroplating, Plating, Polishing, Anodizing, and Coloring",K C JONES PLATING CO,808.30,10.00,2.30,0.00,796.00,808.30,"49,373",0
FCA US STERLING HEIGHTS ASSEMBLY PLANT,48077STRLN38111,2024,26099231200,"94,944",17,19,0,82,54,48312,38111 VAN DYKE,"STERLING HEIGHTS, MI","MACOMB, MI",42.57039424,-83.03013673,Sodium nitrite (7632-00-0),336 Transportation Equipment,336110 Automobile and Light Duty Motor Vehicle Manufacturing,FCA US LLC,801.00,0.00,0.00,0.00,801.00,801.00,"8,010",0
HUTCHINSON AEROSPACE & INDUSTRY,48847PLSTR1300S,2024,26057001000,"3,673",83,16,0,0,75,48847,1300 S COUNTY FARM DR,"ITHACA, MI","GRATIOT, MI",43.27512446,-84.60806048,Lead (7439-92-1),326 Plastics and Rubber,326291 Rubber Product Manufacturing for Mechanical Use,HUTCHINSON NORTH AMERICA,798.08,5.02,0.00,0.00,793.06,"8,724.08","18,355,540",0
DENSO MANUFACTURING MICHIGAN INC,49015NPPNDONEDE,2024,26025002600,"10,024",56,21,66,71,74,49037,ONE DENSO RD,"BATTLE CREEK, MI","CALHOUN, MI",42.32984027,-85.28355993,Manganese (7439-96-5),336 Transportation Equipment,336390 Other Motor Vehicle Parts Manufacturing,DENSO INTERNATIONAL AMERICA INC,794.60,197.30,0.00,0.00,597.30,"68,123.30","8,430,654",1
GREDE LLC - IRON MOUNTAIN,49801GRDFN801SC,2024,26043950500,"15,138",71,84,32,0,34,49802,801 S CARPENTER AVE,"KINGSFORD, MI","DICKINSON, MI",45.79736011,-88.07155193,Phenol (108-95-2),331 Primary Metals,331511 Iron Foundries,GREDE HOLDINGS LLC,788.00,731.00,0.00,0.00,57.00,788.00,"14,184",0
AURORIUM ZEELAND LLC,49464HXCLC215CE,2024,26139022900,"23,379",97,10,0,0,63,49464,215 N CENTENNIAL ST,"ZEELAND, MI","OTTAWA, MI",42.81603499,-86.01197179,Maleic anhydride (108-31-6),325 Chemicals,325199 All Other Basic Organic Chemical Manufacturing,AURORIUM PPC HOLDINGS LLC,786.00,165.00,0.00,0.00,621.00,981.00,"3,930,000",0
DETROIT COATING LLC,48071HWRDP32565,2024,26099260800,"99,489",59,54,79,75,81,48071,32565 DEQUINDRE RD,"MADISON HEIGHTS, MI","OAKLAND, MI",42.53160418,-83.08681,Nitrate compounds (water dissociable) (N511),332 Fabricated Metals,"332813 Electroplating, Plating, Polishing, Anodizing, and Coloring",HOWARD FINISHING LLC,780.00,0.00,0.00,0.00,780.00,"7,800.00",491,0
PHARMACIA & UPJOHN CO LLC A SUBSIDIARY OF PFIZER INC,49001THPJH7171P,2024,26077001905,"31,983",66,12,0,69,34,49002,7171 PORTAGE RD,"PORTAGE, MI","KALAMAZOO, MI",42.21133108,-85.55988021,Acetaldehyde (75-07-0),325 Chemicals,325412 Pharmaceutical Preparation Manufacturing,PFIZER INC,780.00,780.00,0.00,0.00,0.00,"56,180.00","6,162,000",0
STELMI AMERICA LLC,49068STLMM161BR,2024,26025002900,"9,411",67,74,36,0,42,49068,1601 BROOKS DR,"MARSHALL, MI","CALHOUN, MI",42.24605021,-84.96768093,Lead compounds (N420),332 Fabricated Metals,"332813 Electroplating, Plating, Polishing, Anodizing, and Coloring",INDUSTRIAL HARD CHROME LTD,780.00,0.00,0.00,0.00,780.00,"1,420.00","17,940,000",0
GAGE PRODUCTS CO,48220GGPRD625WA,2024,26125173600,"148,304",15,29,26,0,39,48220,625 WANDA ST,"FERNDALE, MI","OAKLAND, MI",42.45155981,-83.11350414,"1,2,4-Trimethylbenzene (95-63-6)",325 Chemicals,325510 Paint and Coating Manufacturing,NA,779.00,779.00,0.00,0.00,0.00,"3,439,414.00","45,182",0
PHARMACIA & UPJOHN CO LLC A SUBSIDIARY OF PFIZER INC,49001THPJH7171P,2024,26077001905,"31,983",66,12,0,69,34,49002,7171 PORTAGE RD,"PORTAGE, MI","KALAMAZOO, MI",42.21133108,-85.55988021,Toluene (108-88-3),325 Chemicals,325412 Pharmaceutical Preparation Manufacturing,PFIZER INC,771.00,570.00,1.00,0.00,200.00,"8,864,551.00","3,012",0
MAGNI INDUSTRIES INC.,48209MGNNC2771H,2024,26163523100,"109,739",68,11,88,73,95,48209,2771 HAMMOND,"DETROIT, MI","WAYNE, MI",42.32309627,-83.11146256,Xylene (mixed isomers) (1330-20-7),325 Chemicals,325510 Paint and Coating Manufacturing,THE MAGNI GROUP INC,762.00,762.00,0.00,0.00,0.00,"3,883.00","26,670",0
FCA US JEFFERSON NORTH ASSEMBLY PLANT,48215CHRYL2101C,2024,26163985200,"102,064",0,0,0,0,0,48215,2101 CONNOR AVE,"DETROIT, MI","WAYNE, MI",42.37535016,-82.96247701,Ethylene glycol (107-21-1),336 Transportation Equipment,336110 Automobile and Light Duty Motor Vehicle Manufacturing,FCA US LLC,758.30,44.30,0.00,0.00,714.00,"1,034.00","6,474",0
BARNES AEROSPACE - LANSING DIV,48909JTDXX5300A,2024,26065005304,"59,385",58,5,76,94,79,48911,5300 AURELIUS RD,"LANSING, MI","INGHAM, MI",42.67997557,-84.52359091,Hydrogen fluoride (7664-39-3),336 Transportation Equipment,336412 Aircraft Engine and Engine Parts Manufacturing,BARNES GROUP INC,755.00,755.00,0.00,0.00,0.00,"55,974.07","188,750",0
FCA US JEFFERSON NORTH ASSEMBLY PLANT,48215CHRYL2101C,2024,26163985200,"102,064",0,0,0,0,0,48215,2101 CONNOR AVE,"DETROIT, MI","WAYNE, MI",42.37535016,-82.96247701,Sodium nitrite (7632-00-0),336 Transportation Equipment,336110 Automobile and Light Duty Motor Vehicle Manufacturing,FCA US LLC,755.00,0.00,0.00,0.00,755.00,"7,555.00","7,550",0
KREHER WIRE PROCESSING,48174KRHRW34822,2024,26163985400,"14,845",0,0,0,0,0,48174,34822 GODDARD RD,"ROMULUS, MI","WAYNE, MI",42.22318233,-83.38038033,Sulfuric acid (acid aerosols) (7664-93-9),331 Primary Metals,331222 Steel Wire Drawing,KREHER STEEL LLC,755.00,755.00,0.00,0.00,0.00,760.00,"2,642,500",0
MACDERMID INC,48220MCDRM1221F,2024,26125173600,"148,892",15,29,26,0,39,48220,1221 FARROW AVE,"FERNDALE, MI","OAKLAND, MI",42.4572589,-83.1182239,Copper compounds (N100),325 Chemicals,325998 All Other Miscellaneous Chemical Product and Preparation Manufacturing,ELEMENT SOLUTIONS INC,752.58,1.79,0.00,0.00,750.79,752.58,"1,128,870",0
GM - ROMULUS ENGINE OPERATIONS,48174GMCCP36880,2024,26163585800,"39,011",60,6,88,0,68,48174,36880 ECORSE RD,"ROMULUS, MI","WAYNE, MI",42.25220163,-83.40013412,Chromium (7440-47-3),336 Transportation Equipment,336310 Motor Vehicle Gasoline Engine and Engine Parts Manufacturing,GENERAL MOTORS LLC,750.33,0.00,0.00,0.00,750.33,"6,750.08","16,320,030,670",0
AMERICAN AXLE & MANUFACTURING INC,49093GNRLM1HYDR,2024,26149040100,"11,927",19,17,33,0,38,49093,ONE MANUFACTURING DR,"THREE RIVERS, MI","ST JOSEPH, MI",41.95478453,-85.64178379,Nickel (7440-02-0),336 Transportation Equipment,336350 Motor Vehicle Transmission and Power Train Parts Manufacturing,AMERICAN AXLE & MANUFACTURING HOLDINGS INC,750.00,0.00,0.00,0.00,750.00,"1,500.00","465,022,750",1
AMERICAN JETWAY CORP,4818WMRCNJ3737V,2024,26163566900,"85,493",33,61,0,0,75,48184,3737 VENOY RD,"WAYNE, MI","WAYNE, MI",42.2806406,-83.36305978,Xylene (mixed isomers) (1330-20-7),325 Chemicals,325998 All Other Miscellaneous Chemical Product and Preparation Manufacturing,AMERICAN JETWAY CORP,750.00,750.00,0.00,0.00,0.00,"5,350.00","26,250",0
AMERICAN JETWAY CORP,48184MRCNJ34136,2024,26163566800,"79,713",38,53,85,0,81,48184,34136 MYRTLE,"WAYNE, MI","WAYNE, MI",42.27925941,-83.3748709,Trichloroethylene (79-01-6),325 Chemicals,325998 All Other Miscellaneous Chemical Product and Preparation Manufacturing,AMERICAN JETWAY CORP,750.00,750.00,0.00,0.00,0.00,"1,500.00","11,250,000",0
LACKS TRIM SYSTEMS - 52ND STREET PAINT CENTRAL,4951WLCKST43155,2024,26081012604,"23,603",90,6,32,78,55,49512,4315 52ND ST SE,"GRAND RAPIDS, MI","KENT, MI",42.86904062,-85.55899954,"1,2,4-Trimethylbenzene (95-63-6)",336 Transportation Equipment,336360 Motor Vehicle Seating and Interior Trim Manufacturing,LACKS ENTERPRISES INC,750.00,750.00,0.00,0.00,0.00,"49,104.00","43,500",0
MODINEER PLANT 10,4912WMDNRP2121W,2024,26021020300,-,33,72,40,0,21,49120,2121 W CHICAGO RD,"NILES, MI","BERRIEN, MI",41.80648021,-86.29723499,Copper (7440-50-8),336 Transportation Equipment,336370 Motor Vehicle Metal Stamping,NA,750.00,750.00,0.00,0.00,0.00,"11,274.00","1,125,000",1
SUN CHEMICAL CORP MUSKEGON PLANT,49443SNCHM4925E,2024,26121003100,"15,493",42,59,66,0,51,49442,4925 EVANSTON AVE,"MUSKEGON, MI","MUSKEGON, MI",43.21312746,-86.12464853,Nitrate compounds (water dissociable) (N511),325 Chemicals,325130 Synthetic Dye and Pigment Manufacturing,SUN CHEMICAL CORP,750.00,0.00,0.00,0.00,750.00,750.00,473,0
LEXAMAR CORP,49712LXMRC100LE,2024,26029001300,"5,195",55,81,45,63,41,49712,100 LEXAMAR DR,"BOYNE CITY, MI","CHARLEVOIX, MI",45.20542862,-84.9871016,Methanol (67-56-1),326 Plastics and Rubber,326199 All Other Plastics Product Manufacturing,MAGNA US HOLDING INC,748.00,555.00,0.00,0.00,193.00,"13,625.00",293,0
UNIVAR SOLUTIONS USA,48174CHMCN13395,2024,26163586300,"16,932",54,76,0,57,54,48174,13395 HURON RIVER DR,"ROMULUS, MI","WAYNE, MI",42.20712845,-83.4044377,n-Butyl alcohol (71-36-3),4246 Chemical Wholesalers,424690 Other Chemical and Allied Products Merchant Wholesalers,UNIVAR SOLUTIONS USA INC,746.73,333.93,0.00,0.00,412.80,746.73,"7,467",1
MUELLER BRASS CO,48060MLLRB1925L,2024,26147623000,"37,924",27,30,52,0,46,48060,2199 LAPEER AVE,"PORT HURON, MI","ST. CLAIR, MI",42.97769454,-82.45020726,Lead compounds (N420),331 Primary Metals,"331420 Copper Rolling, Drawing, Extruding, and Alloying",MUELLER INDUSTRIES INC,745.40,10.00,0.00,0.00,735.40,"41,188.40","16,987,200",0
CORTEVA AGRISCIENCE LLC - MIDLAND,4867WDWGRS71WAS,2024,26111290600,"30,090",74,14,85,0,68,48640,701 WASHINGTON ST,"MIDLAND, MI","MIDLAND, MI",43.60532757,-84.21757491,Ethylene glycol (107-21-1),325 Chemicals,325320 Pesticide and Other Agricultural Chemical Manufacturing,CORTEVA INC,742.00,742.00,0.00,0.00,0.00,"96,566.00","6,530",0
GENERAL MOTORS GM VA FACTORY ZERO ASSEMBLY PLANT,48211CDLLC2500E,2024,26163985100,"126,564",0,5,96,0,80,48211,2500 E GENERAL MOTORS BLVD,"DETROIT, MI","WAYNE, MI",42.37659651,-83.05238398,Methyl isobutyl ketone (108-10-1),336 Transportation Equipment,336110 Automobile and Light Duty Motor Vehicle Manufacturing,GENERAL MOTORS LLC,740.00,740.00,0.00,0.00,0.00,"38,940.00",888,0
SIKA MBCC US LLC,49071RXNRDCONCO,2024,26159011003,"8,666",63,46,44,0,34,49071,23930 CONCORD AVE,"MATTAWAN, MI","VAN BUREN, MI",42.2086896,-85.78443888,Diisocyanates (N120),325 Chemicals,325520 Adhesive Manufacturing,SIKA CORP,734.01,0.01,0.00,0.00,734.00,"5,482.01","256,903,150",0
PURFORMS INC LOWELL,49331PRFRM615CH,2024,26081012004,"10,234",38,20,52,0,42,49331,615 CHATHAM ST,"LOWELL, MI","KENT, MI",42.93388055,-85.34538963,Diisocyanates (N120),326 Plastics and Rubber,326150 Urethane and Other Foam Product (except Polystyrene) Manufacturing,NA,729.00,729.00,0.00,0.00,0.00,729.00,"255,150,000",1
ND INDUSTRIES INC,48084NDNDS1893B,2024,26125197600,"92,914",13,23,80,72,22,48084,1893 BARRETT ST,"TROY, MI","OAKLAND, MI",42.54989422,-83.15901922,Toluene (108-88-3),325 Chemicals,325520 Adhesive Manufacturing,HB FULLER CO,728.00,728.00,0.00,0.00,0.00,"1,848.00",510,0
KENT FOUNDRY,48838KNTFN1413C,2024,26117971200,"10,319",17,78,0,0,44,48838,1413 CALLAGHAN ST,"GREENVILLE, MI","MONTCALM, MI",43.18660349,-85.22768736,Naphthalene (91-20-3),331 Primary Metals,331511 Iron Foundries,NA,723.00,723.00,0.00,0.00,0.00,723.00,"8,676,000",0
BDGN CORP DBA AMERICAN AUTOCOAT INC.,4942WMRCNT3565H,2024,26139021801,"19,017",89,67,53,0,21,49426,3565 HIGHLAND DR,"HUDSONVILLE, MI","OTTAWA, MI",42.85318079,-85.87005795,Xylene (mixed isomers) (1330-20-7),336 Transportation Equipment,336390 Other Motor Vehicle Parts Manufacturing,NA,716.00,716.00,0.00,0.00,0.00,"51,847.00","25,060",0
GAGE PRODUCTS CO,48220GGPRD625WA,2024,26125173600,"148,304",15,29,26,0,39,48220,625 WANDA ST,"FERNDALE, MI","OAKLAND, MI",42.45155981,-83.11350414,Ethylbenzene (100-41-4),325 Chemicals,325510 Paint and Coating Manufacturing,NA,714.96,714.00,0.00,0.00,0.96,"1,196,675.00","635,470",0
AURORIUM ZEELAND LLC,49464HXCLC215CE,2024,26139022900,"23,379",97,10,0,0,63,49464,215 N CENTENNIAL ST,"ZEELAND, MI","OTTAWA, MI",42.81603499,-86.01197179,Acetonitrile (75-05-8),325 Chemicals,325199 All Other Basic Organic Chemical Manufacturing,AURORIUM PPC HOLDINGS LLC,708.00,708.00,0.00,0.00,0.00,708.00,"41,064",0
PHARMACIA & UPJOHN CO LLC A SUBSIDIARY OF PFIZER INC,49001THPJH7171P,2024,26077001905,"31,983",66,12,0,69,34,49002,7171 PORTAGE RD,"PORTAGE, MI","KALAMAZOO, MI",42.21133108,-85.55988021,tert-Butyl alcohol (75-65-0),325 Chemicals,325412 Pharmaceutical Preparation Manufacturing,PFIZER INC,708.00,8.00,0.00,0.00,700.00,"183,248.00","35,006",0
AALBERTS SURFACE TECHNOLOGIES LIVONIA INC.,48150PPLDP12238,2024,26163558301,"79,321",83,78,68,58,23,48150,12238 NEWBURGH RD,"LIVONIA, MI","WAYNE, MI",42.37365517,-83.4115282,Sodium nitrite (7632-00-0),332 Fabricated Metals,332811 Metal Heat Treating,AALBERTS US HOLDING CORP,707.07,107.07,0.00,0.00,600.00,"10,707.00","7,071",0
HOWMET CORP-PLANT 10,49461HWMTC3850W,2024,26121003702,"8,117",83,67,0,0,34,49461,3850 W WHITE LAKE DR,"WHITEHALL, MI","MUSKEGON, MI",43.38541792,-86.33760743,Chromium (7440-47-3),331 Primary Metals,331529 Other Nonferrous Metal Foundries (except Die-Casting),HOWMET AEROSPACE INC,700.00,1.00,0.00,0.00,699.00,"2,290.00","15,101,990,800",0
GUARDIAN INDUSTRIES - CARLETON,48117GRDNN14600,2024,26115830300,"10,322",70,93,0,0,78,48117,14600 ROMINE RD,"CARLETON, MI","MONROE, MI",42.08997294,-83.36202267,Silver compounds (N740),327 Nonmetallic Mineral Product,327211 Flat Glass Manufacturing,KOCH INC,696.54,0.00,0.00,0.00,696.54,696.54,"139,308",0
EMERALD STEEL PROCESSING LLC - MADISON HEIGHTS FACILITY,48071STLPR31624,2024,26125181100,"116,262",0,0,0,0,0,48071,31624 STEPHENSON HWY,"MADISON HEIGHTS, MI","OAKLAND, MI",42.52497904,-83.11951882,Zinc compounds (N982),332 Fabricated Metals,332811 Metal Heat Treating,NA,691.97,0.00,0.00,0.00,691.97,691.97,"68,515",0
LACKS TRIM SYSTEMS - 52ND STREET PAINT CENTRAL,4951WLCKST43155,2024,26081012604,"23,603",90,6,32,78,55,49512,4315 52ND ST SE,"GRAND RAPIDS, MI","KENT, MI",42.86904062,-85.55899954,Methanol (67-56-1),336 Transportation Equipment,336360 Motor Vehicle Seating and Interior Trim Manufacturing,LACKS ENTERPRISES INC,685.00,685.00,0.00,0.00,0.00,"69,534.00",123,0
WEBB CHEMICAL SERVICE CORP,49444WBBCH2708J,2024,26121004300,"60,581",56,21,98,0,61,49444,2708 JARMAN,"MUSKEGON HEIGHTS, MI","MUSKEGON, MI",43.20207671,-86.23092135,Nitric acid (7697-37-2),4246 Chemical Wholesalers,424690 Other Chemical and Allied Products Merchant Wholesalers,NA,684.66,14.66,0.00,0.00,670.00,941.70,"184,858",0
HOWMET CORP-PLANT 10,49461HWMTC3850W,2024,26121003702,"8,117",83,67,0,0,34,49461,3850 W WHITE LAKE DR,"WHITEHALL, MI","MUSKEGON, MI",43.38541792,-86.33760743,Cobalt (7440-48-4),331 Primary Metals,331529 Other Nonferrous Metal Foundries (except Die-Casting),HOWMET AEROSPACE INC,684.00,1.00,0.00,0.00,683.00,"2,274.00","19,040,000,000",0
LAKESHORE FITTINGS INC,4941WLKSHR1865I,2024,26139021204,"26,488",40,17,0,0,74,49417,1865 INDUSTRIAL PARK DR,"GRAND HAVEN, MI","OTTAWA, MI",43.03154988,-86.1920502,Zinc (fume or dust) (7440-66-6),332 Fabricated Metals,332721 Precision Turned Product Manufacturing,ALCO HOLDINGS,683.00,0.00,0.00,0.00,683.00,"1,304,872.00","68,300",0
AXALTA COATING SYSTEMS USA LLC-MOUNT CLEMENS PLANT,48043DPNTM400GR,2024,26099245200,"69,774",78,62,35,0,89,48043,400 GROESBECK HWY,"MOUNT CLEMENS, MI","MACOMB, MI",42.61385915,-82.88881704,Methanol (67-56-1),325 Chemicals,325510 Paint and Coating Manufacturing,AXALTA COATING SYSTEMS LLC,681.00,681.00,0.00,0.00,0.00,"108,018.00",123,0
ASAMA COLDWATER MANUFACTURING,49036SMCLD180AS,2024,26023951400,"13,275",16,82,34,0,40,49036,180 ASAMA PKWY,"COLDWATER, MI","BRANCH, MI",41.95315529,-84.97865584,Copper (7440-50-8),331 Primary Metals,331511 Iron Foundries,SUMITOMO CORP OF AMERICAS,680.76,1.51,3.25,0.00,676.00,"19,937.76","1,021,136",0
MAGNA-ENGINEERED GLASS,49424DNNLL3601J,2024,26139023102,"32,589",19,51,29,83,0,49424,3501 JOHN F DONNELLY DR,"HOLLAND, MI","OTTAWA, MI",42.8311759,-86.10382017,Diisocyanates (N120),336 Transportation Equipment,336390 Other Motor Vehicle Parts Manufacturing,MAGNA US HOLDING INC,680.00,680.00,0.00,0.00,0.00,"9,813.00","238,000,000",0
CURTIS METAL FINISHING CO,48078CRTSC6645S,2024,26099982001,"98,136",0,0,0,0,0,48313,6645 SIMS DR,"STERLING HEIGHTS, MI","MACOMB, MI",42.58932703,-83.04172465,Manganese compounds (N450),332 Fabricated Metals,"332812 Metal Coating, Engraving (except Jewelry and Silverware), and Allied Services to Manufactur..",CURTIS METAL FINISHING CO,679.95,0.00,0.00,0.00,679.95,679.95,"7,787,620",0
GM TRUCK GROUP FLINT ASSEMBLY PLANT,48551GMCTRG3100,2024,26049980000,"51,226",0,0,0,0,0,48551,G-3100 VAN SLYKE RD,"FLINT, MI","GENESEE, MI",42.96697513,-83.71257194,Copper (7440-50-8),336 Transportation Equipment,336110 Automobile and Light Duty Motor Vehicle Manufacturing,GENERAL MOTORS LLC,679.87,36.00,0.00,0.00,643.87,"2,983.00","1,019,805",0
ASAMA COLDWATER MANUFACTURING,49036SMCLD180AS,2024,26023951400,"13,275",16,82,34,0,40,49036,180 ASAMA PKWY,"COLDWATER, MI","BRANCH, MI",41.95315529,-84.97865584,Chromium (7440-47-3),331 Primary Metals,331511 Iron Foundries,SUMITOMO CORP OF AMERICAS,678.35,1.87,0.48,0.00,676.00,"12,441.35","1,301,514,288",0
DICASTAL N.A. INC,4883WDCSTL1DICA,2024,26117971200,"10,751",57,64,0,0,41,48838,1 DICASTAL DRIVE,"GREENVILLE, MI","MONTCALM, MI",43.19809171,-85.23659512,Xylene (mixed isomers) (1330-20-7),331 Primary Metals,331523 Nonferrous Metal Die-Casting Foundries,NA,677.52,540.83,0.00,0.00,136.69,"135,367.91","23,713",0
3M CO-DETROIT,48205NDSTR11900,2024,26163503200,"145,720",79,21,96,62,68,48205,11900 E 8 MILE RD,"DETROIT, MI","WAYNE, MI",42.44880789,-83.00265471,"1,2,4-Trimethylbenzene (95-63-6)",327 Nonmetallic Mineral Product,327910 Abrasive Product Manufacturing,3M CO,677.00,585.00,0.00,0.00,92.00,"14,733.00","43,130",1
WEBB CHEMICAL SERVICE CORP,49444WBBCH2708J,2024,26121004300,"60,581",56,21,98,0,61,49444,2708 JARMAN,"MUSKEGON HEIGHTS, MI","MUSKEGON, MI",43.20207671,-86.23092135,Methyl tert-butyl ether (1634-04-4),4246 Chemical Wholesalers,424690 Other Chemical and Allied Products Merchant Wholesalers,NA,672.41,672.41,0.00,0.00,0.00,672.41,"62,534",0
MPLX TERMINALS LLC - LANSING MI TERMINAL,48906LNSNG6300G,2024,26037010300,"16,298",64,43,0,0,29,48906,6300 W GRAND RIVER AVE,"LANSING, MI","CLINTON, MI",42.7810287,-84.64936291,n-Hexane (110-54-3),4247 Petroleum Bulk Terminals,424710 Petroleum Bulk Stations and Terminals,MARATHON PETROLEUM CORP,670.00,670.00,0.00,0.00,0.00,670.00,"3,350",0
MPLX TERMINALS LLC - ROMULUS MI TERMINAL,48174RMLSR28000,2024,26163585500,"57,324",57,20,64,0,51,48174,28001 CITRIN DR,"ROMULUS, MI","WAYNE, MI",42.24555362,-83.30829788,n-Hexane (110-54-3),4247 Petroleum Bulk Terminals,424710 Petroleum Bulk Stations and Terminals,MARATHON PETROLEUM CORP,670.00,670.00,0.00,0.00,0.00,670.00,"3,350",0
MCGEAN-ROHCO INC,48150MCGNR38521,2024,26163983301,"75,202",0,0,0,0,0,48150,38521 SCHOOLCRAFT AVE,"LIVONIA, MI","WAYNE, MI",42.38143278,-83.42303723,Dichloromethane (75-09-2),325 Chemicals,325180 Other Basic Inorganic Chemical Manufacturing,MCGEAN-ROHCO INC,664.16,203.30,0.00,0.00,460.86,"4,635.16","929,039",0
PHARMACIA & UPJOHN CO LLC A SUBSIDIARY OF PFIZER INC,49001THPJH7171P,2024,26077001905,"31,983",66,12,0,69,34,49002,7171 PORTAGE RD,"PORTAGE, MI","KALAMAZOO, MI",42.21133108,-85.55988021,Phenytoin (57-41-0),325 Chemicals,325412 Pharmaceutical Preparation Manufacturing,PFIZER INC,660.00,660.00,0.00,0.00,0.00,660.00,0,0
DETROIT ASSEMBLY COMPLEX MACK,4821WDTRTS4STJE,2024,26163514100,"124,212",56,18,98,0,46,48214,4000 ST JEAN ST,"DETROIT, MI","WAYNE, MI",42.37978444,-82.97886412,Sodium nitrite (7632-00-0),336 Transportation Equipment,336110 Automobile and Light Duty Motor Vehicle Manufacturing,FCA US LLC,659.40,0.81,0.00,0.00,658.59,"7,245.36","6,594",0
DETROIT ASSEMBLY COMPLEX MACK,4821WDTRTS4STJE,2024,26163514100,"124,212",56,18,98,0,46,48214,4000 ST JEAN ST,"DETROIT, MI","WAYNE, MI",42.37978444,-82.97886412,Toluene (108-88-3),336 Transportation Equipment,336110 Automobile and Light Duty Motor Vehicle Manufacturing,FCA US LLC,658.78,658.78,0.00,0.00,0.00,"5,107.55",461,0
THE DOW CHEMICAL CO,48667THDWCMICHI,2024,26111290600,"25,530",74,14,85,0,68,48667,1790 BUILDING,"MIDLAND, MI","MIDLAND, MI",43.6095201,-84.2393991,Chloromethane (74-87-3),325 Chemicals,325211 Plastics Material and Resin Manufacturing,DOW INC,640.00,530.00,110.00,0.00,0.00,"311,681.00","482,200",0
ARCELORMITTAL TAILORED BLANKS AMERICAS CORP,4821WRCLRM865MU,2024,26163505800,"124,397",51,65,99,76,88,48211,8650 MOUNT ELLIOTT ST,"DETROIT, MI","WAYNE, MI",42.39168088,-83.03726917,Manganese (7439-96-5),336 Transportation Equipment,336370 Motor Vehicle Metal Stamping,NA,639.00,0.00,0.00,0.00,639.00,"225,015.00","7,668,000",0
HUTCHINSON ANTIVIBRATION SYSTEMS INC,49601PLSTR6007T,2024,26165380700,"12,868",76,20,69,0,73,49601,600 7TH ST,"CADILLAC, MI","WEXFORD, MI",44.26074658,-85.41339726,Ethylbenzene (100-41-4),326 Plastics and Rubber,326291 Rubber Product Manufacturing for Mechanical Use,HUTCHINSON NORTH AMERICA,639.00,639.00,0.00,0.00,0.00,"27,700.00","568,710",0
R J MARSHALL CO,48133RJMRS1740E,2024,26115833600,"5,215",50,75,52,0,48,48133,1740 ERIE RD,"ERIE, MI","MONROE, MI",41.7939485,-83.50609534,Zinc compounds (N982),325 Chemicals,325180 Other Basic Inorganic Chemical Manufacturing,THE R J MARSHALL CO,635.00,10.00,0.00,0.00,625.00,635.00,"52,863",0
K C JONES PLATING CO,48030KCJNS321WT,2024,26125181500,"140,124",25,31,29,0,26,48030,321 W TEN MILE RD,"HAZEL PARK, MI","OAKLAND, MI",42.47601645,-83.1072768,Copper compounds (N100),332 Fabricated Metals,"332813 Electroplating, Plating, Polishing, Anodizing, and Coloring",K C JONES PLATING CO,634.00,10.00,1.00,0.00,623.00,634.00,"951,000",0
MPLX TERMINALS LLC - BAY CITY MI TERMINAL,48706BYCTY1806M,2024,26017285900,"44,145",62,94,90,0,62,48706,1806 MARQUETTE ST,"BAY CITY, MI","BAY, MI",43.61888918,-83.86460666,Benzene (71-43-2),4247 Petroleum Bulk Terminals,424710 Petroleum Bulk Stations and Terminals,MARATHON PETROLEUM CORP,630.00,630.00,0.00,0.00,0.00,"1,173.00","17,640,000",0
MPLX TERMINALS LLC - JACKSON MI TERMINAL,49201JCKSN2090M,2024,26075005602,"12,883",22,72,28,0,50,49201,2090 MORRILL RD,"JACKSON, MI","JACKSON, MI",42.31003859,-84.42477118,n-Hexane (110-54-3),4247 Petroleum Bulk Terminals,424710 Petroleum Bulk Stations and Terminals,MARATHON PETROLEUM CORP,620.00,620.00,0.00,0.00,0.00,620.00,"3,100",0
VENTRA EVART LLC,49631VRTPR601WS,2024,26133970400,"3,127",51,75,84,0,91,49631,601 W SEVENTH ST,"EVART, MI","OSCEOLA, MI",43.90066423,-85.26622672,Cyclohexane (110-82-7),336 Transportation Equipment,336390 Other Motor Vehicle Parts Manufacturing,FLEX-N-GATE CORP,617.65,617.65,0.00,0.00,0.00,"22,134.65",358,0
MICHIGAN METAL COATINGS,48060STVNS2015D,2024,26147620000,"30,088",0,0,0,0,0,48060,2015 DOVE ST,"PORT HURON, MI","ST. CLAIR, MI",42.95192632,-82.44889921,Manganese (7439-96-5),332 Fabricated Metals,"332812 Metal Coating, Engraving (except Jewelry and Silverware), and Allied Services to Manufactur..",MMC SYSTEMS,617.00,62.00,0.00,0.00,555.00,618.00,"7,404,000",0
QUAKER HOUGHTON DETROIT,48228PPRTL9100F,2024,26163535800,"182,088",0,84,97,0,88,48228,9100 FREELAND AVE,"DETROIT, MI","WAYNE, MI",42.36102028,-83.18359428,Chromium compounds (N090),324 Petroleum Products,324191 Petroleum Lubricating Oil and Grease Manufacturing,QUAKER HOUGHTON,616.00,0.00,0.00,0.00,616.00,616.00,"13,404,160,000",0
HUTCHINSON ANTIVIBRATION SYSTEMS INC,49601PLSTR6007T,2024,26165380700,"12,868",76,20,69,0,73,49601,600 7TH ST,"CADILLAC, MI","WEXFORD, MI",44.26074658,-85.41339726,Toluene (108-88-3),326 Plastics and Rubber,326291 Rubber Product Manufacturing for Mechanical Use,HUTCHINSON NORTH AMERICA,610.00,610.00,0.00,0.00,0.00,"26,441.00",427,0
THE DELFIELD CO,48858THDLF980SO,2024,26073940300,"20,825",31,81,59,0,43,48858,980 S ISABELLA RD,"MOUNT PLEASANT, MI","ISABELLA, MI",43.62652872,-84.74829505,Chromium (7440-47-3),333 Machinery,333415 Air-Conditioning and Warm Air Heating Equipment and Commercial and Industrial Refrigeration..,THE DELFIELD CO,607.08,10.00,0.00,0.00,597.08,"290,872.53","1,165,593,600",0
NCP COATINGS LLC,49120NLSCH225FO,2024,26021021000,"22,316",0,81,0,0,84,49120,225 FORT ST,"NILES, MI","BERRIEN, MI",41.8125525,-86.2560034,Cobalt compounds (N096),325 Chemicals,325510 Paint and Coating Manufacturing,NCP INTERMEDIATE HOLDINGS INC,604.00,0.00,0.00,0.00,604.00,604.00,"16,912,000,000",1
A.G. SIMPSON (USA) INC.,48077CSHMM6640S,2024,26099982002,"96,858",0,0,0,0,0,48312,6640 STERLING DR S,"STERLING HEIGHTS, MI","MACOMB, MI",42.54334745,-83.04137855,Nickel compounds (N495),332 Fabricated Metals,"332813 Electroplating, Plating, Polishing, Anodizing, and Coloring",A G SIMPSON (USA) INC,603.66,12.00,8.27,0.00,583.39,"38,972.26","541,124,345",0
JAYTEC LLC,49423CLNLS620SP,2024,26115830700,"7,297",27,73,90,0,79,48160,620 S PLATT RD,"MILAN, MI","MONROE, MI",42.07244416,-83.69544053,Manganese (7439-96-5),336 Transportation Equipment,336370 Motor Vehicle Metal Stamping,AUTOKINITON US HOLDINGS INC,601.00,569.00,0.00,0.00,32.00,"131,703.00","7,212,000",0
GM TRUCK GROUP FLINT ASSEMBLY PLANT,48551GMCTRG3100,2024,26049980000,"51,226",0,0,0,0,0,48551,G-3100 VAN SLYKE RD,"FLINT, MI","GENESEE, MI",42.96697513,-83.71257194,Toluene (108-88-3),336 Transportation Equipment,336370 Motor Vehicle Metal Stamping,GENERAL MOTORS LLC,600.00,600.00,0.00,0.00,0.00,600.00,420,0
ALUDYNE MONTAGUE LLC,49437HYSLM5353W,2024,26121003800,"7,042",42,86,31,0,28,49437,5353 WILCOX RD,"MONTAGUE, MI","MUSKEGON, MI",43.41157191,-86.37107931,Copper compounds (N100),336 Transportation Equipment,336330 Motor Vehicle Steering and Suspension Components (except Spring) Manufacturing,ALUDYNE INC,591.04,7.54,0.00,0.00,583.50,"4,697.94","886,560",0
ADAC AUTOMOTIVE MUSKEGON PLANT  PORT CITY & KEATING,49442DCPLS2050P,2024,26121000402,"52,782",32,25,94,0,82,49442,2050 PORT CITY BLVD & 1801 KEATING AVE,"MUSKEGON, MI","MUSKEGON, MI",43.21607999,-86.19580598,Xylene (mixed isomers) (1330-20-7),336 Transportation Equipment,336390 Other Motor Vehicle Parts Manufacturing,ADAC PLASTICS INC,589.16,589.16,0.00,0.00,0.00,"28,572.96","20,621",0
GAGE PRODUCTS CO,48220GGPRD625WA,2024,26125173600,"148,304",15,29,26,0,39,48220,625 WANDA ST,"FERNDALE, MI","OAKLAND, MI",42.45155981,-83.11350414,n-Butyl alcohol (71-36-3),325 Chemicals,325510 Paint and Coating Manufacturing,NA,584.00,584.00,0.00,0.00,0.00,"1,179,432.00","5,840",0
ARMADA RUBBER MANUFACTURING CO,48005RMDRB24586,2024,26099212000,"4,287",29,65,34,0,10,48005,24586 ARMADA RIDGE RD,"ARMADA, MI","MACOMB, MI",42.84582292,-82.86856023,Zinc compounds (N982),326 Plastics and Rubber,326299 All Other Rubber Product Manufacturing,NA,578.00,0.00,0.00,0.00,578.00,909.00,"57,800",1
THE DOW CHEMICAL CO,48667THDWCMICHI,2024,26111290600,"25,530",74,14,85,0,68,48667,1790 BUILDING,"MIDLAND, MI","MIDLAND, MI",43.6095201,-84.2393991,Tetrachloroethylene (127-18-4),325 Chemicals,325211 Plastics Material and Resin Manufacturing,DOW INC,572.00,551.00,21.00,0.00,0.00,"130,572.00","556,530",0
MPLX TERMINALS LLC - NORTH MUSKEGON MI TERMINAL,49445NRTHM3005H,2024,26121001500,"24,989",54,38,56,0,37,49445,3005 HOLTON RD,"NORTH MUSKEGON, MI","MUSKEGON, MI",43.27027437,-86.24517486,Benzene (71-43-2),4247 Petroleum Bulk Terminals,424710 Petroleum Bulk Stations and Terminals,MARATHON PETROLEUM CORP,570.00,570.00,0.00,0.00,0.00,570.00,"15,960,000",0
AXALTA COATING SYSTEMS USA LLC-MOUNT CLEMENS PLANT,48043DPNTM400GR,2024,26099245200,"69,774",78,62,35,0,89,48043,400 GROESBECK HWY,"MOUNT CLEMENS, MI","MACOMB, MI",42.61385915,-82.88881704,Ethylbenzene (100-41-4),325 Chemicals,325510 Paint and Coating Manufacturing,AXALTA COATING SYSTEMS LLC,569.00,569.00,0.00,0.00,0.00,"5,507.40","506,410",0
US ECOLOGY ROMULUS INC.,48174MCHGN36345,2024,26163566700,"58,595",14,15,80,62,67,48174,36345 VAN BORN RD,"ROMULUS, MI","WAYNE, MI",42.26636477,-83.39639946,N-Methyl-2-pyrrolidone (872-50-4),562 Hazardous Waste,562211 Hazardous Waste Treatment and Disposal,REPUBLIC SERVICES INC,568.64,484.00,0.00,0.00,84.64,"1,345,473.00",0,0
ALBAR INDUSTRIES INC,48446LBRND780WH,2024,26087337500,"14,180",82,58,30,0,43,48446,780 WHITNEY DR,"LAPEER, MI","LAPEER, MI",43.04097602,-83.30776486,Ethylbenzene (100-41-4),326 Plastics and Rubber,326199 All Other Plastics Product Manufacturing,ALBAR INDUSTRIES INC,564.00,564.00,0.00,0.00,0.00,671.00,"501,960",0
"LYMTAL INTERNATIONAL,INC.",48057HSPTR4150S,2024,26125128400,"31,968",73,50,30,71,73,48359,4150 S LAPEER RD,"LAKE ORION, MI","OAKLAND, MI",42.71882581,-83.24287105,"1,2,4-Trimethylbenzene (95-63-6)",325 Chemicals,325510 Paint and Coating Manufacturing,NA,561.30,556.30,5.00,0.00,0.00,"2,539.30","32,765",1
GENERAL MOTORS LANSING DELTA TOWNSHIP,48917GNRLM85REL,2024,26045020302,"10,044",63,24,60,0,0,48917,8175 MILLETT HWY,"LANSING, MI","EATON, MI",42.69753322,-84.67379564,Methanol (67-56-1),336 Transportation Equipment,336110 Automobile and Light Duty Motor Vehicle Manufacturing,GENERAL MOTORS LLC,560.00,560.00,0.00,0.00,0.00,"8,450.00",101,0
JOHNSON TECHNOLOGY INC,49441JHNSN66NRT,2024,26121002602,"16,065",64,67,30,0,49,49441,6060 NORTON CENTER DR,"NORTON SHORES, MI","MUSKEGON, MI",43.14229349,-86.21785131,Nickel (7440-02-0),336 Transportation Equipment,336412 Aircraft Engine and Engine Parts Manufacturing,GENERAL ELECTRIC CO (GE CO),558.00,0.00,0.00,0.00,558.00,"125,058.00","518,940,000",0
PLASTIC PLATE INC-MONROE PLANT,49503PLSTC1648M,2024,26081000900,"101,657",68,21,33,0,54,49505,1648 MONROE AVE NW,"GRAND RAPIDS, MI","KENT, MI",42.99285169,-85.67045601,Copper compounds (N100),332 Fabricated Metals,"332813 Electroplating, Plating, Polishing, Anodizing, and Coloring",LACKS ENTERPRISES INC,554.00,9.00,0.00,0.00,545.00,"13,194.00","831,000",0
METAL TECHNOLOGIES INC.  RAVENNA DUCTILE IRON,49451SLDPW3800A,2024,26121002900,"2,641",57,33,43,60,39,49451,3800 ADAMS RD,"RAVENNA, MI","MUSKEGON, MI",43.18233844,-85.93786433,Lead (7439-92-1),331 Primary Metals,331511 Iron Foundries,METAL TECHNOLOGIES INC,551.00,3.00,0.00,0.00,548.00,"1,263.00","12,673,000",1
MPLX TERMINALS LLC - LANSING MI TERMINAL,48906LNSNG6300G,2024,26037010300,"16,298",64,43,0,0,29,48906,6300 W GRAND RIVER AVE,"LANSING, MI","CLINTON, MI",42.7810287,-84.64936291,Toluene (108-88-3),4247 Petroleum Bulk Terminals,424710 Petroleum Bulk Stations and Terminals,MARATHON PETROLEUM CORP,550.00,550.00,0.00,0.00,0.00,551.00,385,0
MPLX TERMINALS LLC - ROMULUS MI TERMINAL,48174RMLSR28000,2024,26163585500,"57,324",57,20,64,0,51,48174,28001 CITRIN DR,"ROMULUS, MI","WAYNE, MI",42.24555362,-83.30829788,Toluene (108-88-3),4247 Petroleum Bulk Terminals,424710 Petroleum Bulk Stations and Terminals,MARATHON PETROLEUM CORP,550.00,550.00,0.00,0.00,0.00,574.00,385,0
DDP SPECIALTY ELECTRONIC MATERIALS US LLC,4864WDDPSP34SSA,2024,26111290600,"29,731",74,14,85,0,68,48640,3400 S SAGINAW RD - UNIT 96,"MIDLAND, MI","MIDLAND, MI",43.60102204,-84.20774568,Chloromethyl methyl ether (107-30-2),325 Chemicals,325199 All Other Basic Organic Chemical Manufacturing,DUPONT DE NEMOURS INC,549.00,549.00,0.00,0.00,0.00,"1,813.00",0,0
DDP SPECIALTY ELECTRONIC MATERIALS US LLC,4864WDDPSP34SSA,2024,26111290600,"29,731",74,14,85,0,68,48640,3400 S SAGINAW RD - UNIT 96,"MIDLAND, MI","MIDLAND, MI",43.60102204,-84.20774568,"N,N-Dimethylformamide (68-12-2)",325 Chemicals,325199 All Other Basic Organic Chemical Manufacturing,DUPONT DE NEMOURS INC,549.00,549.00,0.00,0.00,0.00,"17,968.00","65,880",0
WAYNE DISPOSAL INC,48111WYNDS49350,2024,26163986501,"28,882",0,0,0,0,0,48111,49350 N I-94 SERVICE DR,"BELLEVILLE, MI","WAYNE, MI",42.21950635,-83.52417321,Pentachlorobenzene (608-93-5),562 Hazardous Waste,562211 Hazardous Waste Treatment and Disposal,REPUBLIC SERVICES INC,549.00,0.00,0.00,549.00,0.00,549.00,"713,700",0
GREAT LAKES CASTINGS LLC,49431GRTLK800NW,2024,26105950400,"11,558",90,53,51,0,37,49431,800 N WASHINGTON AVE,"LUDINGTON, MI","MASON, MI",43.96511134,-86.4392229,Lead (7439-92-1),331 Primary Metals,331511 Iron Foundries,RESERVE GROUP MANAGEMENT CO,543.67,213.63,0.00,0.00,330.04,"2,653.47","12,501,710",0
VENTRA IONIA MAIN LLC,48846MRCNB14NOR,2024,26067031700,"10,724",39,39,25,0,57,48846,14 N BEARDSLEY RD,"IONIA, MI","IONIA, MI",42.98536297,-85.03008498,Nickel compounds (N495),336 Transportation Equipment,336390 Other Motor Vehicle Parts Manufacturing,FLEX-N-GATE CORP,538.00,0.00,0.00,0.00,538.00,"167,237.00","478,952,093",0
CARBON GREEN BIOENERGY,48849SBWDB7795S,2024,26045020700,"1,390",59,71,83,0,64,48849,7795 SADDLEBAG LAKE ROAD,"LAKE ODESSA, MI","BARRY, MI",42.76664184,-85.0743491,Toluene (108-88-3),325 Chemicals,325193 Ethyl Alcohol Manufacturing,NA,537.77,537.77,0.00,0.00,0.00,920.33,376,0
MICHIGAN AUTOMOTIVE COMPRESSOR  INC.,49269MCHGN2400N,2024,26075006500,"4,298",35,87,35,57,37,49269,2400 N DEARING RD,"PARMA, MI","JACKSON, MI",42.26599635,-84.53948065,Zinc compounds (N982),336 Transportation Equipment,336390 Other Motor Vehicle Parts Manufacturing,TOYOTA INDUSTRIES NORTH AMERICA,537.71,0.00,0.00,0.00,537.71,"73,326.21","52,408",0
CARBON GREEN BIOENERGY,48849SBWDB7795S,2024,26045020700,"1,390",59,71,83,0,64,48849,7795 SADDLEBAG LAKE ROAD,"LAKE ODESSA, MI","BARRY, MI",42.76664184,-85.0743491,Xylene (mixed isomers) (1330-20-7),325 Chemicals,325193 Ethyl Alcohol Manufacturing,NA,532.50,532.50,0.00,0.00,0.00,915.06,"18,638",0
DTE ELECTRIC CO - MONROE POWER PLANT,48161DTRTD3500E,2024,26115831800,"5,963",0,0,0,0,0,48161,3500 E FRONT ST,"MONROE, MI","MONROE, MI",41.89241917,-83.35195721,Mercury compounds (N458),2211 Electric Utilities,221112 Fossil Fuel Electric Power Generation,DTE ENERGY CO,530.60,18.28,0.23,0.00,512.09,530.60,"6,366,700",0
BILLERUD QUINNESEC,49876CHMPNUSHIG,2024,26043950300,"5,480",46,23,42,0,18,49876,W 6791 US HWY 2,"QUINNESEC, MI","DICKINSON, MI",45.80204895,-87.95895733,Lead compounds (N420),322 Paper,322110 Pulp Mills,BILLERUD AMERICAS CORP,528.42,56.60,27.28,444.54,0.00,528.42,"9,794,560",0
W. R. GRACE & CO.-CONN.,49090WYCKF1421K,2024,26159010400,"8,031",91,76,37,0,56,49090,1421 KALAMAZOO ST,"SOUTH HAVEN, MI","VAN BUREN, MI",42.38306959,-86.27544911,Toluene (108-88-3),325 Chemicals,325411 Medicinal and Botanical Manufacturing,W R GRACE & CO,528.10,528.00,0.00,0.00,0.10,"261,934.10",371,0
ORAFOL,4835WKPMFS67KAY,2024,26125128900,"33,599",70,8,32,66,22,48359,67 KAY INDUSTRIAL DR,"LAKE ORION, MI","OAKLAND, MI",42.71678296,-83.23997852,"1,2,4-Trimethylbenzene (95-63-6)",326 Plastics and Rubber,326113 Unlaminated Plastics Film and Sheet (except Packaging) Manufacturing,ORAFOL INTERNATIONAL,524.43,524.43,0.00,0.00,0.00,"3,399.03","30,417",0
MARATHON PIPE LINE - WOODHAVEN TERMINAL,48183MRTHN24400,2024,26163982102,"53,295",0,0,0,0,0,48183,24400 ALLEN RD,"WOODHAVEN, MI","WAYNE, MI",42.13167881,-83.2258383,Propylene (115-07-1),4247 Petroleum Bulk Terminals,424710 Petroleum Bulk Stations and Terminals,MARATHON PETROLEUM CORP,520.00,520.00,0.00,0.00,0.00,"4,520.00",624,0
METAL FORMING TECHNOLOGY INC,4805WMTLFR4863S,2024,26099221100,"43,028",88,18,0,0,49,48051,48630 STRUCTURAL DR,"CHESTERFIELD, MI","MACOMB, MI",42.65720942,-82.85317172,Copper (7440-50-8),332 Fabricated Metals,332112 Nonferrous Forging,NA,519.40,0.00,0.00,0.00,519.40,519.40,"779,100",0
ARKEMA INC,49507PLYMR1415S,2024,26081003800,"130,521",81,5,83,95,98,49507,1415 STEELE AVE SW,"GRAND RAPIDS, MI","KENT, MI",42.9387233,-85.67574584,Phthalic anhydride (85-44-9),325 Chemicals,325211 Plastics Material and Resin Manufacturing,ARKEMA DELAWARE INC,519.00,19.00,0.00,0.00,500.00,769.00,"93,420",0
NUTRITION & BIOSCIENCES USA 1 LLC MIDLAND,4864WNTRTN34SSB,2024,26111290600,"27,335",74,14,85,0,68,48640,3400 S SAGINAW RD,"MIDLAND, MI","MIDLAND, MI",43.60102204,-84.20774568,Chloroethane (75-00-3),325 Chemicals,325211 Plastics Material and Resin Manufacturing,INTERNATIONAL FLAVORS & FRAGRANCES INC,513.00,513.00,0.00,0.00,0.00,"5,466.15",180,0
MPLX TERMINALS LLC - JACKSON MI TERMINAL,49201JCKSN2090M,2024,26075005602,"12,883",22,72,28,0,50,49201,2090 MORRILL RD,"JACKSON, MI","JACKSON, MI",42.31003859,-84.42477118,Toluene (108-88-3),4247 Petroleum Bulk Terminals,424710 Petroleum Bulk Stations and Terminals,MARATHON PETROLEUM CORP,510.00,510.00,0.00,0.00,0.00,515.00,357,0
MPLX TERMINALS LLC - NILES MI TERMINAL,49120MRTHN2216S,2024,26021021100,"20,662",80,89,49,0,47,49120,2216 S 3RD ST,"NILES, MI","BERRIEN, MI",41.78687345,-86.25481823,Xylene (mixed isomers) (1330-20-7),4247 Petroleum Bulk Terminals,424710 Petroleum Bulk Stations and Terminals,MARATHON PETROLEUM CORP,510.00,480.00,0.00,0.00,30.00,511.00,"17,850",0
REPUBLIC INDUSTRIAL & ENERGY SOLUTIONS LLC,4817WRPBLC2847C,2024,26163585500,"54,199",57,20,64,0,51,48174,28470 CITRIN DR,"ROMULUS, MI","WAYNE, MI",42.24413692,-83.31844219,Lead (7439-92-1),562 Hazardous Waste,562211 Hazardous Waste Treatment and Disposal,REPUBLIC SERVICES INC,507.00,0.00,0.00,504.00,3.00,507.00,"9,141,000",0
SHERWIN-WILLIAMS CO,49423GRDSM636E4,2024,26005032401,"30,689",81,35,51,73,72,49423,636 E 40TH ST,"HOLLAND, MI","ALLEGAN, MI",42.76200737,-86.07937104,Cyclohexane (110-82-7),325 Chemicals,325510 Paint and Coating Manufacturing,THE SHERWIN-WILLIAMS CO,506.00,506.00,0.00,0.00,0.00,"1,780.00",293,0
TENNECO AUTOMOTIVE OPERATING CO INC.,49252TNNCT929AN,2024,26059050300,"2,133",66,70,45,58,65,49252,929 ANDERSON RD,"LITCHFIELD, MI","HILLSDALE, MI",42.08020943,-84.75854691,Chromium (7440-47-3),336 Transportation Equipment,336390 Other Motor Vehicle Parts Manufacturing,TENNECO INC,503.00,503.00,0.00,0.00,0.00,"305,494.00","1,609,600,000",0
AKZONOBEL COATINGS INC,48341KZCTN2527B,2024,26125142700,"68,437",88,11,92,0,75,48341,120 FRANKLIN RD,"PONTIAC, MI","OAKLAND, MI",42.62538948,-83.28873696,"1,2,4-Trimethylbenzene (95-63-6)",325 Chemicals,325510 Paint and Coating Manufacturing,AKZO NOBEL INC,500.00,500.00,0.00,0.00,0.00,"68,084.00","29,000",1
AKZONOBEL COATINGS INC,48341KZCTN2527B,2024,26125142700,"68,437",88,11,92,0,75,48341,120 FRANKLIN RD,"PONTIAC, MI","OAKLAND, MI",42.62538948,-83.28873696,Ethylbenzene (100-41-4),325 Chemicals,325510 Paint and Coating Manufacturing,AKZO NOBEL INC,500.00,500.00,0.00,0.00,0.00,"4,502.80","445,000",1
AKZONOBEL COATINGS INC,48341KZCTN2527B,2024,26125142700,"68,437",88,11,92,0,75,48341,120 FRANKLIN RD,"PONTIAC, MI","OAKLAND, MI",42.62538948,-83.28873696,Methyl isobutyl ketone (108-10-1),325 Chemicals,325510 Paint and Coating Manufacturing,AKZO NOBEL INC,500.00,500.00,0.00,0.00,0.00,"11,129.40",600,1
AKZONOBEL COATINGS INC,48341KZCTN2527B,2024,26125142700,"68,437",88,11,92,0,75,48341,120 FRANKLIN RD,"PONTIAC, MI","OAKLAND, MI",42.62538948,-83.28873696,n-Butyl alcohol (71-36-3),325 Chemicals,325510 Paint and Coating Manufacturing,AKZO NOBEL INC,500.00,500.00,0.00,0.00,0.00,"25,748.00","5,000",1
AKZONOBEL COATINGS INC,48341KZCTN2527B,2024,26125142700,"68,437",88,11,92,0,75,48341,120 FRANKLIN RD,"PONTIAC, MI","OAKLAND, MI",42.62538948,-83.28873696,Styrene (100-42-5),325 Chemicals,325510 Paint and Coating Manufacturing,AKZO NOBEL INC,500.00,500.00,0.00,0.00,0.00,"68,084.00","1,750",1
AKZONOBEL COATINGS INC,48341KZCTN2527B,2024,26125142700,"68,437",88,11,92,0,75,48341,120 FRANKLIN RD,"PONTIAC, MI","OAKLAND, MI",42.62538948,-83.28873696,Toluene (108-88-3),325 Chemicals,325510 Paint and Coating Manufacturing,AKZO NOBEL INC,500.00,500.00,0.00,0.00,0.00,"9,636.00",350,1
AKZONOBEL COATINGS INC,48341KZCTN2527B,2024,26125142700,"68,437",88,11,92,0,75,48341,120 FRANKLIN RD,"PONTIAC, MI","OAKLAND, MI",42.62538948,-83.28873696,Xylene (mixed isomers) (1330-20-7),325 Chemicals,325510 Paint and Coating Manufacturing,AKZO NOBEL INC,500.00,500.00,0.00,0.00,0.00,"68,084.00","17,500",1
AMERICAN AXLE & MANUFACTURING INC,49093GNRLM1HYDR,2024,26149040100,"11,927",19,17,33,0,38,49093,ONE MANUFACTURING DR,"THREE RIVERS, MI","ST JOSEPH, MI",41.95478453,-85.64178379,Manganese (7439-96-5),336 Transportation Equipment,336350 Motor Vehicle Transmission and Power Train Parts Manufacturing,AMERICAN AXLE & MANUFACTURING HOLDINGS INC,500.00,0.00,0.00,0.00,500.00,750.00,"3,001,775",0
DYNO NOBEL INC,49849RCNCRCORD4,2024,26103002200,"4,465",54,64,74,0,51,49849,9045 COUNTY RD 476,"ISHPEMING, MI","MARQUETTE, MI",46.44779895,-87.68433342,Ammonia (7664-41-7),325 Chemicals,325920 Explosives Manufacturing,DYNO NOBEL INC,500.00,500.00,0.00,0.00,0.00,703.00,"3,500",0
GENERAL MOTORS GM VA FACTORY ZERO ASSEMBLY PLANT,48211CDLLC2500E,2024,26163985100,"126,564",0,5,96,0,80,48211,2500 E GENERAL MOTORS BLVD,"DETROIT, MI","WAYNE, MI",42.37659651,-83.05238398,Ethylbenzene (100-41-4),336 Transportation Equipment,336110 Automobile and Light Duty Motor Vehicle Manufacturing,GENERAL MOTORS LLC,500.00,500.00,0.00,0.00,0.00,"28,000.00","445,000",0
OERLIKON METCO (US) TROY/OERLIKON METCO (US) TROY,48084SLZRP1972M,2024,26125183000,"102,284",29,45,51,0,57,48084,1972 MEIJER DR,"TROY, MI","OAKLAND, MI",42.54021901,-83.17000761,Nickel compounds (N495),331 Primary Metals,"331492 Secondary Smelting, Refining, and Alloying of Nonferrous Metal (except Copper and Aluminum)",OERLIKON METCO (US) INC,500.00,500.00,0.00,0.00,0.00,"140,009.00","465,000,000",1
Z TECHNOLOGIES CORP,48239ZBRTN26500,2024,26163555100,"103,199",13,10,39,0,73,48239,26500 CAPITOL AVE,"REDFORD, MI","WAYNE, MI",42.3752893,-83.30477473,Ammonia (7664-41-7),325 Chemicals,325510 Paint and Coating Manufacturing,NA,500.00,500.00,0.00,0.00,0.00,500.00,"3,500",0
Z TECHNOLOGIES CORP,48239ZBRTN26500,2024,26163555100,"103,199",13,10,39,0,73,48239,26500 CAPITOL AVE,"REDFORD, MI","WAYNE, MI",42.3752893,-83.30477473,n-Butyl alcohol (71-36-3),325 Chemicals,325510 Paint and Coating Manufacturing,NA,500.00,500.00,0.00,0.00,0.00,500.00,"5,000",0
Z TECHNOLOGIES CORP,48239ZBRTN26500,2024,26163555100,"103,199",13,10,39,0,73,48239,26500 CAPITOL AVE,"REDFORD, MI","WAYNE, MI",42.3752893,-83.30477473,Xylene (mixed isomers) (1330-20-7),325 Chemicals,325510 Paint and Coating Manufacturing,NA,500.00,500.00,0.00,0.00,0.00,500.00,"17,500",0
FCA US STERLING STAMPING PLANT,48077STRLN35777,2024,26099982002,"97,953",0,0,0,0,0,48312,35777 VAN DYKE,"STERLING HEIGHTS, MI","MACOMB, MI",42.55585784,-83.02948518,Zinc compounds (N982),336 Transportation Equipment,336370 Motor Vehicle Metal Stamping,FCA US LLC,495.00,7.00,0.00,0.00,488.00,495.00,"49,500",0
ADVANCED MICRONUTRIENT PRODUCTS INC,48757GRCCH2405S,2024,26145011200,"1,850",30,74,45,0,32,48757,2405 W VASSAR RD M-15,"REESE, MI","SAGINAW, MI",43.44175702,-83.75078382,Copper compounds (N100),325 Chemicals,325314 Fertilizer (Mixing Only) Manufacturing,NA,494.00,494.00,0.00,0.00,0.00,494.00,"741,000",0
FLAT ROCK ASSEMBLY PLANT,48134MZDMT1MAZD,2024,26163982000,"48,834",0,0,0,0,0,48134,1 INTERNATIONAL DR,"FLAT ROCK, MI","WAYNE, MI",42.10296609,-83.2436186,Toluene (108-88-3),336 Transportation Equipment,336370 Motor Vehicle Metal Stamping,FORD MOTOR CO,494.00,494.00,0.00,0.00,0.00,"2,620.00",346,0
SELFRIDGE PLATING INC.,48045SLFRD42081,2024,26099982100,"52,839",0,0,0,0,0,48045,42081 IRWIN,"HARRISON TOWNSHIP, MI","MACOMB, MI",42.60371409,-82.85176968,Cyanide compounds (N106),332 Fabricated Metals,"332813 Electroplating, Plating, Polishing, Anodizing, and Coloring",NA,493.10,487.00,1.60,0.00,4.50,"19,015.10","2,144,020",0
BDGN CORP DBA AMERICAN AUTOCOAT INC.,4942WMRCNT3565H,2024,26139021801,"19,017",89,67,53,0,21,49426,3565 HIGHLAND DR,"HUDSONVILLE, MI","OTTAWA, MI",42.85318079,-85.87005795,"1,2,4-Trimethylbenzene (95-63-6)",336 Transportation Equipment,336390 Other Motor Vehicle Parts Manufacturing,NA,492.00,440.00,0.00,0.00,52.00,"26,780.00","30,720",0
DDP SPECIALTY ELECTRONIC MATERIALS US LLC,4864WDDPSP34SSA,2024,26111290600,"29,731",74,14,85,0,68,48640,3400 S SAGINAW RD - UNIT 96,"MIDLAND, MI","MIDLAND, MI",43.60102204,-84.20774568,"1,2-Dichloroethane (107-06-2)",325 Chemicals,325199 All Other Basic Organic Chemical Manufacturing,DUPONT DE NEMOURS INC,489.00,489.00,0.00,0.00,0.00,"23,824.00","45,477,000",0
BASF CORP,48192BSFCR1609B,2024,26163580100,"83,157",54,24,35,0,37,481923729,1609 BIDDLE AVE,"WYANDOTTE, MI","WAYNE, MI",42.2177185,-83.15027742,Ethylene oxide (75-21-8),325 Chemicals,325211 Plastics Material and Resin Manufacturing,BASF CORP,486.86,196.00,2.00,5.00,283.86,"11,000.00","2,219,989,200",0
WAYNE DISPOSAL INC,48111WYNDS49350,2024,26163986501,"28,882",0,0,0,0,0,48111,49350 N I-94 SERVICE DR,"BELLEVILLE, MI","WAYNE, MI",42.21950635,-83.52417321,Hexachlorobenzene (118-74-1),562 Hazardous Waste,562211 Hazardous Waste Treatment and Disposal,REPUBLIC SERVICES INC,485.00,0.00,0.00,485.00,0.00,485.00,"776,000,000",0
EES COKE BATTERY LLC,48218SCKBT14ZUG,2024,26163985600,"69,556",0,0,0,0,0,48218,1400 ZUG ISLAND,"RIVER ROUGE, MI","WAYNE, MI",42.28876642,-83.11282517,Polycyclic aromatic compounds (N590),324 Petroleum Products,324199 All Other Petroleum and Coal Products Manufacturing,DTE ENERGY CO,483.00,220.00,0.00,0.00,263.00,"6,680.00","188,370,000",0
NEXTEER AUTOMOTIVE CORP,48601GMCSG3900H,2024,26145011002,"27,468",99,51,0,0,53,48601,3900 HOLLAND ROAD,"SAGINAW, MI","SAGINAW, MI",43.414546,-83.87992378,Manganese compounds (N450),336 Transportation Equipment,336330 Motor Vehicle Steering and Suspension Components (except Spring) Manufacturing,PCM US STEERING HOLDING LLC,482.03,95.91,0.00,0.00,386.12,"52,021.93","4,845,316",0
PROGRESSIVE SURFACE,4951WPRGRS4695D,2024,26081012608,"25,268",76,63,33,57,68,49512,4695 DANVERS DR SE,"GRAND RAPIDS, MI","KENT, MI",42.88687474,-85.54968969,Cobalt compounds (N096),333 Machinery,333998 All Other Miscellaneous General Purpose Machinery Manufacturing,NA,481.00,0.00,0.00,0.00,481.00,"14,923.00","13,468,000,000",0
US STEEL CORP GREAT LAKES WORKS,48229GRTLKNO1QU,2024,26163987000,-,0,0,0,0,0,48229,1 QUALITY DR,"ECORSE, MI","WAYNE, MI",42.2562099,-83.13423533,Hydrochloric acid (acid aerosols) (7647-01-0),331 Primary Metals,331110 Iron and Steel Mills and Ferroalloy Manufacturing,US STEEL CORP,481.00,481.00,0.00,0.00,0.00,"154,650.00","86,580",0
GENERAL MOTORS GM VA FACTORY ZERO ASSEMBLY PLANT,48211CDLLC2500E,2024,26163985100,"126,564",0,5,96,0,80,48211,2500 E GENERAL MOTORS BLVD,"DETROIT, MI","WAYNE, MI",42.37659651,-83.05238398,Methanol (67-56-1),336 Transportation Equipment,336110 Automobile and Light Duty Motor Vehicle Manufacturing,GENERAL MOTORS LLC,480.00,480.00,0.00,0.00,0.00,"20,680.00",86,0
GM TRUCK GROUP FLINT ASSEMBLY PLANT,48551GMCTRG3100,2024,26049980000,"51,226",0,0,0,0,0,48551,G-3100 VAN SLYKE RD,"FLINT, MI","GENESEE, MI",42.96697513,-83.71257194,Toluene (108-88-3),336 Transportation Equipment,336350 Motor Vehicle Transmission and Power Train Parts Manufacturing,GENERAL MOTORS LLC,480.00,480.00,0.00,0.00,0.00,480.00,336,0
FORD MOTOR CO DEARBORN TRUCK PLANT,48121FRDM23001M,2024,26163985700,"123,088",0,0,0,0,0,48120,3001 MILLER RD,"DEARBORN, MI","WAYNE, MI",42.30886967,-83.15678743,Ethylene glycol (107-21-1),336 Transportation Equipment,336110 Automobile and Light Duty Motor Vehicle Manufacturing,FORD MOTOR CO,472.00,0.00,0.00,0.00,472.00,"36,870.00",236,0
GMVM-LANSING GRAND RIVER ASSEMBLY,48921GMCGL920TO,2024,26065980200,"92,043",0,0,0,0,0,48933,920 TOWNSEND ST MAIL CODE: 489-066-600,"LANSING, MI","INGHAM, MI",42.72375252,-84.55561088,n-Hexane (110-54-3),336 Transportation Equipment,336110 Automobile and Light Duty Motor Vehicle Manufacturing,GENERAL MOTORS LLC,471.00,471.00,0.00,0.00,0.00,590.00,"2,355",0
KENT FOUNDRY,48838KNTFN1413C,2024,26117971200,"10,319",17,78,0,0,44,48838,1413 CALLAGHAN ST,"GREENVILLE, MI","MONTCALM, MI",43.18660349,-85.22768736,Phenol (108-95-2),331 Primary Metals,331511 Iron Foundries,NA,470.00,470.00,0.00,0.00,0.00,470.00,"8,460",0
WEBB CHEMICAL SERVICE CORP,49444WBBCH2708J,2024,26121004300,"60,581",56,21,98,0,61,49444,2708 JARMAN,"MUSKEGON HEIGHTS, MI","MUSKEGON, MI",43.20207671,-86.23092135,Tetrachloroethylene (127-18-4),4246 Chemical Wholesalers,424690 Other Chemical and Allied Products Merchant Wholesalers,NA,469.36,144.52,0.00,0.00,324.84,469.36,"816,568",0
WYMAN-GORDON CO,48116CMRNP7250W,2024,26093744600,"20,915",67,29,77,0,28,48116,7250 WHITMORE LAKE RD,"BRIGHTON, MI","LIVINGSTON, MI",42.49580499,-83.75817939,Chromium (7440-47-3),331 Primary Metals,"331492 Secondary Smelting, Refining, and Alloying of Nonferrous Metal (except Copper and Aluminum)",BERKSHIRE HATHAWAY INC,469.00,5.00,0.00,0.00,464.00,"373,345.00","900,480,000",0
SMR-AUTOMOTIVE SYSTEMS USA INC.,48040SCHFN1875B,2024,26147637300,"13,827",13,95,45,0,25,48040,1875 BUSHA HWY,"MARYSVILLE, MI","ST. CLAIR, MI",42.8982323,-82.48402708,Xylene (mixed isomers) (1330-20-7),336 Transportation Equipment,336390 Other Motor Vehicle Parts Manufacturing,NA,462.71,320.20,0.00,0.00,142.51,"20,082.12","16,195",1
MPLX TERMINALS LLC - NILES MI TERMINAL,49120MRTHN2216S,2024,26021021100,"20,662",80,89,49,0,47,49120,2216 S 3RD ST,"NILES, MI","BERRIEN, MI",41.78687345,-86.25481823,Cyclohexane (110-82-7),4247 Petroleum Bulk Terminals,424710 Petroleum Bulk Stations and Terminals,MARATHON PETROLEUM CORP,462.00,460.00,0.00,0.00,2.00,462.00,268,0
DDP SPECIALTY ELECTRONIC MATERIALS US LLC,4864WDDPSP34SSA,2024,26111290600,"29,731",74,14,85,0,68,48640,3400 S SAGINAW RD - UNIT 96,"MIDLAND, MI","MIDLAND, MI",43.60102204,-84.20774568,"1,3-Butadiene (106-99-0)",325 Chemicals,325199 All Other Basic Organic Chemical Manufacturing,DUPONT DE NEMOURS INC,461.00,461.00,0.00,0.00,0.00,"461,193.00","50,710,000",0
MPLX TERMINALS LLC - FLINT MI TERMINAL,48458FLNTMG6065,2024,26049012201,"40,755",63,30,95,62,89,48458,G-6065 N DORT HWY,"MOUNT MORRIS, MI","GENESEE, MI",43.09121177,-83.67460617,n-Hexane (110-54-3),4247 Petroleum Bulk Terminals,424710 Petroleum Bulk Stations and Terminals,MARATHON PETROLEUM CORP,460.00,460.00,0.00,0.00,0.00,460.00,"2,300",0
INNOVATIVE DESIGN SOLUTIONS,4831WNNVTV68115,2024,26099982002,"98,511",0,0,0,0,0,48312,6801 15 MILE RD,"STERLING HEIGHTS, MI","MACOMB, MI",42.55092043,-83.03941567,Lead (7439-92-1),334 Computers and Electronic Products,334418 Printed Circuit Assembly (Electronic Assembly) Manufacturing,LCI INDUSTRIES,455.52,0.00,0.00,0.00,455.52,"3,126.52","10,476,960",0
VENTRA EVART LLC,49631VRTPR601WS,2024,26133970400,"3,127",51,75,84,0,91,49631,601 W SEVENTH ST,"EVART, MI","OSCEOLA, MI",43.90066423,-85.26622672,n-Butyl alcohol (71-36-3),336 Transportation Equipment,336390 Other Motor Vehicle Parts Manufacturing,FLEX-N-GATE CORP,452.78,452.78,0.00,0.00,0.00,"19,265.78","4,528",0
FCA US STERLING HEIGHTS ASSEMBLY PLANT,48077STRLN38111,2024,26099231200,"94,944",17,19,0,82,54,48312,38111 VAN DYKE,"STERLING HEIGHTS, MI","MACOMB, MI",42.57039424,-83.03013673,Tetrabromobisphenol A (TBBPA) (79-94-7),336 Transportation Equipment,336110 Automobile and Light Duty Motor Vehicle Manufacturing,FCA US LLC,451.55,0.00,0.00,0.00,451.55,451.55,0,0
DDP SPECIALTY ELECTRONIC MATERIALS US 9 LLC. (HIMS),48626DWCRN1635N,2024,26145012002,"4,992",28,58,32,0,25,48626,1635 N GLEANER RD,"HEMLOCK, MI","SAGINAW, MI",43.43251809,-84.15066526,Xylene (mixed isomers) (1330-20-7),325 Chemicals,325412 Pharmaceutical Preparation Manufacturing,DUPONT DE NEMOURS INC,449.00,449.00,0.00,0.00,0.00,"142,149.00","15,715",0
HENKEL US OPERATIONS CORP,48091MCHMP23343,2024,26099263200,"125,648",28,38,82,0,67,48091,23343 SHERWOOD AVE,"WARREN, MI","MACOMB, MI",42.46588693,-83.03550307,Nitric acid (7697-37-2),325 Chemicals,325998 All Other Miscellaneous Chemical Product and Preparation Manufacturing,HENKEL OF AMERICA INC,448.00,448.00,0.00,0.00,0.00,"34,301.00","120,960",0
VENTRA EVART LLC,49631VRTPR601WS,2024,26133970400,"3,127",51,75,84,0,91,49631,601 W SEVENTH ST,"EVART, MI","OSCEOLA, MI",43.90066423,-85.26622672,Xylene (mixed isomers) (1330-20-7),336 Transportation Equipment,336390 Other Motor Vehicle Parts Manufacturing,FLEX-N-GATE CORP,445.49,445.49,0.00,0.00,0.00,"40,007.49","15,592",0
METREX RESEARCH,4817WMTRXR2821W,2024,26163586201,"42,779",15,12,44,0,47,48174,28210 WICK RD,"ROMULUS, MI","WAYNE, MI",42.23923269,-83.3161419,Certain glycol ethers (N230),325 Chemicals,325612 Polish and Other Sanitation Good Manufacturing,ENVISTA HOLDINGS CORP,445.10,357.00,0.00,0.00,88.10,"5,826.60","81,880",0
GENERAL SHALE BRICK INC. - PLANT 66,48817MCHGN3820S,2024,26155031700,"6,150",81,67,79,0,35,48817,3820 SERR RD,"CORUNNA, MI","SHIAWASSEE, MI",42.99494709,-84.08838546,Hydrogen fluoride (7664-39-3),327 Nonmetallic Mineral Product,327120 Clay Building Material and Refractories Manufacturing,GENERAL SHALE BRICK INC,445.00,445.00,0.00,0.00,0.00,"48,805.00","111,250",0
AMERICHEM SALES CO,48854MRCHM340NS,2024,26065006301,"9,702",53,10,22,0,39,48854,340 NORTH ST,"MASON, MI","INGHAM, MI",42.58427961,-84.44831437,Toluene (108-88-3),325 Chemicals,325998 All Other Miscellaneous Chemical Product and Preparation Manufacturing,NA,444.00,444.00,0.00,0.00,0.00,444.00,311,0
EFTEC N.A. LLC,48180MSTGC20219,2024,26163584501,"100,444",13,93,55,0,70,48180,20219 NORTHLINE RD,"TAYLOR, MI","WAYNE, MI",42.2129426,-83.23203724,Mixture (MIXTURE),325 Chemicals,325520 Adhesive Manufacturing,NA,440.00,0.00,0.00,0.00,440.00,440.00,0,1
GMVM-LANSING GRAND RIVER ASSEMBLY,48921GMCGL920TO,2024,26065980200,"92,043",0,0,0,0,0,48933,920 TOWNSEND ST MAIL CODE: 489-066-600,"LANSING, MI","INGHAM, MI",42.72375252,-84.55561088,Naphthalene (91-20-3),336 Transportation Equipment,336110 Automobile and Light Duty Motor Vehicle Manufacturing,GENERAL MOTORS LLC,440.00,440.00,0.00,0.00,0.00,"1,461.00","5,280,000",0
AUTOCAST INC,49418TCSTN4565S,2024,26081013200,"65,082",70,92,0,0,60,49418,4565 SPARTAN IND US TRIAL DR,"GRANDVILLE, MI","KENT, MI",42.88158335,-85.73648923,Copper (7440-50-8),331 Primary Metals,331523 Nonferrous Metal Die-Casting Foundries,NA,439.00,434.00,0.00,0.00,5.00,"20,047.00","658,500",0
GMVM-LANSING GRAND RIVER ASSEMBLY,48921GMCGL920TO,2024,26065980200,"92,043",0,0,0,0,0,48933,920 TOWNSEND ST MAIL CODE: 489-066-600,"LANSING, MI","INGHAM, MI",42.72375252,-84.55561088,Methyl isobutyl ketone (108-10-1),336 Transportation Equipment,336110 Automobile and Light Duty Motor Vehicle Manufacturing,GENERAL MOTORS LLC,439.00,439.00,0.00,0.00,0.00,"11,173.00",527,0
DDP SPECIALTY ELECTRONIC MATERIALS US LLC,4864WDDPSP34SSA,2024,26111290600,"29,731",74,14,85,0,68,48640,3400 S SAGINAW RD - UNIT 96,"MIDLAND, MI","MIDLAND, MI",43.60102204,-84.20774568,Hydrochloric acid (acid aerosols) (7647-01-0),325 Chemicals,325199 All Other Basic Organic Chemical Manufacturing,DUPONT DE NEMOURS INC,436.00,417.00,0.00,0.00,19.00,"487,509.00","78,480",0
J H CAMPBELL GENERATING PLANT,49460JHCMP17000,2024,26139022002,"2,772",34,62,82,0,47,49460,17000 CROSWELL ST,"WEST OLIVE, MI","OTTAWA, MI",42.92085153,-86.20634501,Mercury compounds (N458),2211 Electric Utilities,221112 Fossil Fuel Electric Power Generation,CMS ENERGY,435.80,62.10,0.00,373.70,0.00,435.80,"4,482,200",0
HENKEL US OPERATIONS CORP,48091MCHMP23343,2024,26099263200,"125,648",28,38,82,0,67,48091,23343 SHERWOOD AVE,"WARREN, MI","MACOMB, MI",42.46588693,-83.03550307,Sodium nitrite (7632-00-0),325 Chemicals,325998 All Other Miscellaneous Chemical Product and Preparation Manufacturing,HENKEL OF AMERICA INC,432.00,310.00,0.00,0.00,122.00,"24,849.00","4,320",0
FORD MOTOR CO - LIVONIA TRANSMISSION PLANT,48150FRDMT36200,2024,26163983302,"85,125",0,0,0,0,0,48150,36200 PLYMOUTH RD,"LIVONIA, MI","WAYNE, MI",42.36774875,-83.40003381,Copper (7440-50-8),336 Transportation Equipment,336350 Motor Vehicle Transmission and Power Train Parts Manufacturing,FORD MOTOR CO,431.00,400.00,0.00,0.00,31.00,"380,432.00","646,500",0
STEPHENS ROAD,48089JMLPN13251,2024,26099268400,"142,663",38,90,96,0,60,48089,13251 STEPHENS RD,"WARREN, MI","MACOMB, MI",42.47109728,-82.99049658,Methyl isobutyl ketone (108-10-1),332 Fabricated Metals,"332812 Metal Coating, Engraving (except Jewelry and Silverware), and Allied Services to Manufactur..",PIONEER METAL FINISHING LLC,430.00,430.00,0.00,0.00,0.00,"1,008.00",516,0
JOHNSON TECHNOLOGY INC,49442JHNSN2034L,2024,26121000402,"52,084",32,25,94,0,82,49442,2034 LATIMER DR,"MUSKEGON, MI","MUSKEGON, MI",43.21418307,-86.19401202,Nickel (7440-02-0),336 Transportation Equipment,336412 Aircraft Engine and Engine Parts Manufacturing,GENERAL ELECTRIC CO (GE CO),427.00,0.00,0.00,0.00,427.00,"42,517.00","397,110,000",0
WACKER CHEMICAL CORP,49221WCKRS3301S,2024,26091060701,"7,387",80,38,53,0,31,49221,3301 SUTTON RD,"ADRIAN, MI","LENAWEE, MI",41.94877475,-83.95996504,Xylene (mixed isomers) (1330-20-7),325 Chemicals,325212 Synthetic Rubber Manufacturing,WACKER CHEMICAL CORP,426.00,426.00,0.00,0.00,0.00,518.00,"14,910",0
WYMAN-GORDON CO,48116CMRNP7250W,2024,26093744600,"20,915",67,29,77,0,28,48116,7250 WHITMORE LAKE RD,"BRIGHTON, MI","LIVINGSTON, MI",42.49580499,-83.75817939,Cobalt (7440-48-4),331 Primary Metals,"331492 Secondary Smelting, Refining, and Alloying of Nonferrous Metal (except Copper and Aluminum)",BERKSHIRE HATHAWAY INC,426.00,1.00,0.00,0.00,425.00,"223,895.00","11,928,000,000",0
MICHIGAN AUTOMOTIVE COMPRESSOR  INC.,49269MCHGN2400N,2024,26075006500,"4,298",35,87,35,57,37,49269,2400 N DEARING RD,"PARMA, MI","JACKSON, MI",42.26599635,-84.53948065,Xylene (mixed isomers) (1330-20-7),336 Transportation Equipment,336390 Other Motor Vehicle Parts Manufacturing,TOYOTA INDUSTRIES NORTH AMERICA,424.25,147.05,0.00,0.00,277.20,486.74,"14,849",0
BASF CORP,48192BSFCR1609B,2024,26163580100,"83,157",54,24,35,0,37,481923729,1609 BIDDLE AVE,"WYANDOTTE, MI","WAYNE, MI",42.2177185,-83.15027742,Acrylonitrile (107-13-1),325 Chemicals,325211 Plastics Material and Resin Manufacturing,BASF CORP,422.00,412.00,5.00,5.00,0.00,"355,873.00","104,280,000",0
ELM PLATING CO.,49203LMPLT1319S,2024,26075001200,"49,357",79,14,98,0,74,49203,1319 S ELM ST,"JACKSON, MI","JACKSON, MI",42.23815911,-84.38425524,Nitrate compounds (water dissociable) (N511),332 Fabricated Metals,"332813 Electroplating, Plating, Polishing, Anodizing, and Coloring",ELM PLATING CO,420.00,0.00,0.00,0.00,420.00,466.00,265,0
BENTELER AUTOMOTIVE HOLLAND INC.,49423BHNLM365W2,2024,26139025700,"46,208",32,60,78,0,61,49423,365 W 24TH ST,"HOLLAND, MI","OTTAWA, MI",42.77572883,-86.12379499,Lead (7439-92-1),331 Primary Metals,"331318 Other Aluminum Rolling, Drawing, and Extruding",BENTELER AUTOMOTIVE CORP,419.08,418.30,0.39,0.00,0.39,704.48,"9,634,940",0
DETROIT ASSEMBLY COMPLEX MACK,4821WDTRTS4STJE,2024,26163514100,"124,212",56,18,98,0,46,48214,4000 ST JEAN ST,"DETROIT, MI","WAYNE, MI",42.37978444,-82.97886412,Nickel compounds (N495),336 Transportation Equipment,336110 Automobile and Light Duty Motor Vehicle Manufacturing,FCA US LLC,417.09,0.45,0.00,0.00,416.64,417.09,"1,265,435",0
FCA US STERLING HEIGHTS ASSEMBLY PLANT,48077STRLN38111,2024,26099231200,"94,944",17,19,0,82,54,48312,38111 VAN DYKE,"STERLING HEIGHTS, MI","MACOMB, MI",42.57039424,-83.03013673,Diisocyanates (N120),336 Transportation Equipment,336110 Automobile and Light Duty Motor Vehicle Manufacturing,FCA US LLC,413.63,88.83,0.00,0.00,324.80,413.63,"144,770,500",0
3M CO-DETROIT,48205NDSTR11900,2024,26163503200,"145,720",79,21,96,62,68,48205,11900 E 8 MILE RD,"DETROIT, MI","WAYNE, MI",42.44880789,-83.00265471,Phenol (108-95-2),327 Nonmetallic Mineral Product,327910 Abrasive Product Manufacturing,3M CO,407.00,266.00,0.00,0.00,141.00,"9,872.00","7,326",1
BETZ INDUSTRIES,49504BTZFN2029B,2024,26081011502,"70,042",14,44,0,0,52,49504,2029 BRISTOL AVE NW,"GRAND RAPIDS, MI","KENT, MI",43.00072997,-85.70815088,Nickel (7440-02-0),331 Primary Metals,331511 Iron Foundries,NA,405.00,57.00,0.00,0.00,348.00,"14,750.00","376,650,000",0
HOWMET CORP - PLANT 4,49461HWMTC555BE,2024,26121003702,"8,169",83,67,0,0,34,49461,555 BENSTON RD,"WHITEHALL, MI","MUSKEGON, MI",43.39270125,-86.34270389,Hydrochloric acid (acid aerosols) (7647-01-0),332 Fabricated Metals,"332812 Metal Coating, Engraving (except Jewelry and Silverware), and Allied Services to Manufactur..",HOWMET AEROSPACE INC,405.00,405.00,0.00,0.00,0.00,"37,800.00","72,900",0
COR-MET INC.,48116CRMTN12500,2024,26093740200,"11,360",38,58,73,0,34,48116,12500  GRAND RIVER RD,"BRIGHTON, MI","LIVINGSTON, MI",42.51727995,-83.70204811,Nickel compounds (N495),333 Machinery,333992 Welding and Soldering Equipment Manufacturing,NA,402.00,10.00,0.00,0.00,392.00,402.00,"373,860,000",0
CORTEVA AGRISCIENCE LLC - MIDLAND,4867WDWGRS71WAS,2024,26111290600,"30,090",74,14,85,0,68,48640,701 WASHINGTON ST,"MIDLAND, MI","MIDLAND, MI",43.60532757,-84.21757491,Triethylamine (121-44-8),325 Chemicals,325320 Pesticide and Other Agricultural Chemical Manufacturing,CORTEVA INC,400.00,400.00,0.00,0.00,0.00,"21,152.00","200,000",0
MIDWEST RUBBER CO,48427MDWST3525R,2024,26151970200,"1,541",72,49,68,0,45,48427,3525 RANGELINE RD,"DECKERVILLE, MI","SANILAC, MI",43.52683904,-82.75458095,Sodium nitrite (7632-00-0),326 Plastics and Rubber,326299 All Other Rubber Product Manufacturing,NA,400.00,0.00,0.00,0.00,400.00,400.00,"4,000",0
FEDERAL-MOGUL CORP,48838FDRLM510EG,2024,26117971300,"11,538",20,50,47,89,98,48838,510 E GROVE ST,"GREENVILLE, MI","MONTCALM, MI",43.18081714,-85.24673526,Copper compounds (N100),336 Transportation Equipment,336310 Motor Vehicle Gasoline Engine and Engine Parts Manufacturing,TENNECO INC,398.60,324.00,2.60,0.00,72.00,"692,806.60","597,900",0
GRAPHIC PACKAGING INTERNATIONAL INC,49007JMSRV243EA,2024,26077000202,"62,540",93,62,98,0,86,49007,1500 N PITCHER ST,"KALAMAZOO, MI","KALAMAZOO, MI",42.3055825,-85.57887586,Lead compounds (N420),322 Paper,322130 Paperboard Mills,GRAPHIC PACKAGING HOLDING CO,397.00,2.00,0.00,0.00,395.00,397.00,"9,131,000",0
MPLX TERMINALS LLC - BAY CITY MI TERMINAL,48706BYCTY1806M,2024,26017285900,"44,145",62,94,90,0,62,48706,1806 MARQUETTE ST,"BAY CITY, MI","BAY, MI",43.61888918,-83.86460666,Xylene (mixed isomers) (1330-20-7),4247 Petroleum Bulk Terminals,424710 Petroleum Bulk Stations and Terminals,MARATHON PETROLEUM CORP,393.00,380.00,0.00,0.00,13.00,"1,798.00","13,755",0
MPLX TERMINALS LLC - LANSING MI TERMINAL,48906LNSNG6300G,2024,26037010300,"16,298",64,43,0,0,29,48906,6300 W GRAND RIVER AVE,"LANSING, MI","CLINTON, MI",42.7810287,-84.64936291,Benzene (71-43-2),4247 Petroleum Bulk Terminals,424710 Petroleum Bulk Stations and Terminals,MARATHON PETROLEUM CORP,390.00,390.00,0.00,0.00,0.00,391.00,"10,920,000",0
X-CEL INDUSTRIES INC.,48034XCLND21121,2024,26125162500,"99,931",38,36,48,0,71,48034,21121 TELEGRAPH RD,"SOUTHFIELD, MI","OAKLAND, MI",42.44564224,-83.27835066,Xylene (mixed isomers) (1330-20-7),336 Transportation Equipment,336390 Other Motor Vehicle Parts Manufacturing,K2TR FAMILY HOLDINGS 2 CORP,390.00,390.00,0.00,0.00,0.00,"4,248.00","13,650",0
ASAMA COLDWATER MANUFACTURING,49036SMCLD180AS,2024,26023951400,"13,275",16,82,34,0,40,49036,180 ASAMA PKWY,"COLDWATER, MI","BRANCH, MI",41.95315529,-84.97865584,Lead (7439-92-1),331 Primary Metals,331511 Iron Foundries,SUMITOMO CORP OF AMERICAS,389.53,1.08,0.45,0.00,388.00,517.43,"8,956,894",0
UNIVAR SOLUTIONS USA,48906SHLND2011T,2024,26065000100,"67,306",35,74,48,0,63,48906,2011 TURNER ST,"LANSING, MI","INGHAM, MI",42.75628968,-84.55215085,Methyl isobutyl ketone (108-10-1),4246 Chemical Wholesalers,424690 Other Chemical and Allied Products Merchant Wholesalers,UNIVAR SOLUTIONS USA INC,388.88,388.88,0.00,0.00,0.00,508.88,467,0
MARATHON PETROLEUM CO LP - MICHIGAN REFINING DIV,48217MRTHN1300S,2024,26163524500,"94,854",0,35,0,0,0,48217,1300 S FORT ST HES DEPT,"DETROIT, MI","WAYNE, MI",42.28071629,-83.15192609,Nickel (7440-02-0),324 Petroleum Products,324110 Petroleum Refineries,MARATHON PETROLEUM CORP,383.00,88.00,0.00,0.00,295.00,385.00,"345,031,092",0
MPLX TERMINALS LLC - FLINT MI TERMINAL,48458FLNTMG6065,2024,26049012201,"40,755",63,30,95,62,89,48458,G-6065 N DORT HWY,"MOUNT MORRIS, MI","GENESEE, MI",43.09121177,-83.67460617,Toluene (108-88-3),4247 Petroleum Bulk Terminals,424710 Petroleum Bulk Stations and Terminals,MARATHON PETROLEUM CORP,380.00,380.00,0.00,0.00,0.00,396.00,266,0
MAGNI INDUSTRIES INC.,48209MGNNC2771H,2024,26163523100,"109,739",68,11,88,73,95,48209,2771 HAMMOND,"DETROIT, MI","WAYNE, MI",42.32309627,-83.11146256,Methyl isobutyl ketone (108-10-1),325 Chemicals,325510 Paint and Coating Manufacturing,THE MAGNI GROUP INC,378.00,378.00,0.00,0.00,0.00,690.00,454,0
PETERSON FARMS INC.,4945WPTRSN314WE,2024,26127010300,"3,275",82,18,28,0,65,49455,3104 WEST BASELINE ROAD,"SHELBY, MI","OCEANA, MI",43.64466085,-86.33782092,Nitrate compounds (water dissociable) (N511),311 Food,"311411 Frozen Fruit, Juice, and Vegetable Manufacturing",NA,376.32,0.00,376.32,0.00,0.00,"145,173.32",237,0
MPLX TERMINALS LLC - ROMULUS MI TERMINAL,48174RMLSR28000,2024,26163585500,"57,324",57,20,64,0,51,48174,28001 CITRIN DR,"ROMULUS, MI","WAYNE, MI",42.24555362,-83.30829788,Benzene (71-43-2),4247 Petroleum Bulk Terminals,424710 Petroleum Bulk Stations and Terminals,MARATHON PETROLEUM CORP,374.00,374.00,0.00,0.00,0.00,389.00,"10,472,000",0
FORD MOTOR COMPANY-STERLING I PLANT,48310FRDMT39000,2024,26099982001,"97,897",0,0,0,0,0,48310,39000 MOUND RD,"STERLING HEIGHTS, MI","MACOMB, MI",42.58333087,-83.04980086,Manganese (7439-96-5),336 Transportation Equipment,336350 Motor Vehicle Transmission and Power Train Parts Manufacturing,FORD MOTOR CO,371.00,81.00,0.00,0.00,290.00,"130,371.00","4,392,036",0
THE DOW CHEMICAL CO,48667THDWCMICHI,2024,26111290600,"25,530",74,14,85,0,68,48667,1790 BUILDING,"MIDLAND, MI","MIDLAND, MI",43.6095201,-84.2393991,Chlorine (7782-50-5),325 Chemicals,325211 Plastics Material and Resin Manufacturing,DOW INC,370.00,370.00,0.00,0.00,0.00,"39,370.00","8,510,000",0
NEENAH PAPER MICHIGAN INC.,49862KMBRL601EM,2024,26003000100,"3,621",48,75,31,0,42,49862,501 E MUNISING AVE,"MUNISING, MI","ALGER, MI",46.40844117,-86.64733853,Lead (7439-92-1),322 Paper,322120 Paper Mills,MATIV HOLDINGS INC,369.00,251.00,17.00,0.00,101.00,369.00,"8,402,000",0
PACKAGING CORP OF AMERICA,49634PCKGN2245U,2024,26101000700,"8,480",42,83,67,0,64,49634,2246 UDELL ST,"FILER CITY, MI","MANISTEE, MI",44.247547,-86.318539,Polycyclic aromatic compounds (N590),322 Paper,322120 Paper Mills,PACKAGING CORP OF AMERICA,367.70,367.70,0.00,0.00,0.00,385.70,"143,403,000",0
BAY CAST - CENTER STREET PLANT,4870WBYCST2611C,2024,26017285201,"44,838",60,10,33,0,0,48708,2611 CENTER AVE - SUITE 2,"BAY CITY, MI","BAY, MI",43.59531152,-83.85233059,Manganese compounds (N450),333 Machinery,333515 Cutting Tool and Machine Tool Accessory Manufacturing,BAY CAST INC,365.10,0.50,0.00,0.00,364.60,"35,593.10","4,381,200",0
VENTRA EVART LLC,49631VRTPR601WS,2024,26133970400,"3,127",51,75,84,0,91,49631,601 W SEVENTH ST,"EVART, MI","OSCEOLA, MI",43.90066423,-85.26622672,Methanol (67-56-1),336 Transportation Equipment,336390 Other Motor Vehicle Parts Manufacturing,FLEX-N-GATE CORP,364.15,364.15,0.00,0.00,0.00,"15,167.15",66,0
HUTCHINSON AEROSPACE & INDUSTRY,48847PLSTR1300S,2024,26057001000,"3,673",83,16,0,0,75,48847,1300 S COUNTY FARM DR,"ITHACA, MI","GRATIOT, MI",43.27512446,-84.60806048,Zinc compounds (N982),326 Plastics and Rubber,326291 Rubber Product Manufacturing for Mechanical Use,HUTCHINSON NORTH AMERICA,364.00,3.00,0.00,0.00,361.00,"3,839.00","35,143",0
RICHARD-ALLAN SCIENTIFIC,49008RCHRD4481C,2024,26077001604,"63,148",46,76,56,71,11,49008,4481 CAMPUS DR,"KALAMAZOO, MI","KALAMAZOO, MI",42.25668735,-85.63865076,Methanol (67-56-1),325 Chemicals,325413 In-Vitro Diagnostic Substance Manufacturing,NEW ERIE,363.45,363.45,0.00,0.00,0.00,"49,148.45",65,0
US STEEL CORP GREAT LAKES WORKS,48229GRTLKNO1QU,2024,26163987000,-,0,0,0,0,0,48229,1 QUALITY DR,"ECORSE, MI","WAYNE, MI",42.2562099,-83.13423533,Lead compounds (N420),331 Primary Metals,331110 Iron and Steel Mills and Ferroalloy Manufacturing,US STEEL CORP,362.60,0.70,2.50,0.00,359.40,362.66,"8,296,300",0
TOWER AUTOMOTIVE PLYMOUTH,48170TWRTM43955,2024,26163561700,"60,660",0,0,0,0,0,48170,43955 PLYMOUTH OAKS BLVD,"PLYMOUTH, MI","WAYNE, MI",42.38294364,-83.47229219,Zinc (fume or dust) (7440-66-6),336 Transportation Equipment,336110 Automobile and Light Duty Motor Vehicle Manufacturing,AUTOKINITON US HOLDINGS INC,361.00,361.00,0.00,0.00,0.00,361.00,"36,100",0
FLAT ROCK ASSEMBLY PLANT,48134MZDMT1MAZD,2024,26163982000,"48,834",0,0,0,0,0,48134,1 INTERNATIONAL DR,"FLAT ROCK, MI","WAYNE, MI",42.10296609,-83.2436186,Methanol (67-56-1),336 Transportation Equipment,336370 Motor Vehicle Metal Stamping,FORD MOTOR CO,360.00,360.00,0.00,0.00,0.00,"1,044.00",65,0
BASF CORP,48192BSFCR1609B,2024,26163580100,"83,157",54,24,35,0,37,481923729,1609 BIDDLE AVE,"WYANDOTTE, MI","WAYNE, MI",42.2177185,-83.15027742,Certain glycol ethers (N230),325 Chemicals,325211 Plastics Material and Resin Manufacturing,BASF CORP,356.36,4.00,3.00,0.00,349.36,"2,080,699.00","71,192",0
AKWEL CADILLAC USA INC.,49601CDLLC603WE,2024,26165380700,"12,871",76,20,69,0,73,49601,603 W 7TH ST,"CADILLAC, MI","WEXFORD, MI",44.26075834,-85.41659749,Zinc compounds (N982),326 Plastics and Rubber,326220 Rubber and Plastics Hoses and Belting Manufacturing,NA,354.00,199.00,0.00,0.00,155.00,354.00,"20,412",0
FCA US STERLING STAMPING PLANT,48077STRLN35777,2024,26099982002,"97,953",0,0,0,0,0,48312,35777 VAN DYKE,"STERLING HEIGHTS, MI","MACOMB, MI",42.55585784,-83.02948518,Diisononyl Phthalates (DINP) (N125),336 Transportation Equipment,336370 Motor Vehicle Metal Stamping,FCA US LLC,352.00,0.00,0.00,0.00,352.00,352.00,0,0
MPLX TERMINALS LLC - BAY CITY MI TERMINAL,48706BYCTY1806M,2024,26017285900,"44,145",62,94,90,0,62,48706,1806 MARQUETTE ST,"BAY CITY, MI","BAY, MI",43.61888918,-83.86460666,Cyclohexane (110-82-7),4247 Petroleum Bulk Terminals,424710 Petroleum Bulk Stations and Terminals,MARATHON PETROLEUM CORP,351.00,350.00,0.00,0.00,1.00,671.00,204,0
PLASTIC PLATE INC-MONROE PLANT,49503PLSTC1648M,2024,26081000900,"101,657",68,21,33,0,54,49505,1648 MONROE AVE NW,"GRAND RAPIDS, MI","KENT, MI",42.99285169,-85.67045601,Nickel compounds (N495),332 Fabricated Metals,"332813 Electroplating, Plating, Polishing, Anodizing, and Coloring",LACKS ENTERPRISES INC,351.00,2.00,0.00,0.00,349.00,"20,039.00","315,271,092",0
MPLX TERMINALS LLC - JACKSON MI TERMINAL,49201JCKSN2090M,2024,26075005602,"12,883",22,72,28,0,50,49201,2090 MORRILL RD,"JACKSON, MI","JACKSON, MI",42.31003859,-84.42477118,Benzene (71-43-2),4247 Petroleum Bulk Terminals,424710 Petroleum Bulk Stations and Terminals,MARATHON PETROLEUM CORP,350.00,350.00,0.00,0.00,0.00,352.00,"9,800,000",0
EQ DETROIT INC,48211SLCTY1923F,2024,26163519100,"124,295",0,83,90,0,83,48211,1923 FREDERICK ST,"DETROIT, MI","WAYNE, MI",42.36602042,-83.04737998,Hydrogen fluoride (7664-39-3),999 Other,562998 All Other Miscellaneous Waste Management Services,REPUBLIC SERVICES INC,349.41,349.41,0.00,0.00,0.00,"12,605.24","87,353",0
PPG INDUSTRIES-ADRIAN,49221PPGND961DI,2024,26091061600,"27,287",28,37,99,74,85,49221,961 DIVISION ST,"ADRIAN, MI","LENAWEE, MI",41.88390715,-84.03346982,Zinc compounds (N982),325 Chemicals,325520 Adhesive Manufacturing,PPG INDUSTRIES INC,347.63,22.26,0.00,0.00,325.37,347.63,"34,190",0
TRANSTAR AUTOBODY TECHNOLOGIES,48116HHSPP2040H,2024,26093742201,"16,903",77,71,44,0,40,48114,2040 HEISERMAN DR,"BRIGHTON, MI","LIVINGSTON, MI",42.57140822,-83.81139576,Toluene (108-88-3),325 Chemicals,325510 Paint and Coating Manufacturing,AXALTA COATING SYSTEMS LLC,346.84,327.71,0.00,0.00,19.13,"8,963.75",478,0
DDP SPECIALTY ELECTRONIC MATERIALS US LLC,4864WDDPSP34SSA,2024,26111290600,"29,731",74,14,85,0,68,48640,3400 S SAGINAW RD - UNIT 96,"MIDLAND, MI","MIDLAND, MI",43.60102204,-84.20774568,Ethylene glycol (107-21-1),325 Chemicals,325199 All Other Basic Organic Chemical Manufacturing,DUPONT DE NEMOURS INC,343.00,343.00,0.00,0.00,0.00,921.40,"3,018",0
CAL GRINDING INC,49829CLGRN25251,2024,26041970800,"14,761",60,92,41,0,68,49829,2525 14TH AVE N,"ESCANABA, MI","DELTA, MI",45.76971325,-87.08384109,Lead compounds (N420),336 Transportation Equipment,336310 Motor Vehicle Gasoline Engine and Engine Parts Manufacturing,NA,342.00,0.00,0.00,0.00,342.00,"4,092.00","7,866,000",0
METREX RESEARCH,4817WMTRXR2821W,2024,26163586201,"42,779",15,12,44,0,47,48174,28210 WICK RD,"ROMULUS, MI","WAYNE, MI",42.23923269,-83.3161419,Nonylphenol Ethoxylates (N535),325 Chemicals,325612 Polish and Other Sanitation Good Manufacturing,ENVISTA HOLDINGS CORP,340.38,0.00,0.00,0.00,340.38,728.85,0,0
HARMAN CORP,4830WHRMNC36SUT,2024,-,-,-,-,-,-,-,48307,360 SOUTH STREET,"ROCHESTER, MI","OAKLAND, MI",42.67631863,-83.12584838,Diisononyl Phthalates (DINP) (N125),326 Plastics and Rubber,326199 All Other Plastics Product Manufacturing,NA,340.00,250.00,0.00,0.00,90.00,340.00,0,0
INLAND WATERS POLLUTION CONTROL DETROIT FACILITY,2821WNLNDW486MI,2024,26163523100,"125,310",68,11,88,73,95,48210,4086 MICHIGAN AVE,"DETROIT, MI","WAYNE, MI",42.33137615,-83.09982222,Styrene (100-42-5),325 Chemicals,325991 Custom Compounding of Purchased Resins,PURIS CORP,340.00,340.00,0.00,0.00,0.00,"2,694.00","1,190",0
NORTHERN COATINGS & CHEMICAL CO INC,49858NRTHR7056T,2024,26109960700,"19,407",23,60,71,63,79,49858,705 6TH AVE,"MENOMINEE, MI","MENOMINEE, MI",45.10409387,-87.61094223,Xylene (mixed isomers) (1330-20-7),325 Chemicals,325510 Paint and Coating Manufacturing,NA,340.00,340.00,0.00,0.00,0.00,"3,980.00","11,900",1
BAKELITE CHEMICALS LLC,49738GRGPCROUTE,2024,26039960500,475,87,73,61,0,82,49738,4113 FOUR MILE RD,"GRAYLING, MI","CRAWFORD, MI",44.59845162,-84.69111322,Methanol (67-56-1),325 Chemicals,325211 Plastics Material and Resin Manufacturing,BAKELITE US HOLDCO INC,336.00,333.00,0.00,0.00,3.00,"131,026.00",63,0
MICHIGAN METAL COATINGS PLANT 2,4806WMCHGN172DV,2024,26147620000,-,0,0,0,0,0,48060,1720 DOVE ST,"PORT HURON, MI","ST. CLAIR, MI",42.95201479,-82.44590698,Manganese (7439-96-5),332 Fabricated Metals,"332812 Metal Coating, Engraving (except Jewelry and Silverware), and Allied Services to Manufactur..",MMC SYSTEMS,333.00,108.00,0.00,0.00,225.00,"1,700.00","3,996,000",0
STEPHENS ROAD,48089JMLPN13251,2024,26099268400,"142,663",38,90,96,0,60,48089,13251 STEPHENS RD,"WARREN, MI","MACOMB, MI",42.47109728,-82.99049658,Ethylbenzene (100-41-4),332 Fabricated Metals,"332812 Metal Coating, Engraving (except Jewelry and Silverware), and Allied Services to Manufactur..",PIONEER METAL FINISHING LLC,332.00,332.00,0.00,0.00,0.00,910.00,"295,480",0
GAGE PRODUCTS CO,48220GGPRD625WA,2024,26125173600,"148,304",15,29,26,0,39,48220,625 WANDA ST,"FERNDALE, MI","OAKLAND, MI",42.45155981,-83.11350414,Cyclohexane (110-82-7),325 Chemicals,325510 Paint and Coating Manufacturing,NA,330.00,330.00,0.00,0.00,0.00,330.00,191,0
MPLX TERMINALS LLC - NORTH MUSKEGON MI TERMINAL,49445NRTHM3005H,2024,26121001500,"24,989",54,38,56,0,37,49445,3005 HOLTON RD,"NORTH MUSKEGON, MI","MUSKEGON, MI",43.27027437,-86.24517486,Xylene (mixed isomers) (1330-20-7),4247 Petroleum Bulk Terminals,424710 Petroleum Bulk Stations and Terminals,MARATHON PETROLEUM CORP,330.00,330.00,0.00,0.00,0.00,335.00,"11,550",0
MAGNI INDUSTRIES INC.,48209MGNNC2771H,2024,26163523100,"109,739",68,11,88,73,95,48209,2771 HAMMOND,"DETROIT, MI","WAYNE, MI",42.32309627,-83.11146256,Nickel (7440-02-0),325 Chemicals,325510 Paint and Coating Manufacturing,THE MAGNI GROUP INC,328.00,41.00,0.00,0.00,287.00,328.00,"305,040,000",0
MICHIGAN WHEEL OPERATIONS LLC,49507MCHGN1501B,2024,26081003800,"131,116",81,5,83,95,98,49507,1501 BUCHANAN AVE SW,"GRAND RAPIDS, MI","KENT, MI",42.93624134,-85.67210679,Copper (7440-50-8),331 Primary Metals,331529 Other Nonferrous Metal Foundries (except Die-Casting),NA,325.60,325.60,0.00,0.00,0.00,"206,277.60","488,400",0
BETZ INDUSTRIES,49504BTZFN2029B,2024,26081011502,"70,042",14,44,0,0,52,49504,2029 BRISTOL AVE NW,"GRAND RAPIDS, MI","KENT, MI",43.00072997,-85.70815088,Copper (7440-50-8),331 Primary Metals,331511 Iron Foundries,NA,319.00,143.00,0.00,0.00,176.00,"17,755.00","478,500",0
GMVM-LANSING GRAND RIVER ASSEMBLY,48921GMCGL920TO,2024,26065980200,"92,043",0,0,0,0,0,48933,920 TOWNSEND ST MAIL CODE: 489-066-600,"LANSING, MI","INGHAM, MI",42.72375252,-84.55561088,Ethylbenzene (100-41-4),336 Transportation Equipment,336110 Automobile and Light Duty Motor Vehicle Manufacturing,GENERAL MOTORS LLC,318.00,318.00,0.00,0.00,0.00,"8,540.00","283,020",0
SAFETY-KLEEN SYSTEMS ROMULUS (ROM),48174SFTYK148HA,2024,26163586201,"38,296",15,12,44,0,47,48174,10480 HARRISON RD,"ROMULUS, MI","WAYNE, MI",42.22788867,-83.31780993,Polycyclic aromatic compounds (N590),562 Hazardous Waste,562112 Hazardous Waste Collection,CLEAN HARBORS INC,316.60,0.00,0.00,0.00,316.60,"2,385.30","123,474,000",0
DETROIT ASSEMBLY COMPLEX MACK,4821WDTRTS4STJE,2024,26163514100,"124,212",56,18,98,0,46,48214,4000 ST JEAN ST,"DETROIT, MI","WAYNE, MI",42.37978444,-82.97886412,Ethylene glycol (107-21-1),336 Transportation Equipment,336110 Automobile and Light Duty Motor Vehicle Manufacturing,FCA US LLC,315.92,314.21,0.00,0.00,1.71,335.62,"2,766",0
EAST JORDAN FOUNDRY LLC,4973WSTJRD2675B,2024,26009960200,447,41,78,56,0,38,49730,2675 N US HIGHWAY 131,"ELMIRA, MI","ANTRIM, MI",45.06963685,-84.8979168,Copper compounds (N100),331 Primary Metals,331511 Iron Foundries,EJ AMERICAS LLC,314.23,4.26,0.00,0.00,309.97,811.23,"471,345",0
MAGNA ELECTRIC VEHICLE STRUCTURES,4807WMGNLC1811S,2024,26147642000,-,0,0,0,0,0,48079,1811 S RANGE RD,"SAINT CLAIR, MI","ST. CLAIR, MI",42.85263121,-82.49736313,Zinc compounds (N982),336 Transportation Equipment,336390 Other Motor Vehicle Parts Manufacturing,MAGNA US HOLDING INC,312.00,0.00,0.00,0.00,312.00,312.00,"31,200",0
ANDERSON DEVELOPMENT CO,49221NDRSN1415E,2024,26091061301,"26,525",93,24,86,0,82,49221,1415 E MICHIGAN ST,"ADRIAN, MI","LENAWEE, MI",41.89404029,-84.01757843,Methyl methacrylate (80-62-6),325 Chemicals,325211 Plastics Material and Resin Manufacturing,MITSUI & CO (USA) INC,311.41,208.70,102.71,0.00,0.00,"1,552.05","1,116",0
FLAT ROCK ASSEMBLY PLANT,48134MZDMT1MAZD,2024,26163982000,"48,834",0,0,0,0,0,48134,1 INTERNATIONAL DR,"FLAT ROCK, MI","WAYNE, MI",42.10296609,-83.2436186,Copper (7440-50-8),336 Transportation Equipment,336370 Motor Vehicle Metal Stamping,FORD MOTOR CO,311.00,311.00,0.00,0.00,0.00,"6,610.00","466,500",0
MPLX TERMINALS LLC - NORTH MUSKEGON MI TERMINAL,49445NRTHM3005H,2024,26121001500,"24,989",54,38,56,0,37,49445,3005 HOLTON RD,"NORTH MUSKEGON, MI","MUSKEGON, MI",43.27027437,-86.24517486,Cyclohexane (110-82-7),4247 Petroleum Bulk Terminals,424710 Petroleum Bulk Stations and Terminals,MARATHON PETROLEUM CORP,310.00,310.00,0.00,0.00,0.00,310.00,180,0
WOLVERINE BRONZE CO,48066WLVRN28178,2024,26099255500,"137,953",44,65,97,0,62,48066,28178 HAYES RD,"ROSEVILLE, MI","MACOMB, MI",42.50408003,-82.96798208,Copper (7440-50-8),331 Primary Metals,331524 Aluminum Foundries (except Die-Casting),NA,310.00,310.00,0.00,0.00,0.00,"12,493.00","465,000",0
PLASTIC PLATE INC. - KRAFT PLATER,4951WPLSTC5675K,2024,26081012203,"9,692",44,55,41,0,12,49512,5675 KRAFT AVE,"KENTWOOD, MI","KENT, MI",42.8607181,-85.5279897,Nitric acid (7697-37-2),332 Fabricated Metals,"332813 Electroplating, Plating, Polishing, Anodizing, and Coloring",LACKS ENTERPRISES INC,309.00,309.00,0.00,0.00,0.00,"227,421.00","83,430",0
FCA US JEFFERSON NORTH ASSEMBLY PLANT,48215CHRYL2101C,2024,26163985200,"102,064",0,0,0,0,0,48215,2101 CONNOR AVE,"DETROIT, MI","WAYNE, MI",42.37535016,-82.96247701,Methanol (67-56-1),336 Transportation Equipment,336110 Automobile and Light Duty Motor Vehicle Manufacturing,FCA US LLC,308.00,308.00,0.00,0.00,0.00,"4,710.00",55,0
TRINSEO LLC-MI OPERATIONS,4866WSTYRN164BU,2024,26111290700,"31,609",34,73,38,77,47,48667,1604 BUILDING,"MIDLAND, MI","MIDLAND, MI",43.6095201,-84.2393991,Butyl acrylate (141-32-2),325 Chemicals,325211 Plastics Material and Resin Manufacturing,TRINSEO US HOLDING INC,307.62,307.62,0.00,0.00,0.00,"1,967.24","1,076,670",2
BRADFORD WHITE CORP,49333BRDFR200LA,2024,26015010301,"6,299",64,52,0,62,36,49333,200 LAFAYETTE ST,"MIDDLEVILLE, MI","BARRY, MI",42.7183492,-85.46383357,Nickel (7440-02-0),335 Electrical Equipment,335220 Major Household Appliance Manufacturing,BRADFORD WHITE CORP,307.00,148.00,0.00,0.00,159.00,629.00,"284,580,091",0
EAGLE ALLOY INC.,49442GLLLY5142E,2024,26121003100,"14,246",42,59,66,0,51,49442,5142 EVANSTON AVE,"MUSKEGON, MI","MUSKEGON, MI",43.21328568,-86.11645093,Phenol (108-95-2),331 Primary Metals,331513 Steel Foundries (except Investment),NA,304.00,304.00,0.00,0.00,0.00,488.00,"5,472",0
THE DELFIELD CO,48858THDLF980SO,2024,26073940300,"20,825",31,81,59,0,43,48858,980 S ISABELLA RD,"MOUNT PLEASANT, MI","ISABELLA, MI",43.62652872,-84.74829505,Nickel (7440-02-0),333 Machinery,333415 Air-Conditioning and Warm Air Heating Equipment and Commercial and Industrial Refrigeration..,THE DELFIELD CO,300.68,10.00,0.00,0.00,290.68,"216,939.83","279,632,400",0
GM TRUCK GROUP FLINT ASSEMBLY PLANT,48551GMCTRG3100,2024,26049980000,"51,226",0,0,0,0,0,48551,G-3100 VAN SLYKE RD,"FLINT, MI","GENESEE, MI",42.96697513,-83.71257194,Benzene (71-43-2),336 Transportation Equipment,336370 Motor Vehicle Metal Stamping,GENERAL MOTORS LLC,300.00,300.00,0.00,0.00,0.00,300.00,"8,400,000",0
REPUBLIC INDUSTRIAL & ENERGY SOLUTIONS LLC,4817WRPBLC2847C,2024,26163585500,"54,199",57,20,64,0,51,48174,28470 CITRIN DR,"ROMULUS, MI","WAYNE, MI",42.24413692,-83.31844219,Perfluorooctanoic acid (335-67-1),562 Hazardous Waste,562211 Hazardous Waste Treatment and Disposal,REPUBLIC SERVICES INC,300.00,0.00,0.00,300.00,0.00,300.00,"8,790,000,000,000",0
MACDERMID INC,48220MCDRM1221F,2024,26125173600,"148,892",15,29,26,0,39,48220,1221 FARROW AVE,"FERNDALE, MI","OAKLAND, MI",42.4572589,-83.1182239,Sodium nitrite (7632-00-0),325 Chemicals,325998 All Other Miscellaneous Chemical Product and Preparation Manufacturing,ELEMENT SOLUTIONS INC,299.99,17.99,0.00,0.00,282.00,299.99,"3,000",0
LOUISIANA-PACIFIC SAGOLA OSB,49881LSNPCHWYM9,2024,26043950100,159,65,88,68,0,53,49811,N8504 M-95,"SAGOLA, MI","DICKINSON, MI",46.01199111,-88.06104416,Diisocyanates (N120),321 Wood Products,321219 Reconstituted Wood Product Manufacturing,LOUISIANA PACIFIC CORP,299.00,299.00,0.00,0.00,0.00,"1,616.00","104,650,000",0
TRINSEO LLC-MI OPERATIONS,4866WSTYRN164BU,2024,26111290700,"31,609",34,73,38,77,47,48667,1604 BUILDING,"MIDLAND, MI","MIDLAND, MI",43.6095201,-84.2393991,Methanol (67-56-1),325 Chemicals,325211 Plastics Material and Resin Manufacturing,TRINSEO US HOLDING INC,298.58,298.58,0.00,0.00,0.00,"6,675.80",54,2
MICHIGAN METAL COATINGS,48060STVNS2015D,2024,26147620000,"30,088",0,0,0,0,0,48060,2015 DOVE ST,"PORT HURON, MI","ST. CLAIR, MI",42.95192632,-82.44889921,Chromium (7440-47-3),332 Fabricated Metals,"332812 Metal Coating, Engraving (except Jewelry and Silverware), and Allied Services to Manufactur..",MMC SYSTEMS,297.00,156.00,0.00,0.00,141.00,297.00,"5,892,480,000",0
PLASTIC PLATE INC-MONROE PLANT,49503PLSTC1648M,2024,26081000900,"101,657",68,21,33,0,54,49505,1648 MONROE AVE NW,"GRAND RAPIDS, MI","KENT, MI",42.99285169,-85.67045601,Nitric acid (7697-37-2),332 Fabricated Metals,"332813 Electroplating, Plating, Polishing, Anodizing, and Coloring",LACKS ENTERPRISES INC,297.00,297.00,0.00,0.00,0.00,"32,245.00","80,190",0
FCA US JEFFERSON NORTH ASSEMBLY PLANT,48215CHRYL2101C,2024,26163985200,"102,064",0,0,0,0,0,48215,2101 CONNOR AVE,"DETROIT, MI","WAYNE, MI",42.37535016,-82.96247701,Toluene (108-88-3),336 Transportation Equipment,336110 Automobile and Light Duty Motor Vehicle Manufacturing,FCA US LLC,296.30,290.00,0.00,0.00,6.30,"9,946.30",285,0
FCA US STERLING HEIGHTS ASSEMBLY PLANT,48077STRLN38111,2024,26099231200,"94,944",17,19,0,82,54,48312,38111 VAN DYKE,"STERLING HEIGHTS, MI","MACOMB, MI",42.57039424,-83.03013673,Benzene (71-43-2),336 Transportation Equipment,336110 Automobile and Light Duty Motor Vehicle Manufacturing,FCA US LLC,295.92,295.92,0.00,0.00,0.00,295.92,"8,285,760",0
CWC TEXTRON,49441CWCCS2672H,2024,26121002100,"54,742",91,73,32,0,51,49441,1085 W SHERMAN BLVD,"MUSKEGON, MI","MUSKEGON, MI",43.2052961,-86.26983158,Lead compounds (N420),331 Primary Metals,331511 Iron Foundries,TEXTRON INC,294.93,22.39,0.00,0.00,272.54,"1,092.49","6,782,721",0
DICASTAL N.A. INC,4883WDCSTL1DICA,2024,26117971200,"10,751",57,64,0,0,41,48838,1 DICASTAL DRIVE,"GREENVILLE, MI","MONTCALM, MI",43.19809171,-85.23659512,Ethylbenzene (100-41-4),331 Primary Metals,331523 Nonferrous Metal Die-Casting Foundries,NA,291.30,232.52,0.00,0.00,58.78,"58,201.33","259,257",0
GENERAL FORMULATIONS INC,49345GNRLF320SO,2024,26081010402,"9,186",69,37,0,0,34,49345,320 S UNION,"SPARTA, MI","KENT, MI",43.15403591,-85.70707628,n-Hexane (110-54-3),326 Plastics and Rubber,326113 Unlaminated Plastics Film and Sheet (except Packaging) Manufacturing,CELIA CORP,290.00,290.00,0.00,0.00,0.00,498.00,"1,450",0
HOWMET CORP - PLANTS 1& 3,49461HWMTCONEMI,2024,26121003701,"8,033",49,96,0,0,10,49461,ONE MISCO DR,"WHITEHALL, MI","MUSKEGON, MI",43.3983286,-86.34789518,"4,4'-Isopropylidenediphenol (80-05-7)",331 Primary Metals,331529 Other Nonferrous Metal Foundries (except Die-Casting),HOWMET AEROSPACE INC,289.19,12.00,0.00,0.00,277.19,"27,718.90","5,784",0
SMR-AUTOMOTIVE SYSTEMS USA INC.,48040SCHFN1875B,2024,26147637300,"13,827",13,95,45,0,25,48040,1875 BUSHA HWY,"MARYSVILLE, MI","ST. CLAIR, MI",42.8982323,-82.48402708,Ethylbenzene (100-41-4),336 Transportation Equipment,336390 Other Motor Vehicle Parts Manufacturing,NA,283.28,193.70,0.00,0.00,89.58,"6,129.92","252,119",1
PARKER HANNIFIN,49078PRKRH300PA,2024,26005031900,"12,292",48,33,0,0,71,49078,300 PARKER DR,"OTSEGO, MI","ALLEGAN, MI",42.44985731,-85.69840921,Copper (7440-50-8),332 Fabricated Metals,332721 Precision Turned Product Manufacturing,PARKER HANNIFIN CORP,281.50,0.00,0.00,0.00,281.50,"6,929,292.50","422,250",0
DDP SPECIALTY ELECTRONIC MATERIALS US LLC,4864WDDPSP34SSA,2024,26111290600,"29,731",74,14,85,0,68,48640,3400 S SAGINAW RD - UNIT 96,"MIDLAND, MI","MIDLAND, MI",43.60102204,-84.20774568,Tetrachloroethylene (127-18-4),325 Chemicals,325199 All Other Basic Organic Chemical Manufacturing,DUPONT DE NEMOURS INC,281.00,281.00,0.00,0.00,0.00,"281,281.00","261,330",0
ACCESS BUSINESS GROUP LLC,49355MWYCR7575E,2024,26081011901,"14,682",73,50,28,0,15,49355,7575 FULTON ST E,"ADA, MI","KENT, MI",42.95957491,-85.4963097,Certain glycol ethers (N230),325 Chemicals,325611 Soap and Other Detergent Manufacturing,ALTICOR INC,279.72,139.72,0.00,0.00,140.00,"1,775.72","53,150",0
ALLIED FINISHING INC,49508LLDFN4100B,2024,26081012608,"41,254",76,63,33,57,68,49512,4100 BROADMOOR SE,"KENTWOOD, MI","KENT, MI",42.88901815,-85.56932812,Chromium compounds (N090),332 Fabricated Metals,"332813 Electroplating, Plating, Polishing, Anodizing, and Coloring",ALLIED FINISHING INC,279.00,2.00,0.00,0.00,277.00,"32,253.00","5,621,686,200",0
ARCOSA SHORING PRODUCTS INC,4909WRCSSH594ME,2024,26023950200,"3,201",14,82,83,0,24,49094,594 MENDON RD,"UNION CITY, MI","BRANCH, MI",42.06866789,-85.15826365,Nickel (7440-02-0),332 Fabricated Metals,332312 Fabricated Structural Metal Manufacturing,ARCOSA INC,277.00,277.00,0.00,0.00,0.00,277.00,"257,610,000",0
BAY CAST - CENTER STREET PLANT,4870WBYCST2611C,2024,26017285201,"44,838",60,10,33,0,0,48708,2611 CENTER AVE - SUITE 2,"BAY CITY, MI","BAY, MI",43.59531152,-83.85233059,Chromium compounds (N090),333 Machinery,333515 Cutting Tool and Machine Tool Accessory Manufacturing,BAY CAST INC,275.50,0.40,0.00,0.00,275.10,"26,914.50","5,994,880,000",0
UNIFORM COLOR CO,49423NFRMC942BR,2024,26005032401,"31,869",81,35,51,73,72,49423,942 BROOKS AVE,"HOLLAND, MI","ALLEGAN, MI",42.7636556,-86.08354558,Zinc compounds (N982),325 Chemicals,325991 Custom Compounding of Purchased Resins,AUDIA PLASTICS HOLDINGS INC,271.38,96.76,0.00,0.00,174.62,"2,952.70","25,159",0
HOLCIM (US) INC,49707LFRGCFORDA,2024,26007000400,"9,674",21,43,61,75,47,49707,1435 FORD AVE,"ALPENA, MI","ALPENA, MI",45.06479492,-83.4264411,Chromium (7440-47-3),327 Nonmetallic Mineral Product,327310 Cement Manufacturing,HOLCIM PARTICIPATIONS (US) INC,271.16,271.16,0.00,0.00,0.00,271.16,"1,388,339,200",0
MARATHON PETROLEUM CO LP - MICHIGAN REFINING DIV,48217MRTHN1300S,2024,26163524500,"94,854",0,35,0,0,0,48217,1300 S FORT ST HES DEPT,"DETROIT, MI","WAYNE, MI",42.28071629,-83.15192609,Methanol (67-56-1),324 Petroleum Products,324110 Petroleum Refineries,MARATHON PETROLEUM CORP,269.00,269.00,0.00,0.00,0.00,"351,379.00",48,0
MEC INC.,4934WMCNCX4714C,2024,-,-,-,-,-,-,-,49348,4714 CIRCUIT CT,"WAYLAND, MI","ALLEGAN, MI",42.76551939,-85.65649297,Manganese (7439-96-5),332 Fabricated Metals,332999 All Other Miscellaneous Fabricated Metal Product Manufacturing,MAYVILLE ENGINEERING CO INC,268.00,131.00,0.00,0.00,137.00,"56,683.00","3,216,000",0
ARKEMA INC,49507PLYMR1415S,2024,26081003800,"130,521",81,5,83,95,98,49507,1415 STEELE AVE SW,"GRAND RAPIDS, MI","KENT, MI",42.9387233,-85.67574584,Certain glycol ethers (N230),325 Chemicals,325211 Plastics Material and Resin Manufacturing,ARKEMA DELAWARE INC,267.00,267.00,0.00,0.00,0.00,"1,472.00","48,060",0
DETROIT COATING LLC,48071HWRDP32565,2024,26099260800,"99,489",59,54,79,75,81,48071,32565 DEQUINDRE RD,"MADISON HEIGHTS, MI","OAKLAND, MI",42.53160418,-83.08681,Zinc compounds (N982),332 Fabricated Metals,"332813 Electroplating, Plating, Polishing, Anodizing, and Coloring",HOWARD FINISHING LLC,260.99,0.00,90.99,0.00,170.00,260.99,"8,694",0
W S MOLNAR CO,4820WWSMLN2545B,2024,26163519300,"78,459",26,69,97,0,85,48207,2545 BEAUFAIT ST,"DETROIT, MI","WAYNE, MI",42.35619117,-83.01513748,Aluminum (fume or dust) (7429-90-5),332 Fabricated Metals,332999 All Other Miscellaneous Fabricated Metal Product Manufacturing,NA,260.61,2.61,0.00,0.00,258.00,260.61,"182,427",0
PERRIGO HOLLAND INC,4942WPRRGH13295,2024,26139023102,"30,827",68,36,0,0,64,49424,13295 REFLECTIONS DR.,"HOLLAND, MI","OTTAWA, MI",42.83622253,-86.10909481,Nicotine and salts (N503),325 Chemicals,325412 Pharmaceutical Preparation Manufacturing,PERRIGO CO,260.00,10.00,0.00,0.00,250.00,"3,454.00",0,0
MPLX TERMINALS LLC - FLINT MI TERMINAL,48458FLNTMG6065,2024,26049012201,"40,755",63,30,95,62,89,48458,G-6065 N DORT HWY,"MOUNT MORRIS, MI","GENESEE, MI",43.09121177,-83.67460617,Benzene (71-43-2),4247 Petroleum Bulk Terminals,424710 Petroleum Bulk Stations and Terminals,MARATHON PETROLEUM CORP,258.00,258.00,0.00,0.00,0.00,260.00,"7,224,000",0
MARSHALL EXCELSIOR CO,49068MRSHL1506G,2024,26025004000,"9,400",84,35,68,0,22,49068,1506 GEORGE BROWN DR,"MARSHALL, MI","CALHOUN, MI",42.2486456,-84.95665161,Lead (7439-92-1),332 Fabricated Metals,332911 Industrial Valve Manufacturing,NA,256.20,0.20,0.00,0.00,256.00,"24,298.41","5,892,600",0
BARNES AEROSPACE - LANSING DIV,48909JTDXX5300A,2024,26065005304,"59,385",58,5,76,94,79,48911,5300 AURELIUS RD,"LANSING, MI","INGHAM, MI",42.67997557,-84.52359091,Nitric acid (7697-37-2),336 Transportation Equipment,336412 Aircraft Engine and Engine Parts Manufacturing,BARNES GROUP INC,255.00,255.00,0.00,0.00,0.00,"175,836.37","68,850",0
CALUMET ELECTRONICS CORP,49913CLMTL25830,2024,26061000300,"6,880",67,86,87,58,32,49913,25830 DEPOT ST,"CALUMET, MI","HOUGHTON, MI",47.24014029,-88.44912896,Nitric acid (7697-37-2),334 Computers and Electronic Products,334412 Bare Printed Circuit Board Manufacturing,NA,255.00,255.00,0.00,0.00,0.00,"28,580.00","68,850",0
CAYMAN CHEMICAL CO INC.,48108CYMNC118EE,2024,26161405600,"59,039",0,0,0,0,0,48108,1180 E ELLSWORTH RD,"ANN ARBOR, MI","WASHTENAW, MI",42.22965553,-83.72406769,Dichloromethane (75-09-2),325 Chemicals,325199 All Other Basic Organic Chemical Manufacturing,NA,255.00,255.00,0.00,0.00,0.00,"19,291.00","9,180",1
HARBISONWALKER INTERNATIONAL INC,49349NRTHMM378T,2024,26123970700,"2,641",52,42,31,0,79,49349,1301 E 8TH ST,"WHITE CLOUD, MI","NEWAYGO, MI",43.53974701,-85.76870178,Aluminum (fume or dust) (7429-90-5),327 Nonmetallic Mineral Product,327120 Clay Building Material and Refractories Manufacturing,PLATINUM EQUITY ADVISORS LLC,255.00,5.00,0.00,0.00,250.00,255.00,"178,500",1
LEPRINO FOODS CO,49340LPRNF311NS,2024,26107960200,"1,217",66,42,68,0,41,49340,311 N SHERIDAN,"REMUS, MI","MECOSTA, MI",43.59838501,-85.14546214,Nitric acid (7697-37-2),311 Food,311513 Cheese Manufacturing,LEPRINO FOODS CO,255.00,255.00,0.00,0.00,0.00,"34,207.00","68,850",0
LEPRINO FOODS CO,49401LPRNF4700R,2024,26139024401,"14,007",26,9,35,0,28,49401,4700 RICH ST,"ALLENDALE, MI","OTTAWA, MI",42.97954415,-85.90321853,Nitric acid (7697-37-2),311 Food,311513 Cheese Manufacturing,LEPRINO FOODS CO,255.00,255.00,0.00,0.00,0.00,"298,341.00","68,850",0
ROMEO RIM INC. - PLANTS 1 & 2,48065RMRMN74000,2024,26099214000,"9,716",43,79,73,0,30,48065,74000 VAN DYKE AVE,"ROMEO, MI","MACOMB, MI",42.83930256,-83.02047615,Dicyclopentadiene (77-73-6),326 Plastics and Rubber,326199 All Other Plastics Product Manufacturing,R MARK HAMLIN JR TRUST,255.00,255.00,0.00,0.00,0.00,"4,704.00","3,060,000",0
TRANE CHILLERS PLANT 2,4951WTRNCR44844,2024,26081012604,-,90,6,32,78,55,49512,4480 44TH ST SE,"GRAND RAPIDS, MI","KENT, MI",42.88342947,-85.55424104,Copper (7440-50-8),333 Machinery,333415 Air-Conditioning and Warm Air Heating Equipment and Commercial and Industrial Refrigeration..,TRANE TECHNOLOGIES CO LLC,255.00,5.00,0.00,0.00,250.00,"14,844.00","382,500",0
DOMICO MED-DEVICE,48430CNTRF14241,2024,26049013303,"20,863",0,93,26,0,19,48430,14241 FENTON RD,"FENTON, MI","GENESEE, MI",42.82170801,-83.70631914,Lead (7439-92-1),339 Miscellaneous Manufacturing,339113 Surgical Appliance and Supplies Manufacturing,NA,253.19,0.00,0.00,0.00,253.19,253.19,"5,823,398",0
CORTEVA AGRISCIENCE LLC - MIDLAND,4867WDWGRS71WAS,2024,26111290600,"30,090",74,14,85,0,68,48640,701 WASHINGTON ST,"MIDLAND, MI","MIDLAND, MI",43.60532757,-84.21757491,Certain glycol ethers (N230),325 Chemicals,325320 Pesticide and Other Agricultural Chemical Manufacturing,CORTEVA INC,252.00,252.00,0.00,0.00,0.00,"36,064.00","45,360",0
THE DOW CHEMICAL CO,48667THDWCMICHI,2024,26111290600,"25,530",74,14,85,0,68,48667,1790 BUILDING,"MIDLAND, MI","MIDLAND, MI",43.6095201,-84.2393991,Polycyclic aromatic compounds (N590),325 Chemicals,325211 Plastics Material and Resin Manufacturing,DOW INC,252.00,252.00,0.00,0.00,0.00,281.14,"98,280,000",0
FORD MOTOR COMPANY-STERLING I PLANT,48310FRDMT39000,2024,26099982001,"97,897",0,0,0,0,0,48310,39000 MOUND RD,"STERLING HEIGHTS, MI","MACOMB, MI",42.58333087,-83.04980086,Nickel (7440-02-0),336 Transportation Equipment,336350 Motor Vehicle Transmission and Power Train Parts Manufacturing,FORD MOTOR CO,251.00,57.00,0.00,0.00,194.00,"115,751.00","226,920,637",0
INTERNATIONAL CASTING CORP,48047NTRNT37087,2024,26099220004,"23,225",28,87,69,0,48,48047,37087 GREEN ST,"NEW BALTIMORE, MI","MACOMB, MI",42.68610181,-82.72963001,Chromium compounds (N090),331 Primary Metals,331513 Steel Foundries (except Investment),NA,250.70,0.70,0.00,0.00,250.00,524.70,"481,344,000",0
ALCO PRODUCTS LLC,48214LCNVC580ST,2024,26163513700,"80,588",31,47,0,0,13,48214,580 ST JEAN ST,"DETROIT, MI","WAYNE, MI",42.36237964,-82.96910931,"1,2,4-Trimethylbenzene (95-63-6)",325 Chemicals,325510 Paint and Coating Manufacturing,ALCO PRODUCTS LLC,250.00,250.00,0.00,0.00,0.00,250.00,"14,500",0
AMERICAN JETWAY CORP,4818WMRCNJ3737V,2024,26163566900,"85,493",33,61,0,0,75,48184,3737 VENOY RD,"WAYNE, MI","WAYNE, MI",42.2806406,-83.36305978,Tetrachloroethylene (127-18-4),325 Chemicals,325998 All Other Miscellaneous Chemical Product and Preparation Manufacturing,AMERICAN JETWAY CORP,250.00,250.00,0.00,0.00,0.00,"1,350.00","232,500",0
AMERICAN JETWAY CORP,4818WMRCNJ3737V,2024,26163566900,"85,493",33,61,0,0,75,48184,3737 VENOY RD,"WAYNE, MI","WAYNE, MI",42.2806406,-83.36305978,Trichloroethylene (79-01-6),325 Chemicals,325998 All Other Miscellaneous Chemical Product and Preparation Manufacturing,AMERICAN JETWAY CORP,250.00,250.00,0.00,0.00,0.00,"1,000.00","3,750,000",0
AMERICAN JETWAY CORP,48184MRCNJ34136,2024,26163566800,"79,713",38,53,85,0,81,48184,34136 MYRTLE,"WAYNE, MI","WAYNE, MI",42.27925941,-83.3748709,Dichloromethane (75-09-2),325 Chemicals,325998 All Other Miscellaneous Chemical Product and Preparation Manufacturing,AMERICAN JETWAY CORP,250.00,250.00,0.00,0.00,0.00,"3,150.00","9,000",0
AMERICAN JETWAY CORP,48184MRCNJ34136,2024,26163566800,"79,713",38,53,85,0,81,48184,34136 MYRTLE,"WAYNE, MI","WAYNE, MI",42.27925941,-83.3748709,Tetrachloroethylene (127-18-4),325 Chemicals,325998 All Other Miscellaneous Chemical Product and Preparation Manufacturing,AMERICAN JETWAY CORP,250.00,250.00,0.00,0.00,0.00,"2,750.00","232,500",0
ASH STEVENS,48192SHSTV18655,2024,26163595000,"66,877",17,84,75,0,83,48193,18655 KRAUSE ST,"RIVERVIEW, MI","WAYNE, MI",42.17241218,-83.17408992,Dichloromethane (75-09-2),325 Chemicals,325412 Pharmaceutical Preparation Manufacturing,PEL PHARMA INC,250.00,250.00,0.00,0.00,0.00,"118,250.00","9,000",0
BLEISTAHL N.A. LP,4903WBLSTH19CLA,2024,26025002600,"11,450",56,21,66,71,74,49037,190 CLARK ROAD N,"BATTLE CREEK, MI","CALHOUN, MI",42.33623992,-85.28687706,Copper (7440-50-8),336 Transportation Equipment,336310 Motor Vehicle Gasoline Engine and Engine Parts Manufacturing,BLEISTAHL LTD,250.00,250.00,0.00,0.00,0.00,"18,835.00","375,000",0
ENGINEERED HEAT TREAT INC,48071NGNRD31271,2024,26125181100,"117,554",0,0,0,0,0,48071,31271 STEPHENSON HWY,"MADISON HEIGHTS, MI","OAKLAND, MI",42.52216715,-83.11986105,Cyanide compounds (N106),332 Fabricated Metals,332811 Metal Heat Treating,BMT AEROSPACE USA INC,250.00,250.00,0.00,0.00,0.00,250.00,"1,100,000",0
FORD MOTOR CO DEARBORN STAMPING PLANT,48121FRDM13001M,2024,26163985700,"123,088",0,0,0,0,0,48120,3001 MILLER RD,"DEARBORN, MI","WAYNE, MI",42.30886967,-83.15678743,Methanol (67-56-1),336 Transportation Equipment,336370 Motor Vehicle Metal Stamping,FORD MOTOR CO,250.00,250.00,0.00,0.00,0.00,250.00,45,0
MODINEER PLANT 6,49120SHLLR1501S,2024,26021021000,"22,894",0,81,0,0,84,49120,1501 S 3RD ST,"NILES, MI","BERRIEN, MI",41.8077567,-86.25435557,Manganese (7439-96-5),333 Machinery,333415 Air-Conditioning and Warm Air Heating Equipment and Commercial and Industrial Refrigeration..,NA,250.00,250.00,0.00,0.00,0.00,"1,936.00","3,000,000",1
MODINEER PLANT 10,4912WMDNRP2121W,2024,26021020300,-,33,72,40,0,21,49120,2121 W CHICAGO RD,"NILES, MI","BERRIEN, MI",41.80648021,-86.29723499,Aluminum (fume or dust) (7429-90-5),336 Transportation Equipment,336370 Motor Vehicle Metal Stamping,NA,250.00,250.00,0.00,0.00,0.00,"2,918.00","175,000",1
MODINEER PLANT 10,4912WMDNRP2121W,2024,26021020300,-,33,72,40,0,21,49120,2121 W CHICAGO RD,"NILES, MI","BERRIEN, MI",41.80648021,-86.29723499,Lead (7439-92-1),336 Transportation Equipment,336370 Motor Vehicle Metal Stamping,NA,250.00,250.00,0.00,0.00,0.00,"5,259.00","5,750,000",1
MODINEER PLANT 10,4912WMDNRP2121W,2024,26021020300,-,33,72,40,0,21,49120,2121 W CHICAGO RD,"NILES, MI","BERRIEN, MI",41.80648021,-86.29723499,Phosphorus (yellow or white) (12185-10-3),336 Transportation Equipment,336370 Motor Vehicle Metal Stamping,NA,250.00,250.00,0.00,0.00,0.00,826.00,"12,500,000",1
MODINEER PLANT 10,4912WMDNRP2121W,2024,26021020300,-,33,72,40,0,21,49120,2121 W CHICAGO RD,"NILES, MI","BERRIEN, MI",41.80648021,-86.29723499,Zinc compounds (N982),336 Transportation Equipment,336370 Motor Vehicle Metal Stamping,NA,250.00,250.00,0.00,0.00,0.00,"1,532.00","25,000",1
TOLEDO COMMUTATOR CO,48867TLDCM1101S,2024,26155030300,"20,259",24,93,56,0,71,48867,1101 S CHESTNUT ST,"OWOSSO, MI","SHIAWASSEE, MI",42.98713207,-84.19650456,Copper (7440-50-8),335 Electrical Equipment,335999 All Other Miscellaneous Electrical Equipment and Component Manufacturing,KIRKWOOD HOLDING INC,250.00,0.00,250.00,0.00,0.00,250.00,"375,000",0
VI-CHEM CORP,49507VCHMC55CTT,2024,26081003600,"131,786",99,4,93,71,93,49507,55 COTTAGE GROVE ST SW,"GRAND RAPIDS, MI","KENT, MI",42.93547795,-85.6693668,Chromium compounds (N090),325 Chemicals,325991 Custom Compounding of Purchased Resins,AMERICHEM INC,249.16,12.16,0.00,0.00,237.00,249.16,"3,986,560,000",0
THE DOW CHEMICAL CO,48667THDWCMICHI,2024,26111290600,"25,530",74,14,85,0,68,48667,1790 BUILDING,"MIDLAND, MI","MIDLAND, MI",43.6095201,-84.2393991,Naphthalene (91-20-3),325 Chemicals,325211 Plastics Material and Resin Manufacturing,DOW INC,249.00,39.00,210.00,0.00,0.00,"4,879.00","478,500",0
CORTEVA AGRISCIENCE LLC - MIDLAND,4867WDWGRS71WAS,2024,26111290600,"30,090",74,14,85,0,68,48640,701 WASHINGTON ST,"MIDLAND, MI","MIDLAND, MI",43.60532757,-84.21757491,Formic acid (64-18-6),325 Chemicals,325320 Pesticide and Other Agricultural Chemical Manufacturing,CORTEVA INC,247.00,247.00,0.00,0.00,0.00,"177,773.00",124,0
HOWMET CORP-PLANT 10,49461HWMTC3850W,2024,26121003702,"8,117",83,67,0,0,34,49461,3850 W WHITE LAKE DR,"WHITEHALL, MI","MUSKEGON, MI",43.38541792,-86.33760743,"4,4'-Isopropylidenediphenol (80-05-7)",331 Primary Metals,331529 Other Nonferrous Metal Foundries (except Die-Casting),HOWMET AEROSPACE INC,242.19,10.00,0.00,0.00,232.19,"23,459.90","4,844",0
TRINSEO LLC-MI OPERATIONS,4866WSTYRN164BU,2024,26111290700,"31,609",34,73,38,77,47,48667,1604 BUILDING,"MIDLAND, MI","MIDLAND, MI",43.6095201,-84.2393991,Methyl methacrylate (80-62-6),325 Chemicals,325211 Plastics Material and Resin Manufacturing,TRINSEO US HOLDING INC,240.36,240.36,0.00,0.00,0.00,278.73,"1,202",2
EAST JORDAN FOUNDRY LLC,4973WSTJRD2675B,2024,26009960200,447,41,78,56,0,38,49730,2675 N US HIGHWAY 131,"ELMIRA, MI","ANTRIM, MI",45.06963685,-84.8979168,Lead (7439-92-1),331 Primary Metals,331511 Iron Foundries,EJ AMERICAS LLC,240.18,5.19,0.00,0.00,234.99,256.97,"5,524,140",0
CANNON-MUSKEGON,49441CNNNM2875L,2024,26121002300,"30,364",36,66,25,0,28,49441,2875 LINCOLN ST,"MUSKEGON, MI","MUSKEGON, MI",43.20068611,-86.30332148,Manganese (7439-96-5),331 Primary Metals,331513 Steel Foundries (except Investment),BERKSHIRE HATHAWAY INC,238.00,1.00,2.00,0.00,235.00,"18,271.00","2,544,185",0
DDP SPECIALTY ELECTRONIC MATERIALS US LLC,4864WDDPSP34SSA,2024,26111290600,"29,731",74,14,85,0,68,48640,3400 S SAGINAW RD - UNIT 96,"MIDLAND, MI","MIDLAND, MI",43.60102204,-84.20774568,Benzene (71-43-2),325 Chemicals,325199 All Other Basic Organic Chemical Manufacturing,DUPONT DE NEMOURS INC,238.00,235.00,0.00,0.00,3.00,314.70,"6,745,000",0
FORD MOTOR CO DEARBORN DIVERSIFIED MANUFACTURING,48121DRBRN3001M,2024,26163985700,"123,088",0,0,0,0,0,48120,3001 MILLER RD,"DEARBORN, MI","WAYNE, MI",42.30886967,-83.15678743,Certain glycol ethers (N230),336 Transportation Equipment,336390 Other Motor Vehicle Parts Manufacturing,FORD MOTOR CO,238.00,30.00,0.00,0.00,208.00,"2,640.00","47,000",0
W S MOLNAR CO,4820WWSMLN2545B,2024,26163519300,"78,459",26,69,97,0,85,48207,2545 BEAUFAIT ST,"DETROIT, MI","WAYNE, MI",42.35619117,-83.01513748,Nickel (7440-02-0),332 Fabricated Metals,332999 All Other Miscellaneous Fabricated Metal Product Manufacturing,NA,237.37,2.37,0.00,0.00,235.00,237.37,"220,754,100",0
ARCO ALLOYS CORP,48211RCLLY1891T,2024,26163985100,"133,961",0,5,96,0,80,48211,1891 TROMBLY,"DETROIT, MI","WAYNE, MI",42.37463183,-83.05327488,Zinc (fume or dust) (7440-66-6),331 Primary Metals,"331492 Secondary Smelting, Refining, and Alloying of Nonferrous Metal (except Copper and Aluminum)",NA,235.00,235.00,0.00,0.00,0.00,235.00,"23,500",1
EAGLE ALLOY INC.,49442GLLLY5142E,2024,26121003100,"14,246",42,59,66,0,51,49442,5142 EVANSTON AVE,"MUSKEGON, MI","MUSKEGON, MI",43.21328568,-86.11645093,Chromium (7440-47-3),331 Primary Metals,331513 Steel Foundries (except Investment),NA,234.00,48.00,0.00,0.00,186.00,672.00,"449,280,000",0
HENROB CORP,4816WHNRBC3SHIL,2024,26125138600,"11,526",34,13,0,65,0,48165,30000 S HILL RD,"NEW HUDSON, MI","OAKLAND, MI",42.50981385,-83.5958345,Zinc (fume or dust) (7440-66-6),332 Fabricated Metals,"332722 Bolt, Nut, Screw, Rivet, and Washer Manufacturing",ATLAS COPCO NORTH AMERICA LLC,233.46,0.00,0.00,0.00,233.46,322.00,"23,346",0
CYGNET AUTOMATED CLEANING LLC,4817WCYGNT912GE,2024,26163562900,"79,297",28,65,48,59,16,48170,9120 GENERAL DR,"PLYMOUTH, MI","WAYNE, MI",42.35492535,-83.45421907,"1,2,4-Trimethylbenzene (95-63-6)",325 Chemicals,325510 Paint and Coating Manufacturing,CYGNET AUTOMATED CLEANING LLC,233.00,233.00,0.00,0.00,0.00,"76,982.00","13,514",0
CYGNET AUTOMATED CLEANING LLC,4817WCYGNT912GE,2024,26163562900,"79,297",28,65,48,59,16,48170,9120 GENERAL DR,"PLYMOUTH, MI","WAYNE, MI",42.35492535,-83.45421907,n-Butyl alcohol (71-36-3),325 Chemicals,325510 Paint and Coating Manufacturing,CYGNET AUTOMATED CLEANING LLC,233.00,233.00,0.00,0.00,0.00,"83,860.00","2,330",0
DEPOR INDUSTRIES,48315MRGNC14830,2024,26099226700,"71,501",0,0,0,0,0,48315,14830 23 MILE RD,"UTICA, MI","MACOMB, MI",42.67118863,-82.97810125,Nitrate compounds (water dissociable) (N511),332 Fabricated Metals,"332812 Metal Coating, Engraving (except Jewelry and Silverware), and Allied Services to Manufactur..",THE MAGNI GROUP INC,231.95,0.00,0.00,0.00,231.95,240.53,146,0
BASF CORP,48192BSFCR1609B,2024,26163580100,"83,157",54,24,35,0,37,481923729,1609 BIDDLE AVE,"WYANDOTTE, MI","WAYNE, MI",42.2177185,-83.15027742,Butyl acrylate (141-32-2),325 Chemicals,325211 Plastics Material and Resin Manufacturing,BASF CORP,230.90,192.00,5.00,0.00,33.90,"114,637.00","672,078",0
REAL ALLOY RECYCLING LLC,49036MCRCY267NO,2024,26023951600,"12,956",83,35,63,66,40,49036,267 N FILLMORE RD,"COLDWATER, MI","BRANCH, MI",41.92249326,-85.02338943,Lead compounds (N420),331 Primary Metals,331314 Secondary Smelting and Alloying of Aluminum,REAL ALLOY HOLDING LLC,228.00,19.00,0.00,0.00,209.00,228.00,"5,244,000",0
RICHARD-ALLAN SCIENTIFIC,49008RCHRD4481C,2024,26077001604,"63,148",46,76,56,71,11,49008,4481 CAMPUS DR,"KALAMAZOO, MI","KALAMAZOO, MI",42.25668735,-85.63865076,Xylene (mixed isomers) (1330-20-7),325 Chemicals,325413 In-Vitro Diagnostic Substance Manufacturing,NEW ERIE,227.75,227.75,0.00,0.00,0.00,"42,227.75","7,971",0
HOWMET CORP - PLANT 4,49461HWMTC555BE,2024,26121003702,"8,169",83,67,0,0,34,49461,555 BENSTON RD,"WHITEHALL, MI","MUSKEGON, MI",43.39270125,-86.34270389,Chromium (7440-47-3),332 Fabricated Metals,"332812 Metal Coating, Engraving (except Jewelry and Silverware), and Allied Services to Manufactur..",HOWMET AEROSPACE INC,227.00,2.00,0.00,0.00,225.00,"47,437.00","4,385,142,200",0
UNIVAR SOLUTIONS USA,48906SHLND2011T,2024,26065000100,"67,306",35,74,48,0,63,48906,2011 TURNER ST,"LANSING, MI","INGHAM, MI",42.75628968,-84.55215085,Xylene (mixed isomers) (1330-20-7),4246 Chemical Wholesalers,424690 Other Chemical and Allied Products Merchant Wholesalers,UNIVAR SOLUTIONS USA INC,226.10,226.10,0.00,0.00,0.00,"11,346.10","7,913",0
CHEM-TREND LP,48844CHMTR1445W,2024,26093725101,"21,592",42,47,72,0,65,48843,1445 W MCPHERSON PARK DR,"HOWELL, MI","LIVINGSTON, MI",42.60555721,-83.9490943,N-Methyl-2-pyrrolidone (872-50-4),325 Chemicals,325998 All Other Miscellaneous Chemical Product and Preparation Manufacturing,CHEM-TREND HOLDING LP,224.57,0.57,0.00,0.00,224.00,349.57,0,1
AIRCRAFT PRECISION PRODUCTS INC.,48847RCRFT185IN,2024,26057001000,"3,666",62,21,29,0,43,48847,185 INDUSTRIAL PKWY,"ITHACA, MI","GRATIOT, MI",43.29464121,-84.5877525,Nickel (7440-02-0),336 Transportation Equipment,336412 Aircraft Engine and Engine Parts Manufacturing,AIRCRAFT PRECISION PRODUCTS INC,222.69,10.00,0.00,0.00,212.69,"40,140.80","202,452,155",0
NEXTEER AUTOMOTIVE CORP,48601GMCSG3900H,2024,26145011002,"27,468",99,51,0,0,53,48601,3900 HOLLAND ROAD,"SAGINAW, MI","SAGINAW, MI",43.414546,-83.87992378,Chromium compounds (N090),336 Transportation Equipment,336330 Motor Vehicle Steering and Suspension Components (except Spring) Manufacturing,PCM US STEERING HOLDING LLC,222.41,24.60,0.00,0.00,197.81,"11,683.12","2,240,973,856",0
AURORIUM ZEELAND LLC,49464HXCLC215CE,2024,26139022900,"23,379",97,10,0,0,63,49464,215 N CENTENNIAL ST,"ZEELAND, MI","OTTAWA, MI",42.81603499,-86.01197179,Pyridine (110-86-1),325 Chemicals,325199 All Other Basic Organic Chemical Manufacturing,AURORIUM PPC HOLDINGS LLC,221.00,221.00,0.00,0.00,0.00,"244,836.00","221,000",0
THE DOW CHEMICAL CO,48667THDWCMICHI,2024,26111290600,"25,530",74,14,85,0,68,48667,1790 BUILDING,"MIDLAND, MI","MIDLAND, MI",43.6095201,-84.2393991,Propylene oxide (75-56-9),325 Chemicals,325211 Plastics Material and Resin Manufacturing,DOW INC,221.00,220.00,0.00,0.00,1.00,"36,772.00","3,100,000",0
DETROIT ASSEMBLY COMPLEX MACK,4821WDTRTS4STJE,2024,26163514100,"124,212",56,18,98,0,46,48214,4000 ST JEAN ST,"DETROIT, MI","WAYNE, MI",42.37978444,-82.97886412,Cumene (98-82-8),336 Transportation Equipment,336110 Automobile and Light Duty Motor Vehicle Manufacturing,FCA US LLC,220.50,220.50,0.00,0.00,0.00,"4,669.27","1,940",0
MPLX TERMINALS LLC - LANSING MI TERMINAL,48906LNSNG6300G,2024,26037010300,"16,298",64,43,0,0,29,48906,6300 W GRAND RIVER AVE,"LANSING, MI","CLINTON, MI",42.7810287,-84.64936291,Xylene (mixed isomers) (1330-20-7),4247 Petroleum Bulk Terminals,424710 Petroleum Bulk Stations and Terminals,MARATHON PETROLEUM CORP,220.00,220.00,0.00,0.00,0.00,221.00,"7,700",0
DIAMOND CHROME PLATING INC,48843DMNDC604SM,2024,26093725101,"22,574",51,16,28,0,39,48843,604 S MICHIGAN AVE,"HOWELL, MI","LIVINGSTON, MI",42.60270902,-83.93263141,Lead compounds (N420),332 Fabricated Metals,"332813 Electroplating, Plating, Polishing, Anodizing, and Coloring",DIAMOND CHROME PLATING INC,218.89,0.00,0.00,0.00,218.89,218.89,"5,034,442",0
ORCHID ORTHOPEDIC SOLUTIONS,4884WRCHDR1489C,2024,26065005502,"23,420",95,31,83,0,13,48842,1489 CEDAR ST,"HOLT, MI","INGHAM, MI",42.62684459,-84.5033661,Hydrogen fluoride (7664-39-3),339 Miscellaneous Manufacturing,339113 Surgical Appliance and Supplies Manufacturing,ORCHID MPS HOLDINGS LLC,218.32,107.32,0.00,0.00,111.00,"13,730.32","54,580",0
THE DOW CHEMICAL CO,48667THDWCMICHI,2024,26111290600,"25,530",74,14,85,0,68,48667,1790 BUILDING,"MIDLAND, MI","MIDLAND, MI",43.6095201,-84.2393991,"2,4-D (94-75-7)",325 Chemicals,325211 Plastics Material and Resin Manufacturing,DOW INC,217.00,6.00,210.00,1.00,0.00,"69,217.00","43,400",0
THE DOW CHEMICAL CO,48667THDWCMICHI,2024,26111290600,"25,530",74,14,85,0,68,48667,1790 BUILDING,"MIDLAND, MI","MIDLAND, MI",43.6095201,-84.2393991,Acrylonitrile (107-13-1),325 Chemicals,325211 Plastics Material and Resin Manufacturing,DOW INC,217.00,7.00,210.00,0.00,0.00,"22,217.00","115,080,000",0
FORD MOTOR CO MICHIGAN ASSEMBLY PLANT,48184FRDMT38303,2024,26163566700,"67,978",14,15,80,62,67,48184,38303 MICHIGAN AVE,"WAYNE, MI","WAYNE, MI",42.27796988,-83.41395208,Ethylene glycol (107-21-1),336 Transportation Equipment,336110 Automobile and Light Duty Motor Vehicle Manufacturing,FORD MOTOR CO,216.00,0.00,0.00,0.00,216.00,"22,700.00",108,0
GAGE PRODUCTS CO,48220GGPRD625WA,2024,26125173600,"148,304",15,29,26,0,39,48220,625 WANDA ST,"FERNDALE, MI","OAKLAND, MI",42.45155981,-83.11350414,Certain glycol ethers (N230),325 Chemicals,325510 Paint and Coating Manufacturing,NA,216.00,171.00,0.00,0.00,45.00,"86,961.00","39,780",0
HOWMET CORP - PLANT 5,49461HWMTC1600S,2024,26121003702,"8,180",83,67,0,0,34,49461,1600 S WARNER,"WHITEHALL, MI","MUSKEGON, MI",43.39169374,-86.33629549,"4,4'-Isopropylidenediphenol (80-05-7)",332 Fabricated Metals,332811 Metal Heat Treating,HOWMET AEROSPACE INC,214.19,8.00,0.00,0.00,206.19,"20,638.90","4,284",0
LAPEER PLATING & PLASTICS INC.,48446DCPLT395DE,2024,26087337500,"14,131",82,58,30,0,43,48446,395 DEMILLE RD,"LAPEER, MI","LAPEER, MI",43.03934715,-83.30950954,Formaldehyde (50-00-0),332 Fabricated Metals,"332813 Electroplating, Plating, Polishing, Anodizing, and Coloring",TTOD LIQUIDATION,213.44,110.00,0.00,0.00,103.44,"25,861.00","4,290,517",0
CWC TEXTRON,49441CWCCS2672H,2024,26121002100,"54,742",91,73,32,0,51,49441,1085 W SHERMAN BLVD,"MUSKEGON, MI","MUSKEGON, MI",43.2052961,-86.26983158,Nickel (7440-02-0),331 Primary Metals,331511 Iron Foundries,TEXTRON INC,212.68,3.56,0.00,0.00,209.12,"12,471.68","197,793,330",0
HONEYWELL BURDICK & JACKSON,49442BXTRH1953S,2024,26121000402,"55,518",32,25,94,0,82,49442,1953 S HARVEY ST,"MUSKEGON, MI","MUSKEGON, MI",43.2182559,-86.20679593,Toluene (108-88-3),325 Chemicals,325199 All Other Basic Organic Chemical Manufacturing,HONEYWELL INTERNATIONAL INC,212.31,212.00,0.00,0.00,0.31,"12,544.31",152,0
MPLX TERMINALS LLC - ROMULUS MI TERMINAL,48174RMLSR28000,2024,26163585500,"57,324",57,20,64,0,51,48174,28001 CITRIN DR,"ROMULUS, MI","WAYNE, MI",42.24555362,-83.30829788,Xylene (mixed isomers) (1330-20-7),4247 Petroleum Bulk Terminals,424710 Petroleum Bulk Stations and Terminals,MARATHON PETROLEUM CORP,212.00,212.00,0.00,0.00,0.00,225.00,"7,420",0
PPG INDUSTRIES - GRAND HAVEN,49417VCNDS1855I,2024,26139021204,"26,459",40,17,0,0,74,49417,1855 INDUSTRIAL DR,"GRAND HAVEN, MI","OTTAWA, MI",43.03184079,-86.19268565,Triglycidyl isocyanurate (2451-62-9),325 Chemicals,325510 Paint and Coating Manufacturing,PPG INDUSTRIES INC,211.63,7.63,0.00,0.00,204.00,281.51,0,0
TRINSEO LLC-MI OPERATIONS,4866WSTYRN164BU,2024,26111290700,"31,609",34,73,38,77,47,48667,1604 BUILDING,"MIDLAND, MI","MIDLAND, MI",43.6095201,-84.2393991,Ethyl acrylate (140-88-5),325 Chemicals,325211 Plastics Material and Resin Manufacturing,TRINSEO US HOLDING INC,211.46,211.46,0.00,0.00,0.00,"2,614.44","15,437",2
FCA US STERLING HEIGHTS ASSEMBLY PLANT,48077STRLN38111,2024,26099231200,"94,944",17,19,0,82,54,48312,38111 VAN DYKE,"STERLING HEIGHTS, MI","MACOMB, MI",42.57039424,-83.03013673,Ethylene glycol (107-21-1),336 Transportation Equipment,336110 Automobile and Light Duty Motor Vehicle Manufacturing,FCA US LLC,209.72,136.11,0.00,0.00,73.61,"9,954.46","1,235",0
SMR-AUTOMOTIVE SYSTEMS USA INC.,48040SCHFN1875B,2024,26147637300,"13,827",13,95,45,0,25,48040,1875 BUSHA HWY,"MARYSVILLE, MI","ST. CLAIR, MI",42.8982323,-82.48402708,"1,2,4-Trimethylbenzene (95-63-6)",336 Transportation Equipment,336390 Other Motor Vehicle Parts Manufacturing,NA,209.53,144.80,0.00,0.00,64.73,"8,778.50","14,871",1
HENKEL US OPERATIONS CORP,48091MCHMP23343,2024,26099263200,"125,648",28,38,82,0,67,48091,23343 SHERWOOD AVE,"WARREN, MI","MACOMB, MI",42.46588693,-83.03550307,Certain glycol ethers (N230),325 Chemicals,325998 All Other Miscellaneous Chemical Product and Preparation Manufacturing,HENKEL OF AMERICA INC,208.16,68.00,0.00,0.00,140.16,"1,978.00","40,272",0
MPLX TERMINALS LLC - LANSING MI TERMINAL,48906LNSNG6300G,2024,26037010300,"16,298",64,43,0,0,29,48906,6300 W GRAND RIVER AVE,"LANSING, MI","CLINTON, MI",42.7810287,-84.64936291,Cyclohexane (110-82-7),4247 Petroleum Bulk Terminals,424710 Petroleum Bulk Stations and Terminals,MARATHON PETROLEUM CORP,208.00,208.00,0.00,0.00,0.00,208.00,121,0
MAHLE ENGINE COMPONENTS USA INC,48879SLDPW916WE,2024,26037010801,"9,939",21,79,59,0,12,48879,916 W STATE ST,"SAINT JOHNS, MI","CLINTON, MI",43.00158539,-84.57143975,Lead compounds (N420),336 Transportation Equipment,336310 Motor Vehicle Gasoline Engine and Engine Parts Manufacturing,MAHLE INDUSTRIES INC,207.85,0.00,0.00,0.00,207.85,207.85,"4,780,050",0
DICASTAL N.A. INC,4883WDCSTL1DICA,2024,26117971200,"10,751",57,64,0,0,41,48838,1 DICASTAL DRIVE,"GREENVILLE, MI","MONTCALM, MI",43.19809171,-85.23659512,n-Butyl alcohol (71-36-3),331 Primary Metals,331523 Nonferrous Metal Die-Casting Foundries,NA,206.83,165.10,0.00,0.00,41.73,"41,325.47","2,068",0
NORTHERN COATINGS & CHEMICAL CO INC,49858NRTHR7056T,2024,26109960700,"19,407",23,60,71,63,79,49858,705 6TH AVE,"MENOMINEE, MI","MENOMINEE, MI",45.10409387,-87.61094223,n-Butyl alcohol (71-36-3),325 Chemicals,325510 Paint and Coating Manufacturing,NA,206.00,206.00,0.00,0.00,0.00,"1,466.00","2,060",1
FCA US STERLING STAMPING PLANT,48077STRLN35777,2024,26099982002,"97,953",0,0,0,0,0,48312,35777 VAN DYKE,"STERLING HEIGHTS, MI","MACOMB, MI",42.55585784,-83.02948518,Certain glycol ethers (N230),336 Transportation Equipment,336370 Motor Vehicle Metal Stamping,FCA US LLC,205.00,205.00,0.00,0.00,0.00,205.00,"36,900",0
HAVILAND ENTERPRISES INC,4950WHVLND421AN,2024,26081000800,"94,071",39,9,50,0,52,49504,421 ANN STREET NW,"GRAND RAPIDS, MI","KENT, MI",42.99586552,-85.6796008,Nitric acid (7697-37-2),4246 Chemical Wholesalers,424690 Other Chemical and Allied Products Merchant Wholesalers,HAVILAND ENTERPRISES INC,205.00,200.00,0.00,0.00,5.00,"2,015.00","55,350",0
MICHIGAN SEAMLESS TUBE LLC,48178QNXMC400MC,2024,26125139202,"24,586",52,82,0,0,24,48178,400 MCMUNN ST,"SOUTH LYON, MI","OAKLAND, MI",42.45817495,-83.65631026,Manganese (7439-96-5),331 Primary Metals,331210 Iron and Steel Pipe and Tube Manufacturing from Purchased Steel,SPECIALTY STEEL WORKS INC,204.90,65.90,139.00,0.00,0.00,"72,974.90","791,787",0
MPT STERLING HEIGHTS,4831WMPTST6363E,2024,26099982002,"96,101",0,0,0,0,0,48312,6363 E. 14 MILE RD.,"STERLING HEIGHTS, MI","MACOMB, MI",42.53633824,-83.04283026,Manganese (7439-96-5),336 Transportation Equipment,336370 Motor Vehicle Metal Stamping,MAGNA US HOLDING INC,203.00,0.00,0.00,0.00,203.00,"3,956.00","2,436,000",0
FCA US WARREN TRUCK ASSEMBLY PLANT,48091WRRNT21500,2024,26099982200,"130,932",0,0,0,0,93,48091,21500 MOUND RD,"WARREN, MI","MACOMB, MI",42.45531342,-83.04419136,Methanol (67-56-1),336 Transportation Equipment,336110 Automobile and Light Duty Motor Vehicle Manufacturing,FCA US LLC,201.31,201.31,0.00,0.00,0.00,"3,960.12",36,0
MPLX TERMINALS LLC - ROMULUS MI TERMINAL,48174RMLSR28000,2024,26163585500,"57,324",57,20,64,0,51,48174,28001 CITRIN DR,"ROMULUS, MI","WAYNE, MI",42.24555362,-83.30829788,Cyclohexane (110-82-7),4247 Petroleum Bulk Terminals,424710 Petroleum Bulk Stations and Terminals,MARATHON PETROLEUM CORP,201.00,201.00,0.00,0.00,0.00,201.00,117,0
MIDLAND COGENERATION VENTURE,4864WMDLND1PRGR,2024,26111290500,"11,958",21,56,0,0,0,48640,100 PROGRESS PLACE,"MIDLAND, MI","MIDLAND, MI",43.58704611,-84.24532352,Polycyclic aromatic compounds (N590),2211 Electric Utilities,221112 Fossil Fuel Electric Power Generation,CAPITAL POWER (US HOLDINGS) INC,200.00,200.00,0.00,0.00,0.00,200.00,"78,000,000",0
MSP INDUSTRIES,48371MSPND45WAK,2024,26125121000,"5,471",0,46,0,0,11,48371,45 W OAKWOOD RD,"OXFORD, MI","OAKLAND, MI",42.86905546,-83.29053711,Manganese (7439-96-5),332 Fabricated Metals,332111 Iron and Steel Forging,AMERICAN AXLE & MANUFACTURING HOLDINGS INC,199.00,4.00,0.00,0.00,195.00,"34,820.00","2,388,000",0
MPLX TERMINALS LLC - JACKSON MI TERMINAL,49201JCKSN2090M,2024,26075005602,"12,883",22,72,28,0,50,49201,2090 MORRILL RD,"JACKSON, MI","JACKSON, MI",42.31003859,-84.42477118,Xylene (mixed isomers) (1330-20-7),4247 Petroleum Bulk Terminals,424710 Petroleum Bulk Stations and Terminals,MARATHON PETROLEUM CORP,196.00,196.00,0.00,0.00,0.00,201.00,"6,860",0
TRINSEO LLC-MI OPERATIONS,4866WSTYRN164BU,2024,26111290700,"31,609",34,73,38,77,47,48667,1604 BUILDING,"MIDLAND, MI","MIDLAND, MI",43.6095201,-84.2393991,Vinyl acetate (108-05-4),325 Chemicals,325211 Plastics Material and Resin Manufacturing,TRINSEO US HOLDING INC,195.96,195.96,0.00,0.00,0.00,195.96,"3,527",2
HAVILAND ENTERPRISES INC,4950WHVLND421AN,2024,26081000800,"94,071",39,9,50,0,52,49504,421 ANN STREET NW,"GRAND RAPIDS, MI","KENT, MI",42.99586552,-85.6796008,Nitrate compounds (water dissociable) (N511),4246 Chemical Wholesalers,424690 Other Chemical and Allied Products Merchant Wholesalers,HAVILAND ENTERPRISES INC,195.00,6.00,0.00,0.00,189.00,"1,896.00",123,0
SUPERIOR BRASS & ALUMINUM CASTING CO,48823SPRRB4893D,2024,26065004302,"52,365",0,4,51,84,49,48823,4893 DAWN AVE,"EAST LANSING, MI","INGHAM, MI",42.7232963,-84.45130955,Lead (7439-92-1),331 Primary Metals,331529 Other Nonferrous Metal Foundries (except Die-Casting),NA,194.60,10.30,5.30,0.00,179.00,"2,490.60","4,449,300",1
LAKESHORE FITTINGS INC,4941WLKSHR1865I,2024,26139021204,"26,488",40,17,0,0,74,49417,1865 INDUSTRIAL PARK DR,"GRAND HAVEN, MI","OTTAWA, MI",43.03154988,-86.1920502,Aluminum (fume or dust) (7429-90-5),332 Fabricated Metals,332721 Precision Turned Product Manufacturing,ALCO HOLDINGS,192.00,0.00,0.00,0.00,192.00,"1,734,154.00","134,400",0
ARKEMA INC,49507PLYMR1415S,2024,26081003800,"130,521",81,5,83,95,98,49507,1415 STEELE AVE SW,"GRAND RAPIDS, MI","KENT, MI",42.9387233,-85.67574584,Toluene (108-88-3),325 Chemicals,325211 Plastics Material and Resin Manufacturing,ARKEMA DELAWARE INC,190.00,190.00,0.00,0.00,0.00,"2,020.00",133,0
AVIENT COLORANTS USA LLC - ALBION FACILITY,49224RDPLSALBIO,2024,26025003600,"9,350",56,64,26,0,89,49224,926 ELLIOTT RD,"ALBION, MI","CALHOUN, MI",42.25635389,-84.77948306,Tetrabromobisphenol A (TBBPA) (79-94-7),325 Chemicals,325991 Custom Compounding of Purchased Resins,AVIENT CORP,188.72,0.50,0.00,0.00,188.22,242.13,0,0
ALLIED FINISHING INC,49508LLDFN4100B,2024,26081012608,"41,254",76,63,33,57,68,49512,4100 BROADMOOR SE,"KENTWOOD, MI","KENT, MI",42.88901815,-85.56932812,Copper compounds (N100),332 Fabricated Metals,"332813 Electroplating, Plating, Polishing, Anodizing, and Coloring",ALLIED FINISHING INC,188.00,13.00,0.00,0.00,175.00,"13,678.00","282,000",0
BASF CORP,48192BSFCR1609B,2024,26163580100,"83,157",54,24,35,0,37,481923729,1609 BIDDLE AVE,"WYANDOTTE, MI","WAYNE, MI",42.2177185,-83.15027742,Ethyl acrylate (140-88-5),325 Chemicals,325211 Plastics Material and Resin Manufacturing,BASF CORP,187.90,182.00,2.00,0.00,3.90,"3,356.00","296,486",0
ADAC AUTOMOTIVE MUSKEGON PLANT  PORT CITY & KEATING,49442DCPLS2050P,2024,26121000402,"52,782",32,25,94,0,82,49442,2050 PORT CITY BLVD & 1801 KEATING AVE,"MUSKEGON, MI","MUSKEGON, MI",43.21607999,-86.19580598,Toluene (108-88-3),336 Transportation Equipment,336390 Other Motor Vehicle Parts Manufacturing,ADAC PLASTICS INC,187.80,187.80,0.00,0.00,0.00,"186,504.00",131,0
FCA US JEFFERSON NORTH ASSEMBLY PLANT,48215CHRYL2101C,2024,26163985200,"102,064",0,0,0,0,0,48215,2101 CONNOR AVE,"DETROIT, MI","WAYNE, MI",42.37535016,-82.96247701,Cumene (98-82-8),336 Transportation Equipment,336110 Automobile and Light Duty Motor Vehicle Manufacturing,FCA US LLC,187.00,187.00,0.00,0.00,0.00,"9,317.22","1,646",0
MORBARK LLC,4889WMRBRK857SW,2024,26073000300,"1,140",49,39,49,71,72,48896,8507 S WINN RD,"WINN, MI","ISABELLA, MI",43.51765055,-84.90578761,Nickel compounds (N495),333 Machinery,333120 Construction Machinery Manufacturing,ALAMO GROUP INC,186.70,186.70,0.00,0.00,0.00,"58,701.70","173,631,000",0
MPLX TERMINALS LLC - JACKSON MI TERMINAL,49201JCKSN2090M,2024,26075005602,"12,883",22,72,28,0,50,49201,2090 MORRILL RD,"JACKSON, MI","JACKSON, MI",42.31003859,-84.42477118,Cyclohexane (110-82-7),4247 Petroleum Bulk Terminals,424710 Petroleum Bulk Stations and Terminals,MARATHON PETROLEUM CORP,185.00,185.00,0.00,0.00,0.00,185.00,107,0
AURORIUM ZEELAND LLC,49464HXCLC215CE,2024,26139022900,"23,379",97,10,0,0,63,49464,215 N CENTENNIAL ST,"ZEELAND, MI","OTTAWA, MI",42.81603499,-86.01197179,Aluminum (fume or dust) (7429-90-5),325 Chemicals,325199 All Other Basic Organic Chemical Manufacturing,AURORIUM PPC HOLDINGS LLC,184.00,184.00,0.00,0.00,0.00,184.00,"128,800",0
HEMLOCK SEMICONDUCTOR OPERATIONS LLC,48626HMLCK12334,2024,26145012002,"4,294",28,58,32,0,25,48626,12334 GEDDES RD,"HEMLOCK, MI","SAGINAW, MI",43.43100582,-84.16054841,Hydrogen fluoride (7664-39-3),327 Nonmetallic Mineral Product,327992 Ground or Treated Mineral and Earth Manufacturing,CORNING INC,182.00,182.00,0.00,0.00,0.00,"222,371.00","45,500",0
MAGNI INDUSTRIES INC.,48209MGNNC2771H,2024,26163523100,"109,739",68,11,88,73,95,48209,2771 HAMMOND,"DETROIT, MI","WAYNE, MI",42.32309627,-83.11146256,Ethylbenzene (100-41-4),325 Chemicals,325510 Paint and Coating Manufacturing,THE MAGNI GROUP INC,182.00,182.00,0.00,0.00,0.00,494.00,"161,980",0
STRUCTURAL CONCEPTS CORP,4944WSTRCT888EP,2024,26121002602,-,59,82,51,0,29,49441,888 E PORTER RD,"MUSKEGON, MI","MUSKEGON, MI",43.15824552,-86.22347508,Chromium compounds (N090),333 Machinery,333415 Air-Conditioning and Warm Air Heating Equipment and Commercial and Industrial Refrigeration..,SC HOLDING CORP,181.02,181.02,0.00,0.00,0.00,"61,612.02","3,938,995,200",0
MAGNA ELECTRIC VEHICLE STRUCTURES,4807WMGNLC1811S,2024,26147642000,-,0,0,0,0,0,48079,1811 S RANGE RD,"SAINT CLAIR, MI","ST. CLAIR, MI",42.85263121,-82.49736313,Manganese (7439-96-5),336 Transportation Equipment,336390 Other Motor Vehicle Parts Manufacturing,MAGNA US HOLDING INC,180.00,12.00,0.00,0.00,168.00,"17,084.00","2,160,000",0
MAGNI INDUSTRIES INC.,48209MGNNC2771H,2024,26163523100,"109,739",68,11,88,73,95,48209,2771 HAMMOND,"DETROIT, MI","WAYNE, MI",42.32309627,-83.11146256,Toluene (108-88-3),325 Chemicals,325510 Paint and Coating Manufacturing,THE MAGNI GROUP INC,180.00,180.00,0.00,0.00,0.00,492.00,126,0
NORTHERN COATINGS & CHEMICAL CO INC,49858NRTHR7056T,2024,26109960700,"19,407",23,60,71,63,79,49858,705 6TH AVE,"MENOMINEE, MI","MENOMINEE, MI",45.10409387,-87.61094223,Certain glycol ethers (N230),325 Chemicals,325510 Paint and Coating Manufacturing,NA,180.00,180.00,0.00,0.00,0.00,650.00,"32,400",1
QUALITY NON-FERROUS FOUNDRY,4950WQLTYN1251J,2024,26081013300,"103,835",39,14,62,0,86,49509,1251 JUDD AVE SW,"WYOMING, MI","KENT, MI",42.93981125,-85.7010932,Copper (7440-50-8),331 Primary Metals,331523 Nonferrous Metal Die-Casting Foundries,ROMAN MANUFACTURING INC,180.00,180.00,0.00,0.00,0.00,"12,225.00","270,000",0
THE DOW CHEMICAL CO,48667THDWCMICHI,2024,26111290600,"25,530",74,14,85,0,68,48667,1790 BUILDING,"MIDLAND, MI","MIDLAND, MI",43.6095201,-84.2393991,Biphenyl (92-52-4),325 Chemicals,325211 Plastics Material and Resin Manufacturing,DOW INC,180.00,180.00,0.00,0.00,0.00,671.00,"144,000",0
VENTRA EVART LLC,49631VRTPR601WS,2024,26133970400,"3,127",51,75,84,0,91,49631,601 W SEVENTH ST,"EVART, MI","OSCEOLA, MI",43.90066423,-85.26622672,Ethylbenzene (100-41-4),336 Transportation Equipment,336390 Other Motor Vehicle Parts Manufacturing,FLEX-N-GATE CORP,178.90,178.90,0.00,0.00,0.00,"6,411.90","159,221",0
HENROB CORP,4816WHNRBC3SHIL,2024,26125138600,"11,526",34,13,0,65,0,48165,30000 S HILL RD,"NEW HUDSON, MI","OAKLAND, MI",42.50981385,-83.5958345,Methanol (67-56-1),332 Fabricated Metals,"332722 Bolt, Nut, Screw, Rivet, and Washer Manufacturing",ATLAS COPCO NORTH AMERICA LLC,178.00,178.00,0.00,0.00,0.00,178.00,32,0
TRIBAR MANUFACTURING LLC PLANT #5,4839WDPTPL48668,2024,26125133102,"32,031",76,23,0,0,0,48393,48668 ALPHA DR,"WIXOM, MI","OAKLAND, MI",42.49931912,-83.53043372,Nitric acid (7697-37-2),332 Fabricated Metals,"332813 Electroplating, Plating, Polishing, Anodizing, and Coloring",TRIBAR TECHNOLOGIES INC,178.00,178.00,0.00,0.00,0.00,"82,258.00","48,060",0
BRADFORD WHITE CORP,49333BRDFR200LA,2024,26015010301,"6,299",64,52,0,62,36,49333,200 LAFAYETTE ST,"MIDDLEVILLE, MI","BARRY, MI",42.7183492,-85.46383357,Chromium (7440-47-3),335 Electrical Equipment,335220 Major Household Appliance Manufacturing,BRADFORD WHITE CORP,177.30,176.00,0.00,0.00,1.30,177.30,"337,930,530",0
FCA US WARREN TRUCK ASSEMBLY PLANT,48091WRRNT21500,2024,26099982200,"130,932",0,0,0,0,93,48091,21500 MOUND RD,"WARREN, MI","MACOMB, MI",42.45531342,-83.04419136,Benzene (71-43-2),336 Transportation Equipment,336110 Automobile and Light Duty Motor Vehicle Manufacturing,FCA US LLC,176.47,176.47,0.00,0.00,0.00,176.47,"4,941,160",0
MAGNI INDUSTRIES INC.,48209MGNNC2771H,2024,26163523100,"109,739",68,11,88,73,95,48209,2771 HAMMOND,"DETROIT, MI","WAYNE, MI",42.32309627,-83.11146256,"4,4'-Isopropylidenediphenol (80-05-7)",325 Chemicals,325510 Paint and Coating Manufacturing,THE MAGNI GROUP INC,176.00,176.00,0.00,0.00,0.00,194.00,"3,520",0
BAKELITE CHEMICALS LLC,49738GRGPCROUTE,2024,26039960500,475,87,73,61,0,82,49738,4113 FOUR MILE RD,"GRAYLING, MI","CRAWFORD, MI",44.59845162,-84.69111322,Phenol (108-95-2),325 Chemicals,325211 Plastics Material and Resin Manufacturing,BAKELITE US HOLDCO INC,175.00,150.00,0.00,0.00,25.00,175.00,"3,150",0
RICHARD-ALLAN SCIENTIFIC,49008RCHRD4481C,2024,26077001604,"63,148",46,76,56,71,11,49008,4481 CAMPUS DR,"KALAMAZOO, MI","KALAMAZOO, MI",42.25668735,-85.63865076,Formaldehyde (50-00-0),325 Chemicals,325413 In-Vitro Diagnostic Substance Manufacturing,NEW ERIE,174.30,38.30,0.00,0.00,136.00,"5,713.80","1,494,380",0
AXALTA COATING SYSTEMS USA LLC-MOUNT CLEMENS PLANT,48043DPNTM400GR,2024,26099245200,"69,774",78,62,35,0,89,48043,400 GROESBECK HWY,"MOUNT CLEMENS, MI","MACOMB, MI",42.61385915,-82.88881704,Toluene (108-88-3),325 Chemicals,325510 Paint and Coating Manufacturing,AXALTA COATING SYSTEMS LLC,172.00,172.00,0.00,0.00,0.00,"13,990.00",120,0
DANA - WARREN MANUFACTURING LLC,48093SMNFC2821V,2024,26099262000,"103,399",36,75,96,79,65,48093,28201 VAN DYKE AVE,"WARREN, MI","MACOMB, MI",42.49990932,-83.02813603,Manganese compounds (N450),336 Transportation Equipment,336330 Motor Vehicle Steering and Suspension Components (except Spring) Manufacturing,DANA INC,171.95,171.95,0.00,0.00,0.00,"304,887.95","2,063,400",0
THE DOW CHEMICAL CO,48667THDWCMICHI,2024,26111290600,"25,530",74,14,85,0,68,48667,1790 BUILDING,"MIDLAND, MI","MIDLAND, MI",43.6095201,-84.2393991,Sulfuric acid (acid aerosols) (7664-93-9),325 Chemicals,325211 Plastics Material and Resin Manufacturing,DOW INC,170.00,170.00,0.00,0.00,0.00,"10,170.00","595,000",0
EAGLE ALLOY INC.,49442GLLLY5142E,2024,26121003100,"14,246",42,59,66,0,51,49442,5142 EVANSTON AVE,"MUSKEGON, MI","MUSKEGON, MI",43.21328568,-86.11645093,Nickel (7440-02-0),331 Primary Metals,331513 Steel Foundries (except Investment),NA,169.00,61.00,0.00,0.00,108.00,386.00,"157,170,000",0
DDP SPECIALTY ELECTRONIC MATERIALS US LLC,4864WDDPSP34SSA,2024,26111290600,"29,731",74,14,85,0,68,48640,3400 S SAGINAW RD - UNIT 96,"MIDLAND, MI","MIDLAND, MI",43.60102204,-84.20774568,Xylene (mixed isomers) (1330-20-7),325 Chemicals,325199 All Other Basic Organic Chemical Manufacturing,DUPONT DE NEMOURS INC,168.00,80.00,0.00,0.00,88.00,363.10,"5,880",0
THE DOW CHEMICAL CO,48667THDWCMICHI,2024,26111290600,"25,530",74,14,85,0,68,48667,1790 BUILDING,"MIDLAND, MI","MIDLAND, MI",43.6095201,-84.2393991,Methyl isobutyl ketone (108-10-1),325 Chemicals,325211 Plastics Material and Resin Manufacturing,DOW INC,168.00,168.00,0.00,0.00,0.00,"997,468.00",202,0
CIE NEWCOR MTG,48817MCGNN1021N,2024,26155031600,"15,528",26,87,41,0,75,48817,1021 N SHIAWASSEE,"CORUNNA, MI","SHIAWASSEE, MI",42.99252374,-84.11896333,Nickel (7440-02-0),336 Transportation Equipment,336390 Other Motor Vehicle Parts Manufacturing,NEWCOR,166.00,0.00,0.00,0.00,166.00,"7,920.00","154,380,000",0
DOW SILICONES CORP AUBURN SITE,48611DWCRN5300E,2024,26017285600,"5,814",68,36,44,0,18,48611,5300 ELEVEN MILE RD,"AUBURN, MI","BAY, MI",43.58751678,-84.10933364,Aluminum (fume or dust) (7429-90-5),325 Chemicals,325211 Plastics Material and Resin Manufacturing,DOW INC,166.00,0.00,0.00,0.00,166.00,"2,024.52","116,200",0
WEBB CHEMICAL SERVICE CORP,49444WBBCH2708J,2024,26121004300,"60,581",56,21,98,0,61,49444,2708 JARMAN,"MUSKEGON HEIGHTS, MI","MUSKEGON, MI",43.20207671,-86.23092135,Formaldehyde (50-00-0),4246 Chemical Wholesalers,424690 Other Chemical and Allied Products Merchant Wholesalers,NA,165.71,161.51,0.00,0.00,4.20,214.05,"6,298,911",0
SIKA MBCC US LLC,49071RXNRDCONCO,2024,26159011003,"8,666",63,46,44,0,34,49071,23930 CONCORD AVE,"MATTAWAN, MI","VAN BUREN, MI",42.2086896,-85.78443888,Xylene (mixed isomers) (1330-20-7),325 Chemicals,325520 Adhesive Manufacturing,SIKA CORP,165.00,165.00,0.00,0.00,0.00,"2,170.00","5,775",0
FCA US STERLING STAMPING PLANT,48077STRLN35777,2024,26099982002,"97,953",0,0,0,0,0,48312,35777 VAN DYKE,"STERLING HEIGHTS, MI","MACOMB, MI",42.55585784,-83.02948518,n-Hexane (110-54-3),336 Transportation Equipment,336370 Motor Vehicle Metal Stamping,FCA US LLC,161.00,161.00,0.00,0.00,0.00,161.00,805,0
SHERWIN-WILLIAMS CO,49423GRDSM636E4,2024,26005032401,"30,689",81,35,51,73,72,49423,636 E 40TH ST,"HOLLAND, MI","ALLEGAN, MI",42.76200737,-86.07937104,Ethylbenzene (100-41-4),325 Chemicals,325510 Paint and Coating Manufacturing,THE SHERWIN-WILLIAMS CO,161.00,161.00,0.00,0.00,0.00,"4,987.00","143,290",0
GM TRUCK GROUP FLINT ASSEMBLY PLANT,48551GMCTRG3100,2024,26049980000,"51,226",0,0,0,0,0,48551,G-3100 VAN SLYKE RD,"FLINT, MI","GENESEE, MI",42.96697513,-83.71257194,Benzene (71-43-2),336 Transportation Equipment,336350 Motor Vehicle Transmission and Power Train Parts Manufacturing,GENERAL MOTORS LLC,160.00,160.00,0.00,0.00,0.00,160.00,"4,480,000",0
NORTHERN COATINGS & CHEMICAL CO INC,49858NRTHR7056T,2024,26109960700,"19,407",23,60,71,63,79,49858,705 6TH AVE,"MENOMINEE, MI","MENOMINEE, MI",45.10409387,-87.61094223,Toluene (108-88-3),325 Chemicals,325510 Paint and Coating Manufacturing,NA,159.00,159.00,0.00,0.00,0.00,"2,189.00",111,1
TRANSTAR AUTOBODY TECHNOLOGIES,48116HHSPP2040H,2024,26093742201,"16,903",77,71,44,0,40,48114,2040 HEISERMAN DR,"BRIGHTON, MI","LIVINGSTON, MI",42.57140822,-83.81139576,Xylene (mixed isomers) (1330-20-7),325 Chemicals,325510 Paint and Coating Manufacturing,AXALTA COATING SYSTEMS LLC,158.59,149.84,0.00,0.00,8.75,"4,098.24","5,551",0
ZF AXLE DRIVES MARYSVILLE,4804WZFMRY29BUS,2024,26147637300,"9,596",0,0,0,0,0,48040,2900 BUSHA HWY,"MARYSVILLE, MI","ST. CLAIR, MI",42.8775138,-82.48351335,Ammonia (7664-41-7),336 Transportation Equipment,336350 Motor Vehicle Transmission and Power Train Parts Manufacturing,ZF NORTH AMERICA INC,158.41,158.41,0.00,0.00,0.00,158.41,"1,109",0
BILLERUD QUINNESEC,49876CHMPNUSHIG,2024,26043950300,"5,480",46,23,42,0,18,49876,W 6791 US HWY 2,"QUINNESEC, MI","DICKINSON, MI",45.80204895,-87.95895733,Formic acid (64-18-6),322 Paper,322110 Pulp Mills,BILLERUD AMERICAS CORP,156.50,0.00,156.50,0.00,0.00,"2,098,770.50",78,0
MAGNI INDUSTRIES INC.,48209MGNNC2771H,2024,26163523100,"109,739",68,11,88,73,95,48209,2771 HAMMOND,"DETROIT, MI","WAYNE, MI",42.32309627,-83.11146256,Certain glycol ethers (N230),325 Chemicals,325510 Paint and Coating Manufacturing,THE MAGNI GROUP INC,156.00,156.00,0.00,0.00,0.00,700.00,"28,080",0
GCI GOKOH COLDWATER INC,4903WGKHCL1CNCE,2024,26023951400,"13,334",16,82,34,0,40,49036,100 CONCEPT DR,"COLDWATER, MI","BRANCH, MI",41.94927569,-84.97854904,Diisocyanates (N120),331 Primary Metals,331511 Iron Foundries,NA,155.80,155.80,0.00,0.00,0.00,"1,403.80","54,530,000",0
W S MOLNAR CO,4820WWSMLN2545B,2024,26163519300,"78,459",26,69,97,0,85,48207,2545 BEAUFAIT ST,"DETROIT, MI","WAYNE, MI",42.35619117,-83.01513748,Chromium (7440-47-3),332 Fabricated Metals,332999 All Other Miscellaneous Fabricated Metal Product Manufacturing,NA,155.56,1.56,0.00,0.00,154.00,155.56,"2,488,960,000",0
SHELBY FOAM SYSTEM,48316FRCTM6226M,2024,26099225200,"44,146",23,33,30,0,45,48316,6200 26 MILE RD,"SHELBY TOWNSHIP, MI","MACOMB, MI",42.71303356,-83.05243947,Diisocyanates (N120),326 Plastics and Rubber,326150 Urethane and Other Foam Product (except Polystyrene) Manufacturing,MAGNA US HOLDING INC,153.59,3.59,0.00,0.00,150.00,153.59,"53,756,500",0
AXALTA COATING SYSTEMS USA LLC-MOUNT CLEMENS PLANT,48043DPNTM400GR,2024,26099245200,"69,774",78,62,35,0,89,48043,400 GROESBECK HWY,"MOUNT CLEMENS, MI","MACOMB, MI",42.61385915,-82.88881704,Xylene (mixed isomers) (1330-20-7),325 Chemicals,325510 Paint and Coating Manufacturing,AXALTA COATING SYSTEMS LLC,153.00,153.00,0.00,0.00,0.00,"159,809.00","5,355",0
AJAX METAL PROCESSING INC,48207JXMTL4651B,2024,26163519200,"102,022",77,10,97,0,44,48207,4651 BELLEVUE AVE,"DETROIT, MI","WAYNE, MI",42.36922867,-83.02213289,Nitric acid (7697-37-2),332 Fabricated Metals,"332813 Electroplating, Plating, Polishing, Anodizing, and Coloring",AJAX METAL PROCESSING INC,150.00,150.00,0.00,0.00,0.00,"75,009.00","40,500",0
SPECIALTY STEEL TREATING INC,48331SPCLT20723,2024,26125167300,"81,902",68,29,79,0,50,48336,31610 W EIGHT MILE RD,"FARMINGTON HILLS, MI","OAKLAND, MI",42.44107087,-83.35903526,Ammonia (7664-41-7),332 Fabricated Metals,332811 Metal Heat Treating,SPECIALTY STEEL TREATING INC,150.00,150.00,0.00,0.00,0.00,150.00,"1,050",0
ST MARYS CEMENT U.S. LLC,49720MDSCMBELLS,2024,26029000400,"3,587",37,95,51,57,37,49720,16000 BELLS BAY RD,"CHARLEVOIX, MI","CHARLEVOIX, MI",45.30794109,-85.30779401,Lead (7439-92-1),327 Nonmetallic Mineral Product,327310 Cement Manufacturing,VCNA PRAIRIE LLC,149.17,149.17,0.00,0.00,0.00,149.17,"3,430,910",0
AXALTA COATING SYSTEMS USA LLC-MOUNT CLEMENS PLANT,48043DPNTM400GR,2024,26099245200,"69,774",78,62,35,0,89,48043,400 GROESBECK HWY,"MOUNT CLEMENS, MI","MACOMB, MI",42.61385915,-82.88881704,Cumene (98-82-8),325 Chemicals,325510 Paint and Coating Manufacturing,AXALTA COATING SYSTEMS LLC,148.89,148.89,0.00,0.00,0.00,"3,006.89","1,310",0
ARCOSA SHORING PRODUCTS 1596,49094GRSWL8530M,2024,26025002800,"2,954",36,71,66,0,49,49094,8530 M-60 E,"UNION CITY, MI","CALHOUN, MI",42.08066781,-85.1287528,Nickel (7440-02-0),332 Fabricated Metals,332312 Fabricated Structural Metal Manufacturing,ARCOSA INC,147.80,147.80,0.00,0.00,0.00,147.80,"137,454,000",0
ALUDYNE MONTAGUE LLC,49437HYSLM5353W,2024,26121003800,"7,042",42,86,31,0,28,49437,5353 WILCOX RD,"MONTAGUE, MI","MUSKEGON, MI",43.41157191,-86.37107931,Lead compounds (N420),336 Transportation Equipment,336330 Motor Vehicle Steering and Suspension Components (except Spring) Manufacturing,ALUDYNE INC,146.05,2.02,0.00,0.00,144.03,"1,172.85","3,357,450",0
GENERAL MOTORS LLC - BAY CITY PLANT,48708GNRLM100FI,2024,26017286500,-,18,57,83,0,65,48708,1001 WOODSIDE AVE,"BAY CITY, MI","BAY, MI",43.60392845,-83.87892854,Copper (7440-50-8),336 Transportation Equipment,336350 Motor Vehicle Transmission and Power Train Parts Manufacturing,GENERAL MOTORS LLC,145.65,0.00,0.00,0.00,145.65,"1,946.00","218,475",0
NEXTEER AUTOMOTIVE CORP,48601GMCSG3900H,2024,26145011002,"27,468",99,51,0,0,53,48601,3900 HOLLAND ROAD,"SAGINAW, MI","SAGINAW, MI",43.414546,-83.87992378,Nickel compounds (N495),336 Transportation Equipment,336330 Motor Vehicle Steering and Suspension Components (except Spring) Manufacturing,PCM US STEERING HOLDING LLC,145.10,7.10,0.00,0.00,138.00,"33,942.00","78,125,560",0
MPLX TERMINALS LLC - FLINT MI TERMINAL,48458FLNTMG6065,2024,26049012201,"40,755",63,30,95,62,89,48458,G-6065 N DORT HWY,"MOUNT MORRIS, MI","GENESEE, MI",43.09121177,-83.67460617,Xylene (mixed isomers) (1330-20-7),4247 Petroleum Bulk Terminals,424710 Petroleum Bulk Stations and Terminals,MARATHON PETROLEUM CORP,145.00,145.00,0.00,0.00,0.00,151.00,"5,075",0
FCA US WARREN STAMPING PLANT,48091WRRNS22800,2024,26099982200,"129,109",0,0,0,0,93,48091,22800 MOUND RD,"WARREN, MI","MACOMB, MI",42.46100325,-83.04452265,n-Hexane (110-54-3),336 Transportation Equipment,336370 Motor Vehicle Metal Stamping,FCA US LLC,144.00,144.00,0.00,0.00,0.00,144.00,720,0
MARATHON PIPE LINE - WOODHAVEN TERMINAL,48183MRTHN24400,2024,26163982102,"53,295",0,0,0,0,0,48183,24400 ALLEN RD,"WOODHAVEN, MI","WAYNE, MI",42.13167881,-83.2258383,Xylene (mixed isomers) (1330-20-7),4247 Petroleum Bulk Terminals,424710 Petroleum Bulk Stations and Terminals,MARATHON PETROLEUM CORP,144.00,144.00,0.00,0.00,0.00,539.00,"5,040",0
SHERWIN-WILLIAMS CO,49423GRDSM636E4,2024,26005032401,"30,689",81,35,51,73,72,49423,636 E 40TH ST,"HOLLAND, MI","ALLEGAN, MI",42.76200737,-86.07937104,Xylene (mixed isomers) (1330-20-7),325 Chemicals,325510 Paint and Coating Manufacturing,THE SHERWIN-WILLIAMS CO,144.00,144.00,0.00,0.00,0.00,"5,646.00","5,040",0
UNIVAR SOLUTIONS USA,48906SHLND2011T,2024,26065000100,"67,306",35,74,48,0,63,48906,2011 TURNER ST,"LANSING, MI","INGHAM, MI",42.75628968,-84.55215085,Certain glycol ethers (N230),4246 Chemical Wholesalers,424690 Other Chemical and Allied Products Merchant Wholesalers,UNIVAR SOLUTIONS USA INC,143.33,143.33,0.00,0.00,0.00,"10,263.33","25,800",0
AVIENT COLORANTS USA LLC - ALBION FACILITY,49224RDPLSALBIO,2024,26025003600,"9,350",56,64,26,0,89,49224,926 ELLIOTT RD,"ALBION, MI","CALHOUN, MI",42.25635389,-84.77948306,Chromium compounds (N090),325 Chemicals,325991 Custom Compounding of Purchased Resins,AVIENT CORP,142.60,5.00,0.00,0.00,137.60,"1,120.79","2,189,191,500",0
CONE DRIVE OPERATIONS INC.,49684CNDRV240EA,2024,26055551400,"26,471",35,82,46,0,46,49684,240 E 12TH ST,"TRAVERSE CITY, MI","GRAND TRAVERSE, MI",44.75460751,-85.61906405,Copper compounds (N100),333 Machinery,"333612 Speed Changer, Industrial High-Speed Drive, and Gear Manufacturing",THE TIMKEN CO,142.40,0.00,0.00,0.00,142.40,"40,040.40","213,600",0
PETERSON FARMS INC.,4945WPTRSN314WE,2024,26127010300,"3,275",82,18,28,0,65,49455,3104 WEST BASELINE ROAD,"SHELBY, MI","OCEANA, MI",43.64466085,-86.33782092,Nitric acid (7697-37-2),311 Food,"311411 Frozen Fruit, Juice, and Vegetable Manufacturing",NA,140.40,140.40,0.00,0.00,0.00,"107,636.40","37,908",0
FORD MOTOR CO DEARBORN STAMPING PLANT,48121FRDM13001M,2024,26163985700,"123,088",0,0,0,0,0,48120,3001 MILLER RD,"DEARBORN, MI","WAYNE, MI",42.30886967,-83.15678743,Toluene (108-88-3),336 Transportation Equipment,336370 Motor Vehicle Metal Stamping,FORD MOTOR CO,140.00,140.00,0.00,0.00,0.00,140.00,98,0
MPLX TERMINALS LLC - FLINT MI TERMINAL,48458FLNTMG6065,2024,26049012201,"40,755",63,30,95,62,89,48458,G-6065 N DORT HWY,"MOUNT MORRIS, MI","GENESEE, MI",43.09121177,-83.67460617,Cyclohexane (110-82-7),4247 Petroleum Bulk Terminals,424710 Petroleum Bulk Stations and Terminals,MARATHON PETROLEUM CORP,140.00,140.00,0.00,0.00,0.00,140.00,81,0
MEAD JOHNSON & CO LLC,49464BRSTL725EM,2024,26139022900,"21,120",97,10,0,0,63,49464,725 E MAIN ST,"ZEELAND, MI","OTTAWA, MI",42.81244023,-86.00142593,Nitric acid (7697-37-2),311 Food,"311514 Dry, Condensed, and Evaporated Dairy Product Manufacturing",MEAD JOHNSON & CO LLC,139.80,71.80,0.00,0.00,68.00,"162,102.90","37,746",0
INTERNATIONAL CASTING CORP,48047NTRNT37087,2024,26099220004,"23,225",28,87,69,0,48,48047,37087 GREEN ST,"NEW BALTIMORE, MI","MACOMB, MI",42.68610181,-82.72963001,Manganese (7439-96-5),331 Primary Metals,331513 Steel Foundries (except Investment),NA,139.60,6.60,0.00,0.00,133.00,471.60,"1,675,200",0
DETROIT ASSEMBLY COMPLEX MACK,4821WDTRTS4STJE,2024,26163514100,"124,212",56,18,98,0,46,48214,4000 ST JEAN ST,"DETROIT, MI","WAYNE, MI",42.37978444,-82.97886412,Methanol (67-56-1),336 Transportation Equipment,336110 Automobile and Light Duty Motor Vehicle Manufacturing,FCA US LLC,134.92,134.92,0.00,0.00,0.00,"1,174.05",24,0
MORBARK LLC,4889WMRBRK857SW,2024,26073000300,"1,140",49,39,49,71,72,48896,8507 S WINN RD,"WINN, MI","ISABELLA, MI",43.51765055,-84.90578761,Manganese compounds (N450),333 Machinery,333120 Construction Machinery Manufacturing,ALAMO GROUP INC,134.21,134.21,0.00,0.00,0.00,"111,482.21","1,610,520",0
U.S. EPA NATIONAL VEHICLE & FUEL EMISSIONS LABORATORY,48105SPNTN2565P,2024,26161402601,"56,476",31,2,53,95,0,48105,2565 PLYMOUTH RD,"ANN ARBOR, MI","WASHTENAW, MI",42.30244013,-83.71106093,Toluene (108-88-3),999 Other,923120 Administration of Public Health Programs,US ENVIRONMENTAL PROTECTION AGENCY,133.00,0.00,0.00,0.00,133.00,133.00,"1,729",0
MAGNA ELECTRIC VEHICLE STRUCTURES,4807WMGNLC1811S,2024,26147642000,-,0,0,0,0,0,48079,1811 S RANGE RD,"SAINT CLAIR, MI","ST. CLAIR, MI",42.85263121,-82.49736313,Lead (7439-92-1),336 Transportation Equipment,336390 Other Motor Vehicle Parts Manufacturing,MAGNA US HOLDING INC,132.78,0.02,0.20,0.00,132.56,154.18,"3,052,640",0
DETROIT ASSEMBLY COMPLEX MACK,4821WDTRTS4STJE,2024,26163514100,"124,212",56,18,98,0,46,48214,4000 ST JEAN ST,"DETROIT, MI","WAYNE, MI",42.37978444,-82.97886412,Zinc compounds (N982),336 Transportation Equipment,336110 Automobile and Light Duty Motor Vehicle Manufacturing,FCA US LLC,132.72,6.15,0.00,0.00,126.57,132.72,"1,114",0
TRANSTAR AUTOBODY TECHNOLOGIES,48116HHSPP2040H,2024,26093742201,"16,903",77,71,44,0,40,48114,2040 HEISERMAN DR,"BRIGHTON, MI","LIVINGSTON, MI",42.57140822,-83.81139576,Methyl isobutyl ketone (108-10-1),325 Chemicals,325510 Paint and Coating Manufacturing,AXALTA COATING SYSTEMS LLC,132.05,124.77,0.00,0.00,7.28,"3,412.53",244,0
"LYMTAL INTERNATIONAL,INC.",48057HSPTR4150S,2024,26125128400,"31,968",73,50,30,71,73,48359,4150 S LAPEER RD,"LAKE ORION, MI","OAKLAND, MI",42.71882581,-83.24287105,Xylene (mixed isomers) (1330-20-7),325 Chemicals,325510 Paint and Coating Manufacturing,NA,131.47,32.57,98.90,0.00,0.00,230.37,"1,634",1
HENKEL US OPERATIONS CORP,48091MCHMP23343,2024,26099263200,"125,648",28,38,82,0,67,48091,23343 SHERWOOD AVE,"WARREN, MI","MACOMB, MI",42.46588693,-83.03550307,Hydrogen fluoride (7664-39-3),325 Chemicals,325998 All Other Miscellaneous Chemical Product and Preparation Manufacturing,HENKEL OF AMERICA INC,131.00,131.00,0.00,0.00,0.00,"9,364.00","32,750",0
LAPEER PLATING & PLASTICS INC.,48446DCPLT395DE,2024,26087337500,"14,131",82,58,30,0,43,48446,395 DEMILLE RD,"LAPEER, MI","LAPEER, MI",43.03934715,-83.30950954,Nitric acid (7697-37-2),332 Fabricated Metals,"332813 Electroplating, Plating, Polishing, Anodizing, and Coloring",TTOD LIQUIDATION,130.00,130.00,0.00,0.00,0.00,"73,073.00","35,100",0
BASF CORP,48192BSFCR1609B,2024,26163580100,"83,157",54,24,35,0,37,481923729,1609 BIDDLE AVE,"WYANDOTTE, MI","WAYNE, MI",42.2177185,-83.15027742,sec-Butyl alcohol (78-92-2),325 Chemicals,325211 Plastics Material and Resin Manufacturing,BASF CORP,129.00,127.00,1.00,1.00,0.00,"579,731.00",35,0
ANDERSON DEVELOPMENT CO,49221NDRSN1415E,2024,26091061301,"26,525",93,24,86,0,82,49221,1415 E MICHIGAN ST,"ADRIAN, MI","LENAWEE, MI",41.89404029,-84.01757843,Methanol (67-56-1),325 Chemicals,325211 Plastics Material and Resin Manufacturing,MITSUI & CO (USA) INC,128.93,49.84,79.09,0.00,0.00,"26,262.93",88,0
CORTEVA AGRISCIENCE LLC - MIDLAND,4867WDWGRS71WAS,2024,26111290600,"30,090",74,14,85,0,68,48640,701 WASHINGTON ST,"MIDLAND, MI","MIDLAND, MI",43.60532757,-84.21757491,"1,2,4-Trimethylbenzene (95-63-6)",325 Chemicals,325320 Pesticide and Other Agricultural Chemical Manufacturing,CORTEVA INC,128.00,128.00,0.00,0.00,0.00,"1,732.00","7,424",0
LACKS TRIM SYSTEMS-AIRLANE,49508LCKSN4260A,2024,26081012608,"45,423",76,63,33,57,68,49512,4260 AIRLANE SE,"KENTWOOD, MI","KENT, MI",42.88619695,-85.57530451,Nitric acid (7697-37-2),332 Fabricated Metals,"332813 Electroplating, Plating, Polishing, Anodizing, and Coloring",LACKS ENTERPRISES INC,128.00,128.00,0.00,0.00,0.00,"225,913.00","34,560",0
GENTEX CORP AUTOMOTIVE DIV,49464GNTXC600NC,2024,26139022900,"23,339",19,75,0,0,45,49464,600 N CENTENNIAL ST,"ZEELAND, MI","OTTAWA, MI",42.82681661,-86.01220917,Silver compounds (N740),336 Transportation Equipment,336390 Other Motor Vehicle Parts Manufacturing,GENTEX CORP,127.44,114.75,0.00,0.00,12.69,"1,383.82","25,489",0
SHERWIN-WILLIAMS CO,49423GRDSM636E4,2024,26005032401,"30,689",81,35,51,73,72,49423,636 E 40TH ST,"HOLLAND, MI","ALLEGAN, MI",42.76200737,-86.07937104,Methanol (67-56-1),325 Chemicals,325510 Paint and Coating Manufacturing,THE SHERWIN-WILLIAMS CO,127.00,127.00,0.00,0.00,0.00,568.00,23,0
BILLERUD ESCANABA LLC,49829MDPBLCOUNT,2024,26041970400,"5,730",46,91,58,0,34,49829,7100 COUNTY RD 426,"ESCANABA, MI","DELTA, MI",45.8032763,-87.09536725,Polycyclic aromatic compounds (N590),322 Paper,322120 Paper Mills,BILLERUD AMERICAS CORP,126.13,103.17,0.00,22.96,0.00,126.13,"44,369,100",0
US ECOLOGY MICHIGAN INC.,48211DYNCL6520G,2024,26163505800,"127,120",51,65,99,76,88,48211,6520 GEORGIA ST,"DETROIT, MI","WAYNE, MI",42.39346348,-83.03317638,Mercury (7439-97-6),562 Hazardous Waste,562211 Hazardous Waste Treatment and Disposal,REPUBLIC SERVICES INC,126.00,0.00,0.00,0.00,126.00,126.00,"1,512,000",0
DTE ELECTRIC CO-BELLE RIVER POWER PLANT,48054DTRTD4505K,2024,26147641000,"5,092",31,81,78,0,49,48054,4505 KING RD,"CHINA TOWNSHIP, MI","ST. CLAIR, MI",42.77569325,-82.51235737,Mercury compounds (N458),2211 Electric Utilities,221112 Fossil Fuel Electric Power Generation,DTE ENERGY CO,125.23,48.91,1.00,75.32,0.00,125.23,"1,350,120",0
PARKER HANNIFIN,48850PRKRB8790W,2024,26117970400,"2,653",27,52,94,0,75,48850,8790 TAMARACK RD,"LAKEVIEW, MI","MONTCALM, MI",43.4384266,-85.26031814,Lead (7439-92-1),332 Fabricated Metals,332721 Precision Turned Product Manufacturing,PARKER HANNIFIN CORP,121.30,0.00,0.00,0.00,121.30,"176,164.30","2,789,900",0
HONEYWELL BURDICK & JACKSON,49442BXTRH1953S,2024,26121000402,"55,518",32,25,94,0,82,49442,1953 S HARVEY ST,"MUSKEGON, MI","MUSKEGON, MI",43.2182559,-86.20679593,Chloroform (67-66-3),325 Chemicals,325199 All Other Basic Organic Chemical Manufacturing,HONEYWELL INTERNATIONAL INC,120.54,119.00,0.00,0.00,1.54,"11,902.54","9,767,394",0
WESTROCK CO,49016WLDRF177AN,2024,26025004100,"50,769",97,5,0,85,79,49037,177 ANGELL ST,"BATTLE CREEK, MI","CALHOUN, MI",42.32432526,-85.20650136,Lead compounds (N420),322 Paper,322130 Paperboard Mills,SMURFIT WESTROCK US HOLDING CO,119.88,0.45,0.00,0.00,119.43,119.88,"2,752,090",0
ARCOSA SHORING PRODUCTS INC,4909WRCSSH594ME,2024,26023950200,"3,201",14,82,83,0,24,49094,594 MENDON RD,"UNION CITY, MI","BRANCH, MI",42.06866789,-85.15826365,Chromium (7440-47-3),332 Fabricated Metals,332312 Fabricated Structural Metal Manufacturing,ARCOSA INC,119.00,119.00,0.00,0.00,0.00,119.00,"1,294,720,000",0
CYGNET AUTOMATED CLEANING LLC,4817WCYGNT912GE,2024,26163562900,"79,297",28,65,48,59,16,48170,9120 GENERAL DR,"PLYMOUTH, MI","WAYNE, MI",42.35492535,-83.45421907,Ethylbenzene (100-41-4),325 Chemicals,325510 Paint and Coating Manufacturing,CYGNET AUTOMATED CLEANING LLC,119.00,119.00,0.00,0.00,0.00,"38,493.00","105,910",0
JAYTEC LLC,49423CLNLS620SP,2024,26115830700,"7,297",27,73,90,0,79,48160,620 S PLATT RD,"MILAN, MI","MONROE, MI",42.07244416,-83.69544053,Nickel (7440-02-0),336 Transportation Equipment,336370 Motor Vehicle Metal Stamping,AUTOKINITON US HOLDINGS INC,119.00,66.00,0.00,0.00,53.00,"217,693.00","110,670,000",0
HOWMET CORP - PLANT 4,49461HWMTC555BE,2024,26121003702,"8,169",83,67,0,0,34,49461,555 BENSTON RD,"WHITEHALL, MI","MUSKEGON, MI",43.39270125,-86.34270389,Hydrogen fluoride (7664-39-3),332 Fabricated Metals,"332812 Metal Coating, Engraving (except Jewelry and Silverware), and Allied Services to Manufactur..",HOWMET AEROSPACE INC,118.00,87.00,0.00,0.00,31.00,"91,606.00","29,500",0
MORBARK LLC,4889WMRBRK857SW,2024,26073000300,"1,140",49,39,49,71,72,48896,8507 S WINN RD,"WINN, MI","ISABELLA, MI",43.51765055,-84.90578761,Chromium compounds (N090),333 Machinery,333120 Construction Machinery Manufacturing,ALAMO GROUP INC,117.18,117.18,0.00,0.00,0.00,"105,030.18","1,724,889,600",0
BRADFORD WHITE CORP,49333BRDFR200LA,2024,26015010301,"6,299",64,52,0,62,36,49333,200 LAFAYETTE ST,"MIDDLEVILLE, MI","BARRY, MI",42.7183492,-85.46383357,Barium compounds (N040),335 Electrical Equipment,335220 Major Household Appliance Manufacturing,BRADFORD WHITE CORP,116.00,116.00,0.00,0.00,0.00,116.00,"812,000",0
BILLERUD QUINNESEC,49876CHMPNUSHIG,2024,26043950300,"5,480",46,23,42,0,18,49876,W 6791 US HWY 2,"QUINNESEC, MI","DICKINSON, MI",45.80204895,-87.95895733,Polycyclic aromatic compounds (N590),322 Paper,322110 Pulp Mills,BILLERUD AMERICAS CORP,115.50,105.00,0.00,10.50,0.00,115.50,"42,840,000",0
BETZ INDUSTRIES,49504BTZFN2029B,2024,26081011502,"70,042",14,44,0,0,52,49504,2029 BRISTOL AVE NW,"GRAND RAPIDS, MI","KENT, MI",43.00072997,-85.70815088,Chromium (7440-47-3),331 Primary Metals,331511 Iron Foundries,NA,115.00,115.00,0.00,0.00,0.00,"6,330.00","220,800,000",0
ELECTROLUX PROFESSIONAL GROUP - WEIDMAN,48893RNDLL0520S,2024,26073000200,"3,684",34,94,46,0,22,48893,525 S COLDWATER RD,"WEIDMAN, MI","ISABELLA, MI",43.6328959,-84.98775118,Nickel (7440-02-0),333 Machinery,333415 Air-Conditioning and Warm Air Heating Equipment and Commercial and Industrial Refrigeration..,DOVER CORP,114.00,114.00,0.00,0.00,0.00,"103,120.00","106,020,000",0
US CBP SAULT STE MARIE PORT OF ENTRY #MI0033,4978WSCBPS9INTE,2024,26033970500,"13,127",60,71,72,0,75,49783,900 INTERNATIONAL BRIDGE PLAZA,"SAULT SAINTE MARIE, MI","CHIPPEWA, MI",46.49525988,-84.36652919,Lead (7439-92-1),999 Other,922120 Police Protection,US DEPARTMENT OF HOMELAND SECURITY,113.00,0.00,0.00,0.00,113.00,486.00,"2,599,000",0
HONEYWELL BURDICK & JACKSON,49442BXTRH1953S,2024,26121000402,"55,518",32,25,94,0,82,49442,1953 S HARVEY ST,"MUSKEGON, MI","MUSKEGON, MI",43.2182559,-86.20679593,Pyridine (110-86-1),325 Chemicals,325199 All Other Basic Organic Chemical Manufacturing,HONEYWELL INTERNATIONAL INC,112.88,108.00,0.00,0.00,4.88,"20,759.88","112,880",0
ANDERSON DEVELOPMENT CO,49221NDRSN1415E,2024,26091061301,"26,525",93,24,86,0,82,49221,1415 E MICHIGAN ST,"ADRIAN, MI","LENAWEE, MI",41.89404029,-84.01757843,Butyl acrylate (141-32-2),325 Chemicals,325211 Plastics Material and Resin Manufacturing,MITSUI & CO (USA) INC,112.71,10.00,102.71,0.00,0.00,"1,353.35","35,205",0
THE SHYFT GROUP INC,4881WTHSHY1REYN,2024,26045020902,"10,310",56,75,38,0,35,48813,1000 REYNOLDS RD,"CHARLOTTE, MI","EATON, MI",42.54979247,-84.85297007,Toluene (108-88-3),336 Transportation Equipment,336211 Motor Vehicle Body Manufacturing,THE SHYFT GROUP USA INC,112.36,112.36,0.00,0.00,0.00,112.36,79,0
A.G. SIMPSON (USA) INC.,48077CSHMM6640S,2024,26099982002,"96,858",0,0,0,0,0,48312,6640 STERLING DR S,"STERLING HEIGHTS, MI","MACOMB, MI",42.54334745,-83.04137855,Chromium compounds (N090),332 Fabricated Metals,"332813 Electroplating, Plating, Polishing, Anodizing, and Coloring",A G SIMPSON (USA) INC,112.18,0.20,0.29,0.00,111.69,"13,127.18","2,470,141,116",0
TRIBAL MANUFACTURING INC.,49068MRSHL450LE,2024,26025004000,"9,591",70,63,92,0,75,49068,450 LEGGITT RD,"MARSHALL, MI","CALHOUN, MI",42.25284017,-84.96588957,Copper (7440-50-8),332 Fabricated Metals,332721 Precision Turned Product Manufacturing,TRIBAL MANUFACTURING INC,112.16,0.41,0.00,0.00,111.75,"868,101.16","168,240",0
TRANS-MATIC MANUFACTURING CO INC,49423TRNSM300EA,2024,26005032401,"31,159",81,35,51,73,72,49423,300 E 48TH ST,"HOLLAND, MI","ALLEGAN, MI",42.75461593,-86.09268731,Chromium (7440-47-3),332 Fabricated Metals,"332119 Metal Crown, Closure, and Other Metal Stamping (except Automotive)",TRANS-MATIC MANUFACTURING CO,111.41,0.00,0.00,0.00,111.41,"384,538.41","2,415,397,638",0
MICHIGAN SEAMLESS TUBE LLC,48178QNXMC400MC,2024,26125139202,"24,586",52,82,0,0,24,48178,400 MCMUNN ST,"SOUTH LYON, MI","OAKLAND, MI",42.45817495,-83.65631026,Chromium (7440-47-3),331 Primary Metals,331210 Iron and Steel Pipe and Tube Manufacturing from Purchased Steel,SPECIALTY STEEL WORKS INC,110.50,38.50,72.00,0.00,0.00,"42,883.50","844,369,600",0
AJAX METAL PROCESSING INC,48207JXMTL4651B,2024,26163519200,"102,022",77,10,97,0,44,48207,4651 BELLEVUE AVE,"DETROIT, MI","WAYNE, MI",42.36922867,-83.02213289,Hydrochloric acid (acid aerosols) (7647-01-0),332 Fabricated Metals,"332813 Electroplating, Plating, Polishing, Anodizing, and Coloring",AJAX METAL PROCESSING INC,110.00,110.00,0.00,0.00,0.00,110.00,"19,800",0
MICHIGAN TURKEY PRODUCERS,49509MDMRC2140C,2024,26081013400,"78,158",87,19,57,67,47,49509,2140 CHICAGO DR SW,"WYOMING, MI","KENT, MI",42.93241103,-85.71859188,Ammonia (7664-41-7),311 Food,311615 Poultry Processing,MICHIGAN TURKEY PRODUCERS,110.00,110.00,0.00,0.00,0.00,110.00,770,1
REAL ALLOY SPECIFICATION LLC,49036LCHML368WG,2024,26023951600,"13,219",57,63,22,90,50,49036,368 W GARFIELD AVE,"COLDWATER, MI","BRANCH, MI",41.92728472,-85.02110789,Nickel compounds (N495),331 Primary Metals,331314 Secondary Smelting and Alloying of Aluminum,REAL ALLOY HOLDING LLC,110.00,19.00,0.00,0.00,91.00,110.00,"102,300,000",0
PLASTIC PLATE INC. - KRAFT PLATER,4951WPLSTC5675K,2024,26081012203,"9,692",44,55,41,0,12,49512,5675 KRAFT AVE,"KENTWOOD, MI","KENT, MI",42.8607181,-85.5279897,Chromium compounds (N090),332 Fabricated Metals,"332813 Electroplating, Plating, Polishing, Anodizing, and Coloring",LACKS ENTERPRISES INC,109.00,6.00,0.00,0.00,103.00,181.00,"1,875,580,200",0
FORD MOTOR CO DEARBORN TRUCK PLANT,48121FRDM23001M,2024,26163985700,"123,088",0,0,0,0,0,48120,3001 MILLER RD,"DEARBORN, MI","WAYNE, MI",42.30886967,-83.15678743,Toluene (108-88-3),336 Transportation Equipment,336110 Automobile and Light Duty Motor Vehicle Manufacturing,FORD MOTOR CO,108.00,108.00,0.00,0.00,0.00,403.00,76,0
COSMA BODY ASSEMBLY MICHIGAN,4816WCSMBD54725,2024,26125138600,"11,811",34,13,0,65,0,48165,54725 GRAND RIVER AVE,"NEW HUDSON, MI","OAKLAND, MI",42.50645668,-83.59186685,Copper (7440-50-8),336 Transportation Equipment,336390 Other Motor Vehicle Parts Manufacturing,MAGNA US HOLDING INC,107.00,107.00,0.00,0.00,0.00,107.00,"160,500",0
PRATT & WHITNEY,4884WPRTTW1781H,2024,26065005502,"22,923",73,39,86,0,53,48842,1781 HOLLOWAY DR,"HOLT, MI","INGHAM, MI",42.63212652,-84.48775591,Xylene (mixed isomers) (1330-20-7),336 Transportation Equipment,336412 Aircraft Engine and Engine Parts Manufacturing,RTX CORP,106.85,106.85,0.00,0.00,0.00,"29,097.54","3,740",0
EES COKE BATTERY LLC,48218SCKBT14ZUG,2024,26163985600,"69,556",0,0,0,0,0,48218,1400 ZUG ISLAND,"RIVER ROUGE, MI","WAYNE, MI",42.28876642,-83.11282517,Lead compounds (N420),324 Petroleum Products,324199 All Other Petroleum and Coal Products Manufacturing,DTE ENERGY CO,106.60,43.00,0.00,0.00,63.60,106.60,"2,349,300",0
CABOT FUMED SILICA - MIDLAND PLANT,48640CBTFM3603S,2024,26111290600,"22,802",74,14,85,0,68,48640,3603 S SAGINAW RD,"MIDLAND, MI","MIDLAND, MI",43.59621126,-84.20771824,Chlorine (7782-50-5),325 Chemicals,325180 Other Basic Inorganic Chemical Manufacturing,CABOT CORP,105.00,105.00,0.00,0.00,0.00,"2,781,843.00","2,415,000",0
CAPITAL RESIN CORPORATION-MICHIGAN,48212DLTRS17350,2024,26163506400,"138,372",0,6,-,0,87,48212,17350 RYAN RD,"DETROIT, MI","WAYNE, MI",42.42167999,-83.06251499,Triethylamine (121-44-8),325 Chemicals,325211 Plastics Material and Resin Manufacturing,CAPITAL RESIN CORP,104.00,70.00,0.00,0.00,34.00,"13,297.00","52,000",0
GM - ROMULUS ENGINE OPERATIONS,48174GMCCP36880,2024,26163585800,"39,011",60,6,88,0,68,48174,36880 ECORSE RD,"ROMULUS, MI","WAYNE, MI",42.25220163,-83.40013412,Lead (7439-92-1),336 Transportation Equipment,336310 Motor Vehicle Gasoline Engine and Engine Parts Manufacturing,GENERAL MOTORS LLC,103.13,0.10,0.00,0.00,103.03,931.51,"2,369,145",0
ACCESS BUSINESS GROUP LLC,49355MWYCR7575E,2024,26081011901,"14,682",73,50,28,0,15,49355,7575 FULTON ST E,"ADA, MI","KENT, MI",42.95957491,-85.4963097,Zinc compounds (N982),325 Chemicals,325611 Soap and Other Detergent Manufacturing,ALTICOR INC,102.47,51.47,0.00,0.00,51.00,238.47,"5,315",0
DICASTAL N.A. INC,4883WDCSTL1DICA,2024,26117971200,"10,751",57,64,0,0,41,48838,1 DICASTAL DRIVE,"GREENVILLE, MI","MONTCALM, MI",43.19809171,-85.23659512,Methanol (67-56-1),331 Primary Metals,331523 Nonferrous Metal Die-Casting Foundries,NA,101.34,80.89,0.00,0.00,20.45,"20,247.39",35,0
BILLERUD ESCANABA LLC,49829MDPBLCOUNT,2024,26041970400,"5,730",46,91,58,0,34,49829,7100 COUNTY RD 426,"ESCANABA, MI","DELTA, MI",45.8032763,-87.09536725,Catechol (120-80-9),322 Paper,322120 Paper Mills,BILLERUD AMERICAS CORP,101.27,0.00,101.00,0.27,0.00,"2,063.27","911,430",0
HAVILAND PRODUCTS CO,4900WHVLND2722N,2024,26077001501,"51,830",14,53,92,0,48,49004,2722 N BURDICK ST,"KALAMAZOO, MI","KALAMAZOO, MI",42.31853039,-85.58384814,Methanol (67-56-1),4246 Chemical Wholesalers,424690 Other Chemical and Allied Products Merchant Wholesalers,HAVILAND ENTERPRISES INC,101.04,101.00,0.00,0.00,0.04,"1,016.50",18,0
MPLX TERMINALS LLC - NILES MI TERMINAL,49120MRTHN2216S,2024,26021021100,"20,662",80,89,49,0,47,49120,2216 S 3RD ST,"NILES, MI","BERRIEN, MI",41.78687345,-86.25481823,Ethylbenzene (100-41-4),4247 Petroleum Bulk Terminals,424710 Petroleum Bulk Stations and Terminals,MARATHON PETROLEUM CORP,101.00,96.00,0.00,0.00,5.00,101.00,"89,890",0
ELECTROLUX PROFESSIONAL GROUP - WEIDMAN,48893RNDLL0520S,2024,26073000200,"3,684",34,94,46,0,22,48893,525 S COLDWATER RD,"WEIDMAN, MI","ISABELLA, MI",43.6328959,-84.98775118,Chromium (7440-47-3),333 Machinery,333415 Air-Conditioning and Warm Air Heating Equipment and Commercial and Industrial Refrigeration..,DOVER CORP,99.00,99.00,0.00,0.00,0.00,"89,669.00","190,080,000",0
GAGE PRODUCTS CO,48220GGPRD625WA,2024,26125173600,"148,304",15,29,26,0,39,48220,625 WANDA ST,"FERNDALE, MI","OAKLAND, MI",42.45155981,-83.11350414,Naphthalene (91-20-3),325 Chemicals,325510 Paint and Coating Manufacturing,NA,99.00,99.00,0.00,0.00,0.00,"11,555.00","1,188,000",0
US ECOLOGY MICHIGAN INC.,48211DYNCL6520G,2024,26163505800,"127,120",51,65,99,76,88,48211,6520 GEORGIA ST,"DETROIT, MI","WAYNE, MI",42.39346348,-83.03317638,Nitric acid (7697-37-2),562 Hazardous Waste,562211 Hazardous Waste Treatment and Disposal,REPUBLIC SERVICES INC,99.00,99.00,0.00,0.00,0.00,"143,029.00","26,730",0
EMERALD STEEL PROCESSING LLC - MADISON HEIGHTS FACILITY,48071STLPR31624,2024,26125181100,"116,262",0,0,0,0,0,48071,31624 STEPHENSON HWY,"MADISON HEIGHTS, MI","OAKLAND, MI",42.52497904,-83.11951882,Nickel (7440-02-0),332 Fabricated Metals,332811 Metal Heat Treating,NA,98.02,0.00,0.00,0.00,98.02,98.02,"89,949,718",0
ANDERSON DEVELOPMENT CO,49221NDRSN1415E,2024,26091061301,"26,525",93,24,86,0,82,49221,1415 E MICHIGAN ST,"ADRIAN, MI","LENAWEE, MI",41.89404029,-84.01757843,Xylene (mixed isomers) (1330-20-7),325 Chemicals,325211 Plastics Material and Resin Manufacturing,MITSUI & CO (USA) INC,97.12,95.00,2.12,0.00,0.00,"307,769.62","3,336",0
ASH STEVENS,48192SHSTV18655,2024,26163595000,"66,877",17,84,75,0,83,48193,18655 KRAUSE ST,"RIVERVIEW, MI","WAYNE, MI",42.17241218,-83.17408992,Methyl tert-butyl ether (1634-04-4),325 Chemicals,325412 Pharmaceutical Preparation Manufacturing,PEL PHARMA INC,97.00,97.00,0.00,0.00,0.00,"99,097.00","9,021",0
GM TRUCK GROUP FLINT ASSEMBLY PLANT,48551GMCTRG3100,2024,26049980000,"51,226",0,0,0,0,0,48551,G-3100 VAN SLYKE RD,"FLINT, MI","GENESEE, MI",42.96697513,-83.71257194,n-Hexane (110-54-3),336 Transportation Equipment,336370 Motor Vehicle Metal Stamping,GENERAL MOTORS LLC,97.00,97.00,0.00,0.00,0.00,97.00,485,0
ROYAL BUILDING PRODUCTS,4845WMTMRP457SA,2024,26087341500,"3,753",66,28,41,0,36,48455,4057 S OAK ST,"METAMORA, MI","LAPEER, MI",42.94066997,-83.28939183,Copper (7440-50-8),326 Plastics and Rubber,326199 All Other Plastics Product Manufacturing,WESTLAKE CORP,95.31,95.31,0.00,0.00,0.00,"1,450.89","142,965",0
FCA US TRENTON ENGINE COMPLEX,48183CHRYS2000V,2024,26163982301,"44,999",0,0,0,0,0,48183,2300 VAN HORN,"TRENTON, MI","WAYNE, MI",42.12686501,-83.19409761,Copper (7440-50-8),336 Transportation Equipment,336310 Motor Vehicle Gasoline Engine and Engine Parts Manufacturing,FCA US LLC,95.30,0.00,0.00,0.00,95.30,"65,895.22","142,950",0
TOWER AUTOMOTIVE CLINTON,48036TWRTM44850,2024,26099240000,"60,171",65,49,76,0,66,48036,44850 GROESBECK HWY,"CLINTON TOWNSHIP, MI","MACOMB, MI",42.62761425,-82.87619874,Manganese (7439-96-5),336 Transportation Equipment,336370 Motor Vehicle Metal Stamping,AUTOKINITON US HOLDINGS INC,95.00,91.00,0.00,0.00,4.00,"283,791.00","1,140,000",1
MEC INC.,4934WMCNCX4714C,2024,-,-,-,-,-,-,-,49348,4714 CIRCUIT CT,"WAYLAND, MI","ALLEGAN, MI",42.76551939,-85.65649297,Chromium (7440-47-3),332 Fabricated Metals,332999 All Other Miscellaneous Fabricated Metal Product Manufacturing,MAYVILLE ENGINEERING CO INC,92.00,33.00,0.00,0.00,59.00,"24,517.00","2,001,920,000",0
VALLEY CITY PLATING,49508VLLYC3353E,2024,26081014200,"119,520",56,19,59,72,55,49508,3353 EASTERN AVE SE,"GRAND RAPIDS, MI","KENT, MI",42.9026011,-85.6466332,Nickel compounds (N495),332 Fabricated Metals,"332813 Electroplating, Plating, Polishing, Anodizing, and Coloring",NA,92.00,2.00,0.00,0.00,90.00,"1,825.00","31,625,278",0
WEBB CHEMICAL SERVICE CORP,49444WBBCH2708J,2024,26121004300,"60,581",56,21,98,0,61,49444,2708 JARMAN,"MUSKEGON HEIGHTS, MI","MUSKEGON, MI",43.20207671,-86.23092135,Certain glycol ethers (N230),4246 Chemical Wholesalers,424690 Other Chemical and Allied Products Merchant Wholesalers,NA,91.52,86.00,0.00,0.00,5.52,155.00,"16,584",0
RICHARD-ALLAN SCIENTIFIC,49008RCHRD4481C,2024,26077001604,"63,148",46,76,56,71,11,49008,4481 CAMPUS DR,"KALAMAZOO, MI","KALAMAZOO, MI",42.25668735,-85.63865076,Ethylbenzene (100-41-4),325 Chemicals,325413 In-Vitro Diagnostic Substance Manufacturing,NEW ERIE,90.33,90.33,0.00,0.00,0.00,"23,500.33","80,394",0
CALUMET ELECTRONICS CORP,49913CLMTL25830,2024,26061000300,"6,880",67,86,87,58,32,49913,25830 DEPOT ST,"CALUMET, MI","HOUGHTON, MI",47.24014029,-88.44912896,Silver compounds (N740),334 Computers and Electronic Products,334412 Bare Printed Circuit Board Manufacturing,NA,90.30,0.00,0.00,0.00,90.30,91.30,"18,060",0
FEDERAL-MOGUL CORP,48838FDRLM510EG,2024,26117971300,"11,538",20,50,47,89,98,48838,510 E GROVE ST,"GREENVILLE, MI","MONTCALM, MI",43.18081714,-85.24673526,Lead compounds (N420),336 Transportation Equipment,336310 Motor Vehicle Gasoline Engine and Engine Parts Manufacturing,TENNECO INC,90.30,65.00,3.90,0.00,21.40,"35,126.30","1,952,285",0
POLYCHEMIE INC,48184XCHMN38070,2024,26163566700,"54,462",14,15,80,62,67,48184,38070 VAN BORN RD,"WAYNE, MI","WAYNE, MI",42.26614028,-83.41350379,Formaldehyde (50-00-0),325 Chemicals,325998 All Other Miscellaneous Chemical Product and Preparation Manufacturing,SNF HOLDING CO,90.00,90.00,0.00,0.00,0.00,"1,150.00","3,510,000",0
PRATT & WHITNEY,4884WPRTTW1781H,2024,26065005502,"22,923",73,39,86,0,53,48842,1781 HOLLOWAY DR,"HOLT, MI","INGHAM, MI",42.63212652,-84.48775591,Ethylbenzene (100-41-4),336 Transportation Equipment,336412 Aircraft Engine and Engine Parts Manufacturing,RTX CORP,88.42,88.42,0.00,0.00,0.00,"10,058.63","78,694",0
THE SHYFT GROUP INC,4881WTHSHY1REYN,2024,26045020902,"10,310",56,75,38,0,35,48813,1000 REYNOLDS RD,"CHARLOTTE, MI","EATON, MI",42.54979247,-84.85297007,Xylene (mixed isomers) (1330-20-7),336 Transportation Equipment,336211 Motor Vehicle Body Manufacturing,THE SHYFT GROUP USA INC,84.27,84.27,0.00,0.00,0.00,84.27,"2,949",0
EAGLE MINE,4986WRTNTG651TR,2024,26103002902,1,21,94,27,0,14,49861,6510 TRIPLE A ROAD,"MICHIGAMME, MI","MARQUETTE, MI",46.75585598,-87.91306037,Mercury compounds (N458),2122 Metal Mining,"212230 Copper, Nickel, Lead, and Zinc Mining",EAGLE MINE LLC,84.04,0.00,0.00,84.00,0.04,84.04,"840,508",0
MPLX TERMINALS LLC - BAY CITY MI TERMINAL,48706BYCTY1806M,2024,26017285900,"44,145",62,94,90,0,62,48706,1806 MARQUETTE ST,"BAY CITY, MI","BAY, MI",43.61888918,-83.86460666,Ethylbenzene (100-41-4),4247 Petroleum Bulk Terminals,424710 Petroleum Bulk Stations and Terminals,MARATHON PETROLEUM CORP,84.00,82.00,0.00,0.00,2.00,405.00,"74,760",0
VENTRA EVART LLC,49631VRTPR601WS,2024,26133970400,"3,127",51,75,84,0,91,49631,601 W SEVENTH ST,"EVART, MI","OSCEOLA, MI",43.90066423,-85.26622672,Toluene (108-88-3),336 Transportation Equipment,336390 Other Motor Vehicle Parts Manufacturing,FLEX-N-GATE CORP,83.66,83.66,0.00,0.00,0.00,"7,851.66",59,0
STRUCTURAL CONCEPTS - PLANT 2,4944WSTRCT5566G,2024,26121002602,-,59,82,51,0,29,49441,5566 GRAND HAVEN RD,"MUSKEGON, MI","MUSKEGON, MI",43.1512422,-86.22049738,Chromium compounds (N090),333 Machinery,333415 Air-Conditioning and Warm Air Heating Equipment and Commercial and Industrial Refrigeration..,SC HOLDING CORP,81.44,81.44,0.00,0.00,0.00,"33,159.44","156,364,800",0
DTE ELECTRIC CO - MONROE POWER PLANT,48161DTRTD3500E,2024,26115831800,"5,963",0,0,0,0,0,48161,3500 E FRONT ST,"MONROE, MI","MONROE, MI",41.89241917,-83.35195721,Polycyclic aromatic compounds (N590),2211 Electric Utilities,221112 Fossil Fuel Electric Power Generation,DTE ENERGY CO,80.68,6.80,0.00,19.00,54.88,80.68,"27,475,200",0
AXALTA COATING SYSTEMS USA LLC-MOUNT CLEMENS PLANT,48043DPNTM400GR,2024,26099245200,"69,774",78,62,35,0,89,48043,400 GROESBECK HWY,"MOUNT CLEMENS, MI","MACOMB, MI",42.61385915,-82.88881704,Styrene (100-42-5),325 Chemicals,325510 Paint and Coating Manufacturing,AXALTA COATING SYSTEMS LLC,80.00,80.00,0.00,0.00,0.00,"97,280.00",280,0
HEMLOCK SEMICONDUCTOR OPERATIONS LLC,48626HMLCK12334,2024,26145012002,"4,294",28,58,32,0,25,48626,12334 GEDDES RD,"HEMLOCK, MI","SAGINAW, MI",43.43100582,-84.16054841,Nitric acid (7697-37-2),327 Nonmetallic Mineral Product,327992 Ground or Treated Mineral and Earth Manufacturing,CORNING INC,80.00,80.00,0.00,0.00,0.00,"268,906.00","21,600",0
THE DOW CHEMICAL CO,48667THDWCMICHI,2024,26111290600,"25,530",74,14,85,0,68,48667,1790 BUILDING,"MIDLAND, MI","MIDLAND, MI",43.6095201,-84.2393991,"1,3-Butadiene (106-99-0)",325 Chemicals,325211 Plastics Material and Resin Manufacturing,DOW INC,79.00,79.00,0.00,0.00,0.00,"21,099.00","8,690,000",0
TRIBAL MANUFACTURING INC.,49068MRSHL450LE,2024,26025004000,"9,591",70,63,92,0,75,49068,450 LEGGITT RD,"MARSHALL, MI","CALHOUN, MI",42.25284017,-84.96588957,Lead (7439-92-1),332 Fabricated Metals,332721 Precision Turned Product Manufacturing,TRIBAL MANUFACTURING INC,78.09,0.00,0.00,0.00,78.09,"29,865.09","1,795,620",0
THE SHYFT GROUP INC,4881WTHSHY1REYN,2024,26045020902,"10,310",56,75,38,0,35,48813,1000 REYNOLDS RD,"CHARLOTTE, MI","EATON, MI",42.54979247,-84.85297007,Ethylbenzene (100-41-4),336 Transportation Equipment,336211 Motor Vehicle Body Manufacturing,THE SHYFT GROUP USA INC,78.06,78.06,0.00,0.00,0.00,78.06,"69,473",0
TRINSEO LLC-MI OPERATIONS,4866WSTYRN164BU,2024,26111290700,"31,609",34,73,38,77,47,48667,1604 BUILDING,"MIDLAND, MI","MIDLAND, MI",43.6095201,-84.2393991,Acrylic acid (79-10-7),325 Chemicals,325211 Plastics Material and Resin Manufacturing,TRINSEO US HOLDING INC,77.26,77.26,0.00,0.00,0.00,112.68,"270,410",2
EQ DETROIT INC,48211SLCTY1923F,2024,26163519100,"124,295",0,83,90,0,83,48211,1923 FREDERICK ST,"DETROIT, MI","WAYNE, MI",42.36602042,-83.04737998,Sodium nitrite (7632-00-0),999 Other,562998 All Other Miscellaneous Waste Management Services,REPUBLIC SERVICES INC,77.10,5.00,0.00,0.00,72.10,"720,989.99",771,0
PVS NOLWOOD CHEMICALS INC,48228PVSNL9000H,2024,26163535800,"182,394",0,84,97,0,88,48228,9000 HUBBELL AVE,"DETROIT, MI","WAYNE, MI",42.36127986,-83.18726371,Nitric acid (7697-37-2),4246 Chemical Wholesalers,424690 Other Chemical and Allied Products Merchant Wholesalers,PVS CHEMICALS INC,76.39,76.39,0.00,0.00,0.00,515.39,"20,625",0
JAYTEC LLC,49423CLNLS620SP,2024,26115830700,"7,297",27,73,90,0,79,48160,620 S PLATT RD,"MILAN, MI","MONROE, MI",42.07244416,-83.69544053,Chromium (7440-47-3),336 Transportation Equipment,336370 Motor Vehicle Metal Stamping,AUTOKINITON US HOLDINGS INC,73.00,20.00,0.00,0.00,53.00,"217,631.00","1,588,480,000",0
THE DELFIELD CO,48858THDLF980SO,2024,26073940300,"20,825",31,81,59,0,43,48858,980 S ISABELLA RD,"MOUNT PLEASANT, MI","ISABELLA, MI",43.62652872,-84.74829505,Manganese (7439-96-5),333 Machinery,333415 Air-Conditioning and Warm Air Heating Equipment and Commercial and Industrial Refrigeration..,THE DELFIELD CO,72.85,10.00,0.00,0.00,62.85,"223,695.98","874,200",0
GM COMPONENTS HOLDINGS LLC,49501RCHST2100B,2024,26081013400,"94,906",87,19,57,67,47,49509,2100 BURLINGAME AVE SW,"WYOMING, MI","KENT, MI",42.92605814,-85.70565085,Nickel (7440-02-0),336 Transportation Equipment,336310 Motor Vehicle Gasoline Engine and Engine Parts Manufacturing,GENERAL MOTORS LLC,71.79,0.00,0.00,0.00,71.79,"10,072.00","64,170,254",0
ADAC AUTOMOTIVE MUSKEGON PLANT  PORT CITY & KEATING,49442DCPLS2050P,2024,26121000402,"52,782",32,25,94,0,82,49442,2050 PORT CITY BLVD & 1801 KEATING AVE,"MUSKEGON, MI","MUSKEGON, MI",43.21607999,-86.19580598,Methanol (67-56-1),336 Transportation Equipment,336390 Other Motor Vehicle Parts Manufacturing,ADAC PLASTICS INC,71.48,71.48,0.00,0.00,0.00,"126,234.18",13,0
MARATHON PETROLEUM CO LP - MICHIGAN REFINING DIV,48217MRTHN1300S,2024,26163524500,"94,854",0,35,0,0,0,48217,1300 S FORT ST HES DEPT,"DETROIT, MI","WAYNE, MI",42.28071629,-83.15192609,Cumene (98-82-8),324 Petroleum Products,324110 Petroleum Refineries,MARATHON PETROLEUM CORP,71.05,71.00,0.00,0.00,0.05,"6,138.24",625,0
FORD VAN DYKE PLANT,48078FRDMT41111,2024,26099230502,"96,031",99,76,0,98,0,48314,41111 VAN DYKE AVE,"STERLING HEIGHTS, MI","MACOMB, MI",42.5985284,-83.03063432,Copper (7440-50-8),336 Transportation Equipment,336350 Motor Vehicle Transmission and Power Train Parts Manufacturing,FORD MOTOR CO,71.00,65.00,0.00,0.00,6.00,"169,071.00","106,500",0
MSP INDUSTRIES,48371MSPND45WAK,2024,26125121000,"5,471",0,46,0,0,11,48371,45 W OAKWOOD RD,"OXFORD, MI","OAKLAND, MI",42.86905546,-83.29053711,Chromium compounds (N090),332 Fabricated Metals,332111 Iron and Steel Forging,AMERICAN AXLE & MANUFACTURING HOLDINGS INC,71.00,3.00,0.00,0.00,68.00,"22,786.00","136,320,000",0
V&S DETROIT GALVANIZING LLC,48239GLVNZ25425,2024,26163554900,"107,639",66,32,51,62,11,48239,12600 ARNOLD ST,"REDFORD, MI","WAYNE, MI",42.37868813,-83.29024964,Lead (7439-92-1),332 Fabricated Metals,"332812 Metal Coating, Engraving (except Jewelry and Silverware), and Allied Services to Manufactur..",VOIGT & SCHWEITZER LLC,70.70,41.50,0.00,0.00,29.20,"1,465.16","1,612,100",0
STRUCTURAL CONCEPTS CORP,4944WSTRCT888EP,2024,26121002602,-,59,82,51,0,29,49441,888 E PORTER RD,"MUSKEGON, MI","MUSKEGON, MI",43.15824552,-86.22347508,Manganese compounds (N450),333 Machinery,333415 Air-Conditioning and Warm Air Heating Equipment and Commercial and Industrial Refrigeration..,SC HOLDING CORP,70.40,70.40,0.00,0.00,0.00,"5,533.40","844,800",0
PORT CITY DIE CAST,49442BKRTC2121L,2024,26121000402,-,32,25,94,0,82,49442,2121 LATIMER DR,"MUSKEGON, MI","MUSKEGON, MI",43.21407858,-86.19261644,Nickel (7440-02-0),331 Primary Metals,331523 Nonferrous Metal Die-Casting Foundries,PACE INDUSTRIES LLC,69.73,69.73,0.00,0.00,0.00,"3,059.10","64,848,900",0
GERDAU MACSTEEL MONROE,48161NRTHS3000E,2024,26115831800,"23,135",0,0,0,0,0,48161,3000 E FRONT ST,"MONROE, MI","MONROE, MI",41.89706191,-83.36151774,Vanadium compounds (N770),331 Primary Metals,331110 Iron and Steel Mills and Ferroalloy Manufacturing,GERDAU USA INC,69.00,43.00,0.00,0.00,26.00,"3,446.00","2,415,000",1
GM TRUCK GROUP FLINT ASSEMBLY PLANT,48551GMCTRG3100,2024,26049980000,"51,226",0,0,0,0,0,48551,G-3100 VAN SLYKE RD,"FLINT, MI","GENESEE, MI",42.96697513,-83.71257194,Ethylene glycol (107-21-1),336 Transportation Equipment,336110 Automobile and Light Duty Motor Vehicle Manufacturing,GENERAL MOTORS LLC,69.00,69.00,0.00,0.00,0.00,"4,869.00",607,0
PREMIERE PACKAGING LLC,48507PRMRP6220L,2024,26049012905,"30,646",18,71,66,0,45,48507,6220 LEHMAN DR,"FLINT, MI","GENESEE, MI",42.93868782,-83.71113151,Zinc compounds (N982),325 Chemicals,325612 Polish and Other Sanitation Good Manufacturing,NA,68.71,0.00,0.00,0.00,68.71,68.71,952,1
SYMMETRY MEDICAL INC LANSING,48911JTNGX5212A,2024,26065005304,"59,621",58,5,76,94,79,48911,5212 AURELIUS RD,"LANSING, MI","INGHAM, MI",42.68096935,-84.52359733,Chromium (7440-47-3),332 Fabricated Metals,332112 Nonferrous Forging,TECOMET INC,68.60,48.00,0.00,0.00,20.60,"85,877.60","148,339,560",0
TRIBAR MANUFACTURING LLC PLANT #5,4839WDPTPL48668,2024,26125133102,"32,031",76,23,0,0,0,48393,48668 ALPHA DR,"WIXOM, MI","OAKLAND, MI",42.49931912,-83.53043372,Chromium compounds (N090),332 Fabricated Metals,"332813 Electroplating, Plating, Polishing, Anodizing, and Coloring",TRIBAR TECHNOLOGIES INC,68.38,9.00,0.00,0.00,59.38,559.39,"1,674,453,690",0
AIR PRODUCTS & CHEMICALS INC/DETROIT HYDROGEN FACILITY,48217DTRTS1025S,2024,-,"99,709",-,-,-,-,-,48217,1025 OAKWOOD BLVD,"DETROIT, MI","WAYNE, MI",42.28702436,-83.1555223,Ethylene (74-85-1),325 Chemicals,325120 Industrial Gas Manufacturing,AIR PRODUCTS & CHEMICALS INC,68.00,68.00,0.00,0.00,0.00,"1,685,789.60",38,0
LINN PRODUCTS INC,4881WLNNPR12LIP,2024,26045021001,"11,446",85,52,56,0,41,48813,1200 LIPSEY DR,"CHARLOTTE, MI","EATON, MI",42.58472958,-84.83123762,Sulfuric acid (acid aerosols) (7664-93-9),331 Primary Metals,"331318 Other Aluminum Rolling, Drawing, and Extruding",NA,67.78,67.78,0.00,0.00,0.00,67.78,"237,230",0
MICHIGAN METAL COATINGS,48060STVNS2015D,2024,26147620000,"30,088",0,0,0,0,0,48060,2015 DOVE ST,"PORT HURON, MI","ST. CLAIR, MI",42.95192632,-82.44889921,Nickel (7440-02-0),332 Fabricated Metals,"332812 Metal Coating, Engraving (except Jewelry and Silverware), and Allied Services to Manufactur..",MMC SYSTEMS,67.00,7.00,0.00,0.00,60.00,67.00,"62,310,000",0
U.S. EPA NATIONAL VEHICLE & FUEL EMISSIONS LABORATORY,48105SPNTN2565P,2024,26161402601,"56,476",31,2,53,95,0,48105,2565 PLYMOUTH RD,"ANN ARBOR, MI","WASHTENAW, MI",42.30244013,-83.71106093,Xylene (mixed isomers) (1330-20-7),999 Other,923120 Administration of Public Health Programs,US ENVIRONMENTAL PROTECTION AGENCY,66.00,0.00,0.00,0.00,66.00,66.00,"2,310",0
BAKELITE CHEMICALS LLC,49738GRGPCROUTE,2024,26039960500,475,87,73,61,0,82,49738,4113 FOUR MILE RD,"GRAYLING, MI","CRAWFORD, MI",44.59845162,-84.69111322,Formaldehyde (50-00-0),325 Chemicals,325211 Plastics Material and Resin Manufacturing,BAKELITE US HOLDCO INC,65.90,62.00,0.00,0.00,3.90,"62,865.90","2,570,100",0
EMERALD STEEL PROCESSING LLC - MADISON HEIGHTS FACILITY,48071STLPR31624,2024,26125181100,"116,262",0,0,0,0,0,48071,31624 STEPHENSON HWY,"MADISON HEIGHTS, MI","OAKLAND, MI",42.52497904,-83.11951882,Methanol (67-56-1),332 Fabricated Metals,332811 Metal Heat Treating,NA,65.50,65.50,0.00,0.00,0.00,65.50,12,0
MICHIGAN SEAMLESS TUBE LLC,48178QNXMC400MC,2024,26125139202,"24,586",52,82,0,0,24,48178,400 MCMUNN ST,"SOUTH LYON, MI","OAKLAND, MI",42.45817495,-83.65631026,Nickel (7440-02-0),331 Primary Metals,331210 Iron and Steel Pipe and Tube Manufacturing from Purchased Steel,SPECIALTY STEEL WORKS INC,64.39,8.39,56.00,0.00,0.00,"9,386.39","7,807,796",0
FORD MOTOR CO DEARBORN ENGINE PLANT,48121FRDM33001M,2024,26163985700,"123,088",0,0,0,0,0,48120,3001 MILLER RD,"DEARBORN, MI","WAYNE, MI",42.30886967,-83.15678743,Copper (7440-50-8),336 Transportation Equipment,336310 Motor Vehicle Gasoline Engine and Engine Parts Manufacturing,FORD MOTOR CO,64.00,61.00,0.00,0.00,3.00,"19,063.70","96,000",0
MPLX TERMINALS LLC - NORTH MUSKEGON MI TERMINAL,49445NRTHM3005H,2024,26121001500,"24,989",54,38,56,0,37,49445,3005 HOLTON RD,"NORTH MUSKEGON, MI","MUSKEGON, MI",43.27027437,-86.24517486,Ethylbenzene (100-41-4),4247 Petroleum Bulk Terminals,424710 Petroleum Bulk Stations and Terminals,MARATHON PETROLEUM CORP,64.00,64.00,0.00,0.00,0.00,65.00,"56,960",0
ROYAL ADHESIVES & SEALANTS,49254DCPRD4401P,2024,26075006101,"17,114",48,31,93,0,16,49254,4401 PAGE AVE,"MICHIGAN CENTER, MI","JACKSON, MI",42.23436429,-84.33316071,Acrylic acid (79-10-7),325 Chemicals,325520 Adhesive Manufacturing,HB FULLER CO,64.00,64.00,0.00,0.00,0.00,883.00,"224,000",0
SYMMETRY MEDICAL INC LANSING,48911JTNGX5212A,2024,26065005304,"59,621",58,5,76,94,79,48911,5212 AURELIUS RD,"LANSING, MI","INGHAM, MI",42.68096935,-84.52359733,Cobalt (7440-48-4),332 Fabricated Metals,332112 Nonferrous Forging,TECOMET INC,63.46,31.30,0.00,0.00,32.16,"45,878.46","1,772,400,000",0
ASH STEVENS,48192SHSTV18655,2024,26163595000,"66,877",17,84,75,0,83,48193,18655 KRAUSE ST,"RIVERVIEW, MI","WAYNE, MI",42.17241218,-83.17408992,Acetonitrile (75-05-8),325 Chemicals,325412 Pharmaceutical Preparation Manufacturing,PEL PHARMA INC,63.25,63.25,0.00,0.00,0.00,"95,263.25","3,669",0
EDW. C. LEVY CO. - PLANT 1,4820WDWCLV88DIX,2024,26163983600,"126,251",0,0,0,0,0,48209,8800 DIX AVE.,"DETROIT, MI","WAYNE, MI",42.31506918,-83.13674363,Manganese compounds (N450),327 Nonmetallic Mineral Product,327992 Ground or Treated Mineral and Earth Manufacturing,EDW C LEVY CO,63.24,63.24,0.00,0.00,0.00,63.24,"758,876",0
BASF TODA AMERICA INC,4903WTDMRC475WD,2024,26025002600,"13,834",56,21,66,71,74,49037,4750 W DICKMAN RD,"BATTLE CREEK, MI","CALHOUN, MI",42.33678507,-85.27457775,Nickel compounds (N495),325 Chemicals,325180 Other Basic Inorganic Chemical Manufacturing,BASF CORP,63.00,0.00,0.00,0.00,63.00,"6,989.00","58,590,000",0
POLYCHEMIE INC,48184XCHMN38070,2024,26163566700,"54,462",14,15,80,62,67,48184,38070 VAN BORN RD,"WAYNE, MI","WAYNE, MI",42.26614028,-83.41350379,Dimethylamine (124-40-3),325 Chemicals,325998 All Other Miscellaneous Chemical Product and Preparation Manufacturing,SNF HOLDING CO,63.00,63.00,0.00,0.00,0.00,753.00,0,0
BASF CORP,48192BSFCR1609B,2024,26163580100,"83,157",54,24,35,0,37,481923729,1609 BIDDLE AVE,"WYANDOTTE, MI","WAYNE, MI",42.2177185,-83.15027742,Copper compounds (N100),325 Chemicals,325211 Plastics Material and Resin Manufacturing,BASF CORP,62.60,0.20,0.00,0.00,62.40,62.60,"93,900",0
KENT FOUNDRY,48838KNTFN1413C,2024,26117971200,"10,319",17,78,0,0,44,48838,1413 CALLAGHAN ST,"GREENVILLE, MI","MONTCALM, MI",43.18660349,-85.22768736,Manganese (7439-96-5),331 Primary Metals,331511 Iron Foundries,NA,61.30,52.00,0.00,0.00,9.30,"11,755.30","735,600",0
METAL TECHNOLOGIES INC THREE RIVERS GRAY IRON,49093DCKFN4284T,2024,26149040200,"11,553",73,4,70,0,49,49093,429 FOURTH ST,"THREE RIVERS, MI","ST JOSEPH, MI",41.93878276,-85.62982485,Lead (7439-92-1),331 Primary Metals,331511 Iron Foundries,METAL TECHNOLOGIES INC,61.16,0.16,0.00,0.00,61.00,69.16,"1,406,680",0
THE DOW CHEMICAL CO,48667THDWCMICHI,2024,26111290600,"25,530",74,14,85,0,68,48667,1790 BUILDING,"MIDLAND, MI","MIDLAND, MI",43.6095201,-84.2393991,Formaldehyde (50-00-0),325 Chemicals,325211 Plastics Material and Resin Manufacturing,DOW INC,61.00,52.00,9.00,0.00,0.00,"710,061.00","2,028,045",0
STRUCTURAL CONCEPTS CORP,4944WSTRCT888EP,2024,26121002602,-,59,82,51,0,29,49441,888 E PORTER RD,"MUSKEGON, MI","MUSKEGON, MI",43.15824552,-86.22347508,Nickel compounds (N495),333 Machinery,333415 Air-Conditioning and Warm Air Heating Equipment and Commercial and Industrial Refrigeration..,SC HOLDING CORP,60.34,60.34,0.00,0.00,0.00,"15,781.34","56,116,200",0
LACKS TRIM SYSTEMS-AIRLANE,49508LCKSN4260A,2024,26081012608,"45,423",76,63,33,57,68,49512,4260 AIRLANE SE,"KENTWOOD, MI","KENT, MI",42.88619695,-85.57530451,Chromium compounds (N090),332 Fabricated Metals,"332813 Electroplating, Plating, Polishing, Anodizing, and Coloring",LACKS ENTERPRISES INC,60.00,2.00,0.00,0.00,58.00,"1,312.00","950,796,600",0
MEC INC.,4934WMCNCX4714C,2024,-,-,-,-,-,-,-,49348,4714 CIRCUIT CT,"WAYLAND, MI","ALLEGAN, MI",42.76551939,-85.65649297,Copper (7440-50-8),332 Fabricated Metals,332999 All Other Miscellaneous Fabricated Metal Product Manufacturing,MAYVILLE ENGINEERING CO INC,60.00,27.00,0.00,0.00,33.00,"13,748.00","90,000",0
LINN PRODUCTS INC,4881WLNNPR12LIP,2024,26045021001,"11,446",85,52,56,0,41,48813,1200 LIPSEY DR,"CHARLOTTE, MI","EATON, MI",42.58472958,-84.83123762,Chromium (7440-47-3),331 Primary Metals,"331318 Other Aluminum Rolling, Drawing, and Extruding",NA,59.00,0.00,0.00,0.00,59.00,59.00,"113,280,000",0
WATERFRONT PETROLEUM TERMINAL-WEST JEFFERSON,4820WWTRFR5431B,2024,26163984100,"67,689",0,0,0,0,0,48209,5431 WEST JEFFERSON AVENUE,"DETROIT, MI","WAYNE, MI",42.3039194,-83.09136724,Naphthalene (91-20-3),4247 Petroleum Bulk Terminals,424710 Petroleum Bulk Stations and Terminals,WARNER PETROLEUM CORP,59.00,59.00,0.00,0.00,0.00,59.00,"708,000",0
CORTEVA AGRISCIENCE LLC - MIDLAND,4867WDWGRS71WAS,2024,26111290600,"30,090",74,14,85,0,68,48640,701 WASHINGTON ST,"MIDLAND, MI","MIDLAND, MI",43.60532757,-84.21757491,"2,4-D (94-75-7)",325 Chemicals,325320 Pesticide and Other Agricultural Chemical Manufacturing,CORTEVA INC,58.00,53.00,0.00,0.00,5.00,"71,061.00","11,600",0
WATERFRONT PETROLEUM TERMINAL-WEST JEFFERSON,4820WWTRFR5431B,2024,26163984100,"67,689",0,0,0,0,0,48209,5431 WEST JEFFERSON AVENUE,"DETROIT, MI","WAYNE, MI",42.3039194,-83.09136724,Polycyclic aromatic compounds (N590),4247 Petroleum Bulk Terminals,424710 Petroleum Bulk Stations and Terminals,WARNER PETROLEUM CORP,58.00,58.00,0.00,0.00,0.00,58.00,"22,620,000",0
PIONEER METAL FINISHING LLC,48162PNRMT525TE,2024,26115831700,"31,648",98,6,94,0,40,48162,525 TERNES DR,"MONROE, MI","MONROE, MI",41.9172494,-83.36662573,Nitric acid (7697-37-2),332 Fabricated Metals,"332813 Electroplating, Plating, Polishing, Anodizing, and Coloring",PIONEER METAL FINISHING LLC,57.54,57.54,0.00,0.00,0.00,"210,233.54","15,536",0
ALUDYNE N.A. LLC - ALMA,48801CNTCH205NG,2024,26057000600,"12,702",91,59,75,0,33,48801,250 ADAMS ST,"ALMA, MI","GRATIOT, MI",43.37732742,-84.64890139,Zinc compounds (N982),331 Primary Metals,331523 Nonferrous Metal Die-Casting Foundries,ALUDYNE INC,57.23,26.60,0.00,0.00,30.63,"10,781.33","5,723",0
AIR PRODUCTS & CHEMICALS INC/DETROIT HYDROGEN FACILITY,48217DTRTS1025S,2024,-,"99,709",-,-,-,-,-,48217,1025 OAKWOOD BLVD,"DETROIT, MI","WAYNE, MI",42.28702436,-83.1555223,n-Hexane (110-54-3),325 Chemicals,325120 Industrial Gas Manufacturing,AIR PRODUCTS & CHEMICALS INC,56.90,56.90,0.00,0.00,0.00,"1,410,148.90",285,0
PPG INDUSTRIES-ADRIAN,49221PPGND961DI,2024,26091061600,"27,287",28,37,99,74,85,49221,961 DIVISION ST,"ADRIAN, MI","LENAWEE, MI",41.88390715,-84.03346982,Lead compounds (N420),325 Chemicals,325520 Adhesive Manufacturing,PPG INDUSTRIES INC,56.88,0.03,0.00,0.00,56.85,56.88,"1,306,075",0
UNIFORM COLOR CO,49423NFRMC942BR,2024,26005032401,"31,869",81,35,51,73,72,49423,942 BROOKS AVE,"HOLLAND, MI","ALLEGAN, MI",42.7636556,-86.08354558,Antimony compounds (N010),325 Chemicals,325991 Custom Compounding of Purchased Resins,AUDIA PLASTICS HOLDINGS INC,56.80,21.79,0.00,0.00,35.01,660.72,"678,845",0
CALUMET ELECTRONICS CORP,49913CLMTL25830,2024,26061000300,"6,880",67,86,87,58,32,49913,25830 DEPOT ST,"CALUMET, MI","HOUGHTON, MI",47.24014029,-88.44912896,Lead (7439-92-1),334 Computers and Electronic Products,334412 Bare Printed Circuit Board Manufacturing,NA,56.30,0.00,0.00,0.00,56.30,"2,292.30","1,218,400",0
KALKASKA GAS PLANT,4964WKLKSK11PRU,2024,26079950300,-,72,37,29,0,48,49646,1100 PROUGH RD SW,"KALKASKA, MI","KALKASKA, MI",44.6977712,-85.19519446,n-Hexane (110-54-3),211 Natural Gas Processing,211130 Natural Gas Extraction,NA,56.22,56.22,0.00,0.00,0.00,56.27,281,0
PLASTATECH ENGINEERING LTD,48601PLSTT725MO,2024,26145011100,"18,048",39,75,56,0,59,48601,725 W MORLEY DR,"SAGINAW, MI","SAGINAW, MI",43.41932134,-83.87004492,Antimony compounds (N010),313 Textiles,313320 Fabric Coating Mills,HOLCIM PARTICIPATIONS (US) INC,55.65,55.65,0.00,0.00,0.00,"145,680.65","667,800",0
LOUISIANA PACIFIC CORPORATION-NEWBERRY,49868LSNPC461MI,2024,26095960100,"3,224",22,42,95,0,54,49868,7299 N C.R. 403,"NEWBERRY, MI","LUCE, MI",46.33664546,-85.48893064,Lead compounds (N420),321 Wood Products,321219 Reconstituted Wood Product Manufacturing,LOUISIANA PACIFIC CORP,55.10,3.40,0.00,0.00,51.70,55.10,"1,267,300",0
MSP INDUSTRIES,48371MSPND45WAK,2024,26125121000,"5,471",0,46,0,0,11,48371,45 W OAKWOOD RD,"OXFORD, MI","OAKLAND, MI",42.86905546,-83.29053711,Nickel compounds (N495),332 Fabricated Metals,332111 Iron and Steel Forging,AMERICAN AXLE & MANUFACTURING HOLDINGS INC,55.00,1.00,0.00,0.00,54.00,"9,694.00","51,150,000",0
ARKEMA INC,49507PLYMR1415S,2024,26081003800,"130,521",81,5,83,95,98,49507,1415 STEELE AVE SW,"GRAND RAPIDS, MI","KENT, MI",42.9387233,-85.67574584,Ethylene glycol (107-21-1),325 Chemicals,325211 Plastics Material and Resin Manufacturing,ARKEMA DELAWARE INC,54.00,54.00,0.00,0.00,0.00,74.00,475,0
GM TRUCK GROUP FLINT ASSEMBLY PLANT,48551GMCTRG3100,2024,26049980000,"51,226",0,0,0,0,0,48551,G-3100 VAN SLYKE RD,"FLINT, MI","GENESEE, MI",42.96697513,-83.71257194,Naphthalene (91-20-3),336 Transportation Equipment,336370 Motor Vehicle Metal Stamping,GENERAL MOTORS LLC,54.00,54.00,0.00,0.00,0.00,54.00,"648,000",0
CLEVELAND-CLIFFS STEEL CORP DEARBORN WORKS,48121RGSTL3001M,2024,26163985700,"119,381",0,0,0,0,0,48120,4001 MILLER RD,"DEARBORN, MI","WAYNE, MI",42.31635335,-83.1621121,Mercury compounds (N458),331 Primary Metals,331110 Iron and Steel Mills and Ferroalloy Manufacturing,CLEVELAND-CLIFFS INC,53.98,36.40,0.00,0.00,17.58,54.47,"647,760",0
FCA US WARREN STAMPING PLANT,48091WRRNS22800,2024,26099982200,"129,109",0,0,0,0,93,48091,22800 MOUND RD,"WARREN, MI","MACOMB, MI",42.46100325,-83.04452265,Zinc compounds (N982),336 Transportation Equipment,336370 Motor Vehicle Metal Stamping,FCA US LLC,53.00,2.00,0.00,0.00,51.00,59.00,"5,300",0
PHARMACIA & UPJOHN CO LLC A SUBSIDIARY OF PFIZER INC,49001THPJH7171P,2024,26077001905,"31,983",66,12,0,69,34,49002,7171 PORTAGE RD,"PORTAGE, MI","KALAMAZOO, MI",42.21133108,-85.55988021,Methyl tert-butyl ether (1634-04-4),325 Chemicals,325412 Pharmaceutical Preparation Manufacturing,PFIZER INC,53.00,53.00,0.00,0.00,0.00,"442,053.00","4,929",0
WAYNE DISPOSAL INC,48111WYNDS49350,2024,26163986501,"28,882",0,0,0,0,0,48111,49350 N I-94 SERVICE DR,"BELLEVILLE, MI","WAYNE, MI",42.21950635,-83.52417321,Toxaphene (8001-35-2),562 Hazardous Waste,562211 Hazardous Waste Treatment and Disposal,REPUBLIC SERVICES INC,53.00,0.00,0.00,53.00,0.00,53.00,"58,300,000",0
FLAT ROCK ASSEMBLY PLANT,48134MZDMT1MAZD,2024,26163982000,"48,834",0,0,0,0,0,48134,1 INTERNATIONAL DR,"FLAT ROCK, MI","WAYNE, MI",42.10296609,-83.2436186,Ethylene glycol (107-21-1),336 Transportation Equipment,336370 Motor Vehicle Metal Stamping,FORD MOTOR CO,52.80,0.00,0.00,0.00,52.80,663.00,26,0
ADVANCED MICRONUTRIENT PRODUCTS INC,48757GRCCH2405S,2024,26145011200,"1,850",30,74,45,0,32,48757,2405 W VASSAR RD M-15,"REESE, MI","SAGINAW, MI",43.44175702,-83.75078382,Lead compounds (N420),325 Chemicals,325314 Fertilizer (Mixing Only) Manufacturing,NA,52.00,52.00,0.00,0.00,0.00,52.00,"1,196,000",0
EAGLE MINE,4986WRTNTG651TR,2024,26103002902,1,21,94,27,0,14,49861,6510 TRIPLE A ROAD,"MICHIGAMME, MI","MARQUETTE, MI",46.75585598,-87.91306037,Nitrate compounds (water dissociable) (N511),2122 Metal Mining,"212230 Copper, Nickel, Lead, and Zinc Mining",EAGLE MINE LLC,51.00,0.00,0.00,51.00,0.00,"211,051.00",32,0
TENNECO AUTOMOTIVE OPERATING CO INC.,49252TNNCT929AN,2024,26059050300,"2,133",66,70,45,58,65,49252,929 ANDERSON RD,"LITCHFIELD, MI","HILLSDALE, MI",42.08020943,-84.75854691,Nickel (7440-02-0),336 Transportation Equipment,336390 Other Motor Vehicle Parts Manufacturing,TENNECO INC,51.00,51.00,0.00,0.00,0.00,"7,880.00","47,430,000",0
ALUDYNE N.A. LLC - ALMA,48801CNTCH205NG,2024,26057000600,"12,702",91,59,75,0,33,48801,250 ADAMS ST,"ALMA, MI","GRATIOT, MI",43.37732742,-84.64890139,Copper (7440-50-8),331 Primary Metals,331523 Nonferrous Metal Die-Casting Foundries,ALUDYNE INC,50.70,33.64,0.00,0.00,17.06,"39,233.00","76,050",0
PARKER HANNIFIN,48850PRKRB8790W,2024,26117970400,"2,653",27,52,94,0,75,48850,8790 TAMARACK RD,"LAKEVIEW, MI","MONTCALM, MI",43.4384266,-85.26031814,Copper (7440-50-8),332 Fabricated Metals,332721 Precision Turned Product Manufacturing,PARKER HANNIFIN CORP,50.50,0.00,0.00,0.00,50.50,"3,626,453.50","75,750",0
ALLIED FINISHING INC,49508LLDFN4100B,2024,26081012608,"41,254",76,63,33,57,68,49512,4100 BROADMOOR SE,"KENTWOOD, MI","KENT, MI",42.88901815,-85.56932812,Nitric acid (7697-37-2),332 Fabricated Metals,"332813 Electroplating, Plating, Polishing, Anodizing, and Coloring",ALLIED FINISHING INC,50.00,50.00,0.00,0.00,0.00,"239,718.00","13,500",0
WATERFRONT PETROLEUM TERMINAL-WEST JEFFERSON,4820WWTRFR5431B,2024,26163984100,"67,689",0,0,0,0,0,48209,5431 WEST JEFFERSON AVENUE,"DETROIT, MI","WAYNE, MI",42.3039194,-83.09136724,Ethylbenzene (100-41-4),4247 Petroleum Bulk Terminals,424710 Petroleum Bulk Stations and Terminals,WARNER PETROLEUM CORP,50.00,50.00,0.00,0.00,0.00,50.00,"44,500",0
NILES STEEL TANK,4912WNLSST171AT,2024,26021020900,"19,370",69,39,37,0,25,49120,1701-A TERMINAL ROAD,"NILES, MI","BERRIEN, MI",41.85188436,-86.22904415,Manganese (7439-96-5),332 Fabricated Metals,332420 Metal Tank (Heavy Gauge) Manufacturing,BRADFORD WHITE CORP,49.70,6.70,0.00,0.00,43.00,"6,884.70","380,528",0
MEC INC.,4931WMCNCX9984T,2024,-,-,-,-,-,-,-,49315,990 84TH STREET,"BYRON CENTER, MI","KENT, MI",42.81184363,-85.68828985,Manganese (7439-96-5),332 Fabricated Metals,332999 All Other Miscellaneous Fabricated Metal Product Manufacturing,MAYVILLE ENGINEERING CO INC,49.00,49.00,0.00,0.00,0.00,"127,795.00","588,000",0
WEYERHAEUSER NR CO,49738WYRHS4111E,2024,26039960500,535,87,73,61,0,82,49738,4111 W FOUR MILE RD,"GRAYLING, MI","CRAWFORD, MI",44.59845162,-84.69108219,Lead (7439-92-1),321 Wood Products,321219 Reconstituted Wood Product Manufacturing,WEYERHAEUSER CO,49.00,49.00,0.00,0.00,0.00,49.00,"1,127,000",0
ROYAL BUILDING PRODUCTS,4845WMTMRP457SA,2024,26087341500,"3,753",66,28,41,0,36,48455,4057 S OAK ST,"METAMORA, MI","LAPEER, MI",42.94066997,-83.28939183,Manganese (7439-96-5),326 Plastics and Rubber,326199 All Other Plastics Product Manufacturing,WESTLAKE CORP,48.59,48.59,0.00,0.00,0.00,739.67,"583,080",0
GM TRUCK GROUP FLINT ASSEMBLY PLANT,48551GMCTRG3100,2024,26049980000,"51,226",0,0,0,0,0,48551,G-3100 VAN SLYKE RD,"FLINT, MI","GENESEE, MI",42.96697513,-83.71257194,n-Hexane (110-54-3),336 Transportation Equipment,336350 Motor Vehicle Transmission and Power Train Parts Manufacturing,GENERAL MOTORS LLC,48.00,48.00,0.00,0.00,0.00,48.00,240,0
HAVILAND PRODUCTS CO,4900WHVLND2722N,2024,26077001501,"51,830",14,53,92,0,48,49004,2722 N BURDICK ST,"KALAMAZOO, MI","KALAMAZOO, MI",42.31853039,-85.58384814,Toluene (108-88-3),4246 Chemical Wholesalers,424690 Other Chemical and Allied Products Merchant Wholesalers,HAVILAND ENTERPRISES INC,48.00,48.00,0.00,0.00,0.00,"3,698.00",34,0
IHC LLC.,48228NTRNT12400,2024,26163547000,"143,160",42,55,92,0,79,48228,12400 BURT RD,"DETROIT, MI","WAYNE, MI",42.37853813,-83.24631192,Ethylene glycol (107-21-1),332 Fabricated Metals,"332813 Electroplating, Plating, Polishing, Anodizing, and Coloring",NA,48.00,48.00,0.00,0.00,0.00,"6,158.00",422,0
AKWEL CADILLAC USA INC.,49601CDLLC603WE,2024,26165380700,"12,871",76,20,69,0,73,49601,603 W 7TH ST,"CADILLAC, MI","WEXFORD, MI",44.26075834,-85.41659749,Certain glycol ethers (N230),326 Plastics and Rubber,326220 Rubber and Plastics Hoses and Belting Manufacturing,NA,47.00,47.00,0.00,0.00,0.00,47.00,"8,460",0
BRADFORD WHITE CORP,49333BRDFR200LA,2024,26015010301,"6,299",64,52,0,62,36,49333,200 LAFAYETTE ST,"MIDDLEVILLE, MI","BARRY, MI",42.7183492,-85.46383357,Ethylene glycol (107-21-1),335 Electrical Equipment,335220 Major Household Appliance Manufacturing,BRADFORD WHITE CORP,47.00,0.00,0.00,0.00,47.00,47.00,414,0
ROYAL ADHESIVES & SEALANTS,49254DCPRD4401P,2024,26075006101,"17,114",48,31,93,0,16,49254,4401 PAGE AVE,"MICHIGAN CENTER, MI","JACKSON, MI",42.23436429,-84.33316071,Xylene (mixed isomers) (1330-20-7),325 Chemicals,325520 Adhesive Manufacturing,HB FULLER CO,47.00,47.00,0.00,0.00,0.00,866.00,"1,645",0
FCA US STERLING HEIGHTS ASSEMBLY PLANT,48077STRLN38111,2024,26099231200,"94,944",17,19,0,82,54,48312,38111 VAN DYKE,"STERLING HEIGHTS, MI","MACOMB, MI",42.57039424,-83.03013673,Manganese compounds (N450),336 Transportation Equipment,336110 Automobile and Light Duty Motor Vehicle Manufacturing,FCA US LLC,46.79,4.95,0.00,0.00,41.84,46.79,"63,175",0
FCA US WARREN TRUCK ASSEMBLY PLANT,48091WRRNT21500,2024,26099982200,"130,932",0,0,0,0,93,48091,21500 MOUND RD,"WARREN, MI","MACOMB, MI",42.45531342,-83.04419136,Ethylene glycol (107-21-1),336 Transportation Equipment,336110 Automobile and Light Duty Motor Vehicle Manufacturing,FCA US LLC,46.26,29.93,0.00,0.00,16.33,"1,633.69",272,0
ARKEMA INC,49507PLYMR1415S,2024,26081003800,"130,521",81,5,83,95,98,49507,1415 STEELE AVE SW,"GRAND RAPIDS, MI","KENT, MI",42.9387233,-85.67574584,sec-Butyl alcohol (78-92-2),325 Chemicals,325211 Plastics Material and Resin Manufacturing,ARKEMA DELAWARE INC,45.00,45.00,0.00,0.00,0.00,"1,290.00",5,0
ARKEMA INC,49507PLYMR1415S,2024,26081003800,"130,521",81,5,83,95,98,49507,1415 STEELE AVE SW,"GRAND RAPIDS, MI","KENT, MI",42.9387233,-85.67574584,Styrene (100-42-5),325 Chemicals,325211 Plastics Material and Resin Manufacturing,ARKEMA DELAWARE INC,45.00,45.00,0.00,0.00,0.00,"1,295.00",158,0
MPLX TERMINALS LLC - LANSING MI TERMINAL,48906LNSNG6300G,2024,26037010300,"16,298",64,43,0,0,29,48906,6300 W GRAND RIVER AVE,"LANSING, MI","CLINTON, MI",42.7810287,-84.64936291,Naphthalene (91-20-3),4247 Petroleum Bulk Terminals,424710 Petroleum Bulk Stations and Terminals,MARATHON PETROLEUM CORP,45.00,45.00,0.00,0.00,0.00,45.00,"540,000",0
VALLEY CITY PLATING,49508VLLYC3353E,2024,26081014200,"119,520",56,19,59,72,55,49508,3353 EASTERN AVE SE,"GRAND RAPIDS, MI","KENT, MI",42.9026011,-85.6466332,Lead compounds (N420),332 Fabricated Metals,"332813 Electroplating, Plating, Polishing, Anodizing, and Coloring",NA,44.72,0.00,0.00,0.00,44.72,50.72,"1,011,160",0
ANDERSON DEVELOPMENT CO,49221NDRSN1415E,2024,26091061301,"26,525",93,24,86,0,82,49221,1415 E MICHIGAN ST,"ADRIAN, MI","LENAWEE, MI",41.89404029,-84.01757843,Styrene (100-42-5),325 Chemicals,325211 Plastics Material and Resin Manufacturing,MITSUI & CO (USA) INC,44.40,44.30,0.10,0.00,0.00,"1,288.79",156,0
DDP SPECIALTY ELECTRONIC MATERIALS US LLC,4864WDDPSP34SSA,2024,26111290600,"29,731",74,14,85,0,68,48640,3400 S SAGINAW RD - UNIT 96,"MIDLAND, MI","MIDLAND, MI",43.60102204,-84.20774568,Dimethylamine (124-40-3),325 Chemicals,325199 All Other Basic Organic Chemical Manufacturing,DUPONT DE NEMOURS INC,44.00,44.00,0.00,0.00,0.00,"1,662.00",0,0
AIR PRODUCTS & CHEMICALS INC/DETROIT HYDROGEN FACILITY,48217DTRTS1025S,2024,-,"99,709",-,-,-,-,-,48217,1025 OAKWOOD BLVD,"DETROIT, MI","WAYNE, MI",42.28702436,-83.1555223,Methanol (67-56-1),325 Chemicals,325120 Industrial Gas Manufacturing,AIR PRODUCTS & CHEMICALS INC,43.90,43.90,0.00,0.00,0.00,"51,227.90",8,0
VENTRA EVART LLC,49631VRTPR601WS,2024,26133970400,"3,127",51,75,84,0,91,49631,601 W SEVENTH ST,"EVART, MI","OSCEOLA, MI",43.90066423,-85.26622672,Methyl isobutyl ketone (108-10-1),336 Transportation Equipment,336390 Other Motor Vehicle Parts Manufacturing,FLEX-N-GATE CORP,43.89,43.89,0.00,0.00,0.00,"25,166.89",53,0
HENKEL US OPERATIONS CORP,48091MCHMP23343,2024,26099263200,"125,648",28,38,82,0,67,48091,23343 SHERWOOD AVE,"WARREN, MI","MACOMB, MI",42.46588693,-83.03550307,Nonylphenol Ethoxylates (N535),325 Chemicals,325998 All Other Miscellaneous Chemical Product and Preparation Manufacturing,HENKEL OF AMERICA INC,43.34,34.00,0.00,0.00,9.34,"1,115.00",0,0
MARATHON PETROLEUM CO LP - MICHIGAN REFINING DIV,48217MRTHN1300S,2024,26163524500,"94,854",0,35,0,0,0,48217,1300 S FORT ST HES DEPT,"DETROIT, MI","WAYNE, MI",42.28071629,-83.15192609,Carbon disulfide (75-15-0),324 Petroleum Products,324110 Petroleum Refineries,MARATHON PETROLEUM CORP,43.28,42.00,0.00,0.00,1.28,242.32,223,0
MPLX TERMINALS LLC - LANSING MI TERMINAL,48906LNSNG6300G,2024,26037010300,"16,298",64,43,0,0,29,48906,6300 W GRAND RIVER AVE,"LANSING, MI","CLINTON, MI",42.7810287,-84.64936291,Ethylbenzene (100-41-4),4247 Petroleum Bulk Terminals,424710 Petroleum Bulk Stations and Terminals,MARATHON PETROLEUM CORP,43.00,43.00,0.00,0.00,0.00,43.00,"38,270",0
THE SHYFT GROUP INC,4881WTHSHY1REYN,2024,26045020902,"10,310",56,75,38,0,35,48813,1000 REYNOLDS RD,"CHARLOTTE, MI","EATON, MI",42.54979247,-84.85297007,"1,2,4-Trimethylbenzene (95-63-6)",336 Transportation Equipment,336211 Motor Vehicle Body Manufacturing,THE SHYFT GROUP USA INC,42.14,42.14,0.00,0.00,0.00,42.14,"2,444",0
ARCELORMITTAL TAILORED BLANKS AMERICAS CORP,4821WRCLRM865MU,2024,26163505800,"124,397",51,65,99,76,88,48211,8650 MOUNT ELLIOTT ST,"DETROIT, MI","WAYNE, MI",42.39168088,-83.03726917,Nickel (7440-02-0),336 Transportation Equipment,336370 Motor Vehicle Metal Stamping,NA,42.00,0.00,0.00,0.00,42.00,"49,671.00","39,060,000",0
DDP SPECIALTY ELECTRONIC MATERIALS US LLC,4864WDDPSP34SSA,2024,26111290600,"29,731",74,14,85,0,68,48640,3400 S SAGINAW RD - UNIT 96,"MIDLAND, MI","MIDLAND, MI",43.60102204,-84.20774568,Propylene oxide (75-56-9),325 Chemicals,325199 All Other Basic Organic Chemical Manufacturing,DUPONT DE NEMOURS INC,42.00,42.00,0.00,0.00,0.00,"41,845.00","546,000",0
MICHIGAN SUGAR CO - SEBEWAING FACTORY,48759MCHGN763BE,2024,26063950800,"2,663",48,92,0,0,42,48759,501 PINE ST,"SEBEWAING, MI","HURON, MI",43.74062468,-83.44541459,Lead compounds (N420),311 Food,311313 Beet Sugar Manufacturing,MICHIGAN SUGAR CO,42.00,42.00,0.00,0.00,0.00,42.00,"966,000",0
AIR PRODUCTS & CHEMICALS INC/DETROIT HYDROGEN FACILITY,48217DTRTS1025S,2024,-,"99,709",-,-,-,-,-,48217,1025 OAKWOOD BLVD,"DETROIT, MI","WAYNE, MI",42.28702436,-83.1555223,Propylene (115-07-1),325 Chemicals,325120 Industrial Gas Manufacturing,AIR PRODUCTS & CHEMICALS INC,41.20,41.20,0.00,0.00,0.00,"1,020,393.40",49,0
MPLX TERMINALS LLC - ROMULUS MI TERMINAL,48174RMLSR28000,2024,26163585500,"57,324",57,20,64,0,51,48174,28001 CITRIN DR,"ROMULUS, MI","WAYNE, MI",42.24555362,-83.30829788,Ethylbenzene (100-41-4),4247 Petroleum Bulk Terminals,424710 Petroleum Bulk Stations and Terminals,MARATHON PETROLEUM CORP,41.00,41.00,0.00,0.00,0.00,44.00,"36,490",0
ST MARYS CEMENT U.S. LLC,49720MDSCMBELLS,2024,26029000400,"3,587",37,95,51,57,37,49720,16000 BELLS BAY RD,"CHARLEVOIX, MI","CHARLEVOIX, MI",45.30794109,-85.30779401,Mercury (7439-97-6),327 Nonmetallic Mineral Product,327310 Cement Manufacturing,VCNA PRAIRIE LLC,40.92,40.90,0.01,0.00,0.00,40.92,"490,952",0
MARATHON PETROLEUM CO LP - MICHIGAN REFINING DIV,48217MRTHN1300S,2024,26163524500,"94,854",0,35,0,0,0,48217,1300 S FORT ST HES DEPT,"DETROIT, MI","WAYNE, MI",42.28071629,-83.15192609,Polycyclic aromatic compounds (N590),324 Petroleum Products,324110 Petroleum Refineries,MARATHON PETROLEUM CORP,40.80,7.40,0.00,0.00,33.40,78.30,"10,998,000",0
MACDERMID INC,48220MCDRM1221F,2024,26125173600,"148,892",15,29,26,0,39,48220,1221 FARROW AVE,"FERNDALE, MI","OAKLAND, MI",42.4572589,-83.1182239,Manganese compounds (N450),325 Chemicals,325998 All Other Miscellaneous Chemical Product and Preparation Manufacturing,ELEMENT SOLUTIONS INC,40.29,18.06,0.00,0.00,22.23,40.29,"217,118",0
NON-FERROUS CAST ALLOYS INC.,49441NNFRR1146N,2024,26121002602,"16,107",64,67,30,0,49,49441,1146 N GATEWAY BLVD,"MUSKEGON, MI","MUSKEGON, MI",43.14401428,-86.21717183,Copper (7440-50-8),331 Primary Metals,331524 Aluminum Foundries (except Die-Casting),NA,40.00,40.00,0.00,0.00,0.00,"35,451.00","60,000",0
SAGINAW METAL CASTING OPERATIONS,48605SGNWG1629N,2024,26145000100,"38,543",90,25,99,0,50,48601,1629 N WASHINGTON ST,"SAGINAW, MI","SAGINAW, MI",43.44762415,-83.91899086,Copper (7440-50-8),331 Primary Metals,331524 Aluminum Foundries (except Die-Casting),GENERAL MOTORS LLC,39.19,0.00,0.00,0.00,39.19,39.00,"58,788",0
GENERAL MOTORS LANSING DELTA TOWNSHIP,48917GNRLM85REL,2024,26045020302,"10,044",63,24,60,0,0,48917,8175 MILLETT HWY,"LANSING, MI","EATON, MI",42.69753322,-84.67379564,Ethylene glycol (107-21-1),336 Transportation Equipment,336110 Automobile and Light Duty Motor Vehicle Manufacturing,GENERAL MOTORS LLC,39.00,39.00,0.00,0.00,0.00,106.00,343,0
MPLX TERMINALS LLC - JACKSON MI TERMINAL,49201JCKSN2090M,2024,26075005602,"12,883",22,72,28,0,50,49201,2090 MORRILL RD,"JACKSON, MI","JACKSON, MI",42.31003859,-84.42477118,Ethylbenzene (100-41-4),4247 Petroleum Bulk Terminals,424710 Petroleum Bulk Stations and Terminals,MARATHON PETROLEUM CORP,39.00,39.00,0.00,0.00,0.00,39.00,"34,710",0
ERVIN TECHNOLOGIES,49286RVNPR200IN,2024,26091060702,"14,090",13,40,58,0,76,49286,200 INDUSTRIAL DR,"TECUMSEH, MI","LENAWEE, MI",41.99098118,-83.94265093,Chromium (7440-47-3),327 Nonmetallic Mineral Product,327910 Abrasive Product Manufacturing,ERVIN INDUSTRIES INC,38.16,38.16,0.00,0.00,0.00,38.16,"830,361,600",0
TRANSTAR AUTOBODY TECHNOLOGIES,48116HHSPP2040H,2024,26093742201,"16,903",77,71,44,0,40,48114,2040 HEISERMAN DR,"BRIGHTON, MI","LIVINGSTON, MI",42.57140822,-83.81139576,Ethylbenzene (100-41-4),325 Chemicals,325510 Paint and Coating Manufacturing,AXALTA COATING SYSTEMS LLC,38.01,35.91,0.00,0.00,2.10,982.14,"33,829",0
BRADFORD WHITE CORP,49333BRDFR200LA,2024,26015010301,"6,299",64,52,0,62,36,49333,200 LAFAYETTE ST,"MIDDLEVILLE, MI","BARRY, MI",42.7183492,-85.46383357,Diisocyanates (N120),335 Electrical Equipment,335220 Major Household Appliance Manufacturing,BRADFORD WHITE CORP,38.00,0.00,0.00,0.00,38.00,38.00,"13,300,000",0
"LYMTAL INTERNATIONAL,INC.",48057HSPTR4150S,2024,26125128400,"31,968",73,50,30,71,73,48359,4150 S LAPEER RD,"LAKE ORION, MI","OAKLAND, MI",42.71882581,-83.24287105,Cumene (98-82-8),325 Chemicals,325510 Paint and Coating Manufacturing,NA,37.57,32.57,5.00,0.00,0.00,136.47,337,1
UNIFORM COLOR CO,49423NFRMC942BR,2024,26005032401,"31,869",81,35,51,73,72,49423,942 BROOKS AVE,"HOLLAND, MI","ALLEGAN, MI",42.7636556,-86.08354558,Chromium compounds (N090),325 Chemicals,325991 Custom Compounding of Purchased Resins,AUDIA PLASTICS HOLDINGS INC,37.01,11.83,0.00,0.00,25.18,364.72,"491,147,950",0
FORD MOTOR CO DEARBORN TRUCK PLANT,48121FRDM23001M,2024,26163985700,"123,088",0,0,0,0,0,48120,3001 MILLER RD,"DEARBORN, MI","WAYNE, MI",42.30886967,-83.15678743,Benzene (71-43-2),336 Transportation Equipment,336110 Automobile and Light Duty Motor Vehicle Manufacturing,FORD MOTOR CO,37.00,37.00,0.00,0.00,0.00,92.00,"1,036,000",0
GAGE PRODUCTS CO,48220GGPRD625WA,2024,26125173600,"148,304",15,29,26,0,39,48220,625 WANDA ST,"FERNDALE, MI","OAKLAND, MI",42.45155981,-83.11350414,Benzene (71-43-2),325 Chemicals,325510 Paint and Coating Manufacturing,NA,37.00,37.00,0.00,0.00,0.00,415.00,"1,036,000",0
ANDERSON DEVELOPMENT CO,49221NDRSN1415E,2024,26091061301,"26,525",93,24,86,0,82,49221,1415 E MICHIGAN ST,"ADRIAN, MI","LENAWEE, MI",41.89404029,-84.01757843,n-Hexane (110-54-3),325 Chemicals,325211 Plastics Material and Resin Manufacturing,MITSUI & CO (USA) INC,36.85,36.75,0.10,0.00,0.00,"330,112.35",186,0
FORD MOTOR CO DEARBORN ENGINE PLANT,48121FRDM33001M,2024,26163985700,"123,088",0,0,0,0,0,48120,3001 MILLER RD,"DEARBORN, MI","WAYNE, MI",42.30886967,-83.15678743,Manganese (7439-96-5),336 Transportation Equipment,336310 Motor Vehicle Gasoline Engine and Engine Parts Manufacturing,FORD MOTOR CO,36.20,21.00,0.00,0.00,15.20,"9,836.50","420,009",0
SYMMETRY MEDICAL INC LANSING,48911JTNGX5212A,2024,26065005304,"59,621",58,5,76,94,79,48911,5212 AURELIUS RD,"LANSING, MI","INGHAM, MI",42.68096935,-84.52359733,Nickel (7440-02-0),332 Fabricated Metals,332112 Nonferrous Forging,TECOMET INC,36.20,29.00,0.00,0.00,7.20,"95,405.20","27,900,564",0
SUPER STEEL TREATING CO,48091SPRST6227R,2024,26099262500,"118,546",56,88,76,64,85,48091,6227 RINKE,"WARREN, MI","MACOMB, MI",42.47392802,-83.04101401,Zinc compounds (N982),332 Fabricated Metals,332811 Metal Heat Treating,NA,36.00,10.00,0.00,0.00,26.00,36.00,"1,086",0
DART CONTAINER OF MICHIGAN LLC,48854DRTCN432HO,2024,26065005600,"9,712",31,92,58,0,65,48854,432 HOGSBACK RD,"MASON, MI","INGHAM, MI",42.59669869,-84.46898084,Copper (7440-50-8),326 Plastics and Rubber,326140 Polystyrene Foam Product Manufacturing,DART CONTAINER CORP,35.26,0.00,0.00,0.00,35.26,"200,610.95","52,890",0
SHERWIN-WILLIAMS CO,49423GRDSM636E4,2024,26005032401,"30,689",81,35,51,73,72,49423,636 E 40TH ST,"HOLLAND, MI","ALLEGAN, MI",42.76200737,-86.07937104,Methyl isobutyl ketone (108-10-1),325 Chemicals,325510 Paint and Coating Manufacturing,THE SHERWIN-WILLIAMS CO,35.00,35.00,0.00,0.00,0.00,787.00,42,0
US GYPSUM CO DETROIT PLANT,48218NTDST2DIVI,2024,26163579100,"76,556",19,95,0,0,83,48218,10090 W JEFFERSON AVE,"RIVER ROUGE, MI","WAYNE, MI",42.27838792,-83.13072846,Lead compounds (N420),327 Nonmetallic Mineral Product,327420 Gypsum Product Manufacturing,USG CORP,34.25,0.32,0.00,0.00,33.93,34.25,"787,750",0
NILES STEEL TANK,4912WNLSST171AT,2024,26021020900,"19,370",69,39,37,0,25,49120,1701-A TERMINAL ROAD,"NILES, MI","BERRIEN, MI",41.85188436,-86.22904415,Nickel (7440-02-0),332 Fabricated Metals,332420 Metal Tank (Heavy Gauge) Manufacturing,BRADFORD WHITE CORP,34.10,1.20,0.00,0.00,32.90,"11,932.10","18,787,265",0
METALFLOW CORP,49424MTLFL11694,2024,26139022206,"45,887",12,95,25,0,73,49424,11964 JAMES ST,"HOLLAND, MI","OTTAWA, MI",42.81208707,-86.07614175,Copper (7440-50-8),332 Fabricated Metals,"332119 Metal Crown, Closure, and Other Metal Stamping (except Automotive)",NA,33.94,0.00,0.00,0.00,33.94,"25,426.72","50,910",0
ARAUCO NA GRAYLING PARTICLEBOARD,4973WRCNGR5851A,2024,26039960300,"1,923",0,57,32,0,0,49738,5851 ARAUCO RD.,"GRAYLING, MI","CRAWFORD, MI",44.60422283,-84.68076456,Lead (7439-92-1),321 Wood Products,321219 Reconstituted Wood Product Manufacturing,ARAUCO NORTH AMERICA INC,33.50,7.50,0.00,0.00,26.00,33.50,"770,500",0
MARATHON PETROLEUM CO LP - MICHIGAN REFINING DIV,48217MRTHN1300S,2024,26163524500,"94,854",0,35,0,0,0,48217,1300 S FORT ST HES DEPT,"DETROIT, MI","WAYNE, MI",42.28071629,-83.15192609,Mercury compounds (N458),324 Petroleum Products,324110 Petroleum Refineries,MARATHON PETROLEUM CORP,33.40,10.40,0.00,0.00,23.00,33.40,"400,805",0
REPUBLIC INDUSTRIAL & ENERGY SOLUTIONS LLC,4817WRPBLC2847C,2024,26163585500,"54,199",57,20,64,0,51,48174,28470 CITRIN DR,"ROMULUS, MI","WAYNE, MI",42.24413692,-83.31844219,Mercury (7439-97-6),562 Hazardous Waste,562211 Hazardous Waste Treatment and Disposal,REPUBLIC SERVICES INC,33.01,0.00,0.01,25.00,8.00,33.01,"346,050",0
THE DOW CHEMICAL CO,48667THDWCMICHI,2024,26111290600,"25,530",74,14,85,0,68,48667,1790 BUILDING,"MIDLAND, MI","MIDLAND, MI",43.6095201,-84.2393991,3-Chloro-2-methyl-1-propene (563-47-3),325 Chemicals,325211 Plastics Material and Resin Manufacturing,DOW INC,33.00,33.00,0.00,0.00,0.00,224.00,0,0
MUELLER BRASS CO,48060MLLRB1925L,2024,26147623000,"37,924",27,30,52,0,46,48060,2199 LAPEER AVE,"PORT HURON, MI","ST. CLAIR, MI",42.97769454,-82.45020726,Manganese (7439-96-5),331 Primary Metals,"331420 Copper Rolling, Drawing, Extruding, and Alloying",MUELLER INDUSTRIES INC,32.60,28.50,0.00,0.00,4.10,"5,808.60","342,029",0
CASCADE DIE CASTING / GREAT LAKES,49345PRDCT9983S,2024,26081010401,"8,701",83,23,97,0,71,49345,9983 SPARTA AVE,"SPARTA, MI","KENT, MI",43.14507478,-85.7101295,Lead (7439-92-1),331 Primary Metals,331523 Nonferrous Metal Die-Casting Foundries,CASCADE DIE CASTING GROUP INC,32.50,5.30,0.00,0.00,27.20,"1,465.50","747,500",0
FORD MOTOR CO DEARBORN DIVERSIFIED MANUFACTURING,48121DRBRN3001M,2024,26163985700,"123,088",0,0,0,0,0,48120,3001 MILLER RD,"DEARBORN, MI","WAYNE, MI",42.30886967,-83.15678743,Nitric acid (7697-37-2),336 Transportation Equipment,336390 Other Motor Vehicle Parts Manufacturing,FORD MOTOR CO,32.00,32.00,0.00,0.00,0.00,"9,132.00","8,640",0
MARATHON PIPE LINE - WOODHAVEN TERMINAL,48183MRTHN24400,2024,26163982102,"53,295",0,0,0,0,0,48183,24400 ALLEN RD,"WOODHAVEN, MI","WAYNE, MI",42.13167881,-83.2258383,Toluene (108-88-3),4247 Petroleum Bulk Terminals,424710 Petroleum Bulk Stations and Terminals,MARATHON PETROLEUM CORP,32.00,30.00,0.00,0.00,2.00,572.00,47,0
STRUCTURAL CONCEPTS - PLANT 2,4944WSTRCT5566G,2024,26121002602,-,59,82,51,0,29,49441,5566 GRAND HAVEN RD,"MUSKEGON, MI","MUSKEGON, MI",43.1512422,-86.22049738,Manganese compounds (N450),333 Machinery,333415 Air-Conditioning and Warm Air Heating Equipment and Commercial and Industrial Refrigeration..,SC HOLDING CORP,31.67,31.67,0.00,0.00,0.00,"5,615.67","380,040",0
TRINSEO LLC-MI OPERATIONS,4866WSTYRN164BU,2024,26111290700,"31,609",34,73,38,77,47,48667,1604 BUILDING,"MIDLAND, MI","MIDLAND, MI",43.6095201,-84.2393991,"N,N-Dimethylformamide (68-12-2)",325 Chemicals,325211 Plastics Material and Resin Manufacturing,TRINSEO US HOLDING INC,31.03,31.03,0.00,0.00,0.00,"1,483.01","3,724",2
ARKEMA INC,49507PLYMR1415S,2024,26081003800,"130,521",81,5,83,95,98,49507,1415 STEELE AVE SW,"GRAND RAPIDS, MI","KENT, MI",42.9387233,-85.67574584,"1,2,4-Trimethylbenzene (95-63-6)",325 Chemicals,325211 Plastics Material and Resin Manufacturing,ARKEMA DELAWARE INC,31.00,31.00,0.00,0.00,0.00,"1,266.00","1,798",0
CANNON-MUSKEGON,49441CNNNM2875L,2024,26121002300,"30,364",36,66,25,0,28,49441,2875 LINCOLN ST,"MUSKEGON, MI","MUSKEGON, MI",43.20068611,-86.30332148,Chromium compounds (N090),331 Primary Metals,331513 Steel Foundries (except Investment),BERKSHIRE HATHAWAY INC,31.00,2.00,0.00,0.00,29.00,233.00,"59,520,000",0
FORD MOTOR CO MICHIGAN ASSEMBLY PLANT,48184FRDMT38303,2024,26163566700,"67,978",14,15,80,62,67,48184,38303 MICHIGAN AVE,"WAYNE, MI","WAYNE, MI",42.27796988,-83.41395208,Benzene (71-43-2),336 Transportation Equipment,336110 Automobile and Light Duty Motor Vehicle Manufacturing,FORD MOTOR CO,31.00,31.00,0.00,0.00,0.00,764.00,"868,000",0
GAGE PRODUCTS CO,48220GGPRD625WA,2024,26125173600,"148,304",15,29,26,0,39,48220,625 WANDA ST,"FERNDALE, MI","OAKLAND, MI",42.45155981,-83.11350414,Cumene (98-82-8),325 Chemicals,325510 Paint and Coating Manufacturing,NA,31.00,31.00,0.00,0.00,0.00,"185,732.00",273,0
HENROB CORP,4816WHNRBC3SHIL,2024,26125138600,"11,526",34,13,0,65,0,48165,30000 S HILL RD,"NEW HUDSON, MI","OAKLAND, MI",42.50981385,-83.5958345,Sulfuric acid (acid aerosols) (7664-93-9),332 Fabricated Metals,"332722 Bolt, Nut, Screw, Rivet, and Washer Manufacturing",ATLAS COPCO NORTH AMERICA LLC,31.00,31.00,0.00,0.00,0.00,"3,135.00","108,500",0
PORT CITY METAL PRODUCTS,49444PRTCT2350B,2024,26121000402,"48,956",32,25,94,0,82,49444,2350 BLACK CREEK RD,"MUSKEGON, MI","MUSKEGON, MI",43.20785213,-86.1897761,Nickel (7440-02-0),331 Primary Metals,331523 Nonferrous Metal Die-Casting Foundries,PACE INDUSTRIES LLC,30.41,30.41,0.00,0.00,0.00,312.40,"28,281,300",0
SYMMETRY MEDICAL INC LANSING,48911JTNGX5212A,2024,26065005304,"59,621",58,5,76,94,79,48911,5212 AURELIUS RD,"LANSING, MI","INGHAM, MI",42.68096935,-84.52359733,Copper (7440-50-8),332 Fabricated Metals,332112 Nonferrous Forging,TECOMET INC,30.20,25.60,0.00,0.00,4.60,"11,140.20","45,300",0
FORD MOTOR CO - LIVONIA TRANSMISSION PLANT,48150FRDMT36200,2024,26163983302,"85,125",0,0,0,0,0,48150,36200 PLYMOUTH RD,"LIVONIA, MI","WAYNE, MI",42.36774875,-83.40003381,Nickel (7440-02-0),336 Transportation Equipment,336350 Motor Vehicle Transmission and Power Train Parts Manufacturing,FORD MOTOR CO,30.00,27.00,0.00,0.00,3.00,"25,030.00","26,970,091",0
MAHLE ENGINE COMPONENTS USA INC,48879SLDPW916WE,2024,26037010801,"9,939",21,79,59,0,12,48879,916 W STATE ST,"SAINT JOHNS, MI","CLINTON, MI",43.00158539,-84.57143975,Nickel compounds (N495),336 Transportation Equipment,336310 Motor Vehicle Gasoline Engine and Engine Parts Manufacturing,MAHLE INDUSTRIES INC,30.00,16.26,0.00,0.00,13.74,"12,689.00","26,858,502",0
MEC INC.,4934WMCNCX4714C,2024,-,-,-,-,-,-,-,49348,4714 CIRCUIT CT,"WAYLAND, MI","ALLEGAN, MI",42.76551939,-85.65649297,Nickel (7440-02-0),332 Fabricated Metals,332999 All Other Miscellaneous Fabricated Metal Product Manufacturing,MAYVILLE ENGINEERING CO INC,30.00,11.00,0.00,0.00,19.00,"7,815.00","27,900,000",0
MICHIGAN TURKEY PRODUCERS LLC,49503MCHGN11HAL,2024,26081002600,"115,883",97,9,29,67,82,49503,1100 HALL ST SW,"GRAND RAPIDS, MI","KENT, MI",42.94183392,-85.69403092,Ammonia (7664-41-7),311 Food,311615 Poultry Processing,MICHIGAN TURKEY PRODUCERS,30.00,30.00,0.00,0.00,0.00,30.00,210,1
THE HILLSHIRE BRANDS CO,49464BLMRF83009,2024,26139022001,"4,282",53,28,0,66,30,49464,8300 96TH AVE,"ZEELAND, MI","OTTAWA, MI",42.9197795,-86.02217819,Sodium nitrite (7632-00-0),311 Food,311612 Meat Processed from Carcasses,TYSON FOODS INC,30.00,0.00,30.00,0.00,0.00,125.24,300,0
MIDDLEVILLE ENGINEERED SOLUTIONS LLC,4933WMDDLV19PAT,2024,26005030501,"3,053",72,73,73,0,37,49333,1900 PATTERSON RD,"MIDDLEVILLE, MI","BARRY, MI",42.71536652,-85.54534541,Chromium (7440-47-3),336 Transportation Equipment,336370 Motor Vehicle Metal Stamping,NA,29.79,25.47,0.00,0.00,4.32,"368,878.79","648,295,680",0
PROTO CAST INC,4814WPRTCS2699J,2024,26163571000,"122,958",80,41,83,0,72,48141,2699 JOHN DALY ST,"INKSTER, MI","WAYNE, MI",42.29166344,-83.30004956,Copper (7440-50-8),336 Transportation Equipment,336390 Other Motor Vehicle Parts Manufacturing,NA,29.74,29.74,0.00,0.00,0.00,"9,719.74","44,610",0
GM TRUCK GROUP FLINT ASSEMBLY PLANT,48551GMCTRG3100,2024,26049980000,"51,226",0,0,0,0,0,48551,G-3100 VAN SLYKE RD,"FLINT, MI","GENESEE, MI",42.96697513,-83.71257194,Copper (7440-50-8),336 Transportation Equipment,336350 Motor Vehicle Transmission and Power Train Parts Manufacturing,GENERAL MOTORS LLC,29.19,29.00,0.00,0.00,0.19,29.19,"43,788",0
SUPER STEEL TREATING CO,48091SPRST6227R,2024,26099262500,"118,546",56,88,76,64,85,48091,6227 RINKE,"WARREN, MI","MACOMB, MI",42.47392802,-83.04101401,Nitric acid (7697-37-2),332 Fabricated Metals,332811 Metal Heat Treating,NA,29.11,29.11,0.00,0.00,0.00,29.11,"7,860",0
BDGN CORP DBA AMERICAN AUTOCOAT INC.,4942WMRCNT3565H,2024,26139021801,"19,017",89,67,53,0,21,49426,3565 HIGHLAND DR,"HUDSONVILLE, MI","OTTAWA, MI",42.85318079,-85.87005795,n-Butyl alcohol (71-36-3),336 Transportation Equipment,336390 Other Motor Vehicle Parts Manufacturing,NA,29.00,29.00,0.00,0.00,0.00,"2,196.00",290,0
EATON AEROSPACE CORP,49203RQPCR300SO,2024,26075001200,"48,228",79,14,98,0,74,49203,300 S E AVE,"JACKSON, MI","JACKSON, MI",42.19317049,-84.39557434,Nitric acid (7697-37-2),332 Fabricated Metals,332912 Fluid Power Valve and Hose Fitting Manufacturing,EATON CORP,29.00,29.00,0.00,0.00,0.00,"9,829.00","7,830",0
MPLX TERMINALS LLC - FLINT MI TERMINAL,48458FLNTMG6065,2024,26049012201,"40,755",63,30,95,62,89,48458,G-6065 N DORT HWY,"MOUNT MORRIS, MI","GENESEE, MI",43.09121177,-83.67460617,Ethylbenzene (100-41-4),4247 Petroleum Bulk Terminals,424710 Petroleum Bulk Stations and Terminals,MARATHON PETROLEUM CORP,29.00,29.00,0.00,0.00,0.00,30.00,"25,810",0
US ECOLOGY ROMULUS INC.,48174MCHGN36345,2024,26163566700,"58,595",14,15,80,62,67,48174,36345 VAN BORN RD,"ROMULUS, MI","WAYNE, MI",42.26636477,-83.39639946,Toluene (108-88-3),562 Hazardous Waste,562211 Hazardous Waste Treatment and Disposal,REPUBLIC SERVICES INC,28.60,28.60,0.00,0.00,0.00,"13,455.60",20,0
THE SHYFT GROUP INC,4881WTHSHY1REYN,2024,26045020902,"10,310",56,75,38,0,35,48813,1000 REYNOLDS RD,"CHARLOTTE, MI","EATON, MI",42.54979247,-84.85297007,Benzene (71-43-2),336 Transportation Equipment,336211 Motor Vehicle Body Manufacturing,THE SHYFT GROUP USA INC,28.57,28.57,0.00,0.00,0.00,28.57,"799,960",0
TRANS-MATIC MANUFACTURING CO INC,49423TRNSM300EA,2024,26005032401,"31,159",81,35,51,73,72,49423,300 E 48TH ST,"HOLLAND, MI","ALLEGAN, MI",42.75461593,-86.09268731,Manganese (7439-96-5),332 Fabricated Metals,"332119 Metal Crown, Closure, and Other Metal Stamping (except Automotive)",TRANS-MATIC MANUFACTURING CO,28.12,0.00,0.00,0.00,28.12,"40,801.12","336,001",0
CANNON-MUSKEGON,49441CNNNM2875L,2024,26121002300,"30,364",36,66,25,0,28,49441,2875 LINCOLN ST,"MUSKEGON, MI","MUSKEGON, MI",43.20068611,-86.30332148,Cobalt compounds (N096),331 Primary Metals,331513 Steel Foundries (except Investment),BERKSHIRE HATHAWAY INC,28.00,2.00,0.00,0.00,26.00,213.00,"784,000,000",0
MASTER FINISH CO,49507MSTRF1160B,2024,26081004200,"127,087",50,32,61,56,41,49507,2020 NELSON SE,"GRAND RAPIDS, MI","KENT, MI",42.92648956,-85.63901326,Nickel (7440-02-0),332 Fabricated Metals,"332812 Metal Coating, Engraving (except Jewelry and Silverware), and Allied Services to Manufactur..",NA,28.00,10.00,0.00,0.00,18.00,"11,860.00","9,301,638",0
MICHIGAN AUTOMOTIVE COMPRESSOR  INC.,49269MCHGN2400N,2024,26075006500,"4,298",35,87,35,57,37,49269,2400 N DEARING RD,"PARMA, MI","JACKSON, MI",42.26599635,-84.53948065,Nickel (7440-02-0),336 Transportation Equipment,336390 Other Motor Vehicle Parts Manufacturing,TOYOTA INDUSTRIES NORTH AMERICA,27.44,0.00,0.00,0.00,27.44,"4,270.55","18,823,855",0
DETROIT ASSEMBLY COMPLEX MACK,4821WDTRTS4STJE,2024,26163514100,"124,212",56,18,98,0,46,48214,4000 ST JEAN ST,"DETROIT, MI","WAYNE, MI",42.37978444,-82.97886412,Benzene (71-43-2),336 Transportation Equipment,336110 Automobile and Light Duty Motor Vehicle Manufacturing,FCA US LLC,27.29,27.29,0.00,0.00,0.00,27.29,"764,120",0
WAYNE DISPOSAL INC,48111WYNDS49350,2024,26163986501,"28,882",0,0,0,0,0,48111,49350 N I-94 SERVICE DR,"BELLEVILLE, MI","WAYNE, MI",42.21950635,-83.52417321,Chlordane (57-74-9),562 Hazardous Waste,562211 Hazardous Waste Treatment and Disposal,REPUBLIC SERVICES INC,27.23,0.00,0.00,27.23,0.00,27.23,"9,530,500",0
STRUCTURAL CONCEPTS - PLANT 2,4944WSTRCT5566G,2024,26121002602,-,59,82,51,0,29,49441,5566 GRAND HAVEN RD,"MUSKEGON, MI","MUSKEGON, MI",43.1512422,-86.22049738,Nickel compounds (N495),333 Machinery,333415 Air-Conditioning and Warm Air Heating Equipment and Commercial and Industrial Refrigeration..,SC HOLDING CORP,27.15,27.15,0.00,0.00,0.00,"8,492.15","25,249,500",0
FCA US WARREN STAMPING PLANT,48091WRRNS22800,2024,26099982200,"129,109",0,0,0,0,93,48091,22800 MOUND RD,"WARREN, MI","MACOMB, MI",42.46100325,-83.04452265,Certain glycol ethers (N230),336 Transportation Equipment,336370 Motor Vehicle Metal Stamping,FCA US LLC,27.00,27.00,0.00,0.00,0.00,27.00,"4,860",0
FORD MOTOR COMPANY-STERLING I PLANT,48310FRDMT39000,2024,26099982001,"97,897",0,0,0,0,0,48310,39000 MOUND RD,"STERLING HEIGHTS, MI","MACOMB, MI",42.58333087,-83.04980086,Copper (7440-50-8),336 Transportation Equipment,336350 Motor Vehicle Transmission and Power Train Parts Manufacturing,FORD MOTOR CO,27.00,19.00,0.00,0.00,8.00,"25,027.00","40,500",0
JAYTEC LLC,49423CLNLS620SP,2024,26115830700,"7,297",27,73,90,0,79,48160,620 S PLATT RD,"MILAN, MI","MONROE, MI",42.07244416,-83.69544053,Copper (7440-50-8),336 Transportation Equipment,336370 Motor Vehicle Metal Stamping,AUTOKINITON US HOLDINGS INC,27.00,0.00,0.00,0.00,27.00,"108,806.00","40,500",0
MARATHON PETROLEUM CO LP - MICHIGAN REFINING DIV,48217MRTHN1300S,2024,26163524500,"94,854",0,35,0,0,0,48217,1300 S FORT ST HES DEPT,"DETROIT, MI","WAYNE, MI",42.28071629,-83.15192609,Carbonyl sulfide (463-58-1),324 Petroleum Products,324110 Petroleum Refineries,MARATHON PETROLEUM CORP,27.00,27.00,0.00,0.00,0.00,27.00,"9,450",0
WATERFRONT PETRO TERM-MILLER,4812WWTRFR171MI,2024,26163573501,"106,493",76,12,89,91,96,48120,1071 MILLER ROAD,"DEARBORN, MI","WAYNE, MI",42.29420815,-83.14373091,Naphthalene (91-20-3),4247 Petroleum Bulk Terminals,424710 Petroleum Bulk Stations and Terminals,WARNER PETROLEUM CORP,27.00,27.00,0.00,0.00,0.00,27.00,"324,000",0
NEXTEER AUTOMOTIVE CORP,48601GMCSG3900H,2024,26145011002,"27,468",99,51,0,0,53,48601,3900 HOLLAND ROAD,"SAGINAW, MI","SAGINAW, MI",43.414546,-83.87992378,Lead (7439-92-1),336 Transportation Equipment,336330 Motor Vehicle Steering and Suspension Components (except Spring) Manufacturing,PCM US STEERING HOLDING LLC,26.50,4.40,0.00,0.00,22.10,"1,156.30","601,500",0
NILES STEEL TANK,4912WNLSST171AT,2024,26021020900,"19,370",69,39,37,0,25,49120,1701-A TERMINAL ROAD,"NILES, MI","BERRIEN, MI",41.85188436,-86.22904415,Chromium (7440-47-3),332 Fabricated Metals,332420 Metal Tank (Heavy Gauge) Manufacturing,BRADFORD WHITE CORP,26.40,0.70,0.00,0.00,25.70,"15,370.40","408,249,500",0
ELECTRO CHEMICAL FINISHING CO,49509LCTRC2610R,2024,26081013801,"71,804",38,73,47,57,63,49519,2610 REMICO ST SW,"WYOMING, MI","KENT, MI",42.90896576,-85.73020061,Chromium compounds (N090),332 Fabricated Metals,"332813 Electroplating, Plating, Polishing, Anodizing, and Coloring",ELECTRO CHEMICAL FINISHING CO,26.31,0.00,0.00,0.00,26.31,"9,552.31","2,770,443",0
ELECTRO CHEMICAL FINISHING CO,49509LCTRC2610R,2024,26081013801,"71,804",38,73,47,57,63,49519,2610 REMICO ST SW,"WYOMING, MI","KENT, MI",42.90896576,-85.73020061,Copper compounds (N100),332 Fabricated Metals,"332813 Electroplating, Plating, Polishing, Anodizing, and Coloring",ELECTRO CHEMICAL FINISHING CO,26.23,0.00,0.00,0.00,26.23,"2,957.23","39,345",0
MIDDLEVILLE ENGINEERED SOLUTIONS LLC,4933WMDDLV19PAT,2024,26005030501,"3,053",72,73,73,0,37,49333,1900 PATTERSON RD,"MIDDLEVILLE, MI","BARRY, MI",42.71536652,-85.54534541,Nickel (7440-02-0),336 Transportation Equipment,336370 Motor Vehicle Metal Stamping,NA,26.12,25.89,0.00,0.00,0.23,"9,849.12","24,291,600",0
ELECTROLUX PROFESSIONAL GROUP - WEIDMAN,48893RNDLL0520S,2024,26073000200,"3,684",34,94,46,0,22,48893,525 S COLDWATER RD,"WEIDMAN, MI","ISABELLA, MI",43.6328959,-84.98775118,Manganese (7439-96-5),333 Machinery,333415 Air-Conditioning and Warm Air Heating Equipment and Commercial and Industrial Refrigeration..,DOVER CORP,26.00,26.00,0.00,0.00,0.00,"26,633.00","312,000",0
MIDDLEVILLE ENGINEERED SOLUTIONS LLC,4933WMDDLV19PAT,2024,26005030501,"3,053",72,73,73,0,37,49333,1900 PATTERSON RD,"MIDDLEVILLE, MI","BARRY, MI",42.71536652,-85.54534541,Manganese (7439-96-5),336 Transportation Equipment,336370 Motor Vehicle Metal Stamping,NA,25.41,25.10,0.00,0.00,0.31,"19,355.41","304,920",0
TRIBAR MANUFACTURING LLC PLANT #5,4839WDPTPL48668,2024,26125133102,"32,031",76,23,0,0,0,48393,48668 ALPHA DR,"WIXOM, MI","OAKLAND, MI",42.49931912,-83.53043372,Copper compounds (N100),332 Fabricated Metals,"332813 Electroplating, Plating, Polishing, Anodizing, and Coloring",TRIBAR TECHNOLOGIES INC,25.10,23.00,0.00,0.00,2.10,25.13,"37,650",0
CADON PLATING CO.,48192CDNPL3715E,2024,26163580900,"81,534",41,69,0,0,58,48192,3715 11TH ST,"WYANDOTTE, MI","WAYNE, MI",42.19503228,-83.16620271,Nitric acid (7697-37-2),332 Fabricated Metals,"332812 Metal Coating, Engraving (except Jewelry and Silverware), and Allied Services to Manufactur..",NA,25.07,25.07,0.00,0.00,0.00,25.07,"6,769",0
ALLNEX USA INC,49003MRCNC2715M,2024,26077001801,"50,356",79,14,29,0,50,49001,2715 MILLER RD,"KALAMAZOO, MI","KALAMAZOO, MI",42.26691458,-85.54570614,Nitric acid (7697-37-2),325 Chemicals,325211 Plastics Material and Resin Manufacturing,ALLNEX USA INC,25.00,25.00,0.00,0.00,0.00,"762,350.00","6,750",0
BAKELITE CHEMICALS LLC,49738GRGPCROUTE,2024,26039960500,475,87,73,61,0,82,49738,4113 FOUR MILE RD,"GRAYLING, MI","CRAWFORD, MI",44.59845162,-84.69111322,Acetaldehyde (75-07-0),325 Chemicals,325211 Plastics Material and Resin Manufacturing,BAKELITE US HOLDCO INC,25.00,25.00,0.00,0.00,0.00,"35,025.00","197,500",0
BASF TODA AMERICA INC,4903WTDMRC475WD,2024,26025002600,"13,834",56,21,66,71,74,49037,4750 W DICKMAN RD,"BATTLE CREEK, MI","CALHOUN, MI",42.33678507,-85.27457775,Cobalt compounds (N096),325 Chemicals,325180 Other Basic Inorganic Chemical Manufacturing,BASF CORP,25.00,0.00,0.00,0.00,25.00,"17,094.00","700,000,000",0
BLACKMER A DOVER CO,49509DVRRS1809C,2024,26081003900,"124,740",59,60,81,94,99,49503,1809 CENTURY AVE SW,"GRAND RAPIDS, MI","KENT, MI",42.93073521,-85.68173304,Copper (7440-50-8),333 Machinery,"333914 Measuring, Dispensing, and Other Pumping Equipment Manufacturing",DOVER CORP,25.00,10.00,5.00,0.00,10.00,"21,919.25","37,500",0
GRAND TRAVERSE STAMPING,4968WGRNDT1677P,2024,26055551200,"25,755",47,68,60,0,34,49686,1677 PARK DRIVE,"TRAVERSE CITY, MI","GRAND TRAVERSE, MI",44.73831301,-85.61067397,Copper (7440-50-8),336 Transportation Equipment,336370 Motor Vehicle Metal Stamping,AEES INC,25.00,0.00,0.00,0.00,25.00,"868,428.00","37,500",1
HAVILAND PRODUCTS CO,4900WHVLND2722N,2024,26077001501,"51,830",14,53,92,0,48,49004,2722 N BURDICK ST,"KALAMAZOO, MI","KALAMAZOO, MI",42.31853039,-85.58384814,Xylene (mixed isomers) (1330-20-7),4246 Chemical Wholesalers,424690 Other Chemical and Allied Products Merchant Wholesalers,HAVILAND ENTERPRISES INC,25.00,25.00,0.00,0.00,0.00,"2,756.00",875,0
MARATHON PIPE LINE - WOODHAVEN TERMINAL,48183MRTHN24400,2024,26163982102,"53,295",0,0,0,0,0,48183,24400 ALLEN RD,"WOODHAVEN, MI","WAYNE, MI",42.13167881,-83.2258383,Ethylbenzene (100-41-4),4247 Petroleum Bulk Terminals,424710 Petroleum Bulk Stations and Terminals,MARATHON PETROLEUM CORP,25.00,25.00,0.00,0.00,0.00,108.00,"22,250",0
MPLX TERMINALS LLC - NILES MI TERMINAL,49120MRTHN2216S,2024,26021021100,"20,662",80,89,49,0,47,49120,2216 S 3RD ST,"NILES, MI","BERRIEN, MI",41.78687345,-86.25481823,Polycyclic aromatic compounds (N590),4247 Petroleum Bulk Terminals,424710 Petroleum Bulk Stations and Terminals,MARATHON PETROLEUM CORP,25.00,0.00,0.00,21.00,4.00,25.10,"5,340,000",0
RAPID ENGINEERING,49321RPDNG11SEV,2024,26081011401,"14,456",37,66,61,60,51,49321,1100 SEVEN MILE RD NW,"COMSTOCK PARK, MI","KENT, MI",43.07260624,-85.69771311,Chromium (7440-47-3),333 Machinery,333994 Industrial Process Furnace and Oven Manufacturing,NA,25.00,10.00,5.00,0.00,10.00,"75,726.80","327,318,000",0
RAPID ENGINEERING,49321RPDNG11SEV,2024,26081011401,"14,456",37,66,61,60,51,49321,1100 SEVEN MILE RD NW,"COMSTOCK PARK, MI","KENT, MI",43.07260624,-85.69771311,Copper (7440-50-8),333 Machinery,333994 Industrial Process Furnace and Oven Manufacturing,NA,25.00,10.00,5.00,0.00,10.00,"13,930.44","37,500",0
RAPID ENGINEERING,49321RPDNG11SEV,2024,26081011401,"14,456",37,66,61,60,51,49321,1100 SEVEN MILE RD NW,"COMSTOCK PARK, MI","KENT, MI",43.07260624,-85.69771311,Manganese (7439-96-5),333 Machinery,333994 Industrial Process Furnace and Oven Manufacturing,NA,25.00,10.00,5.00,0.00,10.00,"1,557.26","180,071",0
RAPID ENGINEERING,49321RPDNG11SEV,2024,26081011401,"14,456",37,66,61,60,51,49321,1100 SEVEN MILE RD NW,"COMSTOCK PARK, MI","KENT, MI",43.07260624,-85.69771311,Nickel (7440-02-0),333 Machinery,333994 Industrial Process Furnace and Oven Manufacturing,NA,25.00,10.00,5.00,0.00,10.00,"99,140.45","13,950,910",0
THE DOW CHEMICAL CO,48667THDWCMICHI,2024,26111290600,"25,530",74,14,85,0,68,48667,1790 BUILDING,"MIDLAND, MI","MIDLAND, MI",43.6095201,-84.2393991,Acetaldehyde (75-07-0),325 Chemicals,325211 Plastics Material and Resin Manufacturing,DOW INC,25.00,25.00,0.00,0.00,0.00,"180,025.00","197,500",0
ELECTRO CHEMICAL FINISHING CO,49509LCTRC2610R,2024,26081013801,"71,804",38,73,47,57,63,49519,2610 REMICO ST SW,"WYOMING, MI","KENT, MI",42.90896576,-85.73020061,Nickel compounds (N495),332 Fabricated Metals,"332813 Electroplating, Plating, Polishing, Anodizing, and Coloring",ELECTRO CHEMICAL FINISHING CO,24.48,0.00,0.00,0.00,24.48,"7,325.48","2,228",0
HOLCIM (US) INC,49707LFRGCFORDA,2024,26007000400,"9,674",21,43,61,75,47,49707,1435 FORD AVE,"ALPENA, MI","ALPENA, MI",45.06479492,-83.4264411,Mercury (7439-97-6),327 Nonmetallic Mineral Product,327310 Cement Manufacturing,HOLCIM PARTICIPATIONS (US) INC,24.35,16.30,0.05,8.00,0.00,24.35,"276,055",0
T.E.S. FILER CITY STATION,49634TSFLR700ME,2024,26101000700,"8,553",42,83,67,0,64,49634,700 MEE ST,"FILER CITY, MI","MANISTEE, MI",44.21684644,-86.28962053,Mercury compounds (N458),2211 Electric Utilities,221112 Fossil Fuel Electric Power Generation,TES FILER CITY STATION LP,24.30,2.60,0.00,0.00,21.70,24.30,"291,600",0
EAST JORDAN FOUNDRY LLC,4973WSTJRD2675B,2024,26009960200,447,41,78,56,0,38,49730,2675 N US HIGHWAY 131,"ELMIRA, MI","ANTRIM, MI",45.06963685,-84.8979168,Chromium compounds (N090),331 Primary Metals,331511 Iron Foundries,EJ AMERICAS LLC,23.95,0.51,0.00,0.00,23.44,28.15,"45,984,000",0
MACDERMID INC,48220MCDRM1221F,2024,26125173600,"148,892",15,29,26,0,39,48220,1221 FARROW AVE,"FERNDALE, MI","OAKLAND, MI",42.4572589,-83.1182239,Certain glycol ethers (N230),325 Chemicals,325998 All Other Miscellaneous Chemical Product and Preparation Manufacturing,ELEMENT SOLUTIONS INC,23.94,5.06,0.00,0.00,18.88,"2,563.96","4,687",0
TRANS-MATIC MANUFACTURING CO INC,49423TRNSM300EA,2024,26005032401,"31,159",81,35,51,73,72,49423,300 E 48TH ST,"HOLLAND, MI","ALLEGAN, MI",42.75461593,-86.09268731,Copper (7440-50-8),332 Fabricated Metals,"332119 Metal Crown, Closure, and Other Metal Stamping (except Automotive)",TRANS-MATIC MANUFACTURING CO,23.63,0.00,0.00,0.00,23.63,"219,399.63","35,445",0
COSMA BODY ASSEMBLY MICHIGAN,4816WCSMBD54725,2024,26125138600,"11,811",34,13,0,65,0,48165,54725 GRAND RIVER AVE,"NEW HUDSON, MI","OAKLAND, MI",42.50645668,-83.59186685,Manganese (7439-96-5),336 Transportation Equipment,336390 Other Motor Vehicle Parts Manufacturing,MAGNA US HOLDING INC,23.00,20.00,0.00,3.00,0.00,"6,715.00","240,021",0
L&W INC.,4811WLWNCX621HA,2024,26163587900,"42,168",65,30,64,0,63,48111,6201 HAGGERTY RD,"BELLEVILLE, MI","WAYNE, MI",42.26013664,-83.44602511,Chromium (7440-47-3),336 Transportation Equipment,336370 Motor Vehicle Metal Stamping,AUTOKINITON US HOLDINGS INC,23.00,0.00,0.00,0.00,23.00,"1,931,172.00","500,480,000",0
L&W INC.,4811WLWNCX621HA,2024,26163587900,"42,168",65,30,64,0,63,48111,6201 HAGGERTY RD,"BELLEVILLE, MI","WAYNE, MI",42.26013664,-83.44602511,Nickel (7440-02-0),336 Transportation Equipment,336370 Motor Vehicle Metal Stamping,AUTOKINITON US HOLDINGS INC,23.00,0.00,0.00,0.00,23.00,"1,960,644.00","21,390,000",0
PLASTATECH ENGINEERING LTD,48601PLSTT725MO,2024,26145011100,"18,048",39,75,56,0,59,48601,725 W MORLEY DR,"SAGINAW, MI","SAGINAW, MI",43.41932134,-83.87004492,Barium compounds (N040),313 Textiles,313320 Fabric Coating Mills,HOLCIM PARTICIPATIONS (US) INC,23.00,23.00,0.00,0.00,0.00,"53,802.00","161,000",0
THE DOW CHEMICAL CO,48667THDWCMICHI,2024,26111290600,"25,530",74,14,85,0,68,48667,1790 BUILDING,"MIDLAND, MI","MIDLAND, MI",43.6095201,-84.2393991,"1,2-Dichloropropane (78-87-5)",325 Chemicals,325211 Plastics Material and Resin Manufacturing,DOW INC,23.00,2.00,21.00,0.00,0.00,"33,023.00","803,000",0
VALLEY CITY PLATING,49508VLLYC3353E,2024,26081014200,"119,520",56,19,59,72,55,49508,3353 EASTERN AVE SE,"GRAND RAPIDS, MI","KENT, MI",42.9026011,-85.6466332,Cyanide compounds (N106),332 Fabricated Metals,"332813 Electroplating, Plating, Polishing, Anodizing, and Coloring",NA,23.00,18.00,0.00,0.00,5.00,"3,507.40","80,200",0
WATERFRONT PETRO TERM-MILLER,4812WWTRFR171MI,2024,26163573501,"106,493",76,12,89,91,96,48120,1071 MILLER ROAD,"DEARBORN, MI","WAYNE, MI",42.29420815,-83.14373091,Polycyclic aromatic compounds (N590),4247 Petroleum Bulk Terminals,424710 Petroleum Bulk Stations and Terminals,WARNER PETROLEUM CORP,22.50,22.50,0.00,0.00,0.00,22.50,"8,775,000",0
EQ DETROIT INC,48211SLCTY1923F,2024,26163519100,"124,295",0,83,90,0,83,48211,1923 FREDERICK ST,"DETROIT, MI","WAYNE, MI",42.36602042,-83.04737998,Ethylene glycol (107-21-1),999 Other,562998 All Other Miscellaneous Waste Management Services,REPUBLIC SERVICES INC,22.16,12.74,0.00,0.00,9.42,"94,219.16",195,0
SMS GROUP TECHNICAL SERVICES WARREN DIV,48089MDRNH12880,2024,26099268400,"143,480",38,90,96,0,60,48089,12880 E NINE MILE RD,"WARREN, MI","MACOMB, MI",42.46368558,-82.99299191,Lead (7439-92-1),332 Fabricated Metals,"332813 Electroplating, Plating, Polishing, Anodizing, and Coloring",SMS GROUP,22.12,0.00,0.00,0.00,22.12,22.12,"508,160",0
ALLIED FINISHING INC,49508LLDFN4100B,2024,26081012608,"41,254",76,63,33,57,68,49512,4100 BROADMOOR SE,"KENTWOOD, MI","KENT, MI",42.88901815,-85.56932812,Cyanide compounds (N106),332 Fabricated Metals,"332813 Electroplating, Plating, Polishing, Anodizing, and Coloring",ALLIED FINISHING INC,22.00,0.00,0.00,0.00,22.00,"16,417.00","4,400",0
BDGN CORP DBA AMERICAN AUTOCOAT INC.,4942WMRCNT3565H,2024,26139021801,"19,017",89,67,53,0,21,49426,3565 HIGHLAND DR,"HUDSONVILLE, MI","OTTAWA, MI",42.85318079,-85.87005795,Methyl isobutyl ketone (108-10-1),336 Transportation Equipment,336390 Other Motor Vehicle Parts Manufacturing,NA,22.00,22.00,0.00,0.00,0.00,"4,151.00",26,0
BASF CORP,48192BSFCR1609B,2024,26163580100,"83,157",54,24,35,0,37,481923729,1609 BIDDLE AVE,"WYANDOTTE, MI","WAYNE, MI",42.2177185,-83.15027742,Toluene diisocyanate (mixed isomers) (26471-62-5),325 Chemicals,325211 Plastics Material and Resin Manufacturing,BASF CORP,21.80,8.90,0.00,12.90,0.00,434.80,"948,100",0
THE SHYFT GROUP INC,4881WTHSHY1REYN,2024,26045020902,"10,310",56,75,38,0,35,48813,1000 REYNOLDS RD,"CHARLOTTE, MI","EATON, MI",42.54979247,-84.85297007,n-Hexane (110-54-3),336 Transportation Equipment,336211 Motor Vehicle Body Manufacturing,THE SHYFT GROUP USA INC,21.08,21.08,0.00,0.00,0.00,21.08,105,0
EAGLE ALLOY INC.,49442GLLLY5142E,2024,26121003100,"14,246",42,59,66,0,51,49442,5142 EVANSTON AVE,"MUSKEGON, MI","MUSKEGON, MI",43.21328568,-86.11645093,Lead (7439-92-1),331 Primary Metals,331513 Steel Foundries (except Investment),NA,21.00,1.00,0.00,0.00,20.00,64.00,"483,000",0
FORD MOTOR CO - LIVONIA TRANSMISSION PLANT,48150FRDMT36200,2024,26163983302,"85,125",0,0,0,0,0,48150,36200 PLYMOUTH RD,"LIVONIA, MI","WAYNE, MI",42.36774875,-83.40003381,Manganese (7439-96-5),336 Transportation Equipment,336350 Motor Vehicle Transmission and Power Train Parts Manufacturing,FORD MOTOR CO,21.00,19.00,0.00,0.00,2.00,"17,021.00","240,007",0
FORD MOTOR CO WOODHAVEN FORGING PLANT,48183FRDMT24189,2024,26163982102,"53,684",0,0,0,0,0,48183,24189 ALLEN RD,"WOODHAVEN, MI","WAYNE, MI",42.13251235,-83.22571437,Manganese (7439-96-5),332 Fabricated Metals,332111 Iron and Steel Forging,FORD MOTOR CO,21.00,7.00,0.00,0.00,14.00,"290,021.00","252,000",0
GM TRUCK GROUP FLINT ASSEMBLY PLANT,48551GMCTRG3100,2024,26049980000,"51,226",0,0,0,0,0,48551,G-3100 VAN SLYKE RD,"FLINT, MI","GENESEE, MI",42.96697513,-83.71257194,Certain glycol ethers (N230),336 Transportation Equipment,336370 Motor Vehicle Metal Stamping,GENERAL MOTORS LLC,21.00,21.00,0.00,0.00,0.00,21.00,"3,780",0
SHERWIN-WILLIAMS CO,49423GRDSM636E4,2024,26005032401,"30,689",81,35,51,73,72,49423,636 E 40TH ST,"HOLLAND, MI","ALLEGAN, MI",42.76200737,-86.07937104,Certain glycol ethers (N230),325 Chemicals,325510 Paint and Coating Manufacturing,THE SHERWIN-WILLIAMS CO,21.00,21.00,0.00,0.00,0.00,"6,896.00","3,780",0
THE DOW CHEMICAL CO,48667THDWCMICHI,2024,26111290600,"25,530",74,14,85,0,68,48667,1790 BUILDING,"MIDLAND, MI","MIDLAND, MI",43.6095201,-84.2393991,Certain glycol ethers (N230),325 Chemicals,325211 Plastics Material and Resin Manufacturing,DOW INC,21.00,3.00,18.00,0.00,0.00,"59,445.00","4,140",0
GM TRUCK GROUP FLINT ASSEMBLY PLANT,48551GMCTRG3100,2024,26049980000,"51,226",0,0,0,0,0,48551,G-3100 VAN SLYKE RD,"FLINT, MI","GENESEE, MI",42.96697513,-83.71257194,Nickel (7440-02-0),336 Transportation Equipment,336110 Automobile and Light Duty Motor Vehicle Manufacturing,GENERAL MOTORS LLC,20.72,0.00,0.00,0.00,20.72,20.90,"1,886",0
HOWARD MILLER CO,49464HWRDM860EM,2024,26139022900,"20,585",97,10,0,0,63,49464,860 E MAIN,"ZEELAND, MI","OTTAWA, MI",42.81230437,-85.99783035,Lead (7439-92-1),337 Furniture,337122 Nonupholstered Wood Household Furniture Manufacturing,NA,20.62,0.04,0.00,0.00,20.58,20.62,"474,290",0
EES COKE BATTERY LLC,48218SCKBT14ZUG,2024,26163985600,"69,556",0,0,0,0,0,48218,1400 ZUG ISLAND,"RIVER ROUGE, MI","WAYNE, MI",42.28876642,-83.11282517,"Benzo[g,h,i]perylene (191-24-2)",324 Petroleum Products,324199 All Other Petroleum and Coal Products Manufacturing,DTE ENERGY CO,20.20,1.20,0.00,0.00,19.00,36.90,"404,000",0
CENTURY FOUNDRY INC,49444CNTRY339WH,2024,26121001200,"59,982",71,32,99,0,38,49444,339 W HOVEY,"MUSKEGON, MI","MUSKEGON, MI",43.20875176,-86.25262954,Copper (7440-50-8),331 Primary Metals,331524 Aluminum Foundries (except Die-Casting),NA,20.00,10.00,0.00,0.00,10.00,475.32,"30,000",0
LACKS TRIM SYSTEMS-AIRLANE,49508LCKSN4260A,2024,26081012608,"45,423",76,63,33,57,68,49512,4260 AIRLANE SE,"KENTWOOD, MI","KENT, MI",42.88619695,-85.57530451,Lead (7439-92-1),332 Fabricated Metals,"332813 Electroplating, Plating, Polishing, Anodizing, and Coloring",LACKS ENTERPRISES INC,20.00,0.00,0.00,0.00,20.00,25.00,"455,000",0
LEAR CORP FARWELL PLANT,48622RNSLC505HO,2024,26035000400,"4,147",23,72,65,0,65,48622,505 HOOVER ST,"FARWELL, MI","CLARE, MI",43.84159658,-84.87099925,Diethanolamine (111-42-2),326 Plastics and Rubber,326150 Urethane and Other Foam Product (except Polystyrene) Manufacturing,LEAR CORP,20.00,20.00,0.00,0.00,0.00,20.00,"24,000",1
NCOC INC,48237NTNLC21251,2024,26125171600,"162,859",0,98,100,0,0,48237,21251 MEYERS RD,"OAK PARK, MI","OAKLAND, MI",42.45115785,-83.17185283,Methanol (67-56-1),325 Chemicals,325998 All Other Miscellaneous Chemical Product and Preparation Manufacturing,NA,20.00,20.00,0.00,0.00,0.00,20.00,4,0
PHARMACIA & UPJOHN CO LLC A SUBSIDIARY OF PFIZER INC,49001THPJH7171P,2024,26077001905,"31,983",66,12,0,69,34,49002,7171 PORTAGE RD,"PORTAGE, MI","KALAMAZOO, MI",42.21133108,-85.55988021,Cyanide compounds (N106),325 Chemicals,325412 Pharmaceutical Preparation Manufacturing,PFIZER INC,20.00,20.00,0.00,0.00,0.00,130.00,"88,000",0
UNISTRUT INTERNATIONAL CORP,48184NSTRT35660,2024,26163566700,"75,891",14,15,80,62,67,48184,4205 ELIZABETH ST,"WAYNE, MI","WAYNE, MI",42.27722625,-83.38948453,Chromium (7440-47-3),332 Fabricated Metals,332312 Fabricated Structural Metal Manufacturing,ATKORE INTERNATIONAL INC,19.98,15.95,0.00,0.00,4.03,19.98,"173,669,297",0
TRIBAR MANUFACTURING LLC PLANT #5,4839WDPTPL48668,2024,26125133102,"32,031",76,23,0,0,0,48393,48668 ALPHA DR,"WIXOM, MI","OAKLAND, MI",42.49931912,-83.53043372,Nickel compounds (N495),332 Fabricated Metals,"332813 Electroplating, Plating, Polishing, Anodizing, and Coloring",TRIBAR TECHNOLOGIES INC,19.90,17.00,0.00,0.00,2.90,20.20,"15,903,255",0
MORTON SALT INC,49660MRTNT1806T,2024,26101000700,"9,934",28,91,0,0,45,49660,180 6TH ST,"MANISTEE, MI","MANISTEE, MI",44.2408619,-86.31120278,Mercury (7439-97-6),311 Food,311942 Spice and Extract Manufacturing,MORTON SALT INC,19.07,19.07,0.00,0.00,0.00,19.07,"228,840",0
TECH NICKEL INC,49023TCHNC1200C,2024,26021002100,"26,806",99,8,0,0,84,49022,1200 S CRYSTAL AVE,"BENTON HARBOR, MI","BERRIEN, MI",42.09648061,-86.41737866,Nitric acid (7697-37-2),332 Fabricated Metals,"332813 Electroplating, Plating, Polishing, Anodizing, and Coloring",NA,18.86,18.86,0.00,0.00,0.00,"3,069.86","5,092",0
FORD MOTOR CO - LIVONIA TRANSMISSION PLANT,48150FRDMT36200,2024,26163983302,"85,125",0,0,0,0,0,48150,36200 PLYMOUTH RD,"LIVONIA, MI","WAYNE, MI",42.36774875,-83.40003381,Chromium (7440-47-3),336 Transportation Equipment,336350 Motor Vehicle Transmission and Power Train Parts Manufacturing,FORD MOTOR CO,18.60,18.00,0.00,0.00,0.60,"15,318.60","57,608,100",0
SAFETY-KLEEN SYSTEMS SAGINAW (SAG),48601SFTYK3899W,2024,26145010800,"12,181",0,46,87,0,78,48601,3899 WOLF RD,"SAGINAW, MI","SAGINAW, MI",43.46485058,-83.88572203,"Benzo[g,h,i]perylene (191-24-2)",562 Hazardous Waste,562112 Hazardous Waste Collection,CLEAN HARBORS INC,18.60,0.00,0.00,0.00,18.60,99.80,"372,000",0
MICHIGAN WHEEL OPERATIONS LLC,49507MCHGN1501B,2024,26081003800,"131,116",81,5,83,95,98,49507,1501 BUCHANAN AVE SW,"GRAND RAPIDS, MI","KENT, MI",42.93624134,-85.67210679,Nickel (7440-02-0),331 Primary Metals,331529 Other Nonferrous Metal Foundries (except Die-Casting),NA,18.50,18.50,0.00,0.00,0.00,"11,210.50","17,205,000",0
METAL FORMING TECHNOLOGY INC,4805WMTLFR4863S,2024,26099221100,"43,028",88,18,0,0,49,48051,48630 STRUCTURAL DR,"CHESTERFIELD, MI","MACOMB, MI",42.65720942,-82.85317172,Lead (7439-92-1),332 Fabricated Metals,332112 Nonferrous Forging,NA,18.20,0.00,0.00,0.00,18.20,18.20,"418,600",0
HENKEL US OPERATIONS CORP,48091MCHMP23343,2024,26099263200,"125,648",28,38,82,0,67,48091,23343 SHERWOOD AVE,"WARREN, MI","MACOMB, MI",42.46588693,-83.03550307,Formaldehyde (50-00-0),325 Chemicals,325998 All Other Miscellaneous Chemical Product and Preparation Manufacturing,HENKEL OF AMERICA INC,18.16,13.00,0.00,0.00,5.16,226.00,"702,001",0
ARKEMA INC,49507PLYMR1415S,2024,26081003800,"130,521",81,5,83,95,98,49507,1415 STEELE AVE SW,"GRAND RAPIDS, MI","KENT, MI",42.9387233,-85.67574584,n-Butyl alcohol (71-36-3),325 Chemicals,325211 Plastics Material and Resin Manufacturing,ARKEMA DELAWARE INC,18.00,18.00,0.00,0.00,0.00,"1,318.00",180,0
AUTOCAM CORP,49512TCMCR4070E,2024,26081012608,"39,840",76,63,33,57,68,49512,4070 E PARIS AVE SE,"KENTWOOD, MI","KENT, MI",42.89022934,-85.56725677,Lead compounds (N420),332 Fabricated Metals,332721 Precision Turned Product Manufacturing,NN INC,18.00,0.00,0.00,0.00,18.00,315.00,"414,000",0
CANNON-MUSKEGON,49441CNNNM2875L,2024,26121002300,"30,364",36,66,25,0,28,49441,2875 LINCOLN ST,"MUSKEGON, MI","MUSKEGON, MI",43.20068611,-86.30332148,Nickel compounds (N495),331 Primary Metals,331513 Steel Foundries (except Investment),BERKSHIRE HATHAWAY INC,18.00,4.00,0.00,0.00,14.00,113.00,"16,740,000",0
GM TRUCK GROUP FLINT ASSEMBLY PLANT,48551GMCTRG3100,2024,26049980000,"51,226",0,0,0,0,0,48551,G-3100 VAN SLYKE RD,"FLINT, MI","GENESEE, MI",42.96697513,-83.71257194,Ethylbenzene (100-41-4),336 Transportation Equipment,336350 Motor Vehicle Transmission and Power Train Parts Manufacturing,GENERAL MOTORS LLC,18.00,18.00,0.00,0.00,0.00,18.00,"16,020",0
GM TRUCK GROUP FLINT ASSEMBLY PLANT,48551GMCTRG3100,2024,26049980000,"51,226",0,0,0,0,0,48551,G-3100 VAN SLYKE RD,"FLINT, MI","GENESEE, MI",42.96697513,-83.71257194,Naphthalene (91-20-3),336 Transportation Equipment,336350 Motor Vehicle Transmission and Power Train Parts Manufacturing,GENERAL MOTORS LLC,18.00,18.00,0.00,0.00,0.00,18.00,"216,000",0
K C JONES PLATING CO,48030KCJNS321WT,2024,26125181500,"140,124",25,31,29,0,26,48030,321 W TEN MILE RD,"HAZEL PARK, MI","OAKLAND, MI",42.47601645,-83.1072768,Nitrate compounds (water dissociable) (N511),332 Fabricated Metals,"332813 Electroplating, Plating, Polishing, Anodizing, and Coloring",K C JONES PLATING CO,18.00,18.00,0.00,0.00,0.00,18.00,11,0
K C JONES PLATING CO,48030KCJNS321WT,2024,26125181500,"140,124",25,31,29,0,26,48030,321 W TEN MILE RD,"HAZEL PARK, MI","OAKLAND, MI",42.47601645,-83.1072768,Nitric acid (7697-37-2),332 Fabricated Metals,"332813 Electroplating, Plating, Polishing, Anodizing, and Coloring",K C JONES PLATING CO,18.00,18.00,0.00,0.00,0.00,"5,886.00","4,860",0
FCA US JEFFERSON NORTH ASSEMBLY PLANT,48215CHRYL2101C,2024,26163985200,"102,064",0,0,0,0,0,48215,2101 CONNOR AVE,"DETROIT, MI","WAYNE, MI",42.37535016,-82.96247701,Benzene (71-43-2),336 Transportation Equipment,336110 Automobile and Light Duty Motor Vehicle Manufacturing,FCA US LLC,17.90,17.90,0.00,0.00,0.00,128.22,"501,200",0
HYPERION MATERIALS & TECHNOLOGIES,48661GTVLN510GR,2024,26129950500,"4,059",54,85,71,57,70,48661,510 GRIFFIN RD,"WEST BRANCH, MI","OGEMAW, MI",44.26938814,-84.22587592,Cobalt (7440-48-4),333 Machinery,333515 Cutting Tool and Machine Tool Accessory Manufacturing,HYPERION MATERIALS & TECHNOLOGIES INC,17.46,15.00,0.00,0.00,2.46,"30,315.46","462,280,000",0
BILLERUD ESCANABA LLC,49829MDPBLCOUNT,2024,26041970400,"5,730",46,91,58,0,34,49829,7100 COUNTY RD 426,"ESCANABA, MI","DELTA, MI",45.8032763,-87.09536725,Mercury compounds (N458),322 Paper,322120 Paper Mills,BILLERUD AMERICAS CORP,17.01,10.58,0.22,6.21,0.00,17.01,"191,260",0
ARMALY SPONGE CO.,48088RMLYS1900E,2024,26125134700,"56,851",15,80,0,60,20,48390,1900 EASY ST,"COMMERCE TOWNSHIP, MI","OAKLAND, MI",42.54349478,-83.46295988,"Toluene-2,4-diisocyanate (584-84-9)",326 Plastics and Rubber,326150 Urethane and Other Foam Product (except Polystyrene) Manufacturing,ARMALY SPONGE CO,17.00,17.00,0.00,0.00,0.00,17.00,"850,000",0
EQ DETROIT INC,48211SLCTY1923F,2024,26163519100,"124,295",0,83,90,0,83,48211,1923 FREDERICK ST,"DETROIT, MI","WAYNE, MI",42.36602042,-83.04737998,Nitrate compounds (water dissociable) (N511),999 Other,562998 All Other Miscellaneous Waste Management Services,REPUBLIC SERVICES INC,16.98,0.04,0.00,0.00,16.94,"29,313.42",11,0
US ECOLOGY ROMULUS INC.,48174MCHGN36345,2024,26163566700,"58,595",14,15,80,62,67,48174,36345 VAN BORN RD,"ROMULUS, MI","WAYNE, MI",42.26636477,-83.39639946,Xylene (mixed isomers) (1330-20-7),562 Hazardous Waste,562211 Hazardous Waste Treatment and Disposal,REPUBLIC SERVICES INC,16.62,16.62,0.00,0.00,0.00,"10,355.62",582,0
GERDAU MACSTEEL MONROE,48161NRTHS3000E,2024,26115831800,"23,135",0,0,0,0,0,48161,3000 E FRONT ST,"MONROE, MI","MONROE, MI",41.89706191,-83.36151774,Nickel compounds (N495),331 Primary Metals,331110 Iron and Steel Mills and Ferroalloy Manufacturing,GERDAU USA INC,16.60,12.70,1.90,0.00,2.00,"3,340.60","11,811,355",0
FAURECIA INTERIOR SYSTEMS SALINE LLC,48176SLNNS7700M,2024,26161415600,"20,256",42,54,77,66,17,48176,7700 MICHIGAN AVE,"SALINE, MI","WASHTENAW, MI",42.17821585,-83.75491992,Zinc compounds (N982),336 Transportation Equipment,336360 Motor Vehicle Seating and Interior Trim Manufacturing,FAURECIA USA HOLDINGS INC,16.04,1.10,0.00,0.00,14.94,11.04,637,0
MARATHON PIPE LINE - WOODHAVEN TERMINAL,48183MRTHN24400,2024,26163982102,"53,295",0,0,0,0,0,48183,24400 ALLEN RD,"WOODHAVEN, MI","WAYNE, MI",42.13167881,-83.2258383,Benzene (71-43-2),4247 Petroleum Bulk Terminals,424710 Petroleum Bulk Stations and Terminals,MARATHON PETROLEUM CORP,16.00,16.00,0.00,0.00,0.00,396.00,"448,000",0
TIP-TOP SCREW MANUFACTURING INC,4875WTPTPS4183F,2024,26069000400,"3,563",72,73,0,0,75,48750,4183 FOREST ST,"OSCODA, MI","IOSCO, MI",44.3958344,-83.34275018,Manganese (7439-96-5),332 Fabricated Metals,"332722 Bolt, Nut, Screw, Rivet, and Washer Manufacturing",HOLCIM PARTICIPATIONS (US) INC,15.86,0.46,0.00,0.00,15.40,"15,234.86","5,629",0
US ECOLOGY MICHIGAN INC.,48211DYNCL6520G,2024,26163505800,"127,120",51,65,99,76,88,48211,6520 GEORGIA ST,"DETROIT, MI","WAYNE, MI",42.39346348,-83.03317638,Hydrogen fluoride (7664-39-3),562 Hazardous Waste,562211 Hazardous Waste Treatment and Disposal,REPUBLIC SERVICES INC,15.55,15.55,0.00,0.00,0.00,"25,743.55","3,887",0
PARKER HANNIFIN,49078PRKRH300PA,2024,26005031900,"12,292",48,33,0,0,71,49078,300 PARKER DR,"OTSEGO, MI","ALLEGAN, MI",42.44985731,-85.69840921,Lead (7439-92-1),332 Fabricated Metals,332721 Precision Turned Product Manufacturing,PARKER HANNIFIN CORP,15.50,0.00,0.00,0.00,15.50,"335,419.50","349,000",0
ASH STEVENS,48192SHSTV18655,2024,26163595000,"66,877",17,84,75,0,83,48193,18655 KRAUSE ST,"RIVERVIEW, MI","WAYNE, MI",42.17241218,-83.17408992,Methanol (67-56-1),325 Chemicals,325412 Pharmaceutical Preparation Manufacturing,PEL PHARMA INC,15.30,15.30,0.00,0.00,0.00,"768,390.30",3,0
VENTRA IONIA MAIN LLC,48846MRCNB14NOR,2024,26067031700,"10,724",39,39,25,0,57,48846,14 N BEARDSLEY RD,"IONIA, MI","IONIA, MI",42.98536297,-85.03008498,Chromium compounds (N090),336 Transportation Equipment,336390 Other Motor Vehicle Parts Manufacturing,FLEX-N-GATE CORP,15.22,3.72,0.00,0.00,11.50,"63,737.22","81,915,860",0
SUN CHEMICAL CORP MUSKEGON PLANT,49443SNCHM4925E,2024,26121003100,"15,493",42,59,66,0,51,49442,4925 EVANSTON AVE,"MUSKEGON, MI","MUSKEGON, MI",43.21312746,-86.12464853,"3,3'-Dichlorobenzidine dihydrochloride (612-83-9)",325 Chemicals,325130 Synthetic Dye and Pigment Manufacturing,SUN CHEMICAL CORP,15.09,4.47,0.00,0.00,10.62,43.09,0,0
TIP-TOP SCREW MANUFACTURING INC,4875WTPTPS4183F,2024,26069000400,"3,563",72,73,0,0,75,48750,4183 FOREST ST,"OSCODA, MI","IOSCO, MI",44.3958344,-83.34275018,Nickel (7440-02-0),332 Fabricated Metals,"332722 Bolt, Nut, Screw, Rivet, and Washer Manufacturing",HOLCIM PARTICIPATIONS (US) INC,15.09,0.09,0.00,0.00,15.00,"3,058.85","85,065",0
PORT CITY DIE CAST,49442BKRTC2121L,2024,26121000402,-,32,25,94,0,82,49442,2121 LATIMER DR,"MUSKEGON, MI","MUSKEGON, MI",43.21407858,-86.19261644,Copper (7440-50-8),331 Primary Metals,331523 Nonferrous Metal Die-Casting Foundries,PACE INDUSTRIES LLC,15.05,15.05,0.00,0.00,0.00,"32,001.26","22,575",0
DETROIT DIESEL CORP,48239DTRTD13400,2024,26163981800,"130,202",0,0,0,0,0,48239,13400 OUTER DR W,"DETROIT, MI","WAYNE, MI",42.37651168,-83.26110216,Ethylene glycol (107-21-1),333 Machinery,333618 Other Engine Equipment Manufacturing,DAIMLER TRUCKS NORTH AMERICA LLC,15.00,10.00,0.00,0.00,5.00,15.00,91,0
GMVM-LANSING GRAND RIVER ASSEMBLY,48921GMCGL920TO,2024,26065980200,"92,043",0,0,0,0,0,48933,920 TOWNSEND ST MAIL CODE: 489-066-600,"LANSING, MI","INGHAM, MI",42.72375252,-84.55561088,Ethylene glycol (107-21-1),336 Transportation Equipment,336110 Automobile and Light Duty Motor Vehicle Manufacturing,GENERAL MOTORS LLC,15.00,15.00,0.00,0.00,0.00,247.00,132,0
L&W INC.,4811WLWNCX621HA,2024,26163587900,"42,168",65,30,64,0,63,48111,6201 HAGGERTY RD,"BELLEVILLE, MI","WAYNE, MI",42.26013664,-83.44602511,Copper (7440-50-8),336 Transportation Equipment,336370 Motor Vehicle Metal Stamping,AUTOKINITON US HOLDINGS INC,15.00,0.00,0.00,0.00,15.00,"1,222,799.00","22,500",0
L&W INC.,4811WLWNCX621HA,2024,26163587900,"42,168",65,30,64,0,63,48111,6201 HAGGERTY RD,"BELLEVILLE, MI","WAYNE, MI",42.26013664,-83.44602511,Manganese (7439-96-5),336 Transportation Equipment,336370 Motor Vehicle Metal Stamping,AUTOKINITON US HOLDINGS INC,15.00,0.00,0.00,0.00,15.00,"1,293,433.00","180,000",0
PLASTOMER CORP,48150PLSTM37819,2024,26163983301,"77,562",0,0,0,0,0,48150,37819 SCHOOLCRAFT RD,"LIVONIA, MI","WAYNE, MI",42.38105149,-83.4178222,Toluene diisocyanate (mixed isomers) (26471-62-5),326 Plastics and Rubber,326150 Urethane and Other Foam Product (except Polystyrene) Manufacturing,NA,14.55,14.55,0.00,0.00,0.00,14.55,"727,500",0
KNAUF INSULATION INC.,49224GRDNF1000E,2024,26025003500,"9,883",52,20,90,0,13,49224,1000 E N ST,"ALBION, MI","CALHOUN, MI",42.28467722,-84.80037627,Chromium compounds (N090),327 Nonmetallic Mineral Product,327993 Mineral Wool Manufacturing,KNAUF INSULATION,14.54,6.13,0.00,0.00,8.41,14.54,"120,972,800",0
TENNECO AUTOMOTIVE OPERATING CO INC.,4890WTNNCT4722N,2024,26065003301,"44,569",0,69,92,0,31,48906,4722 N GRAND RIVER AVE,"LANSING, MI","INGHAM, MI",42.76785467,-84.59437193,Chromium (7440-47-3),336 Transportation Equipment,336390 Other Motor Vehicle Parts Manufacturing,TENNECO INC,14.47,14.47,0.00,0.00,0.00,"9,921.36","314,867,200",0
AUTOCAST INC,49418TCSTN4565S,2024,26081013200,"65,082",70,92,0,0,60,49418,4565 SPARTAN IND US TRIAL DR,"GRANDVILLE, MI","KENT, MI",42.88158335,-85.73648923,Lead (7439-92-1),331 Primary Metals,331523 Nonferrous Metal Die-Casting Foundries,NA,14.30,9.10,0.00,0.00,5.20,426.30,"328,900",0
HONEYWELL BURDICK & JACKSON,49442BXTRH1953S,2024,26121000402,"55,518",32,25,94,0,82,49442,1953 S HARVEY ST,"MUSKEGON, MI","MUSKEGON, MI",43.2182559,-86.20679593,"N,N-Dimethylformamide (68-12-2)",325 Chemicals,325199 All Other Basic Organic Chemical Manufacturing,HONEYWELL INTERNATIONAL INC,14.00,14.00,0.00,0.00,0.00,"1,510.00","1,680",0
INDUSTRIAL STEEL TREATING,49202NDSTR613CA,2024,26075000100,"53,174",0,54,76,0,15,49202,613 CARROLL ST,"JACKSON, MI","JACKSON, MI",42.25574439,-84.43076599,Ammonia (7664-41-7),332 Fabricated Metals,332811 Metal Heat Treating,NA,14.00,14.00,0.00,0.00,0.00,14.00,98,0
MICHIGAN MILK PRODUCERS ASSOC,48866MCHGN431WW,2024,26037011001,"3,849",44,43,29,0,45,48866,431 W WILLIAMS ST,"OVID, MI","CLINTON, MI",43.00649639,-84.37904098,Nitric acid (7697-37-2),311 Food,"311514 Dry, Condensed, and Evaporated Dairy Product Manufacturing",MICHIGAN MILK PRODUCERS ASSOC,14.00,14.00,0.00,0.00,0.00,"179,079.00","3,780",0
NON-FERROUS CAST ALLOYS INC.,49441NNFRR1146N,2024,26121002602,"16,107",64,67,30,0,49,49441,1146 N GATEWAY BLVD,"MUSKEGON, MI","MUSKEGON, MI",43.14401428,-86.21717183,Lead (7439-92-1),331 Primary Metals,331524 Aluminum Foundries (except Die-Casting),NA,14.00,14.00,0.00,0.00,0.00,"1,759.00","322,000",0
HYPERION MATERIALS & TECHNOLOGIES,48661GTVLN510GR,2024,26129950500,"4,059",54,85,71,57,70,48661,510 GRIFFIN RD,"WEST BRANCH, MI","OGEMAW, MI",44.26938814,-84.22587592,Nickel (7440-02-0),333 Machinery,333515 Cutting Tool and Machine Tool Accessory Manufacturing,HYPERION MATERIALS & TECHNOLOGIES INC,13.92,13.00,0.00,0.00,0.92,"26,524.92","12,713,123",0
FORD MOTOR CO - LIVONIA TRANSMISSION PLANT,48150FRDMT36200,2024,26163983302,"85,125",0,0,0,0,0,48150,36200 PLYMOUTH RD,"LIVONIA, MI","WAYNE, MI",42.36774875,-83.40003381,Lead (7439-92-1),336 Transportation Equipment,336350 Motor Vehicle Transmission and Power Train Parts Manufacturing,FORD MOTOR CO,13.70,10.90,0.00,0.00,2.80,"10,414.20","305,100",0
ASAMA COLDWATER MANUFACTURING,49036SMCLD180AS,2024,26023951400,"13,275",16,82,34,0,40,49036,180 ASAMA PKWY,"COLDWATER, MI","BRANCH, MI",41.95315529,-84.97865584,Antimony (7440-36-0),331 Primary Metals,331511 Iron Foundries,SUMITOMO CORP OF AMERICAS,13.52,0.04,0.48,0.00,13.00,"1,653.52","157,632",0
METALFLOW CORP,49424MTLFL11694,2024,26139022206,"45,887",12,95,25,0,73,49424,11964 JAMES ST,"HOLLAND, MI","OTTAWA, MI",42.81208707,-86.07614175,Nickel (7440-02-0),332 Fabricated Metals,"332119 Metal Crown, Closure, and Other Metal Stamping (except Automotive)",NA,13.22,0.00,0.00,0.00,13.22,"113,863.38","7,905,430",0
PORT CITY DIE CAST,49442BKRTC2121L,2024,26121000402,-,32,25,94,0,82,49442,2121 LATIMER DR,"MUSKEGON, MI","MUSKEGON, MI",43.21407858,-86.19261644,Manganese (7439-96-5),331 Primary Metals,331523 Nonferrous Metal Die-Casting Foundries,PACE INDUSTRIES LLC,13.17,13.17,0.00,0.00,0.00,"3,201.83","158,040",0
MICHIGAN MILK PRODUCERS ASSOC,49042MCHGN125DE,2024,26149041101,"3,887",38,54,63,0,79,49042,125 DEPOT ST,"CONSTANTINE, MI","ST JOSEPH, MI",41.8436248,-85.66511974,Nitric acid (7697-37-2),311 Food,"311514 Dry, Condensed, and Evaporated Dairy Product Manufacturing",MICHIGAN MILK PRODUCERS ASSOC,13.00,13.00,0.00,0.00,0.00,"207,425.00","3,510",0
MPLX TERMINALS LLC - NILES MI TERMINAL,49120MRTHN2216S,2024,26021021100,"20,662",80,89,49,0,47,49120,2216 S 3RD ST,"NILES, MI","BERRIEN, MI",41.78687345,-86.25481823,"1,2,4-Trimethylbenzene (95-63-6)",4247 Petroleum Bulk Terminals,424710 Petroleum Bulk Stations and Terminals,MARATHON PETROLEUM CORP,13.00,13.00,0.00,0.00,0.00,13.00,754,0
PHILLIPS & JOHNSTON ROCK RIVER FABRICATIONS,4954WPHLLP767CA,2024,26081014605,"36,282",27,21,0,76,30,49548,7670 CATERPILLAR CT SW,"GRAND RAPIDS, MI","KENT, MI",42.82291793,-85.66951932,Manganese (7439-96-5),331 Primary Metals,331210 Iron and Steel Pipe and Tube Manufacturing from Purchased Steel,PHILLIPS & JOHNSTON TUBE,13.00,0.00,13.00,0.00,0.00,"11,424.00",92,0
HUMPHREY PRODUCTS CO,49003HMPHRKILGO,2024,26077006702,"25,361",0,91,0,0,24,49048,5070 EAST N AVE,"KALAMAZOO, MI","KALAMAZOO, MI",42.24490091,-85.52938744,Copper (7440-50-8),332 Fabricated Metals,332912 Fluid Power Valve and Hose Fitting Manufacturing,HUMPHREY PRODUCTS CO,12.85,10.00,0.00,0.00,2.85,"23,916.85","19,275",0
ASH STEVENS,48192SHSTV18655,2024,26163595000,"66,877",17,84,75,0,83,48193,18655 KRAUSE ST,"RIVERVIEW, MI","WAYNE, MI",42.17241218,-83.17408992,Toluene (108-88-3),325 Chemicals,325412 Pharmaceutical Preparation Manufacturing,PEL PHARMA INC,12.75,12.75,0.00,0.00,0.00,"48,012.75",9,0
PLANT 817 - KOENIG - 7 MILE,4820WKNGFL5EAST,2024,26163509000,"154,630",0,26,97,0,94,48203,500 E SEVEN MILE RD,"DETROIT, MI","WAYNE, MI",42.43231661,-83.09798218,Manganese compounds (N450),327 Nonmetallic Mineral Product,327320 Ready-Mix Concrete Manufacturing,SMYRNA READY MIX LLC,12.56,10.66,0.00,0.00,1.90,12.56,"127,933",0
FORD MOTOR CO DEARBORN ENGINE PLANT,48121FRDM33001M,2024,26163985700,"123,088",0,0,0,0,0,48120,3001 MILLER RD,"DEARBORN, MI","WAYNE, MI",42.30886967,-83.15678743,Nickel (7440-02-0),336 Transportation Equipment,336310 Motor Vehicle Gasoline Engine and Engine Parts Manufacturing,FORD MOTOR CO,12.50,4.00,0.00,0.00,8.50,"2,902.20","11,160,046",0
ERVIN TECHNOLOGIES,49286RVNPR200IN,2024,26091060702,"14,090",13,40,58,0,76,49286,200 INDUSTRIAL DR,"TECUMSEH, MI","LENAWEE, MI",41.99098118,-83.94265093,Nickel (7440-02-0),327 Nonmetallic Mineral Product,327910 Abrasive Product Manufacturing,ERVIN INDUSTRIES INC,12.34,12.34,0.00,0.00,0.00,12.34,"11,476,200",0
BASF CORP,48192BSFCR1609B,2024,26163580100,"83,157",54,24,35,0,37,481923729,1609 BIDDLE AVE,"WYANDOTTE, MI","WAYNE, MI",42.2177185,-83.15027742,Methyl acrylate (96-33-3),325 Chemicals,325211 Plastics Material and Resin Manufacturing,BASF CORP,12.27,12.00,0.00,0.00,0.27,"3,202.03","2,169",0
SAGINAW METAL CASTING OPERATIONS,48605SGNWG1629N,2024,26145000100,"38,543",90,25,99,0,50,48601,1629 N WASHINGTON ST,"SAGINAW, MI","SAGINAW, MI",43.44762415,-83.91899086,Lead (7439-92-1),331 Primary Metals,331524 Aluminum Foundries (except Die-Casting),GENERAL MOTORS LLC,12.07,1.02,0.00,0.00,11.05,12.08,"277,610",0
FORGE GROUP MICHIGAN LLC DBA MICHIGAN FORGE CO,48910FDRLF2807S,2024,26065003301,"54,647",0,69,92,0,31,48910,2807 S MARTIN LUTHER KING BLVD.,"LANSING, MI","INGHAM, MI",42.7049895,-84.56728385,Manganese (7439-96-5),332 Fabricated Metals,332111 Iron and Steel Forging,FORGE RESOURCES GROUP LLC DBA FORGE RESOURCES GROUP,12.00,3.00,0.00,0.00,9.00,"5,574.00","144,000",0
MARATHON PIPE LINE - WOODHAVEN TERMINAL,48183MRTHN24400,2024,26163982102,"53,295",0,0,0,0,0,48183,24400 ALLEN RD,"WOODHAVEN, MI","WAYNE, MI",42.13167881,-83.2258383,"1,2,4-Trimethylbenzene (95-63-6)",4247 Petroleum Bulk Terminals,424710 Petroleum Bulk Stations and Terminals,MARATHON PETROLEUM CORP,12.00,11.00,0.00,0.00,1.00,212.00,738,0
THE DOW CHEMICAL CO,48667THDWCMICHI,2024,26111290600,"25,530",74,14,85,0,68,48667,1790 BUILDING,"MIDLAND, MI","MIDLAND, MI",43.6095201,-84.2393991,Butyl acrylate (141-32-2),325 Chemicals,325211 Plastics Material and Resin Manufacturing,DOW INC,12.00,12.00,0.00,0.00,0.00,"56,012.00","42,000",0
THE DOW CHEMICAL CO,48667THDWCMICHI,2024,26111290600,"25,530",74,14,85,0,68,48667,1790 BUILDING,"MIDLAND, MI","MIDLAND, MI",43.6095201,-84.2393991,Chloroacetic acid (79-11-8),325 Chemicals,325211 Plastics Material and Resin Manufacturing,DOW INC,12.00,12.00,0.00,0.00,0.00,"270,012.00","6,000",0
CATERPILLAR FLUID TRANSFER SOLUTIONS INC.,49858NCHRC55201,2024,26109960500,"9,525",56,89,76,0,56,49858,5520 13TH ST,"MENOMINEE, MI","MENOMINEE, MI",45.15091227,-87.61753055,Manganese (7439-96-5),332 Fabricated Metals,332912 Fluid Power Valve and Hose Fitting Manufacturing,CATERPILLAR INC,11.96,0.00,0.00,0.00,11.96,11.96,"143,544",0
INDUSTRIAL HIGHWAY,48089HTCHC24660,2024,26099268400,"140,740",38,90,96,0,60,48089,24600 INDUSTRIAL HWY,"WARREN, MI","MACOMB, MI",42.47686623,-82.98902326,Zinc compounds (N982),332 Fabricated Metals,"332812 Metal Coating, Engraving (except Jewelry and Silverware), and Allied Services to Manufactur..",PIONEER METAL FINISHING LLC,11.80,0.00,0.00,0.00,11.80,11.80,39,0
POTLATCHDELTIC LAND & LUMBER LLC.,49841LPGWN650AA,2024,26103002400,"2,569",90,8,63,0,45,49841,650 A AVE,"GWINN, MI","MARQUETTE, MI",46.33066424,-87.3914924,Lead compounds (N420),321 Wood Products,321113 Sawmills,POTLATCHDELTIC CORP,11.68,11.32,0.00,0.00,0.36,11.68,"268,640",0
EQ DETROIT INC,48211SLCTY1923F,2024,26163519100,"124,295",0,83,90,0,83,48211,1923 FREDERICK ST,"DETROIT, MI","WAYNE, MI",42.36602042,-83.04737998,Diisocyanates (N120),999 Other,562998 All Other Miscellaneous Waste Management Services,REPUBLIC SERVICES INC,11.62,11.62,0.00,0.00,0.00,"370,175.21","4,067,000",0
BASF CORP,48192BSFCR1609B,2024,26163580100,"83,157",54,24,35,0,37,481923729,1609 BIDDLE AVE,"WYANDOTTE, MI","WAYNE, MI",42.2177185,-83.15027742,"1,2,4-Trimethylbenzene (95-63-6)",325 Chemicals,325211 Plastics Material and Resin Manufacturing,BASF CORP,11.60,10.00,0.00,0.00,1.60,"2,774.00",740,0
LAPEER PLATING & PLASTICS INC.,48446DCPLT395DE,2024,26087337500,"14,131",82,58,30,0,43,48446,395 DEMILLE RD,"LAPEER, MI","LAPEER, MI",43.03934715,-83.30950954,Lead compounds (N420),332 Fabricated Metals,"332813 Electroplating, Plating, Polishing, Anodizing, and Coloring",TTOD LIQUIDATION,11.57,0.00,0.00,0.00,11.57,11.57,"263,260",0
PVS TECHNOLOGIES INC,48213PVSTC6500F,2024,26163505700,"138,627",42,61,98,0,65,48213,10825 HARPER AVE,"DETROIT, MI","WAYNE, MI",42.39523383,-82.9962994,Chlorine (7782-50-5),325 Chemicals,325180 Other Basic Inorganic Chemical Manufacturing,PVS CHEMICALS INC,11.40,11.40,0.00,0.00,0.00,11.40,"262,200",0
BILLERUD ESCANABA LLC,49829MDPBLCOUNT,2024,26041970400,"5,730",46,91,58,0,34,49829,7100 COUNTY RD 426,"ESCANABA, MI","DELTA, MI",45.8032763,-87.09536725,"Benzo[g,h,i]perylene (191-24-2)",322 Paper,322120 Paper Mills,BILLERUD AMERICAS CORP,11.33,2.90,5.16,3.27,0.00,11.33,"226,600",0
BETZ INDUSTRIES,49504BTZFN2029B,2024,26081011502,"70,042",14,44,0,0,52,49504,2029 BRISTOL AVE NW,"GRAND RAPIDS, MI","KENT, MI",43.00072997,-85.70815088,Lead (7439-92-1),331 Primary Metals,331511 Iron Foundries,NA,11.27,11.00,0.00,0.00,0.27,"1,202.32","259,210",0
HENROB CORP,4816WHNRBC3SHIL,2024,26125138600,"11,526",34,13,0,65,0,48165,30000 S HILL RD,"NEW HUDSON, MI","OAKLAND, MI",42.50981385,-83.5958345,Manganese (7439-96-5),332 Fabricated Metals,"332722 Bolt, Nut, Screw, Rivet, and Washer Manufacturing",ATLAS COPCO NORTH AMERICA LLC,11.24,0.00,0.00,0.00,11.24,"7,162.34","129,843",0
WAYNE DISPOSAL INC,48111WYNDS49350,2024,26163986501,"28,882",0,0,0,0,0,48111,49350 N I-94 SERVICE DR,"BELLEVILLE, MI","WAYNE, MI",42.21950635,-83.52417321,Heptachlor (76-44-8),562 Hazardous Waste,562211 Hazardous Waste Treatment and Disposal,REPUBLIC SERVICES INC,11.01,0.00,0.00,11.01,0.00,11.01,"49,545,000",0
CERTAINTEED,49203WLVRN701LI,2024,26075006301,"3,047",50,38,73,0,27,49203,701 E WASHINGTON ST,"JACKSON, MI","JACKSON, MI",42.24455355,-84.39153587,Chromium compounds (N090),326 Plastics and Rubber,326199 All Other Plastics Product Manufacturing,SAINT-GOBAIN CORP,11.00,11.00,0.00,0.00,0.00,"6,596.00","682,880,000",0
FCA US JEFFERSON NORTH ASSEMBLY PLANT,48215CHRYL2101C,2024,26163985200,"102,064",0,0,0,0,0,48215,2101 CONNOR AVE,"DETROIT, MI","WAYNE, MI",42.37535016,-82.96247701,Nitric acid (7697-37-2),336 Transportation Equipment,336110 Automobile and Light Duty Motor Vehicle Manufacturing,FCA US LLC,11.00,11.00,0.00,0.00,0.00,"11,011.00","2,970",0
FORD MOTOR CO DEARBORN TOOL & DIE PLANT,48121FRDM43001M,2024,26163985700,"123,088",0,0,0,0,0,48120,3001 MILLER RD,"DEARBORN, MI","WAYNE, MI",42.30886967,-83.15678743,Toluene (108-88-3),333 Machinery,"333514 Special Die and Tool, Die Set, Jig, and Fixture Manufacturing",FORD MOTOR CO,11.00,11.00,0.00,0.00,0.00,11.00,8,0
FORD MOTOR CO WAYNE INTEGRAL STAMPING,48184FRDMT37500,2024,26163566700,"56,666",14,15,80,62,67,48184,37500 VAN BORN,"WAYNE, MI","WAYNE, MI",42.26622935,-83.40906,Methanol (67-56-1),336 Transportation Equipment,336370 Motor Vehicle Metal Stamping,FORD MOTOR CO,11.00,11.00,0.00,0.00,0.00,11.00,2,0
L PERRIGO CO,49010LPRRG538EA,2024,26005031102,"8,078",57,78,0,0,14,49010,500 EASTERN AVE,"ALLEGAN, MI","ALLEGAN, MI",42.52765801,-85.8364932,Nicotine and salts (N503),325 Chemicals,325412 Pharmaceutical Preparation Manufacturing,PERRIGO CO,11.00,0.00,0.00,0.00,11.00,"2,911.00",0,0
MARATHON PIPE LINE - WOODHAVEN TERMINAL,48183MRTHN24400,2024,26163982102,"53,295",0,0,0,0,0,48183,24400 ALLEN RD,"WOODHAVEN, MI","WAYNE, MI",42.13167881,-83.2258383,n-Hexane (110-54-3),4247 Petroleum Bulk Terminals,424710 Petroleum Bulk Stations and Terminals,MARATHON PETROLEUM CORP,11.00,11.00,0.00,0.00,0.00,211.00,55,0
MPLX TERMINALS LLC - NILES MI TERMINAL,49120MRTHN2216S,2024,26021021100,"20,662",80,89,49,0,47,49120,2216 S 3RD ST,"NILES, MI","BERRIEN, MI",41.78687345,-86.25481823,Cumene (98-82-8),4247 Petroleum Bulk Terminals,424710 Petroleum Bulk Stations and Terminals,MARATHON PETROLEUM CORP,11.00,10.00,0.00,0.00,1.00,11.00,98,0
ROYAL OAK MANUFACTURING FACILITY,48073FRMNG2727W,2024,26125183000,"111,784",0,0,0,0,0,48073,2727 W 14 MILE RD,"ROYAL OAK, MI","OAKLAND, MI",42.5325658,-83.17857809,Chromium (7440-47-3),332 Fabricated Metals,332111 Iron and Steel Forging,AMERICAN AXLE & MANUFACTURING HOLDINGS INC,11.00,0.00,0.00,0.00,11.00,"149,271.00","17,296,200",0
DETROIT ASSEMBLY COMPLEX MACK,4821WDTRTS4STJE,2024,26163514100,"124,212",56,18,98,0,46,48214,4000 ST JEAN ST,"DETROIT, MI","WAYNE, MI",42.37978444,-82.97886412,Manganese compounds (N450),336 Transportation Equipment,336110 Automobile and Light Duty Motor Vehicle Manufacturing,FCA US LLC,10.84,10.43,0.00,0.00,0.41,10.84,"130,080",0
GNS N.A. HOLLAND,4942WGNSNR13341,2024,26139023102,-,67,10,52,84,69,49424,13341 QUINCY ST,"HOLLAND, MI","OTTAWA, MI",42.84114217,-86.10967454,Manganese (7439-96-5),336 Transportation Equipment,336390 Other Motor Vehicle Parts Manufacturing,GNS NORTH AMERICA,10.77,10.00,0.00,0.00,0.77,"256,668.77","120,005",0
HYPERION MATERIALS & TECHNOLOGIES,48661GTVLN510GR,2024,26129950500,"4,059",54,85,71,57,70,48661,510 GRIFFIN RD,"WEST BRANCH, MI","OGEMAW, MI",44.26938814,-84.22587592,Chromium (7440-47-3),333 Machinery,333515 Cutting Tool and Machine Tool Accessory Manufacturing,HYPERION MATERIALS & TECHNOLOGIES INC,10.33,10.00,0.02,0.00,0.31,"11,371.33","224,131,029",0
TRANS-MATIC MANUFACTURING CO INC,49423TRNSM300EA,2024,26005032401,"31,159",81,35,51,73,72,49423,300 E 48TH ST,"HOLLAND, MI","ALLEGAN, MI",42.75461593,-86.09268731,Nickel (7440-02-0),332 Fabricated Metals,"332119 Metal Crown, Closure, and Other Metal Stamping (except Automotive)",TRANS-MATIC MANUFACTURING CO,10.31,0.00,0.00,0.00,10.31,"173,894.31","9,300,028",0
ELRINGKLINGER AUTOMOTIVE MANUFACTURING INC,4807WLRNGK233NR,2024,26125162000,"123,977",34,85,80,66,11,48075,23300 NORTHWESTERN HWY,"SOUTHFIELD, MI","OAKLAND, MI",42.46269259,-83.22117318,Nickel (7440-02-0),336 Transportation Equipment,336370 Motor Vehicle Metal Stamping,ELRINGKLINGER USA INC,10.21,10.21,0.00,0.00,0.00,"6,410.21","9,495,300",0
ASH STEVENS,48192SHSTV18655,2024,26163595000,"66,877",17,84,75,0,83,48193,18655 KRAUSE ST,"RIVERVIEW, MI","WAYNE, MI",42.17241218,-83.17408992,"1,2-Dichloroethane (107-06-2)",325 Chemicals,325412 Pharmaceutical Preparation Manufacturing,PEL PHARMA INC,10.20,10.20,0.00,0.00,0.00,"18,010.20","948,600",0
GNS N.A. CANTON,4818WGNSNR7261C,2024,26163564000,-,59,92,79,0,61,48187,7261 COMMERCE BLVD - #4287,"CANTON, MI","WAYNE, MI",42.33798795,-83.43970307,Manganese (7439-96-5),336 Transportation Equipment,336390 Other Motor Vehicle Parts Manufacturing,GNS NORTH AMERICA,10.16,10.00,0.00,0.00,0.16,"53,923.16","121,944",0
THE DELFIELD CO,48858THDLF980SO,2024,26073940300,"20,825",31,81,59,0,43,48858,980 S ISABELLA RD,"MOUNT PLEASANT, MI","ISABELLA, MI",43.62652872,-84.74829505,Copper (7440-50-8),333 Machinery,333415 Air-Conditioning and Warm Air Heating Equipment and Commercial and Industrial Refrigeration..,THE DELFIELD CO,10.10,10.00,0.00,0.00,0.10,"13,526.10","15,150",0
AJAX METAL PROCESSING INC,48089JXMTL22105,2024,26099268400,"139,238",38,90,96,0,60,48089,22105 HOOVER RD,"WARREN, MI","MACOMB, MI",42.4593295,-83.0056047,Sulfuric acid (acid aerosols) (7664-93-9),332 Fabricated Metals,332811 Metal Heat Treating,AJAX METAL PROCESSING INC,10.00,10.00,0.00,0.00,0.00,10.00,"35,000",0
ANDERSON DEVELOPMENT CO,49221NDRSN1415E,2024,26091061301,"26,525",93,24,86,0,82,49221,1415 E MICHIGAN ST,"ADRIAN, MI","LENAWEE, MI",41.89404029,-84.01757843,Ethylbenzene (100-41-4),325 Chemicals,325211 Plastics Material and Resin Manufacturing,MITSUI & CO (USA) INC,10.00,10.00,0.00,0.00,0.00,"8,558.35","8,900",0
AUTOCAM PRECISION COMPONENTS,49068TCMCR1511G,2024,26025004000,"9,421",84,35,68,0,22,49068,1511 GEORGE BROWN DR,"MARSHALL, MI","CALHOUN, MI",42.24771705,-84.95651462,Chromium (7440-47-3),332 Fabricated Metals,332721 Precision Turned Product Manufacturing,NN INC,10.00,10.00,0.00,0.00,0.00,"55,453.00","217,600,000",0
AUTOCAM PRECISION COMPONENTS,49068TCMCR1511G,2024,26025004000,"9,421",84,35,68,0,22,49068,1511 GEORGE BROWN DR,"MARSHALL, MI","CALHOUN, MI",42.24771705,-84.95651462,Nickel (7440-02-0),332 Fabricated Metals,332721 Precision Turned Product Manufacturing,NN INC,10.00,10.00,0.00,0.00,0.00,"10,610.00","9,300,000",0
CORTEVA AGRISCIENCE LLC - MIDLAND,4867WDWGRS71WAS,2024,26111290600,"30,090",74,14,85,0,68,48640,701 WASHINGTON ST,"MIDLAND, MI","MIDLAND, MI",43.60532757,-84.21757491,Triclopyr-triethylammonium salt (57213-69-1),325 Chemicals,325320 Pesticide and Other Agricultural Chemical Manufacturing,CORTEVA INC,10.00,10.00,0.00,0.00,0.00,"5,810.00",0,0
DDP SPECIALTY ELECTRONIC MATERIALS US LLC,4864WDDPSP34SSA,2024,26111290600,"29,731",74,14,85,0,68,48640,3400 S SAGINAW RD - UNIT 96,"MIDLAND, MI","MIDLAND, MI",43.60102204,-84.20774568,Naphthalene (91-20-3),325 Chemicals,325199 All Other Basic Organic Chemical Manufacturing,DUPONT DE NEMOURS INC,10.00,10.00,0.00,0.00,0.00,"64,501.20","120,000",0
ELECTROLUX PROFESSIONAL GROUP - WEIDMAN,48893RNDLL0520S,2024,26073000200,"3,684",34,94,46,0,22,48893,525 S COLDWATER RD,"WEIDMAN, MI","ISABELLA, MI",43.6328959,-84.98775118,Copper (7440-50-8),333 Machinery,333415 Air-Conditioning and Warm Air Heating Equipment and Commercial and Industrial Refrigeration..,DOVER CORP,10.00,10.00,0.00,0.00,0.00,"21,439.00","15,000",0
KEPCO INC,49097KPCNC145NL,2024,26077006103,"7,735",36,27,31,0,41,49097,145 N LEJA DR,"VICKSBURG, MI","KALAMAZOO, MI",42.12238371,-85.54782249,Nitric acid (7697-37-2),562 Hazardous Waste,562211 Hazardous Waste Treatment and Disposal,NA,10.00,10.00,0.00,0.00,0.00,"3,610.00","2,700",0
"LYMTAL INTERNATIONAL,INC.",48057HSPTR4150S,2024,26125128400,"31,968",73,50,30,71,73,48359,4150 S LAPEER RD,"LAKE ORION, MI","OAKLAND, MI",42.71882581,-83.24287105,Toluene (108-88-3),325 Chemicals,325510 Paint and Coating Manufacturing,NA,10.00,10.00,0.00,0.00,0.00,194.60,7,1
"LYMTAL INTERNATIONAL,INC.",48057HSPTR4150S,2024,26125128400,"31,968",73,50,30,71,73,48359,4150 S LAPEER RD,"LAKE ORION, MI","OAKLAND, MI",42.71882581,-83.24287105,Toluene diisocyanate (mixed isomers) (26471-62-5),325 Chemicals,325510 Paint and Coating Manufacturing,NA,10.00,10.00,0.00,0.00,0.00,10.00,"500,000",1
MAGNA POWERTRAIN SHELBY TOWNSHIP,4831WMGNPW68623,2024,-,-,-,-,-,-,-,48316,6806 23 MILE RD,"SHELBY TOWNSHIP, MI","MACOMB, MI",42.6693686,-83.04476674,Chromium (7440-47-3),336 Transportation Equipment,336390 Other Motor Vehicle Parts Manufacturing,MAGNA US HOLDING INC,10.00,10.00,0.00,0.00,0.00,"61,519.00","217,600,000",0
MCGEAN-ROHCO INC,48150MCGNR38521,2024,26163983301,"75,202",0,0,0,0,0,48150,38521 SCHOOLCRAFT AVE,"LIVONIA, MI","WAYNE, MI",42.38143278,-83.42303723,Formic acid (64-18-6),325 Chemicals,325180 Other Basic Inorganic Chemical Manufacturing,MCGEAN-ROHCO INC,10.00,10.00,0.00,0.00,0.00,10.00,5,0
MICHIGAN DAIRY,48150MCHGN29601,2024,26163558301,"91,985",0,0,-,0,0,48150,29601 INDUSTRIAL RD,"LIVONIA, MI","WAYNE, MI",42.38003598,-83.33627237,Nitric acid (7697-37-2),311 Food,311511 Fluid Milk Manufacturing,THE KROGER CO,10.00,10.00,0.00,0.00,0.00,"42,827.00","2,700",1
MID STATE PLATING CO.,48506MDSTT624KE,2024,26049003100,"61,764",63,42,94,59,46,48506,602 KELSO ST,"FLINT, MI","GENESEE, MI",43.02136663,-83.65198877,Nitric acid (7697-37-2),332 Fabricated Metals,"332813 Electroplating, Plating, Polishing, Anodizing, and Coloring",NA,10.00,10.00,0.00,0.00,0.00,10.00,"2,700",1
MPLX TERMINALS LLC - BAY CITY MI TERMINAL,48706BYCTY1806M,2024,26017285900,"44,145",62,94,90,0,62,48706,1806 MARQUETTE ST,"BAY CITY, MI","BAY, MI",43.61888918,-83.86460666,"1,2,4-Trimethylbenzene (95-63-6)",4247 Petroleum Bulk Terminals,424710 Petroleum Bulk Stations and Terminals,MARATHON PETROLEUM CORP,10.00,10.00,0.00,0.00,0.00,552.00,580,0
NPR OF MICHIGAN,49417FDRLMUS31M,2024,26139021304,"5,025",68,49,34,0,59,49417,11118 US 31 HWY BUILDING B,"GRAND HAVEN, MI","OTTAWA, MI",42.97083571,-86.18061368,Cobalt (7440-48-4),336 Transportation Equipment,336310 Motor Vehicle Gasoline Engine and Engine Parts Manufacturing,NPR OF AMERICA CORP,10.00,10.00,0.00,0.00,0.00,10.00,"280,000,000",0
OERLIKON (US) PLYMOUTH,4817WRLKNS41144,2024,26163561600,-,23,77,67,0,30,48170,41144 CONCEPT DR,"PLYMOUTH, MI","WAYNE, MI",42.37982497,-83.44108455,Aluminum (fume or dust) (7429-90-5),331 Primary Metals,"331492 Secondary Smelting, Refining, and Alloying of Nonferrous Metal (except Copper and Aluminum)",OERLIKON METCO (US) INC,10.00,10.00,0.00,0.00,0.00,"9,576.00","7,000",1
OERLIKON (US) PLYMOUTH,4817WRLKNS41144,2024,26163561600,-,23,77,67,0,30,48170,41144 CONCEPT DR,"PLYMOUTH, MI","WAYNE, MI",42.37982497,-83.44108455,Chromium compounds (N090),331 Primary Metals,"331492 Secondary Smelting, Refining, and Alloying of Nonferrous Metal (except Copper and Aluminum)",OERLIKON METCO (US) INC,10.00,10.00,0.00,0.00,0.00,"24,227.00","217,600,000",1
OERLIKON (US) PLYMOUTH,4817WRLKNS41144,2024,26163561600,-,23,77,67,0,30,48170,41144 CONCEPT DR,"PLYMOUTH, MI","WAYNE, MI",42.37982497,-83.44108455,Cobalt compounds (N096),331 Primary Metals,"331492 Secondary Smelting, Refining, and Alloying of Nonferrous Metal (except Copper and Aluminum)",OERLIKON METCO (US) INC,10.00,10.00,0.00,0.00,0.00,"24,323.00","280,000,000",1
OERLIKON (US) PLYMOUTH,4817WRLKNS41144,2024,26163561600,-,23,77,67,0,30,48170,41144 CONCEPT DR,"PLYMOUTH, MI","WAYNE, MI",42.37982497,-83.44108455,Nickel compounds (N495),331 Primary Metals,"331492 Secondary Smelting, Refining, and Alloying of Nonferrous Metal (except Copper and Aluminum)",OERLIKON METCO (US) INC,10.00,10.00,0.00,0.00,0.00,"67,009.00","9,300,000",1
OERLIKON METCO (US) TROY/OERLIKON METCO (US) TROY,48084SLZRP1972M,2024,26125183000,"102,284",29,45,51,0,57,48084,1972 MEIJER DR,"TROY, MI","OAKLAND, MI",42.54021901,-83.17000761,Aluminum (fume or dust) (7429-90-5),331 Primary Metals,"331492 Secondary Smelting, Refining, and Alloying of Nonferrous Metal (except Copper and Aluminum)",OERLIKON METCO (US) INC,10.00,10.00,0.00,0.00,0.00,"15,666.00","7,000",1
OERLIKON METCO (US) TROY/OERLIKON METCO (US) TROY,48084SLZRP1972M,2024,26125183000,"102,284",29,45,51,0,57,48084,1972 MEIJER DR,"TROY, MI","OAKLAND, MI",42.54021901,-83.17000761,Chromium compounds (N090),331 Primary Metals,"331492 Secondary Smelting, Refining, and Alloying of Nonferrous Metal (except Copper and Aluminum)",OERLIKON METCO (US) INC,10.00,10.00,0.00,0.00,0.00,"58,252.00","19,200,000",1
OERLIKON METCO (US) TROY/OERLIKON METCO (US) TROY,48084SLZRP1972M,2024,26125183000,"102,284",29,45,51,0,57,48084,1972 MEIJER DR,"TROY, MI","OAKLAND, MI",42.54021901,-83.17000761,Cobalt compounds (N096),331 Primary Metals,"331492 Secondary Smelting, Refining, and Alloying of Nonferrous Metal (except Copper and Aluminum)",OERLIKON METCO (US) INC,10.00,10.00,0.00,0.00,0.00,"46,889.00","280,000,000",1
OERLIKON METCO (US) TROY/OERLIKON METCO (US) TROY,48084SLZRP1972M,2024,26125183000,"102,284",29,45,51,0,57,48084,1972 MEIJER DR,"TROY, MI","OAKLAND, MI",42.54021901,-83.17000761,Copper compounds (N100),331 Primary Metals,"331492 Secondary Smelting, Refining, and Alloying of Nonferrous Metal (except Copper and Aluminum)",OERLIKON METCO (US) INC,10.00,10.00,0.00,0.00,0.00,"14,446.00","15,000",1
PROLIANT DAIRY MICHIGAN LLC,4887WPRLNT166TE,2024,26037010901,"9,325",38,63,23,0,55,48879,1660 TECHNICAL DR,"SAINT JOHNS, MI","CLINTON, MI",43.02101728,-84.55437436,Nitric acid (7697-37-2),311 Food,311513 Cheese Manufacturing,LAURIDSEN GROUP INC,10.00,10.00,0.00,0.00,0.00,"283,468.00","2,700",0
RICHARD-ALLAN SCIENTIFIC,49008RCHRD4481C,2024,26077001604,"63,148",46,76,56,71,11,49008,4481 CAMPUS DR,"KALAMAZOO, MI","KALAMAZOO, MI",42.25668735,-85.63865076,Ethylene glycol (107-21-1),325 Chemicals,325413 In-Vitro Diagnostic Substance Manufacturing,NEW ERIE,10.00,10.00,0.00,0.00,0.00,"2,438.80",88,0
SIKA MBCC US LLC,49071RXNRDCONCO,2024,26159011003,"8,666",63,46,44,0,34,49071,23930 CONCORD AVE,"MATTAWAN, MI","VAN BUREN, MI",42.2086896,-85.78443888,Ethylbenzene (100-41-4),325 Chemicals,325520 Adhesive Manufacturing,SIKA CORP,10.00,10.00,0.00,0.00,0.00,749.00,"8,900",0
SYMMETRY MEDICAL INC LANSING,48911JTNGX5212A,2024,26065005304,"59,621",58,5,76,94,79,48911,5212 AURELIUS RD,"LANSING, MI","INGHAM, MI",42.68096935,-84.52359733,Hydrogen fluoride (7664-39-3),332 Fabricated Metals,332112 Nonferrous Forging,TECOMET INC,10.00,10.00,0.00,0.00,0.00,"5,623.00","2,500",0
VENTRA IONIA MAIN LLC,48846MRCNB14NOR,2024,26067031700,"10,724",39,39,25,0,57,48846,14 N BEARDSLEY RD,"IONIA, MI","IONIA, MI",42.98536297,-85.03008498,Nitric acid (7697-37-2),336 Transportation Equipment,336390 Other Motor Vehicle Parts Manufacturing,FLEX-N-GATE CORP,10.00,10.00,0.00,0.00,0.00,"148,360.00","2,700",0
WILLAMS INTERNATIONAL CO LLC,48088WLLMN2280W,2024,26125135200,"46,852",35,60,33,73,20,48390,2280 E W MAPLE RD,"WALLED LAKE, MI","OAKLAND, MI",42.54096025,-83.45730902,Naphthalene (91-20-3),336 Transportation Equipment,336412 Aircraft Engine and Engine Parts Manufacturing,WILLIAMS INTERNATIONAL CO LLC,10.00,10.00,0.00,0.00,0.00,10.00,"120,000",0
YANFENG AUTOMOTIVE INTERIORS PMSC & CW  SOUTHVIEW,49423NTRRT1776A,2024,26005032401,"19,514",81,35,51,73,72,49423,1600 S WASHINGTON AVE,"HOLLAND, MI","ALLEGAN, MI",42.7451061,-86.11609499,Diisocyanates (N120),336 Transportation Equipment,336360 Motor Vehicle Seating and Interior Trim Manufacturing,YANFENG US AUTOMOTIVE INTERIORS,10.00,10.00,0.00,0.00,0.00,10.00,"3,500,000",1
GM TRUCK GROUP FLINT ASSEMBLY PLANT,48551GMCTRG3100,2024,26049980000,"51,226",0,0,0,0,0,48551,G-3100 VAN SLYKE RD,"FLINT, MI","GENESEE, MI",42.96697513,-83.71257194,Nitrate compounds (water dissociable) (N511),336 Transportation Equipment,336350 Motor Vehicle Transmission and Power Train Parts Manufacturing,GENERAL MOTORS LLC,9.89,0.00,0.00,0.00,9.89,100.00,6,0
FCA US JEFFERSON NORTH ASSEMBLY PLANT,48215CHRYL2101C,2024,26163985200,"102,064",0,0,0,0,0,48215,2101 CONNOR AVE,"DETROIT, MI","WAYNE, MI",42.37535016,-82.96247701,Diisocyanates (N120),336 Transportation Equipment,336110 Automobile and Light Duty Motor Vehicle Manufacturing,FCA US LLC,9.80,9.80,0.00,0.00,0.00,9.80,"3,430,000",0
FINTEX LLC,48174FNTXL89INK,2024,26163583700,"54,495",42,48,95,66,41,48174,8900 INKSTER RD,"ROMULUS, MI","WAYNE, MI",42.24180327,-83.30817142,Chromium compounds (N090),332 Fabricated Metals,"332813 Electroplating, Plating, Polishing, Anodizing, and Coloring",NA,9.40,0.00,0.00,0.00,9.40,9.40,"40,822,236",0
METALFLOW CORP,49424MTLFL11694,2024,26139022206,"45,887",12,95,25,0,73,49424,11964 JAMES ST,"HOLLAND, MI","OTTAWA, MI",42.81208707,-86.07614175,Chromium (7440-47-3),332 Fabricated Metals,"332119 Metal Crown, Closure, and Other Metal Stamping (except Automotive)",NA,9.29,0.00,0.00,0.00,9.29,"244,914.55","31,621,666",0
PLASTATECH ENGINEERING LTD,48601PLSTT725MO,2024,26145011100,"18,048",39,75,56,0,59,48601,725 W MORLEY DR,"SAGINAW, MI","SAGINAW, MI",43.41932134,-83.87004492,Zinc compounds (N982),313 Textiles,313320 Fabric Coating Mills,HOLCIM PARTICIPATIONS (US) INC,9.28,9.28,0.00,0.00,0.00,"70,915.28",928,0
DAYTON LAMINA CORP,49615LMNNC1000F,2024,26009960401,"2,444",46,84,40,0,13,49615,3650 S DERENZY RD,"BELLAIRE, MI","ANTRIM, MI",44.98078046,-85.19323818,Cyanide compounds (N106),332 Fabricated Metals,"332813 Electroplating, Plating, Polishing, Anodizing, and Coloring",DAYTON LAMINA CORP,9.20,9.20,0.00,0.00,0.00,"9,832.20","40,480",0
CONTINENTAL DAIRY FACILITIES LLC,49404RCHST999RA,2024,26139020200,"5,435",90,20,83,0,73,49404,999 W RANDALL ST,"COOPERSVILLE, MI","OTTAWA, MI",43.05992794,-85.95198714,Peracetic acid (79-21-0),311 Food,"311514 Dry, Condensed, and Evaporated Dairy Product Manufacturing",SELECT MILK PRODUCERS INC,9.10,9.10,0.00,0.00,0.00,"337,475.10","40,950",0
EAGLE MINE LLC-HUMBOLDT MILL,4981WGLMNL4547C,2024,26103002300,417,12,90,25,0,20,49814,4547 COUNTY RD 601,"CHAMPION, MI","MARQUETTE, MI",46.48639054,-87.90779508,Mercury compounds (N458),2122 Metal Mining,"212230 Copper, Nickel, Lead, and Zinc Mining",EAGLE MINE LLC,9.05,0.00,0.00,9.01,0.04,9.05,"90,562",0
METALOR TECHNOLOGIES,4806WMTLRT164TH,2024,-,-,-,-,-,-,-,48060,1640 THOMAS ST,"PORT HURON, MI","ST. CLAIR, MI",42.99070302,-82.44057086,Silver compounds (N740),332 Fabricated Metals,332999 All Other Miscellaneous Fabricated Metal Product Manufacturing,NA,9.03,0.00,0.00,0.00,9.03,"8,167.66","1,806",1
AXALTA COATING SYSTEMS USA LLC-MOUNT CLEMENS PLANT,48043DPNTM400GR,2024,26099245200,"69,774",78,62,35,0,89,48043,400 GROESBECK HWY,"MOUNT CLEMENS, MI","MACOMB, MI",42.61385915,-82.88881704,"4,4'-Isopropylidenediphenol (80-05-7)",325 Chemicals,325510 Paint and Coating Manufacturing,AXALTA COATING SYSTEMS LLC,9.00,9.00,0.00,0.00,0.00,405.00,180,0
FORD MOTOR CO DEARBORN DIVERSIFIED MANUFACTURING,48121DRBRN3001M,2024,26163985700,"123,088",0,0,0,0,0,48120,3001 MILLER RD,"DEARBORN, MI","WAYNE, MI",42.30886967,-83.15678743,Methyl isobutyl ketone (108-10-1),336 Transportation Equipment,336390 Other Motor Vehicle Parts Manufacturing,FORD MOTOR CO,9.00,9.00,0.00,0.00,0.00,9.00,11,0
US GYPSUM CO DETROIT PLANT,48218NTDST2DIVI,2024,26163579100,"76,556",19,95,0,0,83,48218,10090 W JEFFERSON AVE,"RIVER ROUGE, MI","WAYNE, MI",42.27838792,-83.13072846,Mercury compounds (N458),327 Nonmetallic Mineral Product,327420 Gypsum Product Manufacturing,USG CORP,8.88,8.31,0.00,0.00,0.57,8.88,"106,560",0
MACDERMID INC,48220MCDRM1221F,2024,26125173600,"148,892",15,29,26,0,39,48220,1221 FARROW AVE,"FERNDALE, MI","OAKLAND, MI",42.4572589,-83.1182239,Lead compounds (N420),325 Chemicals,325998 All Other Miscellaneous Chemical Product and Preparation Manufacturing,ELEMENT SOLUTIONS INC,8.79,0.03,0.00,0.00,8.76,8.79,"170,320",0
GM TRUCK GROUP FLINT ASSEMBLY PLANT,48551GMCTRG3100,2024,26049980000,"51,226",0,0,0,0,0,48551,G-3100 VAN SLYKE RD,"FLINT, MI","GENESEE, MI",42.96697513,-83.71257194,Manganese (7439-96-5),336 Transportation Equipment,336350 Motor Vehicle Transmission and Power Train Parts Manufacturing,GENERAL MOTORS LLC,8.76,5.00,0.00,0.00,3.76,27.00,"60,027",0
W. R. GRACE & CO.-CONN.,49090WYCKF1421K,2024,26159010400,"8,031",91,76,37,0,56,49090,1421 KALAMAZOO ST,"SOUTH HAVEN, MI","VAN BUREN, MI",42.38306959,-86.27544911,Xylene (mixed isomers) (1330-20-7),325 Chemicals,325411 Medicinal and Botanical Manufacturing,W R GRACE & CO,8.30,8.00,0.00,0.00,0.30,"51,260.30",282,0
BAKELITE CHEMICALS LLC,49738GRGPCROUTE,2024,26039960500,475,87,73,61,0,82,49738,4113 FOUR MILE RD,"GRAYLING, MI","CRAWFORD, MI",44.59845162,-84.69111322,Formic acid (64-18-6),325 Chemicals,325211 Plastics Material and Resin Manufacturing,BAKELITE US HOLDCO INC,8.00,8.00,0.00,0.00,0.00,11.00,4,0
BLUEWATER THERMAL SOLUTIONS - COLDWATER,49036BRZNG94CON,2024,26023951400,"13,334",16,82,34,0,40,49036,94 CONCEPT DR,"COLDWATER, MI","BRANCH, MI",41.94927725,-84.97869097,Nickel (7440-02-0),332 Fabricated Metals,332811 Metal Heat Treating,BWT LLC,8.00,8.00,0.00,0.00,0.00,"3,281.00","7,440,000",0
FORD MOTOR CO DEARBORN ENGINE PLANT,48121FRDM33001M,2024,26163985700,"123,088",0,0,0,0,0,48120,3001 MILLER RD,"DEARBORN, MI","WAYNE, MI",42.30886967,-83.15678743,Toluene (108-88-3),336 Transportation Equipment,336310 Motor Vehicle Gasoline Engine and Engine Parts Manufacturing,FORD MOTOR CO,8.00,8.00,0.00,0.00,0.00,8.00,6,0
L & W  INC.,4811WLWNCX6771H,2024,26163587900,"31,407",65,30,64,0,63,48111,6771 HAGGERTY RD,"BELLEVILLE, MI","WAYNE, MI",42.25381636,-83.4457879,Nickel (7440-02-0),336 Transportation Equipment,336370 Motor Vehicle Metal Stamping,AUTOKINITON US HOLDINGS INC,8.00,0.00,0.00,0.00,8.00,"948,611.00","7,440,000",0
MEC INC.,4931WMCNCX9984T,2024,-,-,-,-,-,-,-,49315,990 84TH STREET,"BYRON CENTER, MI","KENT, MI",42.81184363,-85.68828985,Copper (7440-50-8),332 Fabricated Metals,332999 All Other Miscellaneous Fabricated Metal Product Manufacturing,MAYVILLE ENGINEERING CO INC,8.00,8.00,0.00,0.00,0.00,"42,590.00","12,000",0
MPLX TERMINALS LLC - BAY CITY MI TERMINAL,48706BYCTY1806M,2024,26017285900,"44,145",62,94,90,0,62,48706,1806 MARQUETTE ST,"BAY CITY, MI","BAY, MI",43.61888918,-83.86460666,Cumene (98-82-8),4247 Petroleum Bulk Terminals,424710 Petroleum Bulk Stations and Terminals,MARATHON PETROLEUM CORP,8.00,8.00,0.00,0.00,0.00,868.00,70,0
MPLX TERMINALS LLC - NORTH MUSKEGON MI TERMINAL,49445NRTHM3005H,2024,26121001500,"24,989",54,38,56,0,37,49445,3005 HOLTON RD,"NORTH MUSKEGON, MI","MUSKEGON, MI",43.27027437,-86.24517486,"1,2,4-Trimethylbenzene (95-63-6)",4247 Petroleum Bulk Terminals,424710 Petroleum Bulk Stations and Terminals,MARATHON PETROLEUM CORP,8.00,8.00,0.00,0.00,0.00,9.00,464,0
DTE ELECTRIC CO-BELLE RIVER POWER PLANT,48054DTRTD4505K,2024,26147641000,"5,092",31,81,78,0,49,48054,4505 KING RD,"CHINA TOWNSHIP, MI","ST. CLAIR, MI",42.77569325,-82.51235737,Polycyclic aromatic compounds (N590),2211 Electric Utilities,221112 Fossil Fuel Electric Power Generation,DTE ENERGY CO,7.86,3.26,0.00,0.00,4.60,7.86,"3,065,400",0
DETROIT ASSEMBLY COMPLEX MACK,4821WDTRTS4STJE,2024,26163514100,"124,212",56,18,98,0,46,48214,4000 ST JEAN ST,"DETROIT, MI","WAYNE, MI",42.37978444,-82.97886412,Diisocyanates (N120),336 Transportation Equipment,336110 Automobile and Light Duty Motor Vehicle Manufacturing,FCA US LLC,7.79,7.79,0.00,0.00,0.00,"2,412.28","2,726,500",0
H & R SCREW MACHINE PRODUCTS INC,4967WHRSCR55662,2024,26133970600,"4,409",59,74,48,0,48,49677,5566 220TH AVE,"REED CITY, MI","OSCEOLA, MI",43.89615363,-85.52273466,Copper (7440-50-8),332 Fabricated Metals,332721 Precision Turned Product Manufacturing,NA,7.77,0.00,0.00,0.00,7.77,"54,594.19","11,655",0
KALKASKA GAS PLANT,4964WKLKSK11PRU,2024,26079950300,-,72,37,29,0,48,49646,1100 PROUGH RD SW,"KALKASKA, MI","KALKASKA, MI",44.6977712,-85.19519446,Toluene (108-88-3),211 Natural Gas Processing,211130 Natural Gas Extraction,NA,7.58,7.58,0.00,0.00,0.00,7.59,5,0
PORT CITY METAL PRODUCTS,49444PRTCT2350B,2024,26121000402,"48,956",32,25,94,0,82,49444,2350 BLACK CREEK RD,"MUSKEGON, MI","MUSKEGON, MI",43.20785213,-86.1897761,Copper (7440-50-8),331 Primary Metals,331523 Nonferrous Metal Die-Casting Foundries,PACE INDUSTRIES LLC,7.42,7.42,0.00,0.00,0.00,"3,024.66","11,130",0
UNIFORM COLOR CO,49423NFRMC942BR,2024,26005032401,"31,869",81,35,51,73,72,49423,942 BROOKS AVE,"HOLLAND, MI","ALLEGAN, MI",42.7636556,-86.08354558,Nickel compounds (N495),325 Chemicals,325991 Custom Compounding of Purchased Resins,AUDIA PLASTICS HOLDINGS INC,7.37,1.22,0.00,0.00,6.15,41.20,"2,939,183",0
METALFLOW CORP,49424MTLFL11694,2024,26139022206,"45,887",12,95,25,0,73,49424,11964 JAMES ST,"HOLLAND, MI","OTTAWA, MI",42.81208707,-86.07614175,Manganese (7439-96-5),332 Fabricated Metals,"332119 Metal Crown, Closure, and Other Metal Stamping (except Automotive)",NA,7.08,0.00,0.00,0.00,7.08,"26,557.01","28,354",0
CORTEVA AGRISCIENCE LLC - MIDLAND,4867WDWGRS71WAS,2024,26111290600,"30,090",74,14,85,0,68,48640,701 WASHINGTON ST,"MIDLAND, MI","MIDLAND, MI",43.60532757,-84.21757491,Naphthalene (91-20-3),325 Chemicals,325320 Pesticide and Other Agricultural Chemical Manufacturing,CORTEVA INC,7.00,7.00,0.00,0.00,0.00,"3,242.00","84,000",0
FLAT ROCK ASSEMBLY PLANT,48134MZDMT1MAZD,2024,26163982000,"48,834",0,0,0,0,0,48134,1 INTERNATIONAL DR,"FLAT ROCK, MI","WAYNE, MI",42.10296609,-83.2436186,Benzene (71-43-2),336 Transportation Equipment,336370 Motor Vehicle Metal Stamping,FORD MOTOR CO,7.00,7.00,0.00,0.00,0.00,442.00,"196,000",0
HAVILAND PRODUCTS CO,4900WHVLND2722N,2024,26077001501,"51,830",14,53,92,0,48,49004,2722 N BURDICK ST,"KALAMAZOO, MI","KALAMAZOO, MI",42.31853039,-85.58384814,Ethylbenzene (100-41-4),4246 Chemical Wholesalers,424690 Other Chemical and Allied Products Merchant Wholesalers,HAVILAND ENTERPRISES INC,7.00,7.00,0.00,0.00,0.00,922.00,"6,230",0
L & W  INC.,4811WLWNCX6771H,2024,26163587900,"31,407",65,30,64,0,63,48111,6771 HAGGERTY RD,"BELLEVILLE, MI","WAYNE, MI",42.25381636,-83.4457879,Chromium (7440-47-3),336 Transportation Equipment,336370 Motor Vehicle Metal Stamping,AUTOKINITON US HOLDINGS INC,7.00,0.00,0.00,0.00,7.00,"942,906.00","152,320,000",0
L & W  INC.,4811WLWNCX6771H,2024,26163587900,"31,407",65,30,64,0,63,48111,6771 HAGGERTY RD,"BELLEVILLE, MI","WAYNE, MI",42.25381636,-83.4457879,Manganese (7439-96-5),336 Transportation Equipment,336370 Motor Vehicle Metal Stamping,AUTOKINITON US HOLDINGS INC,7.00,2.00,0.00,0.00,5.00,"591,830.00","84,000",0
PVS NOLWOOD CHEMICALS INC,48228PVSNL9000H,2024,26163535800,"182,394",0,84,97,0,88,48228,9000 HUBBELL AVE,"DETROIT, MI","WAYNE, MI",42.36127986,-83.18726371,Certain glycol ethers (N230),4246 Chemical Wholesalers,424690 Other Chemical and Allied Products Merchant Wholesalers,PVS CHEMICALS INC,7.00,7.00,0.00,0.00,0.00,549.00,"1,260",0
SAGINAW METAL CASTING OPERATIONS,48605SGNWG1629N,2024,26145000100,"38,543",90,25,99,0,50,48601,1629 N WASHINGTON ST,"SAGINAW, MI","SAGINAW, MI",43.44762415,-83.91899086,Diisocyanates (N120),331 Primary Metals,331524 Aluminum Foundries (except Die-Casting),GENERAL MOTORS LLC,7.00,7.00,0.00,0.00,0.00,"74,007.00","2,450,000",0
SYMMETRY MEDICAL INC LANSING,48911JTNGX5212A,2024,26065005304,"59,621",58,5,76,94,79,48911,5212 AURELIUS RD,"LANSING, MI","INGHAM, MI",42.68096935,-84.52359733,Nitric acid (7697-37-2),332 Fabricated Metals,332112 Nonferrous Forging,TECOMET INC,7.00,7.00,0.00,0.00,0.00,"7,447.00","1,890",0
WYMAN-GORDON CO,48116CMRNP7250W,2024,26093744600,"20,915",67,29,77,0,28,48116,7250 WHITMORE LAKE RD,"BRIGHTON, MI","LIVINGSTON, MI",42.49580499,-83.75817939,Aluminum (fume or dust) (7429-90-5),331 Primary Metals,"331492 Secondary Smelting, Refining, and Alloying of Nonferrous Metal (except Copper and Aluminum)",BERKSHIRE HATHAWAY INC,7.00,0.00,0.00,0.00,7.00,"33,896.00","4,900",0
EDW C LEVY CO - PLANT 6,48217DWCLV13800,2024,26163524500,"105,392",0,0,98,0,97,48217,13800 MELLON ST,"DETROIT, MI","WAYNE, MI",42.29048442,-83.15733701,Chromium compounds (N090),327 Nonmetallic Mineral Product,327992 Ground or Treated Mineral and Earth Manufacturing,EDW C LEVY CO,6.80,6.80,0.00,0.00,0.00,6.80,"187,136,000",0
H & H TUBE A DIV. OF SUNSPRING AMERICA INC,49795HGGNS108GA,2024,26137950100,"1,304",35,60,67,0,56,49795,579 GARFIELD ST,"VANDERBILT, MI","OTSEGO, MI",45.1455433,-84.66044853,Copper (7440-50-8),331 Primary Metals,"331420 Copper Rolling, Drawing, Extruding, and Alloying",SUNSPRING AMERICA INC,6.54,0.00,0.00,0.00,6.54,"211,107.54","9,810",0
CALHOUN FOUNDRY CO INC.,49245CLHNF506SC,2024,26025003100,"2,484",87,27,67,0,38,49245,506 S CLAY ST,"HOMER, MI","CALHOUN, MI",42.13983531,-84.80433177,Lead (7439-92-1),331 Primary Metals,331511 Iron Foundries,NA,6.43,0.29,0.00,0.00,6.14,6.43,"147,982",0
OTSEGO PAPER INC.,49078MNSHC320NF,2024,26005031900,"11,925",21,48,78,0,40,49078,320 N FARMER ST,"OTSEGO, MI","ALLEGAN, MI",42.46596419,-85.69536143,Lead compounds (N420),322 Paper,322120 Paper Mills,USG CORP,6.42,1.11,5.31,0.00,0.00,6.42,"121,110",0
GRAPHIC PACKAGING INTERNATIONAL INC,49007JMSRV243EA,2024,26077000202,"62,540",93,62,98,0,86,49007,1500 N PITCHER ST,"KALAMAZOO, MI","KALAMAZOO, MI",42.3055825,-85.57887586,Mercury compounds (N458),322 Paper,322130 Paperboard Mills,GRAPHIC PACKAGING HOLDING CO,6.30,1.00,0.00,0.00,5.30,6.30,"75,600",0
EES COKE BATTERY LLC,48218SCKBT14ZUG,2024,26163985600,"69,556",0,0,0,0,0,48218,1400 ZUG ISLAND,"RIVER ROUGE, MI","WAYNE, MI",42.28876642,-83.11282517,Mercury compounds (N458),324 Petroleum Products,324199 All Other Petroleum and Coal Products Manufacturing,DTE ENERGY CO,6.30,0.50,0.00,0.00,5.80,6.30,"74,600",0
KALKASKA GAS PLANT,4964WKLKSK11PRU,2024,26079950300,-,72,37,29,0,48,49646,1100 PROUGH RD SW,"KALKASKA, MI","KALKASKA, MI",44.6977712,-85.19519446,Cyclohexane (110-82-7),211 Natural Gas Processing,211130 Natural Gas Extraction,NA,6.07,6.07,0.00,0.00,0.00,6.08,4,0
KALKASKA GAS PLANT,4964WKLKSK11PRU,2024,26079950300,-,72,37,29,0,48,49646,1100 PROUGH RD SW,"KALKASKA, MI","KALKASKA, MI",44.6977712,-85.19519446,Benzene (71-43-2),211 Natural Gas Processing,211130 Natural Gas Extraction,NA,6.03,6.03,0.00,0.00,0.00,6.04,"168,840",0
FCA US STERLING STAMPING PLANT,48077STRLN35777,2024,26099982002,"97,953",0,0,0,0,0,48312,35777 VAN DYKE,"STERLING HEIGHTS, MI","MACOMB, MI",42.55585784,-83.02948518,n-Butyl alcohol (71-36-3),336 Transportation Equipment,336370 Motor Vehicle Metal Stamping,FCA US LLC,6.00,6.00,0.00,0.00,0.00,6.00,60,0
FCA US WARREN STAMPING PLANT,48091WRRNS22800,2024,26099982200,"129,109",0,0,0,0,93,48091,22800 MOUND RD,"WARREN, MI","MACOMB, MI",42.46100325,-83.04452265,Methanol (67-56-1),336 Transportation Equipment,336370 Motor Vehicle Metal Stamping,FCA US LLC,6.00,6.00,0.00,0.00,0.00,6.00,1,0
FCA US WARREN STAMPING PLANT,48091WRRNS22800,2024,26099982200,"129,109",0,0,0,0,93,48091,22800 MOUND RD,"WARREN, MI","MACOMB, MI",42.46100325,-83.04452265,Methyl isobutyl ketone (108-10-1),336 Transportation Equipment,336370 Motor Vehicle Metal Stamping,FCA US LLC,6.00,6.00,0.00,0.00,0.00,6.00,7,0
FORD MOTOR CO DEARBORN DIVERSIFIED MANUFACTURING,48121DRBRN3001M,2024,26163985700,"123,088",0,0,0,0,0,48120,3001 MILLER RD,"DEARBORN, MI","WAYNE, MI",42.30886967,-83.15678743,Methanol (67-56-1),336 Transportation Equipment,336390 Other Motor Vehicle Parts Manufacturing,FORD MOTOR CO,6.00,6.00,0.00,0.00,0.00,6.00,1,0
GM TRUCK GROUP FLINT ASSEMBLY PLANT,48551GMCTRG3100,2024,26049980000,"51,226",0,0,0,0,0,48551,G-3100 VAN SLYKE RD,"FLINT, MI","GENESEE, MI",42.96697513,-83.71257194,Naphthalene (91-20-3),336 Transportation Equipment,336110 Automobile and Light Duty Motor Vehicle Manufacturing,GENERAL MOTORS LLC,6.00,6.00,0.00,0.00,0.00,257.00,"72,000",0
HOWMET CORP - PLANT 5,49461HWMTC1600S,2024,26121003702,"8,180",83,67,0,0,34,49461,1600 S WARNER,"WHITEHALL, MI","MUSKEGON, MI",43.39169374,-86.33629549,Nitric acid (7697-37-2),332 Fabricated Metals,332811 Metal Heat Treating,HOWMET AEROSPACE INC,6.00,6.00,0.00,0.00,0.00,"32,549.00","1,620",0
MARATHON PETROLEUM CO LP - MICHIGAN REFINING DIV,48217MRTHN1300S,2024,26163524500,"94,854",0,35,0,0,0,48217,1300 S FORT ST HES DEPT,"DETROIT, MI","WAYNE, MI",42.28071629,-83.15192609,Cobalt (7440-48-4),324 Petroleum Products,324110 Petroleum Refineries,MARATHON PETROLEUM CORP,6.00,6.00,0.00,0.00,0.00,6.00,"168,000,000",0
MPLX TERMINALS LLC - JACKSON MI TERMINAL,49201JCKSN2090M,2024,26075005602,"12,883",22,72,28,0,50,49201,2090 MORRILL RD,"JACKSON, MI","JACKSON, MI",42.31003859,-84.42477118,"1,2,4-Trimethylbenzene (95-63-6)",4247 Petroleum Bulk Terminals,424710 Petroleum Bulk Stations and Terminals,MARATHON PETROLEUM CORP,6.00,6.00,0.00,0.00,0.00,6.00,348,0
MPLX TERMINALS LLC - LANSING MI TERMINAL,48906LNSNG6300G,2024,26037010300,"16,298",64,43,0,0,29,48906,6300 W GRAND RIVER AVE,"LANSING, MI","CLINTON, MI",42.7810287,-84.64936291,"1,2,4-Trimethylbenzene (95-63-6)",4247 Petroleum Bulk Terminals,424710 Petroleum Bulk Stations and Terminals,MARATHON PETROLEUM CORP,6.00,6.00,0.00,0.00,0.00,6.00,348,0
MPLX TERMINALS LLC - NORTH MUSKEGON MI TERMINAL,49445NRTHM3005H,2024,26121001500,"24,989",54,38,56,0,37,49445,3005 HOLTON RD,"NORTH MUSKEGON, MI","MUSKEGON, MI",43.27027437,-86.24517486,Cumene (98-82-8),4247 Petroleum Bulk Terminals,424710 Petroleum Bulk Stations and Terminals,MARATHON PETROLEUM CORP,6.00,6.00,0.00,0.00,0.00,6.00,53,0
MPLX TERMINALS LLC - NORTH MUSKEGON MI TERMINAL,49445NRTHM3005H,2024,26121001500,"24,989",54,38,56,0,37,49445,3005 HOLTON RD,"NORTH MUSKEGON, MI","MUSKEGON, MI",43.27027437,-86.24517486,Naphthalene (91-20-3),4247 Petroleum Bulk Terminals,424710 Petroleum Bulk Stations and Terminals,MARATHON PETROLEUM CORP,6.00,6.00,0.00,0.00,0.00,7.00,"72,000",0
ROYAL OAK MANUFACTURING FACILITY,48073FRMNG2727W,2024,26125183000,"111,784",0,0,0,0,0,48073,2727 W 14 MILE RD,"ROYAL OAK, MI","OAKLAND, MI",42.5325658,-83.17857809,Manganese (7439-96-5),332 Fabricated Metals,332111 Iron and Steel Forging,AMERICAN AXLE & MANUFACTURING HOLDINGS INC,6.00,1.00,0.00,0.00,5.00,"106,841.00","12,036",0
THE SHYFT GROUP INC,4881WTHSHY1REYN,2024,26045020902,"10,310",56,75,38,0,35,48813,1000 REYNOLDS RD,"CHARLOTTE, MI","EATON, MI",42.54979247,-84.85297007,Methanol (67-56-1),336 Transportation Equipment,336211 Motor Vehicle Body Manufacturing,THE SHYFT GROUP USA INC,6.00,6.00,0.00,0.00,0.00,6.00,1,0
VI-CHEM CORP,49507VCHMC55CTT,2024,26081003600,"131,786",99,4,93,71,93,49507,55 COTTAGE GROVE ST SW,"GRAND RAPIDS, MI","KENT, MI",42.93547795,-85.6693668,Antimony compounds (N010),325 Chemicals,325991 Custom Compounding of Purchased Resins,AMERICHEM INC,5.98,5.98,0.00,0.00,0.00,613.98,"71,760",0
FLEX-N-GATE,4807WFLXNG4336C,2024,26125183300,"115,294",0,0,0,0,0,48073,4336 COOLIDGE HWY,"ROYAL OAK, MI","OAKLAND, MI",42.52684687,-83.18400815,Nickel (7440-02-0),336 Transportation Equipment,336370 Motor Vehicle Metal Stamping,FLEX-N-GATE CORP,5.96,5.96,0.00,0.00,0.00,"21,008.96","5,544,939",0
PORT CITY METAL PRODUCTS,49444PRTCT2350B,2024,26121000402,"48,956",32,25,94,0,82,49444,2350 BLACK CREEK RD,"MUSKEGON, MI","MUSKEGON, MI",43.20785213,-86.1897761,Manganese (7439-96-5),331 Primary Metals,331523 Nonferrous Metal Die-Casting Foundries,PACE INDUSTRIES LLC,5.96,5.96,0.00,0.00,0.00,306.74,"71,520",0
OX INDUSTRIES - WHITE PIGEON,49099WHTPG15781,2024,26149041400,"3,364",78,85,86,0,67,49099,15781 RIVER ST,"WHITE PIGEON, MI","ST JOSEPH, MI",41.78941731,-85.64652462,Lead (7439-92-1),322 Paper,322130 Paperboard Mills,OX INDUSTRIES,5.80,1.00,0.00,0.00,4.80,5.80,"133,400",0
PORT CITY DIE CAST,49442BKRTC2121L,2024,26121000402,-,32,25,94,0,82,49442,2121 LATIMER DR,"MUSKEGON, MI","MUSKEGON, MI",43.21407858,-86.19261644,Lead (7439-92-1),331 Primary Metals,331523 Nonferrous Metal Die-Casting Foundries,PACE INDUSTRIES LLC,5.72,5.72,0.00,0.00,0.00,"1,799.34","131,560",0
TECH NICKEL INC,49023TCHNC1200C,2024,26021002100,"26,806",99,8,0,0,84,49022,1200 S CRYSTAL AVE,"BENTON HARBOR, MI","BERRIEN, MI",42.09648061,-86.41737866,Nickel compounds (N495),332 Fabricated Metals,"332813 Electroplating, Plating, Polishing, Anodizing, and Coloring",NA,5.71,0.00,0.00,0.00,5.71,5.71,"1,785,945",0
GOLD BOND BUILDING PRODUCTS - NATIONAL CITY,48748NTNLG2375N,2024,26069000700,477,24,86,95,57,75,48748,2375 S NATIONAL CITY RD,"NATIONAL CITY, MI","IOSCO, MI",44.20896333,-83.72289626,Barium (7440-39-3),327 Nonmetallic Mineral Product,327420 Gypsum Product Manufacturing,SPANGLER COS INC,5.70,5.70,0.00,0.00,0.00,5.70,"39,900",0
CANNON-MUSKEGON,49441CNNNM2875L,2024,26121002300,"30,364",36,66,25,0,28,49441,2875 LINCOLN ST,"MUSKEGON, MI","MUSKEGON, MI",43.20068611,-86.30332148,Lead (7439-92-1),331 Primary Metals,331513 Steel Foundries (except Investment),BERKSHIRE HATHAWAY INC,5.60,0.00,0.60,0.00,5.00,82.00,"122,800",0
SAFETY-KLEEN SYSTEMS ROMULUS (ROM),48174SFTYK148HA,2024,26163586201,"38,296",15,12,44,0,47,48174,10480 HARRISON RD,"ROMULUS, MI","WAYNE, MI",42.22788867,-83.31780993,"Benzo[g,h,i]perylene (191-24-2)",562 Hazardous Waste,562112 Hazardous Waste Collection,CLEAN HARBORS INC,5.50,0.00,0.00,0.00,5.50,122.30,"110,000",0
ELMET TECHNOLOGIES,49036CLMXS460JA,2024,26023951600,"13,495",57,63,22,90,50,49036,460 JAY ST,"COLDWATER, MI","BRANCH, MI",41.92888962,-85.01506275,Copper (7440-50-8),332 Fabricated Metals,332117 Powder Metallurgy Part Manufacturing,ELMET TECHNOLOGIES LLC,5.44,5.44,0.00,0.00,0.00,5.44,"8,160",0
FORD MOTOR CO DEARBORN ENGINE PLANT,48121FRDM33001M,2024,26163985700,"123,088",0,0,0,0,0,48120,3001 MILLER RD,"DEARBORN, MI","WAYNE, MI",42.30886967,-83.15678743,Ethylene glycol (107-21-1),336 Transportation Equipment,336310 Motor Vehicle Gasoline Engine and Engine Parts Manufacturing,FORD MOTOR CO,5.40,5.00,0.00,0.00,0.40,5.40,48,0
CALUMET ELECTRONICS CORP,49913CLMTL25830,2024,26061000300,"6,880",67,86,87,58,32,49913,25830 DEPOT ST,"CALUMET, MI","HOUGHTON, MI",47.24014029,-88.44912896,Cyanide compounds (N106),334 Computers and Electronic Products,334412 Bare Printed Circuit Board Manufacturing,NA,5.33,5.00,0.00,0.00,0.33,6.33,"22,066",0
ALUDYNE LLC,4902WLTCHL132PA,2024,26021002500,"20,102",84,51,0,0,50,49022,1320 PAW PAW AVE,"BENTON HARBOR, MI","BERRIEN, MI",42.13829722,-86.44101166,Copper compounds (N100),331 Primary Metals,331523 Nonferrous Metal Die-Casting Foundries,ALUDYNE INC,5.16,2.86,0.00,0.00,2.30,954.16,"7,740",1
ALUDYNE N.A. LLC - ALMA,48801CNTCH205NG,2024,26057000600,"12,702",91,59,75,0,33,48801,250 ADAMS ST,"ALMA, MI","GRATIOT, MI",43.37732742,-84.64890139,Manganese compounds (N450),331 Primary Metals,331523 Nonferrous Metal Die-Casting Foundries,ALUDYNE INC,5.09,2.33,0.00,0.00,2.76,"2,739.49","61,080",0
AGRITEK INDUSTRIES INC,4942WGRTKN4211H,2024,26139023102,"28,156",67,10,52,84,69,49424,4211 HALLACY DR,"HOLLAND, MI","OTTAWA, MI",42.84504061,-86.10871405,Zinc (fume or dust) (7440-66-6),332 Fabricated Metals,"332119 Metal Crown, Closure, and Other Metal Stamping (except Automotive)",NA,5.00,5.00,0.00,0.00,0.00,755.00,500,0
AJAX METAL PROCESSING INC,48207JXMTL4651B,2024,26163519200,"102,022",77,10,97,0,44,48207,4651 BELLEVUE AVE,"DETROIT, MI","WAYNE, MI",42.36922867,-83.02213289,Sulfuric acid (acid aerosols) (7664-93-9),332 Fabricated Metals,"332813 Electroplating, Plating, Polishing, Anodizing, and Coloring",AJAX METAL PROCESSING INC,5.00,5.00,0.00,0.00,0.00,5.00,"17,500",0
BASF CORP,48192BSFCR1609B,2024,26163580100,"83,157",54,24,35,0,37,481923729,1609 BIDDLE AVE,"WYANDOTTE, MI","WAYNE, MI",42.2177185,-83.15027742,Xylene (mixed isomers) (1330-20-7),325 Chemicals,325211 Plastics Material and Resin Manufacturing,BASF CORP,5.00,5.00,0.00,0.00,0.00,397.00,175,0
BLACKMER A DOVER CO,49509DVRRS1809C,2024,26081003900,"124,740",59,60,81,94,99,49503,1809 CENTURY AVE SW,"GRAND RAPIDS, MI","KENT, MI",42.93073521,-85.68173304,Lead (7439-92-1),333 Machinery,"333914 Measuring, Dispensing, and Other Pumping Equipment Manufacturing",DOVER CORP,5.00,2.00,1.00,0.00,2.00,631.23,"105,000",0
CARGILL KITCHEN SOLUTIONS,48849SNNYF31BNA,2024,26067031200,"3,864",44,73,64,57,52,48849,3100 BONANZA RD,"LAKE ODESSA, MI","IONIA, MI",42.79212745,-85.13563079,Nitric acid (7697-37-2),311 Food,311999 All Other Miscellaneous Food Manufacturing,CARGILL INC,5.00,5.00,0.00,0.00,0.00,"20,374.00","1,350",1
CYGNET AUTOMATED CLEANING LLC,4817WCYGNT912GE,2024,26163562900,"79,297",28,65,48,59,16,48170,9120 GENERAL DR,"PLYMOUTH, MI","WAYNE, MI",42.35492535,-83.45421907,Diisocyanates (N120),325 Chemicals,325510 Paint and Coating Manufacturing,CYGNET AUTOMATED CLEANING LLC,5.00,5.00,0.00,0.00,0.00,"13,761.00","1,750,000",0
CYTEC ENGINEERED MATERIALS,4900WCYTCN3115M,2024,26077001801,"46,374",79,14,29,0,50,49001,3115 MILLER RD,"KALAMAZOO, MI","KALAMAZOO, MI",42.26688896,-85.54115182,Hydroquinone (123-31-9),325 Chemicals,325211 Plastics Material and Resin Manufacturing,SYENSQO HOLDING INC,5.00,5.00,0.00,0.00,0.00,5.00,"300,000",0
DFA DAIRY BRANDS FLUID LLC DBA: COUNTRY FRESH,49518CNTRY2555B,2024,26081013600,"124,983",44,8,57,0,65,49548,2555 BUCHANAN AVE SW,"GRAND RAPIDS, MI","KENT, MI",42.91709253,-85.67120219,Nitric acid (7697-37-2),311 Food,311511 Fluid Milk Manufacturing,DAIRY FARMERS OF AMERICA INC,5.00,5.00,0.00,0.00,0.00,"51,260.00","1,350",0
DOYON & NU-VU,49858MJRND56001,2024,26109960500,"9,202",56,89,76,0,56,49858,5600 13TH ST,"MENOMINEE, MI","MENOMINEE, MI",45.15171463,-87.61752184,Chromium (7440-47-3),333 Machinery,333241 Food Product Machinery Manufacturing,THE MIDDLEBY CORP,5.00,5.00,0.00,0.00,0.00,"51,183.00","108,800,000",0
DOYON & NU-VU,49858MJRND56001,2024,26109960500,"9,202",56,89,76,0,56,49858,5600 13TH ST,"MENOMINEE, MI","MENOMINEE, MI",45.15171463,-87.61752184,Manganese (7439-96-5),333 Machinery,333241 Food Product Machinery Manufacturing,THE MIDDLEBY CORP,5.00,5.00,0.00,0.00,0.00,"5,393.00","60,000",0
DOYON & NU-VU,49858MJRND56001,2024,26109960500,"9,202",56,89,76,0,56,49858,5600 13TH ST,"MENOMINEE, MI","MENOMINEE, MI",45.15171463,-87.61752184,Nickel (7440-02-0),333 Machinery,333241 Food Product Machinery Manufacturing,THE MIDDLEBY CORP,5.00,5.00,0.00,0.00,0.00,"26,941.00","4,650,000",0
EQ DETROIT INC,48211SLCTY1923F,2024,26163519100,"124,295",0,83,90,0,83,48211,1923 FREDERICK ST,"DETROIT, MI","WAYNE, MI",42.36602042,-83.04737998,Nitric acid (7697-37-2),999 Other,562998 All Other Miscellaneous Waste Management Services,REPUBLIC SERVICES INC,5.00,5.00,0.00,0.00,0.00,"48,719.55","1,350",0
FCA US WARREN STAMPING PLANT,48091WRRNS22800,2024,26099982200,"129,109",0,0,0,0,93,48091,22800 MOUND RD,"WARREN, MI","MACOMB, MI",42.46100325,-83.04452265,Ethylene glycol (107-21-1),336 Transportation Equipment,336370 Motor Vehicle Metal Stamping,FCA US LLC,5.00,5.00,0.00,0.00,0.00,5.00,44,0
FORD MOTOR CO WAYNE INTEGRAL STAMPING,48184FRDMT37500,2024,26163566700,"56,666",14,15,80,62,67,48184,37500 VAN BORN,"WAYNE, MI","WAYNE, MI",42.26622935,-83.40906,Zinc compounds (N982),336 Transportation Equipment,336370 Motor Vehicle Metal Stamping,FORD MOTOR CO,5.00,5.00,0.00,0.00,0.00,5.00,500,0
KADANT JOHNSON INC,49093JHNSN85WDS,2024,26149040400,"11,924",91,32,61,0,64,49093,805 WOOD ST,"THREE RIVERS, MI","ST JOSEPH, MI",41.95030247,-85.62503218,Copper compounds (N100),333 Machinery,"333243 Sawmill, Woodworking, and Paper Machinery Manufacturing",KADANT INC,5.00,0.00,0.00,0.00,5.00,"5,875.00","7,500",0
MAGNA POWERTRAIN SHELBY TOWNSHIP,4831WMGNPW68623,2024,-,-,-,-,-,-,-,48316,6806 23 MILE RD,"SHELBY TOWNSHIP, MI","MACOMB, MI",42.6693686,-83.04476674,Nickel (7440-02-0),336 Transportation Equipment,336390 Other Motor Vehicle Parts Manufacturing,MAGNA US HOLDING INC,5.00,5.00,0.00,0.00,0.00,"33,253.00","4,650,000",0
MARATHON PETROLEUM CO LP - MICHIGAN REFINING DIV,48217MRTHN1300S,2024,26163524500,"94,854",0,35,0,0,0,48217,1300 S FORT ST HES DEPT,"DETROIT, MI","WAYNE, MI",42.28071629,-83.15192609,Molybdenum trioxide (1313-27-5),324 Petroleum Products,324110 Petroleum Refineries,MARATHON PETROLEUM CORP,5.00,5.00,0.00,0.00,0.00,5.00,"75,000",0
MILSCO MICHIGAN SEAT CO,49203MCHGN2313B,2024,26075005000,"40,077",89,56,71,59,52,49203,2313 BROOKLYN RD,"JACKSON, MI","JACKSON, MI",42.21744657,-84.37952203,Diisocyanates (N120),326 Plastics and Rubber,326150 Urethane and Other Foam Product (except Polystyrene) Manufacturing,MILSCO MANUFACTURING CO,5.00,5.00,0.00,0.00,0.00,"33,025.00","1,750,000",0
MPLX TERMINALS LLC - ROMULUS MI TERMINAL,48174RMLSR28000,2024,26163585500,"57,324",57,20,64,0,51,48174,28001 CITRIN DR,"ROMULUS, MI","WAYNE, MI",42.24555362,-83.30829788,"1,2,4-Trimethylbenzene (95-63-6)",4247 Petroleum Bulk Terminals,424710 Petroleum Bulk Stations and Terminals,MARATHON PETROLEUM CORP,5.00,5.00,0.00,0.00,0.00,7.00,290,0
PHARMACIA & UPJOHN CO LLC A SUBSIDIARY OF PFIZER INC,49001THPJH7171P,2024,26077001905,"31,983",66,12,0,69,34,49002,7171 PORTAGE RD,"PORTAGE, MI","KALAMAZOO, MI",42.21133108,-85.55988021,Epichlorohydrin (106-89-8),325 Chemicals,325412 Pharmaceutical Preparation Manufacturing,PFIZER INC,5.00,5.00,0.00,0.00,0.00,25.00,"21,500",0
R.A. MILLER INDUSTRIES INC.,49417RMLLR14516,2024,26139021204,"24,291",40,17,0,0,74,49417,14500 168TH AVE,"GRAND HAVEN, MI","OTTAWA, MI",43.03206758,-86.20494596,Copper compounds (N100),334 Computers and Electronic Products,334290 Other Communications Equipment Manufacturing,NA,5.00,0.00,0.00,0.00,5.00,"7,992.67","7,500",0
REAL ALLOY SPECIFICATION LLC,49036LCHML368WG,2024,26023951600,"13,219",57,63,22,90,50,49036,368 W GARFIELD AVE,"COLDWATER, MI","BRANCH, MI",41.92728472,-85.02110789,Lead compounds (N420),331 Primary Metals,331314 Secondary Smelting and Alloying of Aluminum,REAL ALLOY HOLDING LLC,5.00,1.00,0.00,0.00,4.00,5.00,"115,000",0
ROYAL OAK MANUFACTURING FACILITY,48073FRMNG2727W,2024,26125183000,"111,784",0,0,0,0,0,48073,2727 W 14 MILE RD,"ROYAL OAK, MI","OAKLAND, MI",42.5325658,-83.17857809,Nickel (7440-02-0),332 Fabricated Metals,332111 Iron and Steel Forging,AMERICAN AXLE & MANUFACTURING HOLDINGS INC,5.00,0.00,0.00,0.00,5.00,"54,934.00",455,0
THE DOW CHEMICAL CO,48667THDWCMICHI,2024,26111290600,"25,530",74,14,85,0,68,48667,1790 BUILDING,"MIDLAND, MI","MIDLAND, MI",43.6095201,-84.2393991,"N,N-Dimethylformamide (68-12-2)",325 Chemicals,325211 Plastics Material and Resin Manufacturing,DOW INC,5.00,5.00,0.00,0.00,0.00,"18,049.00",600,0
GM TRUCK GROUP FLINT ASSEMBLY PLANT,48551GMCTRG3100,2024,26049980000,"51,226",0,0,0,0,0,48551,G-3100 VAN SLYKE RD,"FLINT, MI","GENESEE, MI",42.96697513,-83.71257194,Lead (7439-92-1),336 Transportation Equipment,336110 Automobile and Light Duty Motor Vehicle Manufacturing,GENERAL MOTORS LLC,4.97,2.50,0.00,0.00,2.47,4.93,"103,207",0
FLEX-N-GATE,4807WFLXNG4336C,2024,26125183300,"115,294",0,0,0,0,0,48073,4336 COOLIDGE HWY,"ROYAL OAK, MI","OAKLAND, MI",42.52684687,-83.18400815,Manganese (7439-96-5),336 Transportation Equipment,336370 Motor Vehicle Metal Stamping,FLEX-N-GATE CORP,4.83,4.83,0.00,0.00,0.00,"201,944.83","57,982",0
NEXTEER AUTOMOTIVE CORP,48601GMCSG3900H,2024,26145011002,"27,468",99,51,0,0,53,48601,3900 HOLLAND ROAD,"SAGINAW, MI","SAGINAW, MI",43.414546,-83.87992378,Copper compounds (N100),336 Transportation Equipment,336330 Motor Vehicle Steering and Suspension Components (except Spring) Manufacturing,PCM US STEERING HOLDING LLC,4.79,0.50,0.00,0.00,4.29,94.03,"7,185",0
NORTHFIELD MANUFACTURING INC,4818WNRTHF38549,2024,26163565100,"101,462",40,55,82,63,57,48185,38549 WEBB DR,"WESTLAND, MI","WAYNE, MI",42.32724744,-83.42065478,Diisocyanates (N120),331 Primary Metals,331511 Iron Foundries,NA,4.53,4.53,0.00,0.00,0.00,4.53,"1,585,500",0
MICHIGAN METAL COATINGS,48060STVNS2015D,2024,26147620000,"30,088",0,0,0,0,0,48060,2015 DOVE ST,"PORT HURON, MI","ST. CLAIR, MI",42.95192632,-82.44889921,Cobalt (7440-48-4),332 Fabricated Metals,"332812 Metal Coating, Engraving (except Jewelry and Silverware), and Allied Services to Manufactur..",MMC SYSTEMS,4.50,0.50,0.00,0.00,4.00,4.50,"126,000,000",0
CERTAINTEED,49203WLVRN701LI,2024,26075006301,"3,047",50,38,73,0,27,49203,701 E WASHINGTON ST,"JACKSON, MI","JACKSON, MI",42.24455355,-84.39153587,Antimony compounds (N010),326 Plastics and Rubber,326199 All Other Plastics Product Manufacturing,SAINT-GOBAIN CORP,4.40,4.40,0.00,0.00,0.00,"2,730.40","52,800",0
ARMALY SPONGE CO.,48088RMLYS1900E,2024,26125134700,"56,851",15,80,0,60,20,48390,1900 EASY ST,"COMMERCE TOWNSHIP, MI","OAKLAND, MI",42.54349478,-83.46295988,"Toluene-2,6-diisocyanate (91-08-7)",326 Plastics and Rubber,326150 Urethane and Other Foam Product (except Polystyrene) Manufacturing,ARMALY SPONGE CO,4.30,4.30,0.00,0.00,0.00,4.30,"215,000",0
MORTON SALT INC,49660MRTNT1806T,2024,26101000700,"9,934",28,91,0,0,45,49660,180 6TH ST,"MANISTEE, MI","MANISTEE, MI",44.2408619,-86.31120278,Lead compounds (N420),311 Food,311942 Spice and Extract Manufacturing,MORTON SALT INC,4.20,4.20,0.00,0.00,0.00,8.40,"96,600",1
AXALTA COATING SYSTEMS USA LLC-MOUNT CLEMENS PLANT,48043DPNTM400GR,2024,26099245200,"69,774",78,62,35,0,89,48043,400 GROESBECK HWY,"MOUNT CLEMENS, MI","MACOMB, MI",42.61385915,-82.88881704,Butyl acrylate (141-32-2),325 Chemicals,325510 Paint and Coating Manufacturing,AXALTA COATING SYSTEMS LLC,4.03,4.03,0.00,0.00,0.00,"97,247.03","14,105",0
AUTOKINITON PLANT 3,4942WLWNCX88E32,2024,26139025200,"30,649",90,0,28,58,31,49423,808 E 32ND ST,"HOLLAND, MI","ALLEGAN, MI",42.76863455,-86.07885917,Nickel (7440-02-0),336 Transportation Equipment,336370 Motor Vehicle Metal Stamping,AUTOKINITON US HOLDINGS INC,4.00,0.00,0.00,0.00,4.00,"1,005,186.00","3,720,000",0
CONTINENTAL DAIRY FACILITIES LLC,49404RCHST999RA,2024,26139020200,"5,435",90,20,83,0,73,49404,999 W RANDALL ST,"COOPERSVILLE, MI","OTTAWA, MI",43.05992794,-85.95198714,Nitric acid (7697-37-2),311 Food,"311514 Dry, Condensed, and Evaporated Dairy Product Manufacturing",SELECT MILK PRODUCERS INC,4.00,4.00,0.00,0.00,0.00,"866,310.00","1,080",0
DYNAMIC SURFACE TECHNOLOGIES INT. INC.,48187DYNMC7784R,2024,26163563300,"89,388",24,79,61,79,22,48187,7784 RONDA DR,"CANTON, MI","WAYNE, MI",42.34268132,-83.45248092,Ammonia (7664-41-7),332 Fabricated Metals,332811 Metal Heat Treating,NA,4.00,4.00,0.00,0.00,0.00,4.00,28,1
FORD MOTOR CO DEARBORN STAMPING PLANT,48121FRDM13001M,2024,26163985700,"123,088",0,0,0,0,0,48120,3001 MILLER RD,"DEARBORN, MI","WAYNE, MI",42.30886967,-83.15678743,Ethylene glycol (107-21-1),336 Transportation Equipment,336370 Motor Vehicle Metal Stamping,FORD MOTOR CO,4.00,4.00,0.00,0.00,0.00,4.00,35,0
FORD MOTOR CO DEARBORN TOOL & DIE PLANT,48121FRDM43001M,2024,26163985700,"123,088",0,0,0,0,0,48120,3001 MILLER RD,"DEARBORN, MI","WAYNE, MI",42.30886967,-83.15678743,Ethylene glycol (107-21-1),333 Machinery,"333514 Special Die and Tool, Die Set, Jig, and Fixture Manufacturing",FORD MOTOR CO,4.00,4.00,0.00,0.00,0.00,14.00,35,0
FORD MOTOR CO DEARBORN TOOL & DIE PLANT,48121FRDM43001M,2024,26163985700,"123,088",0,0,0,0,0,48120,3001 MILLER RD,"DEARBORN, MI","WAYNE, MI",42.30886967,-83.15678743,n-Butyl alcohol (71-36-3),333 Machinery,"333514 Special Die and Tool, Die Set, Jig, and Fixture Manufacturing",FORD MOTOR CO,4.00,4.00,0.00,0.00,0.00,4.00,40,0
L & W  INC.,4811WLWNCX6771H,2024,26163587900,"31,407",65,30,64,0,63,48111,6771 HAGGERTY RD,"BELLEVILLE, MI","WAYNE, MI",42.25381636,-83.4457879,Copper (7440-50-8),336 Transportation Equipment,336370 Motor Vehicle Metal Stamping,AUTOKINITON US HOLDINGS INC,4.00,0.00,0.00,0.00,4.00,"521,234.00","6,000",0
MILLERKNOLL INC.-SPRING LAKE CAMPUS,49456MRDNN18558,2024,26139020504,"18,513",14,98,0,0,51,49456,18558 171ST AVE,"SPRING LAKE, MI","OTTAWA, MI",43.10539524,-86.21216028,Nickel (7440-02-0),337 Furniture,337214 Office Furniture (except Wood) Manufacturing,MILLERKNOLL INC,4.00,1.00,0.00,0.00,3.00,"17,455.00","930,273",1
MPLX TERMINALS LLC - FLINT MI TERMINAL,48458FLNTMG6065,2024,26049012201,"40,755",63,30,95,62,89,48458,G-6065 N DORT HWY,"MOUNT MORRIS, MI","GENESEE, MI",43.09121177,-83.67460617,"1,2,4-Trimethylbenzene (95-63-6)",4247 Petroleum Bulk Terminals,424710 Petroleum Bulk Stations and Terminals,MARATHON PETROLEUM CORP,4.00,4.00,0.00,0.00,0.00,42.00,232,0
MPLX TERMINALS LLC - JACKSON MI TERMINAL,49201JCKSN2090M,2024,26075005602,"12,883",22,72,28,0,50,49201,2090 MORRILL RD,"JACKSON, MI","JACKSON, MI",42.31003859,-84.42477118,Cumene (98-82-8),4247 Petroleum Bulk Terminals,424710 Petroleum Bulk Stations and Terminals,MARATHON PETROLEUM CORP,4.00,4.00,0.00,0.00,0.00,4.00,35,0
MPLX TERMINALS LLC - LANSING MI TERMINAL,48906LNSNG6300G,2024,26037010300,"16,298",64,43,0,0,29,48906,6300 W GRAND RIVER AVE,"LANSING, MI","CLINTON, MI",42.7810287,-84.64936291,Cumene (98-82-8),4247 Petroleum Bulk Terminals,424710 Petroleum Bulk Stations and Terminals,MARATHON PETROLEUM CORP,4.00,4.00,0.00,0.00,0.00,4.00,35,0
MPLX TERMINALS LLC - NILES MI TERMINAL,49120MRTHN2216S,2024,26021021100,"20,662",80,89,49,0,47,49120,2216 S 3RD ST,"NILES, MI","BERRIEN, MI",41.78687345,-86.25481823,Naphthalene (91-20-3),4247 Petroleum Bulk Terminals,424710 Petroleum Bulk Stations and Terminals,MARATHON PETROLEUM CORP,4.00,4.00,0.00,0.00,0.00,4.00,"48,000",0
MPLX TERMINALS LLC - ROMULUS MI TERMINAL,48174RMLSR28000,2024,26163585500,"57,324",57,20,64,0,51,48174,28001 CITRIN DR,"ROMULUS, MI","WAYNE, MI",42.24555362,-83.30829788,Cumene (98-82-8),4247 Petroleum Bulk Terminals,424710 Petroleum Bulk Stations and Terminals,MARATHON PETROLEUM CORP,4.00,4.00,0.00,0.00,0.00,5.00,35,0
THE DOW CHEMICAL CO,48667THDWCMICHI,2024,26111290600,"25,530",74,14,85,0,68,48667,1790 BUILDING,"MIDLAND, MI","MIDLAND, MI",43.6095201,-84.2393991,Bis(2-chloro-1-methylethyl) ether (108-60-1),325 Chemicals,325211 Plastics Material and Resin Manufacturing,DOW INC,4.00,4.00,0.00,0.00,0.00,"81,004.00",100,0
TOWER AUTOMOTIVE CLINTON,48036TWRTM44850,2024,26099240000,"60,171",65,49,76,0,66,48036,44850 GROESBECK HWY,"CLINTON TOWNSHIP, MI","MACOMB, MI",42.62761425,-82.87619874,Nickel (7440-02-0),336 Transportation Equipment,336370 Motor Vehicle Metal Stamping,AUTOKINITON US HOLDINGS INC,4.00,0.00,0.00,0.00,4.00,"232,234.00","3,720,000",1
TECHLINE PRODUCTS,49441TCHLN950WB,2024,26121002200,"55,581",82,67,64,0,25,49441,950 W BROADWAY,"MUSKEGON, MI","MUSKEGON, MI",43.20135538,-86.26692616,Styrene (100-42-5),339 Miscellaneous Manufacturing,339920 Sporting and Athletic Goods Manufacturing,NA,3.95,3.95,0.00,0.00,0.00,3.95,14,0
BORGWARNER POWDERED METALS INC,48150BRGWR32059,2024,26163558301,"83,224",0,0,-,0,0,48150,32059 SCHOOLCRAFT,"LIVONIA, MI","WAYNE, MI",42.38237607,-83.36012798,Copper (7440-50-8),336 Transportation Equipment,336350 Motor Vehicle Transmission and Power Train Parts Manufacturing,BORGWARNER INC,3.94,0.10,0.00,0.00,3.84,"25,409.94","5,910",0
FORD MOTOR CO DEARBORN ENGINE PLANT,48121FRDM33001M,2024,26163985700,"123,088",0,0,0,0,0,48120,3001 MILLER RD,"DEARBORN, MI","WAYNE, MI",42.30886967,-83.15678743,Lead (7439-92-1),336 Transportation Equipment,336310 Motor Vehicle Gasoline Engine and Engine Parts Manufacturing,FORD MOTOR CO,3.90,1.00,0.00,0.00,2.90,306.24,"86,200",0
VENTRA IONIA MAIN LLC,48846MRCNB14NOR,2024,26067031700,"10,724",39,39,25,0,57,48846,14 N BEARDSLEY RD,"IONIA, MI","IONIA, MI",42.98536297,-85.03008498,Copper compounds (N100),336 Transportation Equipment,336390 Other Motor Vehicle Parts Manufacturing,FLEX-N-GATE CORP,3.90,0.00,0.00,0.00,3.90,"22,476.90","5,850",0
DCI AEROTECH,48238DCRTC7515L,2024,26163536500,"182,265",76,72,96,0,72,48238,7515 LYNDON,"DETROIT, MI","WAYNE, MI",42.39530697,-83.14577642,Lead (7439-92-1),332 Fabricated Metals,"332813 Electroplating, Plating, Polishing, Anodizing, and Coloring",NA,3.83,0.00,0.00,0.00,3.83,3.83,"84,199",0
ALUDYNE LLC,49127CSTMT2800Y,2024,26021001500,"14,245",64,74,72,64,16,49127,2800 YASDICK DR,"STEVENSVILLE, MI","BERRIEN, MI",42.01066031,-86.52097041,Lead compounds (N420),336 Transportation Equipment,336330 Motor Vehicle Steering and Suspension Components (except Spring) Manufacturing,ALUDYNE INC,3.67,2.40,0.49,0.00,0.78,671.17,"78,060",0
ALUDYNE LLC,49127CSTMT2800Y,2024,26021001500,"14,245",64,74,72,64,16,49127,2800 YASDICK DR,"STEVENSVILLE, MI","BERRIEN, MI",42.01066031,-86.52097041,Copper compounds (N100),336 Transportation Equipment,336330 Motor Vehicle Steering and Suspension Components (except Spring) Manufacturing,ALUDYNE INC,3.57,2.40,0.41,0.00,0.76,3.84,"5,355",0
ALUDYNE LLC,4902WLTCHL132PA,2024,26021002500,"20,102",84,51,0,0,50,49022,1320 PAW PAW AVE,"BENTON HARBOR, MI","BERRIEN, MI",42.13829722,-86.44101166,Lead compounds (N420),331 Primary Metals,331523 Nonferrous Metal Die-Casting Foundries,ALUDYNE INC,3.43,0.94,0.34,0.00,2.15,240.73,"67,640",1
GM TRUCK GROUP FLINT ASSEMBLY PLANT,48551GMCTRG3100,2024,26049980000,"51,226",0,0,0,0,0,48551,G-3100 VAN SLYKE RD,"FLINT, MI","GENESEE, MI",42.96697513,-83.71257194,Nickel (7440-02-0),336 Transportation Equipment,336350 Motor Vehicle Transmission and Power Train Parts Manufacturing,GENERAL MOTORS LLC,3.41,3.00,0.00,0.00,0.41,3.41,"2,790,037",0
FORD MOTOR CO MICHIGAN ASSEMBLY PLANT,48184FRDMT38303,2024,26163566700,"67,978",14,15,80,62,67,48184,38303 MICHIGAN AVE,"WAYNE, MI","WAYNE, MI",42.27796988,-83.41395208,Lead (7439-92-1),336 Transportation Equipment,336110 Automobile and Light Duty Motor Vehicle Manufacturing,FORD MOTOR CO,3.40,0.40,0.00,0.00,3.00,3.40,"63,200",0
MICHIGAN METAL COATINGS,48060STVNS2015D,2024,26147620000,"30,088",0,0,0,0,0,48060,2015 DOVE ST,"PORT HURON, MI","ST. CLAIR, MI",42.95192632,-82.44889921,Lead (7439-92-1),332 Fabricated Metals,"332812 Metal Coating, Engraving (except Jewelry and Silverware), and Allied Services to Manufactur..",MMC SYSTEMS,3.40,0.00,0.00,0.00,3.40,3.40,"78,200",0
NATIONAL GALVANIZING LP,48161NTNLG1500T,2024,26115831700,"33,886",98,6,94,0,40,48162,1500 TELB RD,"MONROE, MI","MONROE, MI",41.91658548,-83.36732381,Manganese (7439-96-5),332 Fabricated Metals,"332812 Metal Coating, Engraving (except Jewelry and Silverware), and Allied Services to Manufactur..",NA,3.40,3.40,0.00,0.00,0.00,"128,623.40","40,800",0
ROBERT BOSCH LLC,49085LLDSG3737R,2024,26021001400,"20,829",43,32,57,0,0,49085,3737 RED ARROW HWY,"SAINT JOSEPH, MI","BERRIEN, MI",42.04905586,-86.51411383,Lead (7439-92-1),336 Transportation Equipment,336340 Motor Vehicle Brake System Manufacturing,ROBERT BOSCH LLC,3.27,0.00,0.00,0.00,3.27,116.37,"75,210",0
SPARTAN STEEL COATING,48162SPRTN3300W,2024,26115831300,"16,896",21,55,63,0,51,48162,3300 WOLVERINE DR,"MONROE, MI","MONROE, MI",41.96022702,-83.3504412,Zinc compounds (N982),332 Fabricated Metals,"332812 Metal Coating, Engraving (except Jewelry and Silverware), and Allied Services to Manufactur..",WORTHINGTON STEEL INC,3.17,0.00,0.00,0.00,3.17,"2,029,750.17",317,0
AUTOKINITON PLANT 3,4942WLWNCX88E32,2024,26139025200,"30,649",90,0,28,58,31,49423,808 E 32ND ST,"HOLLAND, MI","ALLEGAN, MI",42.76863455,-86.07885917,Chromium (7440-47-3),336 Transportation Equipment,336370 Motor Vehicle Metal Stamping,AUTOKINITON US HOLDINGS INC,3.00,0.00,0.00,0.00,3.00,"1,002,314.00","65,280,000",0
BILLERUD QUINNESEC,49876CHMPNUSHIG,2024,26043950300,"5,480",46,23,42,0,18,49876,W 6791 US HWY 2,"QUINNESEC, MI","DICKINSON, MI",45.80204895,-87.95895733,Chlorine (7782-50-5),322 Paper,322110 Pulp Mills,BILLERUD AMERICAS CORP,3.00,3.00,0.00,0.00,0.00,672.00,"69,000",0
BILLERUD QUINNESEC,49876CHMPNUSHIG,2024,26043950300,"5,480",46,23,42,0,18,49876,W 6791 US HWY 2,"QUINNESEC, MI","DICKINSON, MI",45.80204895,-87.95895733,Chlorine dioxide (10049-04-4),322 Paper,322110 Pulp Mills,BILLERUD AMERICAS CORP,3.00,3.00,0.00,0.00,0.00,"223,067.00","54,000",0
CERTAINTEED,49203WLVRN701LI,2024,26075006301,"3,047",50,38,73,0,27,49203,701 E WASHINGTON ST,"JACKSON, MI","JACKSON, MI",42.24455355,-84.39153587,Manganese compounds (N450),326 Plastics and Rubber,326199 All Other Plastics Product Manufacturing,SAINT-GOBAIN CORP,3.00,3.00,0.00,0.00,0.00,"1,891.00","36,000",0
CORTEVA AGRISCIENCE LLC - MIDLAND,4867WDWGRS71WAS,2024,26111290600,"30,090",74,14,85,0,68,48640,701 WASHINGTON ST,"MIDLAND, MI","MIDLAND, MI",43.60532757,-84.21757491,"2,4-Dichlorophenol (120-83-2)",325 Chemicals,325320 Pesticide and Other Agricultural Chemical Manufacturing,CORTEVA INC,3.00,3.00,0.00,0.00,0.00,"4,056.00",990,0
FORD MOTOR CO DEARBORN STAMPING PLANT,48121FRDM13001M,2024,26163985700,"123,088",0,0,0,0,0,48120,3001 MILLER RD,"DEARBORN, MI","WAYNE, MI",42.30886967,-83.15678743,Certain glycol ethers (N230),336 Transportation Equipment,336370 Motor Vehicle Metal Stamping,FORD MOTOR CO,3.00,3.00,0.00,0.00,0.00,3.00,540,0
FORD MOTOR CO DEARBORN STAMPING PLANT,48121FRDM13001M,2024,26163985700,"123,088",0,0,0,0,0,48120,3001 MILLER RD,"DEARBORN, MI","WAYNE, MI",42.30886967,-83.15678743,n-Butyl alcohol (71-36-3),336 Transportation Equipment,336370 Motor Vehicle Metal Stamping,FORD MOTOR CO,3.00,3.00,0.00,0.00,0.00,3.00,30,0
FORD MOTOR CO DEARBORN STAMPING PLANT,48121FRDM13001M,2024,26163985700,"123,088",0,0,0,0,0,48120,3001 MILLER RD,"DEARBORN, MI","WAYNE, MI",42.30886967,-83.15678743,Xylene (mixed isomers) (1330-20-7),336 Transportation Equipment,336370 Motor Vehicle Metal Stamping,FORD MOTOR CO,3.00,3.00,0.00,0.00,0.00,3.00,105,0
FORD MOTOR CO DEARBORN TOOL & DIE PLANT,48121FRDM43001M,2024,26163985700,"123,088",0,0,0,0,0,48120,3001 MILLER RD,"DEARBORN, MI","WAYNE, MI",42.30886967,-83.15678743,Xylene (mixed isomers) (1330-20-7),333 Machinery,"333514 Special Die and Tool, Die Set, Jig, and Fixture Manufacturing",FORD MOTOR CO,3.00,3.00,0.00,0.00,0.00,3.00,105,0
FORD MOTOR CO MICHIGAN ASSEMBLY PLANT,48184FRDMT38303,2024,26163566700,"67,978",14,15,80,62,67,48184,38303 MICHIGAN AVE,"WAYNE, MI","WAYNE, MI",42.27796988,-83.41395208,Copper (7440-50-8),336 Transportation Equipment,336110 Automobile and Light Duty Motor Vehicle Manufacturing,FORD MOTOR CO,3.00,3.00,0.00,0.00,0.00,3.00,"4,500",0
FORD MOTOR CO WAYNE INTEGRAL STAMPING,48184FRDMT37500,2024,26163566700,"56,666",14,15,80,62,67,48184,37500 VAN BORN,"WAYNE, MI","WAYNE, MI",42.26622935,-83.40906,Copper (7440-50-8),336 Transportation Equipment,336370 Motor Vehicle Metal Stamping,FORD MOTOR CO,3.00,3.00,0.00,0.00,0.00,3.00,"4,500",0
LOUISIANA-PACIFIC SAGOLA OSB,49881LSNPCHWYM9,2024,26043950100,159,65,88,68,0,53,49811,N8504 M-95,"SAGOLA, MI","DICKINSON, MI",46.01199111,-88.06104416,Lead compounds (N420),321 Wood Products,321219 Reconstituted Wood Product Manufacturing,LOUISIANA PACIFIC CORP,3.00,3.00,0.00,0.00,0.00,3.00,"69,000",0
MPLX TERMINALS LLC - FLINT MI TERMINAL,48458FLNTMG6065,2024,26049012201,"40,755",63,30,95,62,89,48458,G-6065 N DORT HWY,"MOUNT MORRIS, MI","GENESEE, MI",43.09121177,-83.67460617,Cumene (98-82-8),4247 Petroleum Bulk Terminals,424710 Petroleum Bulk Stations and Terminals,MARATHON PETROLEUM CORP,3.00,3.00,0.00,0.00,0.00,3.00,26,0
PHARMACIA & UPJOHN CO LLC A SUBSIDIARY OF PFIZER INC,49001THPJH7171P,2024,26077001905,"31,983",66,12,0,69,34,49002,7171 PORTAGE RD,"PORTAGE, MI","KALAMAZOO, MI",42.21133108,-85.55988021,Cumene (98-82-8),325 Chemicals,325412 Pharmaceutical Preparation Manufacturing,PFIZER INC,3.00,3.00,0.00,0.00,0.00,"318,163.00",26,0
PHARMACIA & UPJOHN CO LLC A SUBSIDIARY OF PFIZER INC,49001THPJH7171P,2024,26077001905,"31,983",66,12,0,69,34,49002,7171 PORTAGE RD,"PORTAGE, MI","KALAMAZOO, MI",42.21133108,-85.55988021,Formic acid (64-18-6),325 Chemicals,325412 Pharmaceutical Preparation Manufacturing,PFIZER INC,3.00,3.00,0.00,0.00,0.00,"1,203.00",2,0
SHERWIN-WILLIAMS CO,49423GRDSM636E4,2024,26005032401,"30,689",81,35,51,73,72,49423,636 E 40TH ST,"HOLLAND, MI","ALLEGAN, MI",42.76200737,-86.07937104,"1,2,4-Trimethylbenzene (95-63-6)",325 Chemicals,325510 Paint and Coating Manufacturing,THE SHERWIN-WILLIAMS CO,3.00,3.00,0.00,0.00,0.00,"1,110.00",174,0
THE DOW CHEMICAL CO,48667THDWCMICHI,2024,26111290600,"25,530",74,14,85,0,68,48667,1790 BUILDING,"MIDLAND, MI","MIDLAND, MI",43.6095201,-84.2393991,"2,4-D 2-ethylhexyl ester (1928-43-4)",325 Chemicals,325211 Plastics Material and Resin Manufacturing,DOW INC,3.00,3.00,0.00,0.00,0.00,"55,003.00",600,0
TOOLING & EQUIPMENT INTERNATIONAL,4815WTLNGQ1255T,2024,26163558301,-,0,0,-,0,0,48150,12550 TECH CENTER DR,"LIVONIA, MI","WAYNE, MI",42.37262739,-83.34109798,Diisocyanates (N120),331 Primary Metals,331524 Aluminum Foundries (except Die-Casting),GENERAL MOTORS LLC,3.00,3.00,0.00,0.00,0.00,11.00,"1,050,000",0
ERVIN TECHNOLOGIES,49286RVNPR200IN,2024,26091060702,"14,090",13,40,58,0,76,49286,200 INDUSTRIAL DR,"TECUMSEH, MI","LENAWEE, MI",41.99098118,-83.94265093,Manganese (7439-96-5),327 Nonmetallic Mineral Product,327910 Abrasive Product Manufacturing,ERVIN INDUSTRIES INC,2.97,2.97,0.00,0.00,0.00,2.97,"35,640",0
CATERPILLAR FLUID TRANSFER SOLUTIONS INC.,49858NCHRC55201,2024,26109960500,"9,525",56,89,76,0,56,49858,5520 13TH ST,"MENOMINEE, MI","MENOMINEE, MI",45.15091227,-87.61753055,Lead (7439-92-1),332 Fabricated Metals,332912 Fluid Power Valve and Hose Fitting Manufacturing,CATERPILLAR INC,2.86,0.00,0.00,0.00,2.86,"16,457.86","65,757",0
WIRTZ MANUFACTURING CO INC PLANT 1,48060WRTZM11052,2024,26147622000,"37,028",49,17,37,0,50,48060,1105 24TH ST,"PORT HURON, MI","ST. CLAIR, MI",42.97231679,-82.45276323,Lead compounds (N420),333 Machinery,333511 Industrial Mold Manufacturing,WIRTZ MANUFACTURING CO INC,2.85,2.80,0.00,0.00,0.05,2.85,"65,428",0
SELFRIDGE PLATING INC.,48045SLFRD42081,2024,26099982100,"52,839",0,0,0,0,0,48045,42081 IRWIN,"HARRISON TOWNSHIP, MI","MACOMB, MI",42.60371409,-82.85176968,Lead compounds (N420),332 Fabricated Metals,"332813 Electroplating, Plating, Polishing, Anodizing, and Coloring",NA,2.80,0.00,0.00,0.00,2.80,2.80,"50,400",0
SIMONDS INTERNATIONAL LLC,49307MCHGN120PE,2024,26107960500,"9,614",0,14,38,0,0,49307,120 E PERE MARQUETTE ST,"BIG RAPIDS, MI","MECOSTA, MI",43.70858838,-85.48356492,Chromium (7440-47-3),332 Fabricated Metals,332216 Saw Blade and Handtool Manufacturing,WOOD TECHNOLOGIES INTERNATIONAL,2.78,0.80,0.00,0.00,1.98,"68,562.38","60,492,800",0
PORT CITY METAL PRODUCTS,49444PRTCT2350B,2024,26121000402,"48,956",32,25,94,0,82,49444,2350 BLACK CREEK RD,"MUSKEGON, MI","MUSKEGON, MI",43.20785213,-86.1897761,Lead (7439-92-1),331 Primary Metals,331523 Nonferrous Metal Die-Casting Foundries,PACE INDUSTRIES LLC,2.63,2.63,0.00,0.00,0.00,171.82,"60,490",0
PHILLIPS & JOHNSTON ROCK RIVER FABRICATIONS,4954WPHLLP767CA,2024,26081014605,"36,282",27,21,0,76,30,49548,7670 CATERPILLAR CT SW,"GRAND RAPIDS, MI","KENT, MI",42.82291793,-85.66951932,Copper (7440-50-8),331 Primary Metals,331210 Iron and Steel Pipe and Tube Manufacturing from Purchased Steel,PHILLIPS & JOHNSTON TUBE,2.50,0.00,2.00,0.00,0.50,"21,383.50","3,750",0
MSP INDUSTRIES,48371MSPND45WAK,2024,26125121000,"5,471",0,46,0,0,11,48371,45 W OAKWOOD RD,"OXFORD, MI","OAKLAND, MI",42.86905546,-83.29053711,Lead (7439-92-1),332 Fabricated Metals,332111 Iron and Steel Forging,AMERICAN AXLE & MANUFACTURING HOLDINGS INC,2.40,0.10,0.00,0.00,2.30,404.90,"55,200",0
MICHIGAN METAL COATINGS PLANT 2,4806WMCHGN172DV,2024,26147620000,-,0,0,0,0,0,48060,1720 DOVE ST,"PORT HURON, MI","ST. CLAIR, MI",42.95201479,-82.44590698,Lead (7439-92-1),332 Fabricated Metals,"332812 Metal Coating, Engraving (except Jewelry and Silverware), and Allied Services to Manufactur..",MMC SYSTEMS,2.30,0.10,0.00,0.00,2.20,3.30,"52,900",0
FLEXIBLE STEEL LACING CO. D/B/A FLEXCO INC.,4954WFLXCN1854N,2024,26081011502,"38,005",14,44,0,0,52,49544,1854 NORTHRIDGE DRIVE NW,"WALKER, MI","KENT, MI",43.02519054,-85.71688849,Chromium (7440-47-3),333 Machinery,333922 Conveyor and Conveying Equipment Manufacturing,FLEXIBLE STEEL LACING CO,2.19,0.00,0.00,0.00,2.19,"17,018.19","7,008,000",0
ANDERSON DEVELOPMENT CO,49221NDRSN1415E,2024,26091061301,"26,525",93,24,86,0,82,49221,1415 E MICHIGAN ST,"ADRIAN, MI","LENAWEE, MI",41.89404029,-84.01757843,Toluene diisocyanate (mixed isomers) (26471-62-5),325 Chemicals,325211 Plastics Material and Resin Manufacturing,MITSUI & CO (USA) INC,2.00,2.00,0.00,0.00,0.00,"11,212.50","100,000",0
AUTOKINITON PLANT 3,4942WLWNCX88E32,2024,26139025200,"30,649",90,0,28,58,31,49423,808 E 32ND ST,"HOLLAND, MI","ALLEGAN, MI",42.76863455,-86.07885917,Copper (7440-50-8),336 Transportation Equipment,336370 Motor Vehicle Metal Stamping,AUTOKINITON US HOLDINGS INC,2.00,0.00,0.00,0.00,2.00,"526,208.00","3,000",0
AUTOKINITON PLANT 3,4942WLWNCX88E32,2024,26139025200,"30,649",90,0,28,58,31,49423,808 E 32ND ST,"HOLLAND, MI","ALLEGAN, MI",42.76863455,-86.07885917,Manganese (7439-96-5),336 Transportation Equipment,336370 Motor Vehicle Metal Stamping,AUTOKINITON US HOLDINGS INC,2.00,0.00,0.00,0.00,2.00,"614,510.00","24,000",0
BETZ INDUSTRIES,49504BTZFN2029B,2024,26081011502,"70,042",14,44,0,0,52,49504,2029 BRISTOL AVE NW,"GRAND RAPIDS, MI","KENT, MI",43.00072997,-85.70815088,"4,4'-Isopropylidenediphenol (80-05-7)",331 Primary Metals,331511 Iron Foundries,NA,2.00,2.00,0.00,0.00,0.00,2.00,40,0
BLUEWATER THERMAL SOLUTIONS - COLDWATER,49036BRZNG94CON,2024,26023951400,"13,334",16,82,34,0,40,49036,94 CONCEPT DR,"COLDWATER, MI","BRANCH, MI",41.94927725,-84.97869097,Chromium (7440-47-3),332 Fabricated Metals,332811 Metal Heat Treating,BWT LLC,2.00,2.00,0.00,0.00,0.00,"6,725.00","5,120,000",0
BORGWARNER POWDERED METALS INC,48150BRGWR32059,2024,26163558301,"83,224",0,0,-,0,0,48150,32059 SCHOOLCRAFT,"LIVONIA, MI","WAYNE, MI",42.38237607,-83.36012798,Nickel (7440-02-0),336 Transportation Equipment,336350 Motor Vehicle Transmission and Power Train Parts Manufacturing,BORGWARNER INC,2.00,1.00,0.00,0.00,1.00,"7,823.00","930,091",0
CORTEVA AGRISCIENCE LLC - MIDLAND,4867WDWGRS71WAS,2024,26111290600,"30,090",74,14,85,0,68,48640,701 WASHINGTON ST,"MIDLAND, MI","MIDLAND, MI",43.60532757,-84.21757491,"2,4-D 2-butoxyethyl ester (1929-73-3)",325 Chemicals,325320 Pesticide and Other Agricultural Chemical Manufacturing,CORTEVA INC,2.00,2.00,0.00,0.00,0.00,"17,342.00",400,0
EAGLE ALUMINUM CAST PRODUCTS INC,49443GLLMN664WC,2024,26121000800,"56,550",72,29,85,0,75,49440,664 W CLAY AVE,"MUSKEGON, MI","MUSKEGON, MI",43.23038785,-86.25930632,Lead (7439-92-1),331 Primary Metals,331524 Aluminum Foundries (except Die-Casting),NA,2.00,2.00,0.00,0.00,0.00,2.00,"46,000",0
FORD MOTOR CO DEARBORN DIVERSIFIED MANUFACTURING,48121DRBRN3001M,2024,26163985700,"123,088",0,0,0,0,0,48120,3001 MILLER RD,"DEARBORN, MI","WAYNE, MI",42.30886967,-83.15678743,"1,2,4-Trimethylbenzene (95-63-6)",336 Transportation Equipment,336390 Other Motor Vehicle Parts Manufacturing,FORD MOTOR CO,2.00,2.00,0.00,0.00,0.00,2.00,116,0
FORD MOTOR CO DEARBORN DIVERSIFIED MANUFACTURING,48121DRBRN3001M,2024,26163985700,"123,088",0,0,0,0,0,48120,3001 MILLER RD,"DEARBORN, MI","WAYNE, MI",42.30886967,-83.15678743,Toluene (108-88-3),336 Transportation Equipment,336390 Other Motor Vehicle Parts Manufacturing,FORD MOTOR CO,2.00,2.00,0.00,0.00,0.00,2.00,1,0
FORD MOTOR CO DEARBORN ENGINE PLANT,48121FRDM33001M,2024,26163985700,"123,088",0,0,0,0,0,48120,3001 MILLER RD,"DEARBORN, MI","WAYNE, MI",42.30886967,-83.15678743,n-Butyl alcohol (71-36-3),336 Transportation Equipment,336310 Motor Vehicle Gasoline Engine and Engine Parts Manufacturing,FORD MOTOR CO,2.00,2.00,0.00,0.00,0.00,2.00,20,0
FORD MOTOR CO DEARBORN ENGINE PLANT,48121FRDM33001M,2024,26163985700,"123,088",0,0,0,0,0,48120,3001 MILLER RD,"DEARBORN, MI","WAYNE, MI",42.30886967,-83.15678743,Xylene (mixed isomers) (1330-20-7),336 Transportation Equipment,336310 Motor Vehicle Gasoline Engine and Engine Parts Manufacturing,FORD MOTOR CO,2.00,2.00,0.00,0.00,0.00,2.00,70,0
FORD MOTOR CO DEARBORN STAMPING PLANT,48121FRDM13001M,2024,26163985700,"123,088",0,0,0,0,0,48120,3001 MILLER RD,"DEARBORN, MI","WAYNE, MI",42.30886967,-83.15678743,Ethylbenzene (100-41-4),336 Transportation Equipment,336370 Motor Vehicle Metal Stamping,FORD MOTOR CO,2.00,2.00,0.00,0.00,0.00,2.00,"1,780",0
FORD MOTOR CO WOODHAVEN FORGING PLANT,48183FRDMT24189,2024,26163982102,"53,684",0,0,0,0,0,48183,24189 ALLEN RD,"WOODHAVEN, MI","WAYNE, MI",42.13251235,-83.22571437,Chromium (7440-47-3),332 Fabricated Metals,332111 Iron and Steel Forging,FORD MOTOR CO,2.00,2.00,0.00,0.00,0.00,"15,002.00","3,840,000",0
FORD VAN DYKE PLANT,48078FRDMT41111,2024,26099230502,"96,031",99,76,0,98,0,48314,41111 VAN DYKE AVE,"STERLING HEIGHTS, MI","MACOMB, MI",42.5985284,-83.03063432,Nickel (7440-02-0),336 Transportation Equipment,336350 Motor Vehicle Transmission and Power Train Parts Manufacturing,FORD MOTOR CO,2.00,0.00,0.00,0.00,2.00,"2,501.80",182,0
FORGE GROUP MICHIGAN LLC DBA MICHIGAN FORGE CO,48910FDRLF2807S,2024,26065003301,"54,647",0,69,92,0,31,48910,2807 S MARTIN LUTHER KING BLVD.,"LANSING, MI","INGHAM, MI",42.7049895,-84.56728385,Chromium (7440-47-3),332 Fabricated Metals,332111 Iron and Steel Forging,FORGE RESOURCES GROUP LLC DBA FORGE RESOURCES GROUP,2.00,2.00,0.00,0.00,0.00,"5,564.00","3,840,000",0
GAST MANUFACTURING INC,49022GSTMN2300H,2024,26021002000,"33,320",78,75,41,58,81,49022,2300 HWY M-139,"BENTON HARBOR, MI","BERRIEN, MI",42.07631724,-86.43661171,Manganese (7439-96-5),333 Machinery,333912 Air and Gas Compressor Manufacturing,IDEX CORP,2.00,0.00,0.00,0.00,2.00,"3,726.00","24,000",0
GM TRUCK GROUP FLINT ASSEMBLY PLANT,48551GMCTRG3100,2024,26049980000,"51,226",0,0,0,0,0,48551,G-3100 VAN SLYKE RD,"FLINT, MI","GENESEE, MI",42.96697513,-83.71257194,n-Butyl alcohol (71-36-3),336 Transportation Equipment,336370 Motor Vehicle Metal Stamping,GENERAL MOTORS LLC,2.00,2.00,0.00,0.00,0.00,2.00,20,0
HARBISONWALKER INTERNATIONAL INC,49349NRTHMM378T,2024,26123970700,"2,641",52,42,31,0,79,49349,1301 E 8TH ST,"WHITE CLOUD, MI","NEWAYGO, MI",43.53974701,-85.76870178,Polycyclic aromatic compounds (N590),327 Nonmetallic Mineral Product,327120 Clay Building Material and Refractories Manufacturing,PLATINUM EQUITY ADVISORS LLC,2.00,2.00,0.00,0.00,0.00,530.00,"780,000",1
L&W INC.,4811WLWNCX621HA,2024,26163587900,"42,168",65,30,64,0,63,48111,6201 HAGGERTY RD,"BELLEVILLE, MI","WAYNE, MI",42.26013664,-83.44602511,Lead (7439-92-1),336 Transportation Equipment,336370 Motor Vehicle Metal Stamping,AUTOKINITON US HOLDINGS INC,2.00,0.00,0.00,0.00,2.00,"134,731.00","46,000",0
MPLX TERMINALS LLC - BAY CITY MI TERMINAL,48706BYCTY1806M,2024,26017285900,"44,145",62,94,90,0,62,48706,1806 MARQUETTE ST,"BAY CITY, MI","BAY, MI",43.61888918,-83.86460666,Naphthalene (91-20-3),4247 Petroleum Bulk Terminals,424710 Petroleum Bulk Stations and Terminals,MARATHON PETROLEUM CORP,2.00,2.00,0.00,0.00,0.00,68.00,"24,000",0
MPLX TERMINALS LLC - JACKSON MI TERMINAL,49201JCKSN2090M,2024,26075005602,"12,883",22,72,28,0,50,49201,2090 MORRILL RD,"JACKSON, MI","JACKSON, MI",42.31003859,-84.42477118,Naphthalene (91-20-3),4247 Petroleum Bulk Terminals,424710 Petroleum Bulk Stations and Terminals,MARATHON PETROLEUM CORP,2.00,2.00,0.00,0.00,0.00,2.00,"24,000",0
PHARMACIA & UPJOHN CO LLC A SUBSIDIARY OF PFIZER INC,49001THPJH7171P,2024,26077001905,"31,983",66,12,0,69,34,49002,7171 PORTAGE RD,"PORTAGE, MI","KALAMAZOO, MI",42.21133108,-85.55988021,n-Butyl alcohol (71-36-3),325 Chemicals,325412 Pharmaceutical Preparation Manufacturing,PFIZER INC,2.00,2.00,0.00,0.00,0.00,"41,922.00",20,0
PHILLIPS & JOHNSTON ROCK RIVER FABRICATIONS,4954WPHLLP767CA,2024,26081014605,"36,282",27,21,0,76,30,49548,7670 CATERPILLAR CT SW,"GRAND RAPIDS, MI","KENT, MI",42.82291793,-85.66951932,Nickel (7440-02-0),331 Primary Metals,331210 Iron and Steel Pipe and Tube Manufacturing from Purchased Steel,PHILLIPS & JOHNSTON TUBE,2.00,0.00,2.00,0.00,0.00,"30,903.00",182,0
PLASTIC PLATE INC-MONROE PLANT,49503PLSTC1648M,2024,26081000900,"101,657",68,21,33,0,54,49505,1648 MONROE AVE NW,"GRAND RAPIDS, MI","KENT, MI",42.99285169,-85.67045601,Lead (7439-92-1),332 Fabricated Metals,"332813 Electroplating, Plating, Polishing, Anodizing, and Coloring",LACKS ENTERPRISES INC,2.00,0.00,0.00,0.00,2.00,2.00,"41,000",0
PLASTIC PLATE INC. - KRAFT PLATER,4951WPLSTC5675K,2024,26081012203,"9,692",44,55,41,0,12,49512,5675 KRAFT AVE,"KENTWOOD, MI","KENT, MI",42.8607181,-85.5279897,Lead (7439-92-1),332 Fabricated Metals,"332813 Electroplating, Plating, Polishing, Anodizing, and Coloring",LACKS ENTERPRISES INC,2.00,0.00,0.00,0.00,2.00,2.00,"36,000",0
YANFENG AUTOMOTIVE INTERIORS PMSC & CW  SOUTHVIEW,49423NTRRT1776A,2024,26005032401,"19,514",81,35,51,73,72,49423,1600 S WASHINGTON AVE,"HOLLAND, MI","ALLEGAN, MI",42.7451061,-86.11609499,N-Methyl-2-pyrrolidone (872-50-4),336 Transportation Equipment,336360 Motor Vehicle Seating and Interior Trim Manufacturing,YANFENG US AUTOMOTIVE INTERIORS,2.00,2.00,0.00,0.00,0.00,2.00,0,0
YANFENG AUTOMOTIVE INTERIORS PMSC & CW  SOUTHVIEW,49423NTRRT1776A,2024,26005032401,"19,514",81,35,51,73,72,49423,1600 S WASHINGTON AVE,"HOLLAND, MI","ALLEGAN, MI",42.7451061,-86.11609499,Toluene (108-88-3),336 Transportation Equipment,336360 Motor Vehicle Seating and Interior Trim Manufacturing,YANFENG US AUTOMOTIVE INTERIORS,2.00,2.00,0.00,0.00,0.00,942.00,1,0
TRANE CREATIVE SOLUTIONS,4951WTRNGR55CRP,2024,26081012203,"11,867",44,55,41,0,12,49512,5005 CORPORATE EXCHANGE BLVD SE,"GRAND RAPIDS, MI","KENT, MI",42.86432108,-85.54272972,Copper (7440-50-8),333 Machinery,333415 Air-Conditioning and Warm Air Heating Equipment and Commercial and Industrial Refrigeration..,TRANE TECHNOLOGIES CO LLC,1.98,1.98,0.00,0.00,0.00,"22,342.98","2,970",0
CENTURY FOUNDRY INC,49444CNTRY339WH,2024,26121001200,"59,982",71,32,99,0,38,49444,339 W HOVEY,"MUSKEGON, MI","MUSKEGON, MI",43.20875176,-86.25262954,Lead (7439-92-1),331 Primary Metals,331524 Aluminum Foundries (except Die-Casting),NA,1.94,1.93,0.00,0.00,0.01,22.13,"44,588",0
MICHIGAN AUTOMOTIVE COMPRESSOR  INC.,49269MCHGN2400N,2024,26075006500,"4,298",35,87,35,57,37,49269,2400 N DEARING RD,"PARMA, MI","JACKSON, MI",42.26599635,-84.53948065,Copper compounds (N100),336 Transportation Equipment,336390 Other Motor Vehicle Parts Manufacturing,TOYOTA INDUSTRIES NORTH AMERICA,1.91,0.00,0.00,0.00,1.91,"46,939.06","2,865",0
EMERALD STEEL PROCESSING LLC - MADISON HEIGHTS FACILITY,48071STLPR31624,2024,26125181100,"116,262",0,0,0,0,0,48071,31624 STEPHENSON HWY,"MADISON HEIGHTS, MI","OAKLAND, MI",42.52497904,-83.11951882,Manganese (7439-96-5),332 Fabricated Metals,332811 Metal Heat Treating,NA,1.91,0.00,0.00,0.00,1.91,1.91,"6,730",0
CALUMET ELECTRONICS CORP,49913CLMTL25830,2024,26061000300,"6,880",67,86,87,58,32,49913,25830 DEPOT ST,"CALUMET, MI","HOUGHTON, MI",47.24014029,-88.44912896,Hydroquinone (123-31-9),334 Computers and Electronic Products,334412 Bare Printed Circuit Board Manufacturing,NA,1.85,0.00,0.00,0.00,1.85,23.08,"110,784",0
GM TRUCK GROUP FLINT ASSEMBLY PLANT,48551GMCTRG3100,2024,26049980000,"51,226",0,0,0,0,0,48551,G-3100 VAN SLYKE RD,"FLINT, MI","GENESEE, MI",42.96697513,-83.71257194,Zinc compounds (N982),336 Transportation Equipment,336350 Motor Vehicle Transmission and Power Train Parts Manufacturing,GENERAL MOTORS LLC,1.81,1.00,0.00,0.00,0.81,6.82,103,0
GM TRUCK GROUP FLINT ASSEMBLY PLANT,48551GMCTRG3100,2024,26049980000,"51,226",0,0,0,0,0,48551,G-3100 VAN SLYKE RD,"FLINT, MI","GENESEE, MI",42.96697513,-83.71257194,Lead (7439-92-1),336 Transportation Equipment,336370 Motor Vehicle Metal Stamping,GENERAL MOTORS LLC,1.80,0.17,0.00,0.00,1.62,4.90,"41,227",0
ALUDYNE N.A. LLC - ALMA,48801CNTCH205NG,2024,26057000600,"12,702",91,59,75,0,33,48801,250 ADAMS ST,"ALMA, MI","GRATIOT, MI",43.37732742,-84.64890139,Lead compounds (N420),331 Primary Metals,331523 Nonferrous Metal Die-Casting Foundries,ALUDYNE INC,1.75,0.33,0.00,0.00,1.42,348.75,"40,250",0
FLOWSERVE CORP,49001DRMTL2100F,2024,26077001801,"56,946",79,14,29,0,50,49001,2100 FACTORY ST,"KALAMAZOO, MI","KALAMAZOO, MI",42.27107591,-85.5556818,Lead compounds (N420),339 Miscellaneous Manufacturing,"339991 Gasket, Packing, and Sealing Device Manufacturing",FLOWSERVE CORP,1.75,1.75,0.00,0.00,0.00,"1,630.75","40,250",0
MICHIGAN PAVING & MATERIALS CO - JACKSON,4920WMCHGN16NEL,2024,26075005900,"38,326",25,70,36,0,60,49202,1600 N ELM ST,"JACKSON, MI","JACKSON, MI",42.27201416,-84.3844215,Polycyclic aromatic compounds (N590),324 Petroleum Products,324121 Asphalt Paving Mixture and Block Manufacturing,CRH AMERICAS INC,1.59,1.59,0.00,0.00,0.00,1.59,"620,100",0
ANDERSON DEVELOPMENT CO,49221NDRSN1415E,2024,26091061301,"26,525",93,24,86,0,82,49221,1415 E MICHIGAN ST,"ADRIAN, MI","LENAWEE, MI",41.89404029,-84.01757843,"Toluene-2,4-diisocyanate (584-84-9)",325 Chemicals,325211 Plastics Material and Resin Manufacturing,MITSUI & CO (USA) INC,1.57,1.57,0.00,0.00,0.00,"5,125.57","78,500",0
GM TRUCK GROUP FLINT ASSEMBLY PLANT,48551GMCTRG3100,2024,26049980000,"51,226",0,0,0,0,0,48551,G-3100 VAN SLYKE RD,"FLINT, MI","GENESEE, MI",42.96697513,-83.71257194,Zinc compounds (N982),336 Transportation Equipment,336370 Motor Vehicle Metal Stamping,GENERAL MOTORS LLC,1.52,1.00,0.00,0.00,0.52,36.52,102,0
REPUBLIC INDUSTRIAL & ENERGY SOLUTIONS LLC,4817WRPBLC2847C,2024,26163585500,"54,199",57,20,64,0,51,48174,28470 CITRIN DR,"ROMULUS, MI","WAYNE, MI",42.24413692,-83.31844219,Dioxin and dioxin-like compounds (N150),562 Hazardous Waste,562211 Hazardous Waste Treatment and Disposal,REPUBLIC SERVICES INC,1.51,0.00,0.00,1.51,0.00,1.51,"2,108,421,000",0
CARMEUSE LIME INC  RIVER ROUGE FACILITY,48218DTRTL25MAR,2024,26163985600,"75,289",0,0,0,0,0,48218,25 MARION AVE,"RIVER ROUGE, MI","WAYNE, MI",42.27738519,-83.1284688,Mercury compounds (N458),327 Nonmetallic Mineral Product,327410 Lime Manufacturing,CARMEUSE NORTH AMERICA,1.46,1.46,0.00,0.00,0.00,1.46,"17,520",0
AAM METAL FORMING AUBURN HILLS MANUFACTURING COMPLEX,4832WMMTLF1987T,2024,26125140500,-,21,23,78,0,52,48326,1987 TAYLOR RD,"AUBURN HILLS, MI","OAKLAND, MI",42.68977532,-83.25656691,Ethylene glycol (107-21-1),336 Transportation Equipment,336350 Motor Vehicle Transmission and Power Train Parts Manufacturing,AMERICAN AXLE & MANUFACTURING HOLDINGS INC,1.45,1.45,0.00,0.00,0.00,"1,454.45",13,0
FLEXIBLE STEEL LACING CO. D/B/A FLEXCO INC.,4954WFLXCN1854N,2024,26081011502,"38,005",14,44,0,0,52,49544,1854 NORTHRIDGE DRIVE NW,"WALKER, MI","KENT, MI",43.02519054,-85.71688849,Manganese (7439-96-5),333 Machinery,333922 Conveyor and Conveying Equipment Manufacturing,FLEXIBLE STEEL LACING CO,1.45,0.00,0.00,0.00,1.45,"14,045.45","17,400",0
RICHARD-ALLAN SCIENTIFIC,49008RCHRD4481C,2024,26077001604,"63,148",46,76,56,71,11,49008,4481 CAMPUS DR,"KALAMAZOO, MI","KALAMAZOO, MI",42.25668735,-85.63865076,Toluene (108-88-3),325 Chemicals,325413 In-Vitro Diagnostic Substance Manufacturing,NEW ERIE,1.42,1.42,0.00,0.00,0.00,"1,627.42",1,0
ADRIAN STEEL CO,49221DRNST96JAM,2024,26091061600,"26,635",28,37,99,74,85,49221,906 JAMES ST,"ADRIAN, MI","LENAWEE, MI",41.88729148,-84.02539974,Manganese (7439-96-5),337 Furniture,"337215 Showcase, Partition, Shelving, and Locker Manufacturing",NA,1.40,1.40,0.00,0.00,0.00,"83,802.56","16,800",0
MORBARK LLC,4889WMRBRK857SW,2024,26073000300,"1,140",49,39,49,71,72,48896,8507 S WINN RD,"WINN, MI","ISABELLA, MI",43.51765055,-84.90578761,Zinc compounds (N982),333 Machinery,333120 Construction Machinery Manufacturing,ALAMO GROUP INC,1.38,1.38,0.00,0.00,0.00,"26,046.38",138,0
NEW GLDC LLC,49441DLSCC1806B,2024,26121000800,"58,413",34,75,0,0,16,49441,1940 HENRY ST,"MUSKEGON, MI","MUSKEGON, MI",43.21726449,-86.26275993,Lead (7439-92-1),331 Primary Metals,331523 Nonferrous Metal Die-Casting Foundries,NA,1.36,1.00,0.00,0.00,0.36,1.36,"31,280",0
EMERALD STEEL PROCESSING LLC - MADISON HEIGHTS FACILITY,48071STLPR31624,2024,26125181100,"116,262",0,0,0,0,0,48071,31624 STEPHENSON HWY,"MADISON HEIGHTS, MI","OAKLAND, MI",42.52497904,-83.11951882,Chromium (7440-47-3),332 Fabricated Metals,332811 Metal Heat Treating,NA,1.35,0.00,0.00,0.00,1.35,1.35,"142,040",0
FCA US TRENTON ENGINE COMPLEX,48183CHRYS2000V,2024,26163982301,"44,999",0,0,0,0,0,48183,2300 VAN HORN,"TRENTON, MI","WAYNE, MI",42.12686501,-83.19409761,Nickel (7440-02-0),336 Transportation Equipment,336310 Motor Vehicle Gasoline Engine and Engine Parts Manufacturing,FCA US LLC,1.30,0.00,0.00,0.00,1.30,"5,651.31","930,027",0
MARATHON PETROLEUM CO LP - MICHIGAN REFINING DIV,48217MRTHN1300S,2024,26163524500,"94,854",0,35,0,0,0,48217,1300 S FORT ST HES DEPT,"DETROIT, MI","WAYNE, MI",42.28071629,-83.15192609,"Benzo[g,h,i]perylene (191-24-2)",324 Petroleum Products,324110 Petroleum Refineries,MARATHON PETROLEUM CORP,1.30,0.30,0.00,0.00,1.00,11.50,"26,000",0
MICHIGAN AUTOMOTIVE COMPRESSOR  INC.,49269MCHGN2400N,2024,26075006500,"4,298",35,87,35,57,37,49269,2400 N DEARING RD,"PARMA, MI","JACKSON, MI",42.26599635,-84.53948065,Lead (7439-92-1),336 Transportation Equipment,336390 Other Motor Vehicle Parts Manufacturing,TOYOTA INDUSTRIES NORTH AMERICA,1.28,0.00,0.00,0.00,1.28,"1,174.71","28,090",0
COSMA CASTING MICHIGAN,4903WCSMCS1CLAR,2024,26025002600,"11,890",56,21,66,71,74,49037,10 CLARK RD N,"BATTLE CREEK, MI","CALHOUN, MI",42.3464351,-85.2805623,Lead (7439-92-1),331 Primary Metals,331523 Nonferrous Metal Die-Casting Foundries,MAGNA US HOLDING INC,1.28,0.36,0.22,0.00,0.70,92.78,"28,340",0
KENT FOUNDRY,48838KNTFN1413C,2024,26117971200,"10,319",17,78,0,0,44,48838,1413 CALLAGHAN ST,"GREENVILLE, MI","MONTCALM, MI",43.18660349,-85.22768736,Lead (7439-92-1),331 Primary Metals,331511 Iron Foundries,NA,1.27,0.02,0.00,0.00,1.25,10.32,"29,210",0
AAM METAL FORMING AUBURN HILLS MANUFACTURING COMPLEX,4832WMMTLF1987T,2024,26125140500,-,21,23,78,0,52,48326,1987 TAYLOR RD,"AUBURN HILLS, MI","OAKLAND, MI",42.68977532,-83.25656691,Nickel (7440-02-0),336 Transportation Equipment,336350 Motor Vehicle Transmission and Power Train Parts Manufacturing,AMERICAN AXLE & MANUFACTURING HOLDINGS INC,1.23,0.01,0.00,0.00,1.22,20.23,"1,143,900",1
CASCADE DIE CASTING MID-STATE,49548MDSTT7750S,2024,26081014605,"37,490",27,21,0,76,30,49548,7750 DIVISION AVE S,"GRAND RAPIDS, MI","KENT, MI",42.82410645,-85.66352801,Lead (7439-92-1),331 Primary Metals,331523 Nonferrous Metal Die-Casting Foundries,CASCADE DIE CASTING GROUP INC,1.20,0.00,0.00,0.00,1.20,8.70,"27,624",0
MACDERMID INC,48220MCDRM1221F,2024,26125173600,"148,892",15,29,26,0,39,48220,1221 FARROW AVE,"FERNDALE, MI","OAKLAND, MI",42.4572589,-83.1182239,Formic acid (64-18-6),325 Chemicals,325998 All Other Miscellaneous Chemical Product and Preparation Manufacturing,ELEMENT SOLUTIONS INC,1.20,1.20,0.00,0.00,0.00,246.17,1,0
REC BOAT HOLDINGS-CRUISER PLANT,49601FRWNN609W1,2024,26165380700,"12,965",76,20,69,0,73,49601,609 13TH ST,"CADILLAC, MI","WEXFORD, MI",44.26685754,-85.41677377,Diisocyanates (N120),336 Transportation Equipment,336612 Boat Building,REC BOAT HOLDINGS LLC,1.14,1.14,0.00,0.00,0.00,1.14,"399,000",0
MICHIGAN PAVING & MATERIALS CO. SPARTAN ASPHALT - LANSING,4890WSPRTN38WDS,2024,26037010203,"49,683",67,60,54,72,58,48906,16777 WOOD RD,"LANSING, MI","CLINTON, MI",42.77324941,-84.52296098,Polycyclic aromatic compounds (N590),324 Petroleum Products,324121 Asphalt Paving Mixture and Block Manufacturing,CRH AMERICAS INC,1.13,1.13,0.00,0.00,0.00,1.13,"440,700",0
AAM METAL FORMING AUBURN HILLS MANUFACTURING COMPLEX,4832WMMTLF1987T,2024,26125140500,-,21,23,78,0,52,48326,1987 TAYLOR RD,"AUBURN HILLS, MI","OAKLAND, MI",42.68977532,-83.25656691,Chromium (7440-47-3),336 Transportation Equipment,336350 Motor Vehicle Transmission and Power Train Parts Manufacturing,AMERICAN AXLE & MANUFACTURING HOLDINGS INC,1.13,0.01,0.00,0.00,1.12,35.13,"24,588,800",1
KAISER ALUMINUM FABRICATED PRODUCTS LLC,4904WKSRLM525KA,2024,26077006702,"24,754",0,91,0,0,24,49048,5205 KAISER DRIVE,"KALAMAZOO, MI","KALAMAZOO, MI",42.25488262,-85.52336693,Copper (7440-50-8),331 Primary Metals,331314 Secondary Smelting and Alloying of Aluminum,KAISER ALUMINUM FABRICATED PRODUCTS LLC,1.11,0.54,0.00,0.00,0.57,"3,837.20","1,668",0
PHILLIPS & JOHNSTON ROCK RIVER FABRICATIONS,4954WPHLLP767CA,2024,26081014605,"36,282",27,21,0,76,30,49548,7670 CATERPILLAR CT SW,"GRAND RAPIDS, MI","KENT, MI",42.82291793,-85.66951932,Chromium (7440-47-3),331 Primary Metals,331210 Iron and Steel Pipe and Tube Manufacturing from Purchased Steel,PHILLIPS & JOHNSTON TUBE,1.10,0.00,1.00,0.00,0.10,"32,607.10","2,267,800",0
AUTOCAM,4904WTCMXX21PEB,2024,26027002000,-,85,70,89,0,81,49047,201 PERCY ST,"DOWAGIAC, MI","CASS, MI",41.99187826,-86.09641323,Lead (7439-92-1),336 Transportation Equipment,336390 Other Motor Vehicle Parts Manufacturing,NN INC,1.08,1.00,0.00,0.00,0.08,167.08,"24,840",0
MICHIGAN PAVING & MATERIALS - GR NORTH (COMSTOCK PARK),4932WMCHGN3566M,2024,26081011101,"52,869",42,54,29,0,14,49321,3566 MILL CREEK AVE N E,"COMSTOCK PARK, MI","KENT, MI",43.02917118,-85.66742907,Polycyclic aromatic compounds (N590),324 Petroleum Products,324121 Asphalt Paving Mixture and Block Manufacturing,CRH AMERICAS INC,1.06,1.06,0.00,0.00,0.00,1.06,"413,400",0
AMPHENOL BORISCH TECHNOLOGIES,49512BRSCH4511E,2024,26081012604,"34,596",90,6,32,78,55,49512,4511 E PARIS AVE,"GRAND RAPIDS, MI","KENT, MI",42.88180619,-85.56697953,Lead (7439-92-1),334 Computers and Electronic Products,334418 Printed Circuit Assembly (Electronic Assembly) Manufacturing,AMPHENOL CORP,1.00,0.00,0.00,0.00,1.00,1.00,"18,000",1
AUTOCAM PRECISION COMPONENTS,49068TCMCR1511G,2024,26025004000,"9,421",84,35,68,0,22,49068,1511 GEORGE BROWN DR,"MARSHALL, MI","CALHOUN, MI",42.24771705,-84.95651462,Lead (7439-92-1),332 Fabricated Metals,332721 Precision Turned Product Manufacturing,NN INC,1.00,1.00,0.00,0.00,0.00,308.00,"23,000",0
CADILLAC ASPHALT LLC - RAWSONVILLE,4811WCDLLC1785R,2024,26161984000,"38,440",0,0,0,0,0,48111,1785 RAWSONVILLE RD,"BELLEVILLE, MI","WAYNE, MI",42.22049045,-83.54700974,Polycyclic aromatic compounds (N590),324 Petroleum Products,324121 Asphalt Paving Mixture and Block Manufacturing,CRH AMERICAS INC,1.00,1.00,0.00,0.00,0.00,1.00,"390,000",0
CORTEVA AGRISCIENCE LLC - MIDLAND,4867WDWGRS71WAS,2024,26111290600,"30,090",74,14,85,0,68,48640,701 WASHINGTON ST,"MIDLAND, MI","MIDLAND, MI",43.60532757,-84.21757491,"2,4-D sodium salt (2702-72-9)",325 Chemicals,325320 Pesticide and Other Agricultural Chemical Manufacturing,CORTEVA INC,1.00,1.00,0.00,0.00,0.00,511.00,0,0
DETROIT DIESEL CORP,48239DTRTD13400,2024,26163981800,"130,202",0,0,0,0,0,48239,13400 OUTER DR W,"DETROIT, MI","WAYNE, MI",42.37651168,-83.26110216,Chromium (7440-47-3),333 Machinery,333618 Other Engine Equipment Manufacturing,DAIMLER TRUCKS NORTH AMERICA LLC,1.00,0.00,0.00,0.00,1.00,"56,549.00","13,500",0
DETROIT DIESEL CORP,48239DTRTD13400,2024,26163981800,"130,202",0,0,0,0,0,48239,13400 OUTER DR W,"DETROIT, MI","WAYNE, MI",42.37651168,-83.26110216,Manganese (7439-96-5),333 Machinery,333618 Other Engine Equipment Manufacturing,DAIMLER TRUCKS NORTH AMERICA LLC,1.00,0.00,0.00,0.00,1.00,"102,132.00",7,0
ELECTRONICS FOR IMAGING INC,48197LCTRN126JA,2024,26161413403,"65,074",84,50,0,59,25,48197,1260 JAMES L HART PKWY,"YPSILANTI, MI","WASHTENAW, MI",42.22408113,-83.63018094,Certain glycol ethers (N230),325 Chemicals,325910 Printing Ink Manufacturing,ELECTRONICS FOR IMAGING INC,1.00,1.00,0.00,0.00,0.00,854.00,180,0
FCA US WARREN STAMPING PLANT,48091WRRNS22800,2024,26099982200,"129,109",0,0,0,0,93,48091,22800 MOUND RD,"WARREN, MI","MACOMB, MI",42.46100325,-83.04452265,n-Butyl alcohol (71-36-3),336 Transportation Equipment,336370 Motor Vehicle Metal Stamping,FCA US LLC,1.00,1.00,0.00,0.00,0.00,1.00,10,0
FORD MOTOR CO DEARBORN DIVERSIFIED MANUFACTURING,48121DRBRN3001M,2024,26163985700,"123,088",0,0,0,0,0,48120,3001 MILLER RD,"DEARBORN, MI","WAYNE, MI",42.30886967,-83.15678743,Lead (7439-92-1),336 Transportation Equipment,336390 Other Motor Vehicle Parts Manufacturing,FORD MOTOR CO,1.00,0.20,0.00,0.00,0.80,56.00,"19,000",0
FORD MOTOR CO DEARBORN TOOL & DIE PLANT,48121FRDM43001M,2024,26163985700,"123,088",0,0,0,0,0,48120,3001 MILLER RD,"DEARBORN, MI","WAYNE, MI",42.30886967,-83.15678743,Nickel (7440-02-0),333 Machinery,"333514 Special Die and Tool, Die Set, Jig, and Fixture Manufacturing",FORD MOTOR CO,1.00,1.00,0.00,0.00,0.00,401.00,"930,000",0
FORD MOTOR CO WAYNE INTEGRAL STAMPING,48184FRDMT37500,2024,26163566700,"56,666",14,15,80,62,67,48184,37500 VAN BORN,"WAYNE, MI","WAYNE, MI",42.26622935,-83.40906,Manganese (7439-96-5),336 Transportation Equipment,336370 Motor Vehicle Metal Stamping,FORD MOTOR CO,1.00,1.00,0.00,0.00,0.00,"45,001.00","12,000",0
FORD MOTOR CO WAYNE INTEGRAL STAMPING,48184FRDMT37500,2024,26163566700,"56,666",14,15,80,62,67,48184,37500 VAN BORN,"WAYNE, MI","WAYNE, MI",42.26622935,-83.40906,n-Butyl alcohol (71-36-3),336 Transportation Equipment,336370 Motor Vehicle Metal Stamping,FORD MOTOR CO,1.00,1.00,0.00,0.00,0.00,1.00,10,0
FORD MOTOR CO WAYNE INTEGRAL STAMPING,48184FRDMT37500,2024,26163566700,"56,666",14,15,80,62,67,48184,37500 VAN BORN,"WAYNE, MI","WAYNE, MI",42.26622935,-83.40906,Toluene (108-88-3),336 Transportation Equipment,336370 Motor Vehicle Metal Stamping,FORD MOTOR CO,1.00,1.00,0.00,0.00,0.00,1.00,1,0
GAST MANUFACTURING INC,49022GSTMN2300H,2024,26021002000,"33,320",78,75,41,58,81,49022,2300 HWY M-139,"BENTON HARBOR, MI","BERRIEN, MI",42.07631724,-86.43661171,Copper (7440-50-8),333 Machinery,333912 Air and Gas Compressor Manufacturing,IDEX CORP,1.00,0.00,0.00,0.00,1.00,"4,616.00","1,500",0
GENERAL MOTORS LANSING DELTA TOWNSHIP,48917GNRLM85REL,2024,26045020302,"10,044",63,24,60,0,0,48917,8175 MILLETT HWY,"LANSING, MI","EATON, MI",42.69753322,-84.67379564,Cyclohexane (110-82-7),336 Transportation Equipment,336110 Automobile and Light Duty Motor Vehicle Manufacturing,GENERAL MOTORS LLC,1.00,1.00,0.00,0.00,0.00,3.00,1,0
GM TRUCK GROUP FLINT ASSEMBLY PLANT,48551GMCTRG3100,2024,26049980000,"51,226",0,0,0,0,0,48551,G-3100 VAN SLYKE RD,"FLINT, MI","GENESEE, MI",42.96697513,-83.71257194,Cumene (98-82-8),336 Transportation Equipment,336350 Motor Vehicle Transmission and Power Train Parts Manufacturing,GENERAL MOTORS LLC,1.00,1.00,0.00,0.00,0.00,1.00,9,0
GM TRUCK GROUP FLINT ASSEMBLY PLANT,48551GMCTRG3100,2024,26049980000,"51,226",0,0,0,0,0,48551,G-3100 VAN SLYKE RD,"FLINT, MI","GENESEE, MI",42.96697513,-83.71257194,Cyclohexane (110-82-7),336 Transportation Equipment,336110 Automobile and Light Duty Motor Vehicle Manufacturing,GENERAL MOTORS LLC,1.00,1.00,0.00,0.00,0.00,332.00,1,0
MAGNA POWERTRAIN SHELBY TOWNSHIP,4831WMGNPW68623,2024,-,-,-,-,-,-,-,48316,6806 23 MILE RD,"SHELBY TOWNSHIP, MI","MACOMB, MI",42.6693686,-83.04476674,Manganese (7439-96-5),336 Transportation Equipment,336390 Other Motor Vehicle Parts Manufacturing,MAGNA US HOLDING INC,1.00,1.00,0.00,0.00,0.00,"3,326.00","12,000",0
MB AEROSPACE WARREN LLC,4808WMBRSP2525E,2024,26099262800,"148,794",54,17,85,0,57,48089,25250 EASY ST,"WARREN, MI","MACOMB, MI",42.48197335,-82.97593379,Chromium (7440-47-3),336 Transportation Equipment,336412 Aircraft Engine and Engine Parts Manufacturing,MB AEROSPACE HOLDINGS III CORP,1.00,0.00,0.00,0.00,1.00,"17,540.00","13,440,000",0
MB AEROSPACE WARREN LLC,4808WMBRSP2525E,2024,26099262800,"148,794",54,17,85,0,57,48089,25250 EASY ST,"WARREN, MI","MACOMB, MI",42.48197335,-82.97593379,Nickel (7440-02-0),336 Transportation Equipment,336412 Aircraft Engine and Engine Parts Manufacturing,MB AEROSPACE HOLDINGS III CORP,1.00,0.00,0.00,0.00,1.00,"43,385.00","930,000",0
MERCURY DISPLACEMENT INDUSTRIES INC.,49112MRCRY2528U,2024,26027001802,"7,678",41,79,23,0,50,49112,25028 U.S. 12 E,"EDWARDSBURG, MI","CASS, MI",41.79785563,-86.04994455,Mercury (7439-97-6),335 Electrical Equipment,335314 Relay and Industrial Control Manufacturing,NA,1.00,1.00,0.00,0.00,0.00,1.00,"12,000",0
MICHIGAN PAVING & MATERIALS CO. - GR SOUTH,4950WMCHGN11MAR,2024,26081002600,"110,902",97,9,29,67,82,49503,1100 MARKET ST S W,"GRAND RAPIDS, MI","KENT, MI",42.94886858,-85.69695653,Polycyclic aromatic compounds (N590),324 Petroleum Products,324121 Asphalt Paving Mixture and Block Manufacturing,CRH AMERICAS INC,1.00,1.00,0.00,0.00,0.00,1.00,"390,000",0
MPLX TERMINALS LLC - FLINT MI TERMINAL,48458FLNTMG6065,2024,26049012201,"40,755",63,30,95,62,89,48458,G-6065 N DORT HWY,"MOUNT MORRIS, MI","GENESEE, MI",43.09121177,-83.67460617,Naphthalene (91-20-3),4247 Petroleum Bulk Terminals,424710 Petroleum Bulk Stations and Terminals,MARATHON PETROLEUM CORP,1.00,1.00,0.00,0.00,0.00,21.00,"12,000",0
MPLX TERMINALS LLC - ROMULUS MI TERMINAL,48174RMLSR28000,2024,26163585500,"57,324",57,20,64,0,51,48174,28001 CITRIN DR,"ROMULUS, MI","WAYNE, MI",42.24555362,-83.30829788,Naphthalene (91-20-3),4247 Petroleum Bulk Terminals,424710 Petroleum Bulk Stations and Terminals,MARATHON PETROLEUM CORP,1.00,1.00,0.00,0.00,0.00,1.00,"12,000",0
PHARMACIA & UPJOHN CO LLC A SUBSIDIARY OF PFIZER INC,49001THPJH7171P,2024,26077001905,"31,983",66,12,0,69,34,49002,7171 PORTAGE RD,"PORTAGE, MI","KALAMAZOO, MI",42.21133108,-85.55988021,Dimethyl sulfate (77-78-1),325 Chemicals,325412 Pharmaceutical Preparation Manufacturing,PFIZER INC,1.00,1.00,0.00,0.00,0.00,3.00,0,0
PHARMACIA & UPJOHN CO LLC A SUBSIDIARY OF PFIZER INC,49001THPJH7171P,2024,26077001905,"31,983",66,12,0,69,34,49002,7171 PORTAGE RD,"PORTAGE, MI","KALAMAZOO, MI",42.21133108,-85.55988021,Ethylbenzene (100-41-4),325 Chemicals,325412 Pharmaceutical Preparation Manufacturing,PFIZER INC,1.00,1.00,0.00,0.00,0.00,"23,841.00",890,0
SAFETY-KLEEN SYSTEMS MASON (MMB),48854SFTYK700ZI,2024,26065006301,"9,676",53,10,22,0,39,48854,700 ZIMMERMAN RD,"MASON, MI","INGHAM, MI",42.59209314,-84.4540902,Ethylene glycol (107-21-1),562 Hazardous Waste,562112 Hazardous Waste Collection,CLEAN HARBORS INC,1.00,1.00,0.00,0.00,0.00,"54,830.80",9,0
THE DOW CHEMICAL CO,48667THDWCMICHI,2024,26111290600,"25,530",74,14,85,0,68,48667,1790 BUILDING,"MIDLAND, MI","MIDLAND, MI",43.6095201,-84.2393991,"2,4-D 2-butoxyethyl ester (1929-73-3)",325 Chemicals,325211 Plastics Material and Resin Manufacturing,DOW INC,1.00,1.00,0.00,0.00,0.00,"17,001.00",200,0
THE DOW CHEMICAL CO,48667THDWCMICHI,2024,26111290600,"25,530",74,14,85,0,68,48667,1790 BUILDING,"MIDLAND, MI","MIDLAND, MI",43.6095201,-84.2393991,Epichlorohydrin (106-89-8),325 Chemicals,325211 Plastics Material and Resin Manufacturing,DOW INC,1.00,1.00,0.00,0.00,0.00,"18,002.00","4,300",0
THE DOW CHEMICAL CO,48667THDWCMICHI,2024,26111290600,"25,530",74,14,85,0,68,48667,1790 BUILDING,"MIDLAND, MI","MIDLAND, MI",43.6095201,-84.2393991,Triethylamine (121-44-8),325 Chemicals,325211 Plastics Material and Resin Manufacturing,DOW INC,1.00,1.00,0.00,0.00,0.00,"20,001.00",500,0
TOWER AUTOMOTIVE CLINTON,48036TWRTM44850,2024,26099240000,"60,171",65,49,76,0,66,48036,44850 GROESBECK HWY,"CLINTON TOWNSHIP, MI","MACOMB, MI",42.62761425,-82.87619874,Chromium (7440-47-3),336 Transportation Equipment,336370 Motor Vehicle Metal Stamping,AUTOKINITON US HOLDINGS INC,1.00,0.00,0.00,0.00,1.00,"70,284.00","21,760,000",1
MICHIGAN PAVING & MATERIALS CO - KALAMAZOO ASPHALT,4900WMCHGN2GLEN,2024,26077001801,"53,462",79,14,29,0,50,49001,2000 GLENDENNING,"KALAMAZOO, MI","KALAMAZOO, MI",42.27119823,-85.548816,Polycyclic aromatic compounds (N590),324 Petroleum Products,324121 Asphalt Paving Mixture and Block Manufacturing,CRH AMERICAS INC,0.94,0.94,0.00,0.00,0.00,0.94,"366,600",0
KAISER ALUMINUM FABRICATED PRODUCTS LLC,4904WKSRLM525KA,2024,26077006702,"24,754",0,91,0,0,24,49048,5205 KAISER DRIVE,"KALAMAZOO, MI","KALAMAZOO, MI",42.25488262,-85.52336693,Chromium (7440-47-3),331 Primary Metals,331314 Secondary Smelting and Alloying of Aluminum,KAISER ALUMINUM FABRICATED PRODUCTS LLC,0.94,0.82,0.00,0.00,0.12,"1,287.28","1,145,818",0
GERDAU MACSTEEL MONROE,48161NRTHS3000E,2024,26115831800,"23,135",0,0,0,0,0,48161,3000 E FRONT ST,"MONROE, MI","MONROE, MI",41.89706191,-83.36151774,Mercury compounds (N458),331 Primary Metals,331110 Iron and Steel Mills and Ferroalloy Manufacturing,GERDAU USA INC,0.89,0.26,0.00,0.00,0.63,13.11,"10,332",0
OX ENGINEERED PRODUCTS INC,49042LDLWC7CENT,2024,26149041101,"4,546",38,54,63,0,79,49042,700 CENTREVILLE RD,"CONSTANTINE, MI","ST JOSEPH, MI",41.84047049,-85.65606143,Lead compounds (N420),322 Paper,322130 Paperboard Mills,OX PAPERBOARD LLC,0.84,0.12,0.00,0.00,0.72,0.84,"15,720",0
ARMSTRONG INTERNATIONAL INC,49093RMSTR816MA,2024,26149040100,"11,989",19,17,33,0,38,49093,816 MAPLE ST,"THREE RIVERS, MI","ST JOSEPH, MI",41.95489387,-85.63737969,Chromium (7440-47-3),332 Fabricated Metals,332919 Other Metal Valve and Pipe Fitting Manufacturing,ARMSTRONG GLOBAL HOLDINGS INC,0.82,0.82,0.00,0.00,0.00,"43,054.62","13,120,000",0
CADILLAC ASPHALT L.L.C. - CLARKSTON,4834WCDLLC4751W,2024,26125127300,"28,124",20,45,24,0,22,48346,4751 WHITE LAKE ROAD,"CLARKSTON, MI","OAKLAND, MI",42.70681355,-83.44169833,Polycyclic aromatic compounds (N590),324 Petroleum Products,324121 Asphalt Paving Mixture and Block Manufacturing,CRH AMERICAS INC,0.81,0.81,0.00,0.00,0.00,0.81,"315,900",0
FORD MOTOR COMPANY-STERLING I PLANT,48310FRDMT39000,2024,26099982001,"97,897",0,0,0,0,0,48310,39000 MOUND RD,"STERLING HEIGHTS, MI","MACOMB, MI",42.58333087,-83.04980086,Lead (7439-92-1),336 Transportation Equipment,336350 Motor Vehicle Transmission and Power Train Parts Manufacturing,FORD MOTOR CO,0.80,0.40,0.00,0.00,0.40,98.40,"16,900",0
FORD VAN DYKE PLANT,48078FRDMT41111,2024,26099230502,"96,031",99,76,0,98,0,48314,41111 VAN DYKE AVE,"STERLING HEIGHTS, MI","MACOMB, MI",42.5985284,-83.03063432,Lead (7439-92-1),336 Transportation Equipment,336350 Motor Vehicle Transmission and Power Train Parts Manufacturing,FORD MOTOR CO,0.80,0.00,0.00,0.00,0.80,"2,000.80","16,400",0
GENERAL SHALE BRICK INC. - PLANT 66,48817MCHGN3820S,2024,26155031700,"6,150",81,67,79,0,35,48817,3820 SERR RD,"CORUNNA, MI","SHIAWASSEE, MI",42.99494709,-84.08838546,Lead (7439-92-1),327 Nonmetallic Mineral Product,327120 Clay Building Material and Refractories Manufacturing,GENERAL SHALE BRICK INC,0.79,0.79,0.00,0.00,0.00,0.79,"18,170",0
FLEXIBLE STEEL LACING CO. D/B/A FLEXCO INC.,4954WFLXCN1854N,2024,26081011502,"38,005",14,44,0,0,52,49544,1854 NORTHRIDGE DRIVE NW,"WALKER, MI","KENT, MI",43.02519054,-85.71688849,Nickel (7440-02-0),333 Machinery,333922 Conveyor and Conveying Equipment Manufacturing,FLEXIBLE STEEL LACING CO,0.77,0.00,0.00,0.00,0.77,"11,918.77","716,100",0
CADILLAC ASPHALT LLC - WIXOM,4839WCDLLC51777,2024,26125138600,"15,421",34,13,0,65,0,48393,51777 W 12 MILE RD,"WIXOM, MI","OAKLAND, MI",42.49269648,-83.56093806,Polycyclic aromatic compounds (N590),324 Petroleum Products,324121 Asphalt Paving Mixture and Block Manufacturing,CRH AMERICAS INC,0.76,0.76,0.00,0.00,0.00,0.76,"296,400",0
SIKA CORP,48827XSNNR1611H,2024,26045021302,"8,753",86,39,56,0,72,48827,1611 HULTS DR,"EATON RAPIDS, MI","EATON, MI",42.49329498,-84.65119604,Mixture (MIXTURE),325 Chemicals,325520 Adhesive Manufacturing,SIKA CORP,0.75,0.75,0.00,0.00,0.00,"12,808.75",0,0
PLANT 820 - DETROIT SPRINGWELLS,4820WMCCGC1441S,2024,26163984100,"65,628",0,0,0,0,0,48209,1441 SPRINGWELLS CT,"DETROIT, MI","WAYNE, MI",42.28872078,-83.10378396,Lead compounds (N420),327 Nonmetallic Mineral Product,327320 Ready-Mix Concrete Manufacturing,SMYRNA READY MIX LLC,0.74,0.04,0.00,0.00,0.70,0.74,"13,430",0
FORD MOTOR CO DEARBORN STAMPING PLANT,48121FRDM13001M,2024,26163985700,"123,088",0,0,0,0,0,48120,3001 MILLER RD,"DEARBORN, MI","WAYNE, MI",42.30886967,-83.15678743,Nickel (7440-02-0),336 Transportation Equipment,336370 Motor Vehicle Metal Stamping,FORD MOTOR CO,0.70,0.70,0.00,0.00,0.00,0.70,"651,000",0
GM TRUCK GROUP FLINT ASSEMBLY PLANT,48551GMCTRG3100,2024,26049980000,"51,226",0,0,0,0,0,48551,G-3100 VAN SLYKE RD,"FLINT, MI","GENESEE, MI",42.96697513,-83.71257194,Polycyclic aromatic compounds (N590),336 Transportation Equipment,336110 Automobile and Light Duty Motor Vehicle Manufacturing,GENERAL MOTORS LLC,0.70,0.70,0.00,0.00,0.00,0.83,"273,000",0
MPLX TERMINALS LLC - BAY CITY MI TERMINAL,48706BYCTY1806M,2024,26017285900,"44,145",62,94,90,0,62,48706,1806 MARQUETTE ST,"BAY CITY, MI","BAY, MI",43.61888918,-83.86460666,Polycyclic aromatic compounds (N590),4247 Petroleum Bulk Terminals,424710 Petroleum Bulk Stations and Terminals,MARATHON PETROLEUM CORP,0.70,0.00,0.00,0.00,0.70,1.10,"273,000",0
MPLX TERMINALS LLC - ROMULUS MI TERMINAL,48174RMLSR28000,2024,26163585500,"57,324",57,20,64,0,51,48174,28001 CITRIN DR,"ROMULUS, MI","WAYNE, MI",42.24555362,-83.30829788,Polycyclic aromatic compounds (N590),4247 Petroleum Bulk Terminals,424710 Petroleum Bulk Stations and Terminals,MARATHON PETROLEUM CORP,0.70,0.00,0.00,0.00,0.70,0.80,"273,000",0
ROYAL OAK MANUFACTURING FACILITY,48073FRMNG2727W,2024,26125183000,"111,784",0,0,0,0,0,48073,2727 W 14 MILE RD,"ROYAL OAK, MI","OAKLAND, MI",42.5325658,-83.17857809,Lead (7439-92-1),332 Fabricated Metals,332111 Iron and Steel Forging,AMERICAN AXLE & MANUFACTURING HOLDINGS INC,0.70,0.00,0.00,0.00,0.70,"1,625.30","14,600",0
FLEX-N-GATE,4807WFLXNG4336C,2024,26125183300,"115,294",0,0,0,0,0,48073,4336 COOLIDGE HWY,"ROYAL OAK, MI","OAKLAND, MI",42.52684687,-83.18400815,Lead (7439-92-1),336 Transportation Equipment,336370 Motor Vehicle Metal Stamping,FLEX-N-GATE CORP,0.65,0.65,0.00,0.00,0.00,310.65,"14,863",0
KALKASKA GAS PLANT,4964WKLKSK11PRU,2024,26079950300,-,72,37,29,0,48,49646,1100 PROUGH RD SW,"KALKASKA, MI","KALKASKA, MI",44.6977712,-85.19519446,Xylene (mixed isomers) (1330-20-7),211 Natural Gas Processing,211130 Natural Gas Extraction,NA,0.63,0.63,0.00,0.00,0.00,0.63,22,0
GOLD BOND BUILDING PRODUCTS - NATIONAL CITY,48748NTNLG2375N,2024,26069000700,477,24,86,95,57,75,48748,2375 S NATIONAL CITY RD,"NATIONAL CITY, MI","IOSCO, MI",44.20896333,-83.72289626,Lead compounds (N420),327 Nonmetallic Mineral Product,327420 Gypsum Product Manufacturing,SPANGLER COS INC,0.62,0.62,0.00,0.00,0.00,0.62,"14,260",0
FCA US TRENTON ENGINE COMPLEX,48183CHRYS2000V,2024,26163982301,"44,999",0,0,0,0,0,48183,2300 VAN HORN,"TRENTON, MI","WAYNE, MI",42.12686501,-83.19409761,Lead (7439-92-1),336 Transportation Equipment,336310 Motor Vehicle Gasoline Engine and Engine Parts Manufacturing,FCA US LLC,0.60,0.00,0.00,0.00,0.60,"2,823.60","13,300",0
MPLX TERMINALS LLC - JACKSON MI TERMINAL,49201JCKSN2090M,2024,26075005602,"12,883",22,72,28,0,50,49201,2090 MORRILL RD,"JACKSON, MI","JACKSON, MI",42.31003859,-84.42477118,Polycyclic aromatic compounds (N590),4247 Petroleum Bulk Terminals,424710 Petroleum Bulk Stations and Terminals,MARATHON PETROLEUM CORP,0.60,0.00,0.00,0.00,0.60,0.60,"234,000",0
POREX TECHNOLOGIES CORP,48655LNDLL5301S,2024,26145011902,"3,006",36,63,61,0,30,48655,5301 S GRAHAM RD,"SAINT CHARLES, MI","SAGINAW, MI",43.34656439,-84.14122433,Toluene diisocyanate (mixed isomers) (26471-62-5),326 Plastics and Rubber,326150 Urethane and Other Foam Product (except Polystyrene) Manufacturing,FILTRATION GROUP CORP,0.57,0.57,0.00,0.00,0.00,160.57,"28,500",0
CADILLAC ASPHALT LLC - ANN ARBOR,4810WCDLLC857SW,2024,26161456000,"53,686",81,92,0,0,0,48103,857 S WAGNER RD,"ANN ARBOR, MI","WASHTENAW, MI",42.27276489,-83.7990544,Polycyclic aromatic compounds (N590),324 Petroleum Products,324121 Asphalt Paving Mixture and Block Manufacturing,CRH AMERICAS INC,0.56,0.56,0.00,0.00,0.00,0.56,"218,400",0
SPECIAL-LITE INC,49045SPCLL88448,2024,26159011601,"3,546",66,25,77,0,68,49045,860 S WILLIAMS ST,"DECATUR, MI","VAN BUREN, MI",42.10255818,-85.97345763,Diisocyanates (N120),332 Fabricated Metals,332321 Metal Window and Door Manufacturing,SPECIAL LITE INC,0.55,0.55,0.00,0.00,0.00,200.55,"192,500",0
CADILLAC ASPHALT LLC - DIX,4809WCDLLC67SUT,2024,26163524500,"106,821",0,0,98,0,97,48217,670 S DIX ST,"DETROIT, MI","WAYNE, MI",42.29161773,-83.15561482,Polycyclic aromatic compounds (N590),324 Petroleum Products,324121 Asphalt Paving Mixture and Block Manufacturing,CRH AMERICAS INC,0.54,0.54,0.00,0.00,0.00,0.54,"210,600",0
DAYTON LAMINA CORP,49615LMNNC1000F,2024,26009960401,"2,444",46,84,40,0,13,49615,3650 S DERENZY RD,"BELLAIRE, MI","ANTRIM, MI",44.98078046,-85.19323818,Lead (7439-92-1),332 Fabricated Metals,"332813 Electroplating, Plating, Polishing, Anodizing, and Coloring",DAYTON LAMINA CORP,0.52,0.52,0.00,0.00,0.00,0.52,"11,960",0
QUIKRETE - FLINT MI PLANT,4844WQKRTF14311,2024,26125123000,-,20,37,80,0,67,48442,14311 CMI DR,"HOLLY, MI","OAKLAND, MI",42.81588034,-83.5674097,Lead (7439-92-1),327 Nonmetallic Mineral Product,327999 All Other Miscellaneous Nonmetallic Mineral Product Manufacturing,QUIKRETE HOLDINGS,0.52,0.52,0.00,0.00,0.00,0.52,"11,950",0
H & R SCREW MACHINE PRODUCTS INC,4967WHRSCR55662,2024,26133970600,"4,409",59,74,48,0,48,49677,5566 220TH AVE,"REED CITY, MI","OSCEOLA, MI",43.89615363,-85.52273466,Lead (7439-92-1),332 Fabricated Metals,332721 Precision Turned Product Manufacturing,NA,0.51,0.00,0.00,0.00,0.51,"3,671.54","11,776",0
EDW C LEVY CO - PLANT 6,48217DWCLV13800,2024,26163524500,"105,392",0,0,98,0,97,48217,13800 MELLON ST,"DETROIT, MI","WAYNE, MI",42.29048442,-83.15733701,Lead compounds (N420),327 Nonmetallic Mineral Product,327992 Ground or Treated Mineral and Earth Manufacturing,EDW C LEVY CO,0.51,0.51,0.00,0.00,0.00,0.51,"11,730",0
DETROIT DIESEL CORP,48239DTRTD13400,2024,26163981800,"130,202",0,0,0,0,0,48239,13400 OUTER DR W,"DETROIT, MI","WAYNE, MI",42.37651168,-83.26110216,Nickel (7440-02-0),333 Machinery,333618 Other Engine Equipment Manufacturing,DAIMLER TRUCKS NORTH AMERICA LLC,0.50,0.00,0.00,0.00,0.50,"23,629.50",46,0
FORD MOTOR CO DEARBORN TRUCK PLANT,48121FRDM23001M,2024,26163985700,"123,088",0,0,0,0,0,48120,3001 MILLER RD,"DEARBORN, MI","WAYNE, MI",42.30886967,-83.15678743,Lead (7439-92-1),336 Transportation Equipment,336110 Automobile and Light Duty Motor Vehicle Manufacturing,FORD MOTOR CO,0.50,0.50,0.00,0.00,0.00,0.50,"11,500",0
HAVILAND PRODUCTS CO,4900WHVLND2722N,2024,26077001501,"51,830",14,53,92,0,48,49004,2722 N BURDICK ST,"KALAMAZOO, MI","KALAMAZOO, MI",42.31853039,-85.58384814,Hydrazine (302-01-2),4246 Chemical Wholesalers,424690 Other Chemical and Allied Products Merchant Wholesalers,HAVILAND ENTERPRISES INC,0.50,0.50,0.00,0.00,0.00,"6,394.50","9,000,000",0
NATIONAL GALVANIZING LP,48161NTNLG1500T,2024,26115831700,"33,886",98,6,94,0,40,48162,1500 TELB RD,"MONROE, MI","MONROE, MI",41.91658548,-83.36732381,Nickel (7440-02-0),332 Fabricated Metals,"332812 Metal Coating, Engraving (except Jewelry and Silverware), and Allied Services to Manufactur..",NA,0.50,0.50,0.00,0.00,0.00,"19,055.50","465,000",0
WAYNE DISPOSAL INC,48111WYNDS49350,2024,26163986501,"28,882",0,0,0,0,0,48111,49350 N I-94 SERVICE DR,"BELLEVILLE, MI","WAYNE, MI",42.21950635,-83.52417321,Dioxin and dioxin-like compounds (N150),562 Hazardous Waste,562211 Hazardous Waste Treatment and Disposal,REPUBLIC SERVICES INC,0.50,0.00,0.00,0.50,0.00,0.50,"698,316,444",0
BRONSON PLATING CO,49028BRNSN135IN,2024,26023950300,"3,447",43,66,49,61,69,49028,135 INDUSTRIAL AVE,"BRONSON, MI","BRANCH, MI",41.87956943,-85.19380993,Nickel compounds (N495),332 Fabricated Metals,"332813 Electroplating, Plating, Polishing, Anodizing, and Coloring",NA,0.48,0.00,0.00,0.00,0.48,"1,022.74",44,0
MICHIGAN PAVING & MATERIALS - PAW PAW (KLETT) ASPHALT PLAN,4907WMCHGN4646W,2024,26159011300,"2,474",55,52,75,0,85,49079,46046 W RED ARROW HWY,"PAW PAW, MI","VAN BUREN, MI",42.21381107,-85.99347979,Polycyclic aromatic compounds (N590),324 Petroleum Products,324121 Asphalt Paving Mixture and Block Manufacturing,CRH AMERICAS INC,0.46,0.46,0.00,0.00,0.00,0.46,"179,400",0
AAR MOBILITY SYSTEMS,49601RBRKS201HA,2024,26165380800,"13,044",54,89,0,0,62,49601,201 HAYNES ST,"CADILLAC, MI","WEXFORD, MI",44.25381338,-85.4052817,Lead (7439-92-1),332 Fabricated Metals,332311 Prefabricated Metal Building and Component Manufacturing,AAR CORP,0.45,0.00,0.00,0.00,0.45,28.58,"8,172",1
PLANT 818 - EASTSIDE,4808WSTSDC2355G,2024,26099268300,"144,122",98,31,99,0,97,48089,23055 GROESBECK HWY,"WARREN, MI","MACOMB, MI",42.46516913,-82.99068228,Lead compounds (N420),327 Nonmetallic Mineral Product,327320 Ready-Mix Concrete Manufacturing,SMYRNA READY MIX LLC,0.45,0.03,0.00,0.00,0.42,0.45,"8,319",0
PLANT 821 - PRIMO CONCRETE,4819WPRMCN26SIB,2024,26163591502,"62,723",0,0,0,0,0,48193,20060 SIBLEY RD,"BROWNSTOWN, MI","WAYNE, MI",42.16963194,-83.22898205,Lead compounds (N420),327 Nonmetallic Mineral Product,327320 Ready-Mix Concrete Manufacturing,SMYRNA READY MIX LLC,0.45,0.04,0.00,0.00,0.41,0.44,"8,185",0
PLANT 817 - KOENIG - 7 MILE,4820WKNGFL5EAST,2024,26163509000,"154,630",0,26,97,0,94,48203,500 E SEVEN MILE RD,"DETROIT, MI","WAYNE, MI",42.43231661,-83.09798218,Lead compounds (N420),327 Nonmetallic Mineral Product,327320 Ready-Mix Concrete Manufacturing,SMYRNA READY MIX LLC,0.44,0.06,0.00,0.00,0.38,0.44,"8,238",0
KAISER ALUMINUM FABRICATED PRODUCTS LLC,4904WKSRLM525KA,2024,26077006702,"24,754",0,91,0,0,24,49048,5205 KAISER DRIVE,"KALAMAZOO, MI","KALAMAZOO, MI",42.25488262,-85.52336693,Lead (7439-92-1),331 Primary Metals,331314 Secondary Smelting and Alloying of Aluminum,KAISER ALUMINUM FABRICATED PRODUCTS LLC,0.43,0.40,0.00,0.00,0.03,15.44,"9,936",0
GM TRUCK GROUP FLINT ASSEMBLY PLANT,48551GMCTRG3100,2024,26049980000,"51,226",0,0,0,0,0,48551,G-3100 VAN SLYKE RD,"FLINT, MI","GENESEE, MI",42.96697513,-83.71257194,Lead (7439-92-1),336 Transportation Equipment,336350 Motor Vehicle Transmission and Power Train Parts Manufacturing,GENERAL MOTORS LLC,0.43,0.39,0.00,0.00,0.04,27.42,"9,674",0
DART CONTAINER OF MICHIGAN LLC,48854DRTCN432HO,2024,26065005600,"9,712",31,92,58,0,65,48854,432 HOGSBACK RD,"MASON, MI","INGHAM, MI",42.59669869,-84.46898084,Lead (7439-92-1),326 Plastics and Rubber,326140 Polystyrene Foam Product Manufacturing,DART CONTAINER CORP,0.43,0.00,0.00,0.00,0.43,"15,454.47","9,375",0
CADILLAC ASPHALT LLC - ROMULUS,4817WCDLLC1351H,2024,26163586300,"16,691",54,76,0,57,54,48174,13501 HURON RIVER DR,"ROMULUS, MI","WAYNE, MI",42.20624507,-83.40440432,Polycyclic aromatic compounds (N590),324 Petroleum Products,324121 Asphalt Paving Mixture and Block Manufacturing,CRH AMERICAS INC,0.41,0.41,0.00,0.00,0.00,0.41,"159,900",0
QUIKRETE - GRAND RAPIDS MI PLANT,4954WQKRTG2NPAR,2024,26081011501,-,67,46,0,0,51,49544,20 N PARK ST NW,"GRAND RAPIDS, MI","KENT, MI",43.02665336,-85.66929502,Lead (7439-92-1),327 Nonmetallic Mineral Product,327999 All Other Miscellaneous Nonmetallic Mineral Product Manufacturing,QUIKRETE HOLDINGS,0.41,0.41,0.00,0.00,0.00,0.41,"9,341",0
PLANT 822 - PROGRESSIVE,4818WPRGRS551CG,2024,26163566700,"56,445",14,15,80,62,67,48184,5501 COGSWELL RD,"WAYNE, MI","WAYNE, MI",42.2688475,-83.41597983,Lead compounds (N420),327 Nonmetallic Mineral Product,327320 Ready-Mix Concrete Manufacturing,SMYRNA READY MIX LLC,0.40,0.02,0.00,0.00,0.38,0.40,"7,382",0
FORD MOTOR CO DEARBORN STAMPING PLANT,48121FRDM13001M,2024,26163985700,"123,088",0,0,0,0,0,48120,3001 MILLER RD,"DEARBORN, MI","WAYNE, MI",42.30886967,-83.15678743,Lead (7439-92-1),336 Transportation Equipment,336370 Motor Vehicle Metal Stamping,FORD MOTOR CO,0.40,0.30,0.00,0.00,0.10,"5,300.40","9,200",0
WAUPACA FOUNDRY INC. PLANT 1 (IRONWOOD),4993WWPCFN176LI,2024,26053950500,-,27,86,66,0,33,49938,1760 LIBERTY STREET,"IRONWOOD, MI","GOGEBIC, MI",46.46583633,-90.12931323,Lead compounds (N420),331 Primary Metals,331511 Iron Foundries,MONOMOY CAPITAL PARTNERS LLC,0.40,0.00,0.00,0.00,0.40,0.40,"9,200",0
ANDERSON DEVELOPMENT CO,49221NDRSN1415E,2024,26091061301,"26,525",93,24,86,0,82,49221,1415 E MICHIGAN ST,"ADRIAN, MI","LENAWEE, MI",41.89404029,-84.01757843,"Toluene-2,6-diisocyanate (91-08-7)",325 Chemicals,325211 Plastics Material and Resin Manufacturing,MITSUI & CO (USA) INC,0.39,0.39,0.00,0.00,0.00,"5,124.39","19,500",0
CADILLAC ASPHALT LLC - TROY,4808WCDLLC24BAR,2024,26125197600,"90,954",13,23,80,72,22,48084,2040 BARRETT RD,"TROY, MI","OAKLAND, MI",42.55285137,-83.15898758,Polycyclic aromatic compounds (N590),324 Petroleum Products,324121 Asphalt Paving Mixture and Block Manufacturing,CRH AMERICAS INC,0.39,0.39,0.00,0.00,0.00,0.39,"152,100",0
FCA US WARREN TRUCK ASSEMBLY PLANT,48091WRRNT21500,2024,26099982200,"130,932",0,0,0,0,93,48091,21500 MOUND RD,"WARREN, MI","MACOMB, MI",42.45531342,-83.04419136,Manganese compounds (N450),336 Transportation Equipment,336110 Automobile and Light Duty Motor Vehicle Manufacturing,FCA US LLC,0.37,0.37,0.00,0.00,0.00,0.37,"4,440",0
CADILLAC ASPHALT LLC - MT. CLEMENS,4804WCDLLC67MAR,2024,26099245200,"81,178",78,62,35,0,89,48043,67 MARY,"MOUNT CLEMENS, MI","MACOMB, MI",42.60074551,-82.89169488,Polycyclic aromatic compounds (N590),324 Petroleum Products,324121 Asphalt Paving Mixture and Block Manufacturing,CRH AMERICAS INC,0.36,0.36,0.00,0.00,0.00,0.36,"140,400",0
ACE-SAGINAW ASPHALT PAVING CO,4835WCSGNW16255,2024,26125123000,"6,470",20,37,80,0,67,48350,16255 TINDALL RD,"DAVISBURG, MI","OAKLAND, MI",42.79551798,-83.52913095,Polycyclic aromatic compounds (N590),324 Petroleum Products,324121 Asphalt Paving Mixture and Block Manufacturing,EDW C LEVY CO,0.36,0.36,0.00,0.00,0.00,0.36,"138,840",0
ASCO L.P.,48471NMTCS360TH,2024,26151970900,"3,685",46,49,69,64,70,48471,360 THELMA,"SANDUSKY, MI","SANILAC, MI",43.41775202,-82.81678218,Chromium (7440-47-3),332 Fabricated Metals,332912 Fluid Power Valve and Hose Fitting Manufacturing,EMERSON ELECTRIC CO,0.34,0.00,0.00,0.00,0.34,77.42,"22,950",0
GRAND RAPIDS FOAM TECHNOLOGIES,49519GRNDR2788R,2024,26081013801,"70,024",38,73,47,57,63,49519,2788 REMICO SW,"WYOMING, MI","KENT, MI",42.90910416,-85.733908,Diisocyanates (N120),326 Plastics and Rubber,326150 Urethane and Other Foam Product (except Polystyrene) Manufacturing,NA,0.33,0.33,0.00,0.00,0.00,0.33,"115,500",0
TAILOR WELDED BLANKS,48161TWBCR1600N,2024,26115831300,"14,762",21,55,63,0,51,48162,1600 NADEAU RD,"MONROE, MI","MONROE, MI",41.96424402,-83.34629785,Manganese (7439-96-5),332 Fabricated Metals,332999 All Other Miscellaneous Fabricated Metal Product Manufacturing,WORTHINGTON STEEL INC,0.30,0.00,0.00,0.00,0.30,0.30,"3,600",0
REAL ALLOY RECYCLING LLC,49036MCRCY267NO,2024,26023951600,"12,956",83,35,63,66,40,49036,267 N FILLMORE RD,"COLDWATER, MI","BRANCH, MI",41.92249326,-85.02338943,Dioxin and dioxin-like compounds (N150),331 Primary Metals,331314 Secondary Smelting and Alloying of Aluminum,REAL ALLOY HOLDING LLC,0.29,0.01,0.00,0.00,0.27,0.29,"400,692,600",0
HB FULLER CO,49504HBFLL2727K,2024,26081011601,"22,168",37,37,34,0,19,49534,2727 KINNEY AVE NW,"GRAND RAPIDS, MI","KENT, MI",43.0145176,-85.76817297,Toluene (108-88-3),325 Chemicals,325520 Adhesive Manufacturing,HB FULLER CO,0.27,0.27,0.00,0.00,0.00,"158,981.90",0,0
KAISER ALUMINUM FABRICATED PRODUCTS LLC,4904WKSRLM525KA,2024,26077006702,"24,754",0,91,0,0,24,49048,5205 KAISER DRIVE,"KALAMAZOO, MI","KALAMAZOO, MI",42.25488262,-85.52336693,Manganese (7439-96-5),331 Primary Metals,331314 Secondary Smelting and Alloying of Aluminum,KAISER ALUMINUM FABRICATED PRODUCTS LLC,0.27,0.27,0.00,0.00,0.00,"3,275.94","3,240",0
GM TRUCK GROUP FLINT ASSEMBLY PLANT,48551GMCTRG3100,2024,26049980000,"51,226",0,0,0,0,0,48551,G-3100 VAN SLYKE RD,"FLINT, MI","GENESEE, MI",42.96697513,-83.71257194,Nickel (7440-02-0),336 Transportation Equipment,336370 Motor Vehicle Metal Stamping,GENERAL MOTORS LLC,0.26,0.00,0.00,0.00,0.26,0.26,24,0
DETROIT DIESEL CORP,48239DTRTD13400,2024,26163981800,"130,202",0,0,0,0,0,48239,13400 OUTER DR W,"DETROIT, MI","WAYNE, MI",42.37651168,-83.26110216,Lead (7439-92-1),333 Machinery,333618 Other Engine Equipment Manufacturing,DAIMLER TRUCKS NORTH AMERICA LLC,0.26,0.00,0.00,0.00,0.26,791.26,"4,689",0
CARMEUSE LIME INC  RIVER ROUGE FACILITY,48218DTRTL25MAR,2024,26163985600,"75,289",0,0,0,0,0,48218,25 MARION AVE,"RIVER ROUGE, MI","WAYNE, MI",42.27738519,-83.1284688,Lead compounds (N420),327 Nonmetallic Mineral Product,327410 Lime Manufacturing,CARMEUSE NORTH AMERICA,0.26,0.26,0.00,0.00,0.00,0.26,"5,980",0
CADILLAC ASPHALT - SHELBY PLANT,4831WCDLLC12345,2024,26099226400,"60,682",42,68,37,80,66,48315,12345 23-MILE ROAD,"SHELBY TOWNSHIP, MI","MACOMB, MI",42.6699015,-83.00750203,Polycyclic aromatic compounds (N590),324 Petroleum Products,324121 Asphalt Paving Mixture and Block Manufacturing,CRH AMERICAS INC,0.25,0.25,0.00,0.00,0.00,0.25,"97,500",0
QUIKRETE - DETROIT MI PLANT,48228MCHLN8951S,2024,26163574100,"129,178",86,19,91,94,85,48228,8951 SCHAEFER HWY,"DETROIT, MI","WAYNE, MI",42.36006752,-83.17760204,Lead (7439-92-1),325 Chemicals,325510 Paint and Coating Manufacturing,QUIKRETE HOLDINGS,0.24,0.24,0.00,0.00,0.00,0.24,"5,561",0
ADRIAN STEEL CO,49221DRNST96JAM,2024,26091061600,"26,635",28,37,99,74,85,49221,906 JAMES ST,"ADRIAN, MI","LENAWEE, MI",41.88729148,-84.02539974,Nickel (7440-02-0),337 Furniture,"337215 Showcase, Partition, Shelving, and Locker Manufacturing",NA,0.24,0.00,0.00,0.00,0.24,"13,227.48",22,0
HEIDTMAN STEEL PRODUCTS INC.,48133HDTMN640LA,2024,26115833500,"33,126",59,56,92,62,53,48133,640 LAVOY RD,"ERIE, MI","MONROE, MI",41.79048,-83.498708,Manganese (7439-96-5),331 Primary Metals,"331492 Secondary Smelting, Refining, and Alloying of Nonferrous Metal (except Copper and Aluminum)",HEIDTMAN STEEL PRODUCTS INC,0.22,0.22,0.00,0.00,0.00,10.83,"2,652",0
THE SHYFT GROUP INC,4881WTHSHY1REYN,2024,26045020902,"10,310",56,75,38,0,35,48813,1000 REYNOLDS RD,"CHARLOTTE, MI","EATON, MI",42.54979247,-84.85297007,Ethylene glycol (107-21-1),336 Transportation Equipment,336211 Motor Vehicle Body Manufacturing,THE SHYFT GROUP USA INC,0.21,0.21,0.00,0.00,0.00,0.21,2,0
CADILLAC ASPHALT LLC,4816WCDLLC1523S,2024,26115832400,"30,228",72,21,0,0,52,48161,15203 S TELEGRAPH RD,"MONROE, MI","MONROE, MI",41.89198966,-83.43449192,Polycyclic aromatic compounds (N590),324 Petroleum Products,324121 Asphalt Paving Mixture and Block Manufacturing,CRH AMERICAS INC,0.20,0.20,0.00,0.00,0.00,0.20,"78,000",0
LINCOLN ELECTRIC CO D/B/A BAKER INDUSTRIES,4804WBKRND16936,2024,26099224001,"78,363",65,87,37,72,58,48044,16936 ENTERPRISE DR,"MACOMB, MI","MACOMB, MI",42.66726851,-82.95308111,Nickel (7440-02-0),333 Machinery,333511 Industrial Mold Manufacturing,THE LINCOLN ELECTRIC CO,0.20,0.00,0.00,0.00,0.20,"41,339.20",18,0
MID-TOWN PETROLEUM ACQUISTION LLC,4806WMDTWN33MAK,2024,26147636000,"29,746",69,51,39,0,71,48060,3030 MOAK STREET - SUITE 1,"PORT HURON, MI","ST. CLAIR, MI",42.94417851,-82.4593841,Polycyclic aromatic compounds (N590),4247 Petroleum Bulk Terminals,424710 Petroleum Bulk Stations and Terminals,RELADYNE LLC,0.20,0.20,0.00,0.00,0.00,0.20,"78,000",0
MILLERKNOLL INC.-SPRING LAKE CAMPUS,49456MRDNN18558,2024,26139020504,"18,513",14,98,0,0,51,49456,18558 171ST AVE,"SPRING LAKE, MI","OTTAWA, MI",43.10539524,-86.21216028,Lead (7439-92-1),337 Furniture,337214 Office Furniture (except Wood) Manufacturing,MILLERKNOLL INC,0.20,0.00,0.00,0.00,0.20,"17,800.60","3,600",1
MPLX TERMINALS LLC - NILES MI TERMINAL,49120MRTHN2216S,2024,26021021100,"20,662",80,89,49,0,47,49120,2216 S 3RD ST,"NILES, MI","BERRIEN, MI",41.78687345,-86.25481823,"Benzo[g,h,i]perylene (191-24-2)",4247 Petroleum Bulk Terminals,424710 Petroleum Bulk Stations and Terminals,MARATHON PETROLEUM CORP,0.20,0.00,0.00,0.10,0.10,0.20,"4,000",0
VAIL RUBBER WORKS INC,49085VLRBB521LA,2024,26021001000,"32,478",40,89,42,0,17,49085,521 LANGLEY AVE,"SAINT JOSEPH, MI","BERRIEN, MI",42.10241838,-86.47524997,Lead compounds (N420),326 Plastics and Rubber,326299 All Other Rubber Product Manufacturing,VAIL RUBBER WORKS INC,0.20,0.20,0.00,0.00,0.00,50.40,"4,600",0
TRANSCONTINENTAL (BATTLE CREEK),49017CLLFL155BR,2024,26025000300,"48,569",76,26,93,0,87,49037,155 BROOK ST,"BATTLE CREEK, MI","CALHOUN, MI",42.32855041,-85.18527783,Diisocyanates (N120),326 Plastics and Rubber,326112 Plastics Packaging Film and Sheet (including Laminated) Manufacturing,TRANSCONTINENTAL MICHIGAN INC,0.19,0.19,0.00,0.00,0.00,547.41,"66,500",0
TIP-TOP SCREW MANUFACTURING INC,4875WTPTPS4183F,2024,26069000400,"3,563",72,73,0,0,75,48750,4183 FOREST ST,"OSCODA, MI","IOSCO, MI",44.3958344,-83.34275018,Chromium (7440-47-3),332 Fabricated Metals,"332722 Bolt, Nut, Screw, Rivet, and Washer Manufacturing",HOLCIM PARTICIPATIONS (US) INC,0.18,0.18,0.00,0.00,0.00,"6,087.70","460,800",0
WESTERN LIME PORT INLAND FACILITY,49840WSTRN181WC,2024,26153000100,246,46,90,84,0,64,49840,181W COUNTY RD 432,"GULLIVER, MI","SCHOOLCRAFT, MI",45.97625445,-85.8751848,Lead compounds (N420),327 Nonmetallic Mineral Product,327410 Lime Manufacturing,GRAYMONT LTD,0.14,0.14,0.00,0.00,0.00,0.14,"3,266",0
ST. MARYS CEMENT U.S. LLC,4820WSTMRY9333D,2024,26163524600,"86,532",70,11,97,96,94,48209,9333 DEARBORN ST,"DETROIT, MI","WAYNE, MI",42.29299158,-83.12871877,Chromium (7440-47-3),327 Nonmetallic Mineral Product,327310 Cement Manufacturing,VCNA PRAIRIE LLC,0.14,0.14,0.00,0.00,0.00,"12,880.14","701,440",0
GM TRUCK GROUP FLINT ASSEMBLY PLANT,48551GMCTRG3100,2024,26049980000,"51,226",0,0,0,0,0,48551,G-3100 VAN SLYKE RD,"FLINT, MI","GENESEE, MI",42.96697513,-83.71257194,Polycyclic aromatic compounds (N590),336 Transportation Equipment,336370 Motor Vehicle Metal Stamping,GENERAL MOTORS LLC,0.13,0.13,0.00,0.00,0.00,0.13,"51,480",0
KOPPERS PERFORMANCE CHEMICALS,49934PNNSL1700D,2024,26061000400,"2,869",42,77,64,0,32,49934,52430 DUNCAN AVE,"HUBBELL, MI","HOUGHTON, MI",47.17604982,-88.4248479,Lead compounds (N420),325 Chemicals,325180 Other Basic Inorganic Chemical Manufacturing,KOPPERS INC,0.13,0.08,0.00,0.00,0.05,0.13,"2,898",0
GM TRUCK GROUP FLINT ASSEMBLY PLANT,48551GMCTRG3100,2024,26049980000,"51,226",0,0,0,0,0,48551,G-3100 VAN SLYKE RD,"FLINT, MI","GENESEE, MI",42.96697513,-83.71257194,Copper (7440-50-8),336 Transportation Equipment,336370 Motor Vehicle Metal Stamping,GENERAL MOTORS LLC,0.12,0.00,0.00,0.00,0.12,8.12,184,0
HENROB CORP,4816WHNRBC3SHIL,2024,26125138600,"11,526",34,13,0,65,0,48165,30000 S HILL RD,"NEW HUDSON, MI","OAKLAND, MI",42.50981385,-83.5958345,Chromium (7440-47-3),332 Fabricated Metals,"332722 Bolt, Nut, Screw, Rivet, and Washer Manufacturing",ATLAS COPCO NORTH AMERICA LLC,0.12,0.00,0.00,0.00,0.12,"9,721.12","1,296",0
REC BOAT HOLDINGS LLC-SPORT/ENGINEERING,49601FRWNN925FR,2024,26165380700,"13,006",76,20,69,0,73,49601,925 FRISBIE ST,"CADILLAC, MI","WEXFORD, MI",44.2641537,-85.4231946,Diisocyanates (N120),336 Transportation Equipment,336612 Boat Building,REC BOAT HOLDINGS LLC,0.11,0.11,0.00,0.00,0.00,0.11,"38,500",0
ASH STEVENS,48192SHSTV18655,2024,26163595000,"66,877",17,84,75,0,83,48193,18655 KRAUSE ST,"RIVERVIEW, MI","WAYNE, MI",42.17241218,-83.17408992,"N,N-Dimethylformamide (68-12-2)",325 Chemicals,325412 Pharmaceutical Preparation Manufacturing,PEL PHARMA INC,0.10,0.10,0.00,0.00,0.00,"85,900.10",12,0
DE KARN JC WEADOCK GENERATING PLANT,48732DKRNJNWEAD,2024,26017285202,"14,973",50,87,67,0,62,48732,N WEADOCK HWY,"ESSEXVILLE, MI","BAY, MI",43.63521394,-83.83604379,Polycyclic aromatic compounds (N590),2211 Electric Utilities,221112 Fossil Fuel Electric Power Generation,CMS ENERGY,0.10,0.10,0.00,0.00,0.00,0.10,"39,000",0
FORD MOTOR CO DEARBORN TOOL & DIE PLANT,48121FRDM43001M,2024,26163985700,"123,088",0,0,0,0,0,48120,3001 MILLER RD,"DEARBORN, MI","WAYNE, MI",42.30886967,-83.15678743,Manganese (7439-96-5),333 Machinery,"333514 Special Die and Tool, Die Set, Jig, and Fixture Manufacturing",FORD MOTOR CO,0.10,0.10,0.00,0.00,0.00,0.10,"1,200",0
FORD MOTOR CO WAYNE INTEGRAL STAMPING,48184FRDMT37500,2024,26163566700,"56,666",14,15,80,62,67,48184,37500 VAN BORN,"WAYNE, MI","WAYNE, MI",42.26622935,-83.40906,Lead (7439-92-1),336 Transportation Equipment,336370 Motor Vehicle Metal Stamping,FORD MOTOR CO,0.10,0.10,0.00,0.00,0.00,230.10,"2,300",0
FORD MOTOR CO WOODHAVEN STAMPING PLANT,48183FRDMT20900,2024,26163982101,"57,115",0,0,0,0,0,48183,20900 WEST RD,"WOODHAVEN, MI","WAYNE, MI",42.13942075,-83.23681615,Lead (7439-92-1),336 Transportation Equipment,336370 Motor Vehicle Metal Stamping,FORD MOTOR CO,0.10,0.10,0.00,0.00,0.00,431.10,"2,300",0
US DOD USAF MICHIGAN ANG CRTC ALPENA,49707SRFRC5884A,2024,26007000200,611,20,67,59,0,59,497078125,5884 A ST,"ALPENA, MI","ALPENA, MI",45.0768105,-83.57043982,Lead (7439-92-1),999 Other,928110 National Security,US DEPARTMENT OF DEFENSE,0.10,0.00,0.00,0.10,0.00,778.10,"1,800",0
KALKASKA GAS PLANT,4964WKLKSK11PRU,2024,26079950300,-,72,37,29,0,48,49646,1100 PROUGH RD SW,"KALKASKA, MI","KALKASKA, MI",44.6977712,-85.19519446,Ethylbenzene (100-41-4),211 Natural Gas Processing,211130 Natural Gas Extraction,NA,0.09,0.09,0.00,0.00,0.00,0.09,80,0
PVS NOLWOOD CHEMICALS INC,48228PVSNL9000H,2024,26163535800,"182,394",0,84,97,0,88,48228,9000 HUBBELL AVE,"DETROIT, MI","WAYNE, MI",42.36127986,-83.18726371,Ethylene glycol (107-21-1),4246 Chemical Wholesalers,424690 Other Chemical and Allied Products Merchant Wholesalers,PVS CHEMICALS INC,0.09,0.09,0.00,0.00,0.00,78.09,1,0
PROTO CAST INC,4814WPRTCS2699J,2024,26163571000,"122,958",80,41,83,0,72,48141,2699 JOHN DALY ST,"INKSTER, MI","WAYNE, MI",42.29166344,-83.30004956,Lead (7439-92-1),336 Transportation Equipment,336390 Other Motor Vehicle Parts Manufacturing,NA,0.08,0.08,0.00,0.00,0.00,26.37,"1,840",0
GM TRUCK GROUP FLINT ASSEMBLY PLANT,48551GMCTRG3100,2024,26049980000,"51,226",0,0,0,0,0,48551,G-3100 VAN SLYKE RD,"FLINT, MI","GENESEE, MI",42.96697513,-83.71257194,"Benzo[g,h,i]perylene (191-24-2)",336 Transportation Equipment,336110 Automobile and Light Duty Motor Vehicle Manufacturing,GENERAL MOTORS LLC,0.07,0.07,0.00,0.00,0.00,0.08,"1,440",0
GM TRUCK GROUP FLINT ASSEMBLY PLANT,48551GMCTRG3100,2024,26049980000,"51,226",0,0,0,0,0,48551,G-3100 VAN SLYKE RD,"FLINT, MI","GENESEE, MI",42.96697513,-83.71257194,Polycyclic aromatic compounds (N590),336 Transportation Equipment,336350 Motor Vehicle Transmission and Power Train Parts Manufacturing,GENERAL MOTORS LLC,0.07,0.07,0.00,0.00,0.00,0.07,"27,690",0
ADRIAN STEEL CO,49221DRNST96JAM,2024,26091061600,"26,635",28,37,99,74,85,49221,906 JAMES ST,"ADRIAN, MI","LENAWEE, MI",41.88729148,-84.02539974,Lead (7439-92-1),337 Furniture,"337215 Showcase, Partition, Shelving, and Locker Manufacturing",NA,0.06,0.00,0.00,0.00,0.06,542.72,"1,152",0
SIKA CORP,48827XSNNR1611H,2024,26045021302,"8,753",86,39,56,0,72,48827,1611 HULTS DR,"EATON RAPIDS, MI","EATON, MI",42.49329498,-84.65119604,Diisocyanates (N120),325 Chemicals,325520 Adhesive Manufacturing,SIKA CORP,0.06,0.06,0.00,0.00,0.00,"5,989.06","22,400",1
ALCO MANUFACTURING CORP LLC,4813WLCMNF8763D,2024,26161448000,"8,984",36,44,27,0,16,48130,8763 DEXTER CHELSEA RD,"DEXTER, MI","WASHTENAW, MI",42.33020204,-83.90526759,Manganese (7439-96-5),332 Fabricated Metals,332721 Precision Turned Product Manufacturing,ALCO HOLDINGS,0.06,0.00,0.00,0.00,0.06,"19,384.06",720,0
PLASTATECH ENGINEERING LTD,48601PLSTT725MO,2024,26145011100,"18,048",39,75,56,0,59,48601,725 W MORLEY DR,"SAGINAW, MI","SAGINAW, MI",43.41932134,-83.87004492,Lead (7439-92-1),313 Textiles,313320 Fabric Coating Mills,HOLCIM PARTICIPATIONS (US) INC,0.06,0.06,0.00,0.00,0.00,251.06,"1,380",0
ADRIAN STEEL CO,49221DRNST96JAM,2024,26091061600,"26,635",28,37,99,74,85,49221,906 JAMES ST,"ADRIAN, MI","LENAWEE, MI",41.88729148,-84.02539974,Copper (7440-50-8),337 Furniture,"337215 Showcase, Partition, Shelving, and Locker Manufacturing",NA,0.06,0.00,0.00,0.00,0.06,"38,800.02",86,0
ST. MARYS CEMENT U.S. LLC,4820WSTMRY9333D,2024,26163524600,"86,532",70,11,97,96,94,48209,9333 DEARBORN ST,"DETROIT, MI","WAYNE, MI",42.29299158,-83.12871877,Lead compounds (N420),327 Nonmetallic Mineral Product,327310 Cement Manufacturing,VCNA PRAIRIE LLC,0.05,0.05,0.00,0.00,0.00,0.05,"1,127",0
HEIDTMAN STEEL PRODUCTS INC.,48133HDTMN640LA,2024,26115833500,"33,126",59,56,92,62,53,48133,640 LAVOY RD,"ERIE, MI","MONROE, MI",41.79048,-83.498708,Copper (7440-50-8),331 Primary Metals,"331492 Secondary Smelting, Refining, and Alloying of Nonferrous Metal (except Copper and Aluminum)",HEIDTMAN STEEL PRODUCTS INC,0.05,0.05,0.00,0.00,0.00,0.90,71,0
JABIL,48326JBLCR3800G,2024,26125981400,"40,439",0,0,-,0,93,48326,3800 GIDDINGS RD,"AUBURN HILLS, MI","OAKLAND, MI",42.69850022,-83.26194963,Lead (7439-92-1),334 Computers and Electronic Products,334418 Printed Circuit Assembly (Electronic Assembly) Manufacturing,JABIL INC,0.04,0.03,0.00,0.00,0.01,225.04,942,0
LAKESHORE FITTINGS INC,4941WLKSHR1865I,2024,26139021204,"26,488",40,17,0,0,74,49417,1865 INDUSTRIAL PARK DR,"GRAND HAVEN, MI","OTTAWA, MI",43.03154988,-86.1920502,Lead (7439-92-1),332 Fabricated Metals,332721 Precision Turned Product Manufacturing,ALCO HOLDINGS,0.04,0.00,0.00,0.00,0.04,"87,709.04",920,0
MORBARK LLC,4889WMRBRK857SW,2024,26073000300,"1,140",49,39,49,71,72,48896,8507 S WINN RD,"WINN, MI","ISABELLA, MI",43.51765055,-84.90578761,Copper compounds (N100),333 Machinery,333120 Construction Machinery Manufacturing,ALAMO GROUP INC,0.04,0.04,0.00,0.00,0.00,"58,480.04",60,0
HEIDTMAN STEEL PRODUCTS INC.,48133HDTMN640LA,2024,26115833500,"33,126",59,56,92,62,53,48133,640 LAVOY RD,"ERIE, MI","MONROE, MI",41.79048,-83.498708,Lead (7439-92-1),331 Primary Metals,"331492 Secondary Smelting, Refining, and Alloying of Nonferrous Metal (except Copper and Aluminum)",HEIDTMAN STEEL PRODUCTS INC,0.04,0.04,0.00,0.00,0.00,0.16,828,0
MUSKEGON COMPOSITES INC.,49441GRGMR1355W,2024,26121002200,"51,763",82,67,64,0,25,49441,1355 W SHERMAN BLVD,"MUSKEGON, MI","MUSKEGON, MI",43.20544059,-86.27709725,Diisocyanates (N120),326 Plastics and Rubber,326199 All Other Plastics Product Manufacturing,EJ USA INC,0.04,0.04,0.00,0.00,0.00,36.74,"12,250",0
A.G. SIMPSON (USA) INC.,48077CSHMM6640S,2024,26099982002,"96,858",0,0,0,0,0,48312,6640 STERLING DR S,"STERLING HEIGHTS, MI","MACOMB, MI",42.54334745,-83.04137855,Perfluorooctane sulfonic acid (1763-23-1),332 Fabricated Metals,"332813 Electroplating, Plating, Polishing, Anodizing, and Coloring",A G SIMPSON (USA) INC,0.03,0.00,0.00,0.00,0.03,0.03,"1,331,150",0
EAGLE INDUSTRIES INC,48393GLNDS3926C,2024,26125133102,"30,371",0,0,0,0,0,48393,30926 CENTURY DR,"WIXOM, MI","OAKLAND, MI",42.5202517,-83.54882711,Diisocyanates (N120),326 Plastics and Rubber,326150 Urethane and Other Foam Product (except Polystyrene) Manufacturing,NA,0.03,0.03,0.00,0.00,0.00,"4,702.03","10,500",0
FRASER MANUFACTURING FACILITY,48026MLLYM18450,2024,26099241400,"101,711",42,88,64,0,38,48026,18450 15 MILE RD,"FRASER, MI","MACOMB, MI",42.55389777,-82.93208924,Nickel (7440-02-0),332 Fabricated Metals,332111 Iron and Steel Forging,AMERICAN AXLE & MANUFACTURING HOLDINGS INC,0.03,0.03,0.00,0.00,0.00,"11,793.03","27,900",0
GENERAL MOTORS LANSING DELTA TOWNSHIP,48917GNRLM85REL,2024,26045020302,"10,044",63,24,60,0,0,48917,8175 MILLETT HWY,"LANSING, MI","EATON, MI",42.69753322,-84.67379564,"Benzo[g,h,i]perylene (191-24-2)",336 Transportation Equipment,336110 Automobile and Light Duty Motor Vehicle Manufacturing,GENERAL MOTORS LLC,0.03,0.03,0.00,0.00,0.00,0.03,600,0
KNOLL INC,49443SHWWL2800E,2024,26121002300,"42,871",73,53,60,0,62,49441,2800 ESTES ST,"MUSKEGON, MI","MUSKEGON, MI",43.20190862,-86.28812541,Lead (7439-92-1),337 Furniture,337214 Office Furniture (except Wood) Manufacturing,KNOLL INC,0.03,0.00,0.00,0.00,0.03,"7,924.63",540,1
TROY MANUFACTURING FACILITY,48084CLDFR690WE,2024,26125197600,"93,429",13,23,80,72,22,48084,690 W MAPLE RD,"TROY, MI","OAKLAND, MI",42.54817637,-83.15591141,Lead (7439-92-1),332 Fabricated Metals,332111 Iron and Steel Forging,AMERICAN AXLE & MANUFACTURING HOLDINGS INC,0.03,0.02,0.00,0.00,0.01,123.63,690,0
MICHIGAN PAVING & MATERIALS CO - JACKSON,4920WMCHGN16NEL,2024,26075005900,"38,326",25,70,36,0,60,49202,1600 N ELM ST,"JACKSON, MI","JACKSON, MI",42.27201416,-84.3844215,"Benzo[g,h,i]perylene (191-24-2)",324 Petroleum Products,324121 Asphalt Paving Mixture and Block Manufacturing,CRH AMERICAS INC,0.03,0.03,0.00,0.00,0.00,0.03,523,0
ST. MARYS CEMENT U.S. LLC,4820WSTMRY9333D,2024,26163524600,"86,532",70,11,97,96,94,48209,9333 DEARBORN ST,"DETROIT, MI","WAYNE, MI",42.29299158,-83.12871877,Mercury compounds (N458),327 Nonmetallic Mineral Product,327310 Cement Manufacturing,VCNA PRAIRIE LLC,0.03,0.03,0.00,0.00,0.00,0.03,312,0
SPARTAN FIRE CHASSIS LLC,4881WSPRTN1541R,2024,26045020902,-,56,75,38,0,35,48813,1541 REYNOLDS RD,"CHARLOTTE, MI","EATON, MI",42.54687884,-84.85282261,Ethylene glycol (107-21-1),336 Transportation Equipment,336120 Heavy Duty Truck Manufacturing,REV GROUP INC,0.02,0.02,0.00,0.00,0.00,795.02,0,0
FRASER MANUFACTURING FACILITY,48026MLLYM18450,2024,26099241400,"101,711",42,88,64,0,38,48026,18450 15 MILE RD,"FRASER, MI","MACOMB, MI",42.55389777,-82.93208924,Chromium (7440-47-3),332 Fabricated Metals,332111 Iron and Steel Forging,AMERICAN AXLE & MANUFACTURING HOLDINGS INC,0.02,0.02,0.00,0.00,0.00,"3,977.02","38,400",0
MORBARK LLC,4889WMRBRK857SW,2024,26073000300,"1,140",49,39,49,71,72,48896,8507 S WINN RD,"WINN, MI","ISABELLA, MI",43.51765055,-84.90578761,Lead compounds (N420),333 Machinery,333120 Construction Machinery Manufacturing,ALAMO GROUP INC,0.02,0.02,0.00,0.00,0.00,216.02,460,0
TAILOR WELDED BLANKS,48161TWBCR1600N,2024,26115831300,"14,762",21,55,63,0,51,48162,1600 NADEAU RD,"MONROE, MI","MONROE, MI",41.96424402,-83.34629785,Lead (7439-92-1),332 Fabricated Metals,332999 All Other Miscellaneous Fabricated Metal Product Manufacturing,WORTHINGTON STEEL INC,0.02,0.00,0.00,0.00,0.02,0.02,460,0
BONNELL ALUMINUM (NILES) LLC,4912WCXTRS25MAY,2024,26021020300,"6,194",33,72,40,0,21,49120,2005 MAYFLOWER RD,"NILES, MI","BERRIEN, MI",41.79428579,-86.32256871,Lead (7439-92-1),331 Primary Metals,"331318 Other Aluminum Rolling, Drawing, and Extruding",TREDEGAR CORP,0.02,0.02,0.00,0.00,0.00,0.04,449,0
MICHIGAN PAVING & MATERIALS CO. SPARTAN ASPHALT - LANSING,4890WSPRTN38WDS,2024,26037010203,"49,683",67,60,54,72,58,48906,16777 WOOD RD,"LANSING, MI","CLINTON, MI",42.77324941,-84.52296098,"Benzo[g,h,i]perylene (191-24-2)",324 Petroleum Products,324121 Asphalt Paving Mixture and Block Manufacturing,CRH AMERICAS INC,0.02,0.02,0.00,0.00,0.00,0.02,372,0
MICHIGAN PAVING & MATERIALS - GR NORTH (COMSTOCK PARK),4932WMCHGN3566M,2024,26081011101,"52,869",42,54,29,0,14,49321,3566 MILL CREEK AVE N E,"COMSTOCK PARK, MI","KENT, MI",43.02917118,-85.66742907,"Benzo[g,h,i]perylene (191-24-2)",324 Petroleum Products,324121 Asphalt Paving Mixture and Block Manufacturing,CRH AMERICAS INC,0.02,0.02,0.00,0.00,0.00,0.02,346,0
TAILOR WELDED BLANKS,48161TWBCR1600N,2024,26115831300,"14,762",21,55,63,0,51,48162,1600 NADEAU RD,"MONROE, MI","MONROE, MI",41.96424402,-83.34629785,Nickel (7440-02-0),332 Fabricated Metals,332999 All Other Miscellaneous Fabricated Metal Product Manufacturing,WORTHINGTON STEEL INC,0.02,0.00,0.00,0.00,0.02,0.02,"15,810",0
CADILLAC ASPHALT LLC - RAWSONVILLE,4811WCDLLC1785R,2024,26161984000,"38,440",0,0,0,0,0,48111,1785 RAWSONVILLE RD,"BELLEVILLE, MI","WAYNE, MI",42.22049045,-83.54700974,"Benzo[g,h,i]perylene (191-24-2)",324 Petroleum Products,324121 Asphalt Paving Mixture and Block Manufacturing,CRH AMERICAS INC,0.02,0.02,0.00,0.00,0.00,0.02,328,0
MICHIGAN PAVING & MATERIALS CO. - GR SOUTH,4950WMCHGN11MAR,2024,26081002600,"110,902",97,9,29,67,82,49503,1100 MARKET ST S W,"GRAND RAPIDS, MI","KENT, MI",42.94886858,-85.69695653,"Benzo[g,h,i]perylene (191-24-2)",324 Petroleum Products,324121 Asphalt Paving Mixture and Block Manufacturing,CRH AMERICAS INC,0.02,0.02,0.00,0.00,0.00,0.02,326,0
MICHIGAN PAVING & MATERIALS CO - KALAMAZOO ASPHALT,4900WMCHGN2GLEN,2024,26077001801,"53,462",79,14,29,0,50,49001,2000 GLENDENNING,"KALAMAZOO, MI","KALAMAZOO, MI",42.27119823,-85.548816,"Benzo[g,h,i]perylene (191-24-2)",324 Petroleum Products,324121 Asphalt Paving Mixture and Block Manufacturing,CRH AMERICAS INC,0.02,0.02,0.00,0.00,0.00,0.02,309,0
CADILLAC ASPHALT L.L.C. - CLARKSTON,4834WCDLLC4751W,2024,26125127300,"28,124",20,45,24,0,22,48346,4751 WHITE LAKE ROAD,"CLARKSTON, MI","OAKLAND, MI",42.70681355,-83.44169833,"Benzo[g,h,i]perylene (191-24-2)",324 Petroleum Products,324121 Asphalt Paving Mixture and Block Manufacturing,CRH AMERICAS INC,0.01,0.01,0.00,0.00,0.00,0.01,267,0
EDW. C. LEVY CO. - PLANT 1,4820WDWCLV88DIX,2024,26163983600,"126,251",0,0,0,0,0,48209,8800 DIX AVE.,"DETROIT, MI","WAYNE, MI",42.31506918,-83.13674363,Lead compounds (N420),327 Nonmetallic Mineral Product,327992 Ground or Treated Mineral and Earth Manufacturing,EDW C LEVY CO,0.01,0.01,0.00,0.00,0.00,0.01,294,0
CADILLAC ASPHALT LLC - WIXOM,4839WCDLLC51777,2024,26125138600,"15,421",34,13,0,65,0,48393,51777 W 12 MILE RD,"WIXOM, MI","OAKLAND, MI",42.49269648,-83.56093806,"Benzo[g,h,i]perylene (191-24-2)",324 Petroleum Products,324121 Asphalt Paving Mixture and Block Manufacturing,CRH AMERICAS INC,0.01,0.01,0.00,0.00,0.00,0.01,247,0
ACE-SAGINAW ASPHALT PAVING CO,4835WCSGNW16255,2024,26125123000,"6,470",20,37,80,0,67,48350,16255 TINDALL RD,"DAVISBURG, MI","OAKLAND, MI",42.79551798,-83.52913095,"Benzo[g,h,i]perylene (191-24-2)",324 Petroleum Products,324121 Asphalt Paving Mixture and Block Manufacturing,EDW C LEVY CO,0.01,0.01,0.00,0.00,0.00,0.01,240,0
TAC MANUFACTURING INC,49201TCMNF4111C,2024,26075005501,"20,523",0,14,40,58,13,49201,4111 COUNTY FARM RD,"JACKSON, MI","JACKSON, MI",42.2765017,-84.47494623,Copper (7440-50-8),336 Transportation Equipment,336320 Motor Vehicle Electrical and Electronic Equipment Manufacturing,TRAM INC,0.01,0.00,0.00,0.00,0.01,"17,967.28",17,0
FORD MOTOR CO WOODHAVEN FORGING PLANT,48183FRDMT24189,2024,26163982102,"53,684",0,0,0,0,0,48183,24189 ALLEN RD,"WOODHAVEN, MI","WAYNE, MI",42.13251235,-83.22571437,Lead (7439-92-1),332 Fabricated Metals,332111 Iron and Steel Forging,FORD MOTOR CO,0.01,0.01,0.00,0.00,0.00,99.81,230,0
FRASER MANUFACTURING FACILITY,48026MLLYM18450,2024,26099241400,"101,711",42,88,64,0,38,48026,18450 15 MILE RD,"FRASER, MI","MACOMB, MI",42.55389777,-82.93208924,Lead (7439-92-1),332 Fabricated Metals,332111 Iron and Steel Forging,AMERICAN AXLE & MANUFACTURING HOLDINGS INC,0.01,0.01,0.00,0.00,0.00,389.71,230,0
LINCOLN ELECTRIC CO D/B/A BAKER INDUSTRIES,4804WBKRND16936,2024,26099224001,"78,363",65,87,37,72,58,48044,16936 ENTERPRISE DR,"MACOMB, MI","MACOMB, MI",42.66726851,-82.95308111,Lead (7439-92-1),333 Machinery,333511 Industrial Mold Manufacturing,THE LINCOLN ELECTRIC CO,0.01,0.00,0.00,0.00,0.01,0.01,180,0
MAGNA-ENGINEERED GLASS,49424DNNLL3601J,2024,26139023102,"32,589",19,51,29,83,0,49424,3501 JOHN F DONNELLY DR,"HOLLAND, MI","OTTAWA, MI",42.8311759,-86.10382017,Lead (7439-92-1),336 Transportation Equipment,336390 Other Motor Vehicle Parts Manufacturing,MAGNA US HOLDING INC,0.01,0.01,0.00,0.00,0.00,0.01,230,0
MAYCO INTERNATIONAL LLC,48078MYCPL42400,2024,26099230502,"89,856",99,76,0,98,0,48314,42400 MERRILL RD,"STERLING HEIGHTS, MI","MACOMB, MI",42.60448219,-83.04610906,Diisocyanates (N120),326 Plastics and Rubber,326199 All Other Plastics Product Manufacturing,NJT ENTERPRISES LLC,0.01,0.01,0.00,0.00,0.00,0.01,"3,500",0
OLDCASTLE PRECAST,4900WLDCST78ADB,2024,26077002901,-,70,75,29,0,32,49009,7800 ADOBE RD,"KALAMAZOO, MI","KALAMAZOO, MI",42.37392738,-85.66022101,Lead compounds (N420),327 Nonmetallic Mineral Product,327390 Other Concrete Product Manufacturing,CRH AMERICAS INC,0.01,0.01,0.00,0.00,0.00,0.01,221,0
SUPERIOR MATERIALS 36,4834WSPRRM247AU,2024,26125140600,"55,773",31,43,51,66,61,48326,2470 AUBURN RD,"AUBURN HILLS, MI","OAKLAND, MI",42.63455146,-83.2393316,Lead (7439-92-1),327 Nonmetallic Mineral Product,327320 Ready-Mix Concrete Manufacturing,VCNA PRAIRIE LLC,0.01,0.01,0.00,0.00,0.00,0.01,220,0
CADILLAC ASPHALT LLC - ANN ARBOR,4810WCDLLC857SW,2024,26161456000,"53,686",81,92,0,0,0,48103,857 S WAGNER RD,"ANN ARBOR, MI","WASHTENAW, MI",42.27276489,-83.7990544,"Benzo[g,h,i]perylene (191-24-2)",324 Petroleum Products,324121 Asphalt Paving Mixture and Block Manufacturing,CRH AMERICAS INC,0.01,0.01,0.00,0.00,0.00,0.01,185,0
CADILLAC ASPHALT LLC - DIX,4809WCDLLC67SUT,2024,26163524500,"106,821",0,0,98,0,97,48217,670 S DIX ST,"DETROIT, MI","WAYNE, MI",42.29161773,-83.15561482,"Benzo[g,h,i]perylene (191-24-2)",324 Petroleum Products,324121 Asphalt Paving Mixture and Block Manufacturing,CRH AMERICAS INC,0.01,0.01,0.00,0.00,0.00,0.01,178,0
GM TRUCK GROUP FLINT ASSEMBLY PLANT,48551GMCTRG3100,2024,26049980000,"51,226",0,0,0,0,0,48551,G-3100 VAN SLYKE RD,"FLINT, MI","GENESEE, MI",42.96697513,-83.71257194,"Benzo[g,h,i]perylene (191-24-2)",336 Transportation Equipment,336370 Motor Vehicle Metal Stamping,GENERAL MOTORS LLC,0.01,0.01,0.00,0.00,0.00,0.01,175,0
PLANT 817 - KOENIG - 7 MILE,4820WKNGFL5EAST,2024,26163509000,"154,630",0,26,97,0,94,48203,500 E SEVEN MILE RD,"DETROIT, MI","WAYNE, MI",42.43231661,-83.09798218,Mercury compounds (N458),327 Nonmetallic Mineral Product,327320 Ready-Mix Concrete Manufacturing,SMYRNA READY MIX LLC,0.01,0.00,0.00,0.00,0.01,0.01,81,0
THE DOW CHEMICAL CO,48667THDWCMICHI,2024,26111290600,"25,530",74,14,85,0,68,48667,1790 BUILDING,"MIDLAND, MI","MIDLAND, MI",43.6095201,-84.2393991,Dioxin and dioxin-like compounds (N150),325 Chemicals,325211 Plastics Material and Resin Manufacturing,DOW INC,0.01,0.00,0.00,0.01,0.00,41.66,"10,915,323",0
SUPERIOR MATERIAILS PLANT 02,48205SPRRM2565H,2024,26163505600,"143,522",89,37,79,0,64,48205,20565 HOOVER RD,"DETROIT, MI","WAYNE, MI",42.44806461,-83.00528175,Lead (7439-92-1),327 Nonmetallic Mineral Product,327320 Ready-Mix Concrete Manufacturing,VCNA PRAIRIE LLC,0.01,0.01,0.00,0.00,0.00,0.01,176,0
SUPERIOR MATERIALS 35,4817WSPRRM391WH,2024,26163586300,"23,300",54,76,0,57,54,48174,39001 W HURON RIVER RD,"ROMULUS, MI","WAYNE, MI",42.21545948,-83.42075357,Lead (7439-92-1),327 Nonmetallic Mineral Product,327320 Ready-Mix Concrete Manufacturing,VCNA PRAIRIE LLC,0.01,0.01,0.00,0.00,0.00,0.01,176,0
MICHIGAN PAVING & MATERIALS - PAW PAW (KLETT) ASPHALT PLAN,4907WMCHGN4646W,2024,26159011300,"2,474",55,52,75,0,85,49079,46046 W RED ARROW HWY,"PAW PAW, MI","VAN BUREN, MI",42.21381107,-85.99347979,"Benzo[g,h,i]perylene (191-24-2)",324 Petroleum Products,324121 Asphalt Paving Mixture and Block Manufacturing,CRH AMERICAS INC,0.01,0.01,0.00,0.00,0.00,0.01,152,0
REAL ALLOY SPECIFICATION LLC,49036LCHML368WG,2024,26023951600,"13,219",57,63,22,90,50,49036,368 W GARFIELD AVE,"COLDWATER, MI","BRANCH, MI",41.92728472,-85.02110789,Dioxin and dioxin-like compounds (N150),331 Primary Metals,331314 Secondary Smelting and Alloying of Aluminum,REAL ALLOY HOLDING LLC,0.01,0.00,0.00,0.00,0.01,0.01,"10,295,145",0
BILLERUD ESCANABA LLC,49829MDPBLCOUNT,2024,26041970400,"5,730",46,91,58,0,34,49829,7100 COUNTY RD 426,"ESCANABA, MI","DELTA, MI",45.8032763,-87.09536725,Dioxin and dioxin-like compounds (N150),322 Paper,322120 Paper Mills,BILLERUD AMERICAS CORP,0.01,0.00,0.01,0.00,0.00,0.01,"9,737,111",0
CADILLAC ASPHALT LLC - ROMULUS,4817WCDLLC1351H,2024,26163586300,"16,691",54,76,0,57,54,48174,13501 HURON RIVER DR,"ROMULUS, MI","WAYNE, MI",42.20624507,-83.40440432,"Benzo[g,h,i]perylene (191-24-2)",324 Petroleum Products,324121 Asphalt Paving Mixture and Block Manufacturing,CRH AMERICAS INC,0.01,0.01,0.00,0.00,0.00,0.01,134,0
CADILLAC ASPHALT LLC - TROY,4808WCDLLC24BAR,2024,26125197600,"90,954",13,23,80,72,22,48084,2040 BARRETT RD,"TROY, MI","OAKLAND, MI",42.55285137,-83.15898758,"Benzo[g,h,i]perylene (191-24-2)",324 Petroleum Products,324121 Asphalt Paving Mixture and Block Manufacturing,CRH AMERICAS INC,0.01,0.01,0.00,0.00,0.00,0.01,129,0
SUPERIOR MATERIALS 102,48375SPRTN44922,2024,26125136602,"45,678",0,0,0,0,0,48375,44922 GRAND RIVER RD,"NOVI, MI","OAKLAND, MI",42.48440133,-83.49144124,Lead (7439-92-1),327 Nonmetallic Mineral Product,327320 Ready-Mix Concrete Manufacturing,VCNA PRAIRIE LLC,0.01,0.01,0.00,0.00,0.00,0.01,142,0
CADILLAC ASPHALT LLC - MT. CLEMENS,4804WCDLLC67MAR,2024,26099245200,"81,178",78,62,35,0,89,48043,67 MARY,"MOUNT CLEMENS, MI","MACOMB, MI",42.60074551,-82.89169488,"Benzo[g,h,i]perylene (191-24-2)",324 Petroleum Products,324121 Asphalt Paving Mixture and Block Manufacturing,CRH AMERICAS INC,0.01,0.01,0.00,0.00,0.00,0.01,117,0
DTE ELECTRIC CO - MONROE POWER PLANT,48161DTRTD3500E,2024,26115831800,"5,963",0,0,0,0,0,48161,3500 E FRONT ST,"MONROE, MI","MONROE, MI",41.89241917,-83.35195721,Dioxin and dioxin-like compounds (N150),2211 Electric Utilities,221112 Fossil Fuel Electric Power Generation,DTE ENERGY CO,0.01,0.01,0.00,0.00,0.00,0.01,"7,106,552",0
CADILLAC ASPHALT - SHELBY PLANT,4831WCDLLC12345,2024,26099226400,"60,682",42,68,37,80,66,48315,12345 23-MILE ROAD,"SHELBY TOWNSHIP, MI","MACOMB, MI",42.6699015,-83.00750203,"Benzo[g,h,i]perylene (191-24-2)",324 Petroleum Products,324121 Asphalt Paving Mixture and Block Manufacturing,CRH AMERICAS INC,0.00,0.00,0.00,0.00,0.00,0.00,83,0
SUPERIOR MATERIALS PLANT 101,4830WSPRRM4FLRA,2024,26099245300,"83,487",43,16,68,0,45,48043,40 FLORAL AVE,"MOUNT CLEMENS, MI","MACOMB, MI",42.59642995,-82.89297688,Lead (7439-92-1),327 Nonmetallic Mineral Product,327320 Ready-Mix Concrete Manufacturing,VCNA PRAIRIE LLC,0.00,0.00,0.00,0.00,0.00,0.00,81,0
CADILLAC ASPHALT LLC,4816WCDLLC1523S,2024,26115832400,"30,228",72,21,0,0,52,48161,15203 S TELEGRAPH RD,"MONROE, MI","MONROE, MI",41.89198966,-83.43449192,"Benzo[g,h,i]perylene (191-24-2)",324 Petroleum Products,324121 Asphalt Paving Mixture and Block Manufacturing,CRH AMERICAS INC,0.00,0.00,0.00,0.00,0.00,0.00,66,0
SUPERIOR MATERIALS PLANT 20,48505SPRRMG53ND,2024,26049012202,"47,538",85,34,99,0,68,48505,G-5300 N DORT HWY,"FLINT, MI","GENESEE, MI",43.0620375,-83.67387449,Lead (7439-92-1),327 Nonmetallic Mineral Product,327320 Ready-Mix Concrete Manufacturing,VCNA PRAIRIE LLC,0.00,0.00,0.00,0.00,0.00,0.00,75,0
MARATHON PETROLEUM CO LP - MICHIGAN REFINING DIV,48217MRTHN1300S,2024,26163524500,"94,854",0,35,0,0,0,48217,1300 S FORT ST HES DEPT,"DETROIT, MI","WAYNE, MI",42.28071629,-83.15192609,Dioxin and dioxin-like compounds (N150),324 Petroleum Products,324110 Petroleum Refineries,MARATHON PETROLEUM CORP,0.00,0.00,0.00,0.00,0.00,0.00,"3,304,868",0
J H CAMPBELL GENERATING PLANT,49460JHCMP17000,2024,26139022002,"2,772",34,62,82,0,47,49460,17000 CROSWELL ST,"WEST OLIVE, MI","OTTAWA, MI",42.92085153,-86.20634501,Dioxin and dioxin-like compounds (N150),2211 Electric Utilities,221112 Fossil Fuel Electric Power Generation,CMS ENERGY,0.00,0.00,0.00,0.00,0.00,0.00,"1,941,816",0
ST MARYS CEMENT U.S. LLC,49720MDSCMBELLS,2024,26029000400,"3,587",37,95,51,57,37,49720,16000 BELLS BAY RD,"CHARLEVOIX, MI","CHARLEVOIX, MI",45.30794109,-85.30779401,Dioxin and dioxin-like compounds (N150),327 Nonmetallic Mineral Product,327310 Cement Manufacturing,VCNA PRAIRIE LLC,0.00,0.00,0.00,0.00,0.00,0.00,"1,148,055",0
BILLERUD QUINNESEC,49876CHMPNUSHIG,2024,26043950300,"5,480",46,23,42,0,18,49876,W 6791 US HWY 2,"QUINNESEC, MI","DICKINSON, MI",45.80204895,-87.95895733,Dioxin and dioxin-like compounds (N150),322 Paper,322110 Pulp Mills,BILLERUD AMERICAS CORP,0.00,0.00,0.00,0.00,0.00,0.00,"1,130,459",0
GERDAU MACSTEEL MONROE,48161NRTHS3000E,2024,26115831800,"23,135",0,0,0,0,0,48161,3000 E FRONT ST,"MONROE, MI","MONROE, MI",41.89706191,-83.36151774,Dioxin and dioxin-like compounds (N150),331 Primary Metals,331110 Iron and Steel Mills and Ferroalloy Manufacturing,GERDAU USA INC,0.00,0.00,0.00,0.00,0.00,0.18,"1,018,710",0
US STEEL CORP GREAT LAKES WORKS,48229GRTLKNO1QU,2024,26163987000,-,0,0,0,0,0,48229,1 QUALITY DR,"ECORSE, MI","WAYNE, MI",42.2562099,-83.13423533,Polycyclic aromatic compounds (N590),331 Primary Metals,331110 Iron and Steel Mills and Ferroalloy Manufacturing,US STEEL CORP,0.00,0.00,0.00,0.00,0.00,0.00,238,0
HOLCIM (US) INC,49707LFRGCFORDA,2024,26007000400,"9,674",21,43,61,75,47,49707,1435 FORD AVE,"ALPENA, MI","ALPENA, MI",45.06479492,-83.4264411,Dioxin and dioxin-like compounds (N150),327 Nonmetallic Mineral Product,327310 Cement Manufacturing,HOLCIM PARTICIPATIONS (US) INC,0.00,0.00,0.00,0.00,0.00,0.00,"691,488",0
PACKAGING CORP OF AMERICA,49634PCKGN2245U,2024,26101000700,"8,480",42,83,67,0,64,49634,2246 UDELL ST,"FILER CITY, MI","MANISTEE, MI",44.247547,-86.318539,Dioxin and dioxin-like compounds (N150),322 Paper,322120 Paper Mills,PACKAGING CORP OF AMERICA,0.00,0.00,0.00,0.00,0.00,0.00,"343,892",0
OLDCASTLE LAWN & GARDEN,4872WLDCST645DI,2024,26145011600,"13,864",21,77,56,0,76,48722,6045 DIXIE HWY,"BRIDGEPORT, MI","SAGINAW, MI",43.36332569,-83.88410441,Lead compounds (N420),321 Wood Products,321999 All Other Miscellaneous Wood Product Manufacturing,CRH AMERICAS INC,0.00,0.00,0.00,0.00,0.00,0.00,3,0
MICHIGAN PAVING & MATERIALS CO - MONROE,48161THMPS3125E,2024,26115831800,"19,008",0,0,0,0,0,48161,3125 E FRONT ST,"MONROE, MI","MONROE, MI",41.89651788,-83.36013555,"Benzo[g,h,i]perylene (191-24-2)",4247 Petroleum Bulk Terminals,424710 Petroleum Bulk Stations and Terminals,CRH AMERICAS INC,0.00,0.00,0.00,0.00,0.00,0.00,2,0
MICHIGAN PAVING & MATERIALS CO - MONROE,48161THMPS3125E,2024,26115831800,"19,008",0,0,0,0,0,48161,3125 E FRONT ST,"MONROE, MI","MONROE, MI",41.89651788,-83.36013555,Polycyclic aromatic compounds (N590),4247 Petroleum Bulk Terminals,424710 Petroleum Bulk Stations and Terminals,CRH AMERICAS INC,0.00,0.00,0.00,0.00,0.00,0.00,46,0
ALCO MANUFACTURING CORP LLC,4813WLCMNF8763D,2024,26161448000,"8,984",36,44,27,0,16,48130,8763 DEXTER CHELSEA RD,"DEXTER, MI","WASHTENAW, MI",42.33020204,-83.90526759,Lead (7439-92-1),332 Fabricated Metals,332721 Precision Turned Product Manufacturing,ALCO HOLDINGS,0.00,0.00,0.00,0.00,0.00,45.01,2,0
DTE ELECTRIC CO-BELLE RIVER POWER PLANT,48054DTRTD4505K,2024,26147641000,"5,092",31,81,78,0,49,48054,4505 KING RD,"CHINA TOWNSHIP, MI","ST. CLAIR, MI",42.77569325,-82.51235737,Dioxin and dioxin-like compounds (N150),2211 Electric Utilities,221112 Fossil Fuel Electric Power Generation,DTE ENERGY CO,0.00,0.00,0.00,0.00,0.00,0.00,"109,527",0
MICHIGAN PAVING & MATERIALS CO,48801TRRYM1950W,2024,26057000500,"14,556",27,51,66,0,39,48801,1950 WILLIAMS ST,"ALMA, MI","GRATIOT, MI",43.38606146,-84.62968617,"Benzo[g,h,i]perylene (191-24-2)",324 Petroleum Products,324121 Asphalt Paving Mixture and Block Manufacturing,CRH AMERICAS INC,0.00,0.00,0.00,0.00,0.00,0.00,1,0
MICHIGAN PAVING & MATERIALS CO,48801TRRYM1950W,2024,26057000500,"14,556",27,51,66,0,39,48801,1950 WILLIAMS ST,"ALMA, MI","GRATIOT, MI",43.38606146,-84.62968617,Polycyclic aromatic compounds (N590),324 Petroleum Products,324121 Asphalt Paving Mixture and Block Manufacturing,CRH AMERICAS INC,0.00,0.00,0.00,0.00,0.00,0.00,26,0
OLDCASTLE LAWN & GARDEN,4872WLDCST645DI,2024,26145011600,"13,864",21,77,56,0,76,48722,6045 DIXIE HWY,"BRIDGEPORT, MI","SAGINAW, MI",43.36332569,-83.88410441,Trifluralin (1582-09-8),321 Wood Products,321999 All Other Miscellaneous Wood Product Manufacturing,CRH AMERICAS INC,0.00,0.00,0.00,0.00,0.00,0.00,0,0
AIR PRODUCTS & CHEMICALS INC/DETROIT HYDROGEN FACILITY,48217DTRTS1025S,2024,-,"99,709",-,-,-,-,-,48217,1025 OAKWOOD BLVD,"DETROIT, MI","WAYNE, MI",42.28702436,-83.1555223,Nickel compounds (N495),325 Chemicals,325120 Industrial Gas Manufacturing,AIR PRODUCTS & CHEMICALS INC,0.00,0.00,0.00,0.00,0.00,"14,004.20",0,0
ALLIED FINISHING INC,49508LLDFN4100B,2024,26081012608,"41,254",76,63,33,57,68,49512,4100 BROADMOOR SE,"KENTWOOD, MI","KENT, MI",42.88901815,-85.56932812,Lead compounds (N420),332 Fabricated Metals,"332813 Electroplating, Plating, Polishing, Anodizing, and Coloring",ALLIED FINISHING INC,0.00,0.00,0.00,0.00,0.00,77.00,0,0
ALLIED FINISHING INC,49508LLDFN4100B,2024,26081012608,"41,254",76,63,33,57,68,49512,4100 BROADMOOR SE,"KENTWOOD, MI","KENT, MI",42.88901815,-85.56932812,Manganese compounds (N450),332 Fabricated Metals,"332813 Electroplating, Plating, Polishing, Anodizing, and Coloring",ALLIED FINISHING INC,0.00,0.00,0.00,0.00,0.00,5.00,0,0
ALPHA METAL FINISHING CO.,48130LPHMT8155H,2024,26161454002,"9,181",34,66,29,64,13,48130,8155 HURON ST,"DEXTER, MI","WASHTENAW, MI",42.34130667,-83.88466896,Nitric acid (7697-37-2),332 Fabricated Metals,"332813 Electroplating, Plating, Polishing, Anodizing, and Coloring",ALPHA METAL FINISHING CO,0.00,0.00,0.00,0.00,0.00,0.00,0,1
ALPHA METAL FINISHING CO.,48130LPHMT8155H,2024,26161454002,"9,181",34,66,29,64,13,48130,8155 HURON ST,"DEXTER, MI","WASHTENAW, MI",42.34130667,-83.88466896,Sulfuric acid (acid aerosols) (7664-93-9),332 Fabricated Metals,"332813 Electroplating, Plating, Polishing, Anodizing, and Coloring",ALPHA METAL FINISHING CO,0.00,0.00,0.00,0.00,0.00,0.00,0,1
AMERICAN SOY PRODUCTS INC.,4817WMRCNS1474W,2024,26161423400,"20,996",40,67,90,0,16,48176,1474 WOODLAND DR,"SALINE, MI","WASHTENAW, MI",42.18834539,-83.76455552,Nitric acid (7697-37-2),311 Food,311999 All Other Miscellaneous Food Manufacturing,MORGAN FOODS INC,0.00,0.00,0.00,0.00,0.00,"23,448.71",0,0
ATMOSPHERE HEAT TREATING,48393TMSPH30760,2024,26125133102,"30,469",0,0,0,0,0,48393,30760 CENTURY DR,"WIXOM, MI","OAKLAND, MI",42.51851697,-83.54868183,Nitric acid (7697-37-2),332 Fabricated Metals,332811 Metal Heat Treating,ATMOSPHERE HEAT TREATING,0.00,0.00,0.00,0.00,0.00,"25,826.00",0,0
AURIA SOLUTIONS,48079CLLNS2001C,2024,26147642000,"10,296",0,0,0,0,0,48079,2001 CHRISTIAN B HAAS DR,"SAINT CLAIR, MI","ST. CLAIR, MI",42.84632356,-82.49475878,Diisocyanates (N120),339 Miscellaneous Manufacturing,339999 All Other Miscellaneous Manufacturing,AURIA SOLUTIONS USA INC,0.00,0.00,0.00,0.00,0.00,0.00,0,0
AUTOKINITON PLANT 3,4942WLWNCX88E32,2024,26139025200,"30,649",90,0,28,58,31,49423,808 E 32ND ST,"HOLLAND, MI","ALLEGAN, MI",42.76863455,-86.07885917,Lead (7439-92-1),336 Transportation Equipment,336370 Motor Vehicle Metal Stamping,AUTOKINITON US HOLDINGS INC,0.00,0.00,0.00,0.00,0.00,"13,121.00",0,0
BASF CORP,48150BSFCR13000,2024,26163558500,"80,791",79,69,56,74,35,48150,13000 LEVAN RD,"LIVONIA, MI","WAYNE, MI",42.37759386,-83.40189891,Diethanolamine (111-42-2),325 Chemicals,325211 Plastics Material and Resin Manufacturing,BASF CORP,0.00,0.00,0.00,0.00,0.00,"2,248.00",0,0
BASF CORP,48150BSFCR13000,2024,26163558500,"80,791",79,69,56,74,35,48150,13000 LEVAN RD,"LIVONIA, MI","WAYNE, MI",42.37759386,-83.40189891,Ethylene glycol (107-21-1),325 Chemicals,325211 Plastics Material and Resin Manufacturing,BASF CORP,0.00,0.00,0.00,0.00,0.00,"12,069.00",0,0
BASF CORP,48192BSFCR1609B,2024,26163580100,"83,157",54,24,35,0,37,481923729,1609 BIDDLE AVE,"WYANDOTTE, MI","WAYNE, MI",42.2177185,-83.15027742,tert-Butyl alcohol (75-65-0),325 Chemicals,325211 Plastics Material and Resin Manufacturing,BASF CORP,0.00,0.00,0.00,0.00,0.00,"691,003.00",0,0
BLEISTAHL N.A. LP,4903WBLSTH19CLA,2024,26025002600,"11,450",56,21,66,71,74,49037,190 CLARK ROAD N,"BATTLE CREEK, MI","CALHOUN, MI",42.33623992,-85.28687706,Chromium (7440-47-3),336 Transportation Equipment,336310 Motor Vehicle Gasoline Engine and Engine Parts Manufacturing,BLEISTAHL LTD,0.00,0.00,0.00,0.00,0.00,"7,768.00",0,0
BLEISTAHL N.A. LP,4903WBLSTH19CLA,2024,26025002600,"11,450",56,21,66,71,74,49037,190 CLARK ROAD N,"BATTLE CREEK, MI","CALHOUN, MI",42.33623992,-85.28687706,Cobalt (7440-48-4),336 Transportation Equipment,336310 Motor Vehicle Gasoline Engine and Engine Parts Manufacturing,BLEISTAHL LTD,0.00,0.00,0.00,0.00,0.00,"27,375.00",0,0
BLUEWATER THERMAL SOLUTIONS - COLDWATER,49036BRZNG94CON,2024,26023951400,"13,334",16,82,34,0,40,49036,94 CONCEPT DR,"COLDWATER, MI","BRANCH, MI",41.94927725,-84.97869097,Manganese (7439-96-5),332 Fabricated Metals,332811 Metal Heat Treating,BWT LLC,0.00,0.00,0.00,0.00,0.00,708.00,0,0
BRONSON PLATING CO,49028BRNSN135IN,2024,26023950300,"3,447",43,66,49,61,69,49028,135 INDUSTRIAL AVE,"BRONSON, MI","BRANCH, MI",41.87956943,-85.19380993,Lead (7439-92-1),332 Fabricated Metals,"332813 Electroplating, Plating, Polishing, Anodizing, and Coloring",NA,0.00,0.00,0.00,0.00,0.00,3.69,0,0
BRONSON PLATING CO,49028BRNSN135IN,2024,26023950300,"3,447",43,66,49,61,69,49028,135 INDUSTRIAL AVE,"BRONSON, MI","BRANCH, MI",41.87956943,-85.19380993,Perfluorooctane sulfonic acid (1763-23-1),332 Fabricated Metals,"332813 Electroplating, Plating, Polishing, Anodizing, and Coloring",NA,0.00,0.00,0.00,0.00,0.00,0.00,0,0
CADILLAC PLATING CORP,48089CDLLC23849,2024,26099268300,"145,326",98,31,99,0,97,48089,23849 GROESBECK HWY,"WARREN, MI","MACOMB, MI",42.47039734,-82.98678893,Nitric acid (7697-37-2),332 Fabricated Metals,"332813 Electroplating, Plating, Polishing, Anodizing, and Coloring",NA,0.00,0.00,0.00,0.00,0.00,"10,636.00",0,0
COSMA BODY ASSEMBLY MICHIGAN,4816WCSMBD54725,2024,26125138600,"11,811",34,13,0,65,0,48165,54725 GRAND RIVER AVE,"NEW HUDSON, MI","OAKLAND, MI",42.50645668,-83.59186685,Nickel (7440-02-0),336 Transportation Equipment,336390 Other Motor Vehicle Parts Manufacturing,MAGNA US HOLDING INC,0.00,0.00,0.00,0.00,0.00,"1,424.00",0,0
CURTIS METAL FINISHING CO,48078CRTSC6645S,2024,26099982001,"98,136",0,0,0,0,0,48313,6645 SIMS DR,"STERLING HEIGHTS, MI","MACOMB, MI",42.58932703,-83.04172465,Nitric acid (7697-37-2),332 Fabricated Metals,"332812 Metal Coating, Engraving (except Jewelry and Silverware), and Allied Services to Manufactur..",CURTIS METAL FINISHING CO,0.00,0.00,0.00,0.00,0.00,"87,020.00",0,0
DAIRY FARMERS OF AMERICA INC.,4872WDRYFRDIVIS,2024,26157000100,"3,598",44,76,89,0,59,48726,4105 NORTH DIV ST,"CASS CITY, MI","TUSCOLA, MI",43.59002008,-83.1802758,Nitric acid (7697-37-2),311 Food,"311514 Dry, Condensed, and Evaporated Dairy Product Manufacturing",DAIRY FARMERS OF AMERICA INC,0.00,0.00,0.00,0.00,0.00,"48,830.00",0,0
DAIRY FARMERS OF AMERICA INC.,4872WDRYFRDIVIS,2024,26157000100,"3,598",44,76,89,0,59,48726,4105 NORTH DIV ST,"CASS CITY, MI","TUSCOLA, MI",43.59002008,-83.1802758,Peracetic acid (79-21-0),311 Food,"311514 Dry, Condensed, and Evaporated Dairy Product Manufacturing",DAIRY FARMERS OF AMERICA INC,0.00,0.00,0.00,0.00,0.00,"15,912.52",0,0
DANA - WARREN MANUFACTURING LLC,48093SMNFC2821V,2024,26099262000,"103,399",36,75,96,79,65,48093,28201 VAN DYKE AVE,"WARREN, MI","MACOMB, MI",42.49990932,-83.02813603,Nickel (7440-02-0),336 Transportation Equipment,336330 Motor Vehicle Steering and Suspension Components (except Spring) Manufacturing,DANA INC,0.00,0.00,0.00,0.00,0.00,"12,750.00",0,0
DANA DRIVESHAFT MANUFACTURING LLC,48326DNCRP444NA,2024,26125981400,"35,850",0,0,-,0,93,48326,4440 N ATLANTIC BLVD,"AUBURN HILLS, MI","OAKLAND, MI",42.70712024,-83.27739402,Lead (7439-92-1),336 Transportation Equipment,336350 Motor Vehicle Transmission and Power Train Parts Manufacturing,DANA INC,0.00,0.00,0.00,0.00,0.00,122.88,0,0
DANA DRIVESHAFT MANUFACTURING LLC,48326DNCRP444NA,2024,26125981400,"35,850",0,0,-,0,93,48326,4440 N ATLANTIC BLVD,"AUBURN HILLS, MI","OAKLAND, MI",42.70712024,-83.27739402,Manganese (7439-96-5),336 Transportation Equipment,336350 Motor Vehicle Transmission and Power Train Parts Manufacturing,DANA INC,0.00,0.00,0.00,0.00,0.00,"18,432.18",0,0
DANA DRIVESHAFT MANUFACTURING LLC,48326DNCRP444NA,2024,26125981400,"35,850",0,0,-,0,93,48326,4440 N ATLANTIC BLVD,"AUBURN HILLS, MI","OAKLAND, MI",42.70712024,-83.27739402,Nickel (7440-02-0),336 Transportation Equipment,336350 Motor Vehicle Transmission and Power Train Parts Manufacturing,DANA INC,0.00,0.00,0.00,0.00,0.00,"12,288.12",0,0
DARLING INGREDIENTS INC.,4941WDRLNG59LDA,2024,26005030704,"2,596",34,41,28,63,30,49419,5900 OLD ALLEGAN RD,"HAMILTON, MI","ALLEGAN, MI",42.65206072,-86.12468373,Methanol (67-56-1),311 Food,311613 Rendering and Meat Byproduct Processing,DARLING INGREDIENTS INC,0.00,0.00,0.00,0.00,0.00,"26,136.00",0,0
ELECTRO CHEMICAL FINISHING CO,49509LCTRC2610R,2024,26081013801,"71,804",38,73,47,57,63,49519,2610 REMICO ST SW,"WYOMING, MI","KENT, MI",42.90896576,-85.73020061,Nitric acid (7697-37-2),332 Fabricated Metals,"332813 Electroplating, Plating, Polishing, Anodizing, and Coloring",ELECTRO CHEMICAL FINISHING CO,0.00,0.00,0.00,0.00,0.00,"24,885.00",0,0
FCA US STERLING STAMPING PLANT,48077STRLN35777,2024,26099982002,"97,953",0,0,0,0,0,48312,35777 VAN DYKE,"STERLING HEIGHTS, MI","MACOMB, MI",42.55585784,-83.02948518,Manganese compounds (N450),336 Transportation Equipment,336370 Motor Vehicle Metal Stamping,FCA US LLC,0.00,0.00,0.00,0.00,0.00,0.00,0,0
FCA US STERLING STAMPING PLANT,48077STRLN35777,2024,26099982002,"97,953",0,0,0,0,0,48312,35777 VAN DYKE,"STERLING HEIGHTS, MI","MACOMB, MI",42.55585784,-83.02948518,Toluene (108-88-3),336 Transportation Equipment,336370 Motor Vehicle Metal Stamping,FCA US LLC,0.00,0.00,0.00,0.00,0.00,0.00,0,0
FCA US WARREN STAMPING PLANT,48091WRRNS22800,2024,26099982200,"129,109",0,0,0,0,93,48091,22800 MOUND RD,"WARREN, MI","MACOMB, MI",42.46100325,-83.04452265,Benzene (71-43-2),336 Transportation Equipment,336370 Motor Vehicle Metal Stamping,FCA US LLC,0.00,0.00,0.00,0.00,0.00,0.00,0,0
FCA US WARREN STAMPING PLANT,48091WRRNS22800,2024,26099982200,"129,109",0,0,0,0,93,48091,22800 MOUND RD,"WARREN, MI","MACOMB, MI",42.46100325,-83.04452265,Manganese compounds (N450),336 Transportation Equipment,336370 Motor Vehicle Metal Stamping,FCA US LLC,0.00,0.00,0.00,0.00,0.00,0.00,0,0
FCA US WARREN STAMPING PLANT,48091WRRNS22800,2024,26099982200,"129,109",0,0,0,0,93,48091,22800 MOUND RD,"WARREN, MI","MACOMB, MI",42.46100325,-83.04452265,Toluene (108-88-3),336 Transportation Equipment,336370 Motor Vehicle Metal Stamping,FCA US LLC,0.00,0.00,0.00,0.00,0.00,0.00,0,0
FLEXIBLE STEEL LACING CO. D/B/A FLEXCO INC.,4954WFLXCN1854N,2024,26081011502,"38,005",14,44,0,0,52,49544,1854 NORTHRIDGE DRIVE NW,"WALKER, MI","KENT, MI",43.02519054,-85.71688849,Copper (7440-50-8),333 Machinery,333922 Conveyor and Conveying Equipment Manufacturing,FLEXIBLE STEEL LACING CO,0.00,0.00,0.00,0.00,0.00,"10,661.00",0,0
FLEXIBLE STEEL LACING CO. D/B/A FLEXCO INC.,4954WFLXCN1854N,2024,26081011502,"38,005",14,44,0,0,52,49544,1854 NORTHRIDGE DRIVE NW,"WALKER, MI","KENT, MI",43.02519054,-85.71688849,Lead (7439-92-1),333 Machinery,333922 Conveyor and Conveying Equipment Manufacturing,FLEXIBLE STEEL LACING CO,0.00,0.00,0.00,0.00,0.00,246.00,0,0
FORD MOTOR CO DEARBORN STAMPING PLANT,48121FRDM13001M,2024,26163985700,"123,088",0,0,0,0,0,48120,3001 MILLER RD,"DEARBORN, MI","WAYNE, MI",42.30886967,-83.15678743,Copper (7440-50-8),336 Transportation Equipment,336370 Motor Vehicle Metal Stamping,FORD MOTOR CO,0.00,0.00,0.00,0.00,0.00,"2,600.00",0,0
FORD MOTOR CO DEARBORN STAMPING PLANT,48121FRDM13001M,2024,26163985700,"123,088",0,0,0,0,0,48120,3001 MILLER RD,"DEARBORN, MI","WAYNE, MI",42.30886967,-83.15678743,Manganese (7439-96-5),336 Transportation Equipment,336370 Motor Vehicle Metal Stamping,FORD MOTOR CO,0.00,0.00,0.00,0.00,0.00,0.00,0,0
FORD MOTOR CO DEARBORN TOOL & DIE PLANT,48121FRDM43001M,2024,26163985700,"123,088",0,0,0,0,0,48120,3001 MILLER RD,"DEARBORN, MI","WAYNE, MI",42.30886967,-83.15678743,Copper (7440-50-8),333 Machinery,"333514 Special Die and Tool, Die Set, Jig, and Fixture Manufacturing",FORD MOTOR CO,0.00,0.00,0.00,0.00,0.00,6.00,0,0
FORD MOTOR CO DEARBORN TOOL & DIE PLANT,48121FRDM43001M,2024,26163985700,"123,088",0,0,0,0,0,48120,3001 MILLER RD,"DEARBORN, MI","WAYNE, MI",42.30886967,-83.15678743,Lead (7439-92-1),333 Machinery,"333514 Special Die and Tool, Die Set, Jig, and Fixture Manufacturing",FORD MOTOR CO,0.00,0.00,0.00,0.00,0.00,1.90,0,0
FORD MOTOR CO DEARBORN TRUCK PLANT,48121FRDM23001M,2024,26163985700,"123,088",0,0,0,0,0,48120,3001 MILLER RD,"DEARBORN, MI","WAYNE, MI",42.30886967,-83.15678743,"Benzo[g,h,i]perylene (191-24-2)",336 Transportation Equipment,336110 Automobile and Light Duty Motor Vehicle Manufacturing,FORD MOTOR CO,0.00,0.00,0.00,0.00,0.00,0.00,0,0
FORD MOTOR CO MICHIGAN ASSEMBLY PLANT,48184FRDMT38303,2024,26163566700,"67,978",14,15,80,62,67,48184,38303 MICHIGAN AVE,"WAYNE, MI","WAYNE, MI",42.27796988,-83.41395208,"Benzo[g,h,i]perylene (191-24-2)",336 Transportation Equipment,336110 Automobile and Light Duty Motor Vehicle Manufacturing,FORD MOTOR CO,0.00,0.00,0.00,0.00,0.00,0.00,0,0
FORD MOTOR CO WOODHAVEN STAMPING PLANT,48183FRDMT20900,2024,26163982101,"57,115",0,0,0,0,0,48183,20900 WEST RD,"WOODHAVEN, MI","WAYNE, MI",42.13942075,-83.23681615,Manganese (7439-96-5),336 Transportation Equipment,336370 Motor Vehicle Metal Stamping,FORD MOTOR CO,0.00,0.00,0.00,0.00,0.00,"24,000.00",0,0
GAST MANUFACTURING INC,49022GSTMN2300H,2024,26021002000,"33,320",78,75,41,58,81,49022,2300 HWY M-139,"BENTON HARBOR, MI","BERRIEN, MI",42.07631724,-86.43661171,Chromium (7440-47-3),333 Machinery,333912 Air and Gas Compressor Manufacturing,IDEX CORP,0.00,0.00,0.00,0.00,0.00,"9,062.00",0,0
GAST MANUFACTURING INC,49022GSTMN2300H,2024,26021002000,"33,320",78,75,41,58,81,49022,2300 HWY M-139,"BENTON HARBOR, MI","BERRIEN, MI",42.07631724,-86.43661171,Nickel (7440-02-0),333 Machinery,333912 Air and Gas Compressor Manufacturing,IDEX CORP,0.00,0.00,0.00,0.00,0.00,"9,208.00",0,0
GENERAL MOTORS LANSING DELTA TOWNSHIP,48917GNRLM85REL,2024,26045020302,"10,044",63,24,60,0,0,48917,8175 MILLETT HWY,"LANSING, MI","EATON, MI",42.69753322,-84.67379564,Naphthalene (91-20-3),336 Transportation Equipment,336110 Automobile and Light Duty Motor Vehicle Manufacturing,GENERAL MOTORS LLC,0.00,0.00,0.00,0.00,0.00,1.00,0,0
GM TRUCK GROUP FLINT ASSEMBLY PLANT,48551GMCTRG3100,2024,26049980000,"51,226",0,0,0,0,0,48551,G-3100 VAN SLYKE RD,"FLINT, MI","GENESEE, MI",42.96697513,-83.71257194,"1,2,4-Trimethylbenzene (95-63-6)",336 Transportation Equipment,336370 Motor Vehicle Metal Stamping,GENERAL MOTORS LLC,0.00,0.00,0.00,0.00,0.00,0.00,0,0
GM TRUCK GROUP FLINT ASSEMBLY PLANT,48551GMCTRG3100,2024,26049980000,"51,226",0,0,0,0,0,48551,G-3100 VAN SLYKE RD,"FLINT, MI","GENESEE, MI",42.96697513,-83.71257194,"Benzo[g,h,i]perylene (191-24-2)",336 Transportation Equipment,336350 Motor Vehicle Transmission and Power Train Parts Manufacturing,GENERAL MOTORS LLC,0.00,0.00,0.00,0.00,0.00,0.00,0,0
GM TRUCK GROUP FLINT ASSEMBLY PLANT,48551GMCTRG3100,2024,26049980000,"51,226",0,0,0,0,0,48551,G-3100 VAN SLYKE RD,"FLINT, MI","GENESEE, MI",42.96697513,-83.71257194,Cumene (98-82-8),336 Transportation Equipment,336370 Motor Vehicle Metal Stamping,GENERAL MOTORS LLC,0.00,0.00,0.00,0.00,0.00,0.00,0,0
GM TRUCK GROUP FLINT ASSEMBLY PLANT,48551GMCTRG3100,2024,26049980000,"51,226",0,0,0,0,0,48551,G-3100 VAN SLYKE RD,"FLINT, MI","GENESEE, MI",42.96697513,-83.71257194,Ethylbenzene (100-41-4),336 Transportation Equipment,336370 Motor Vehicle Metal Stamping,GENERAL MOTORS LLC,0.00,0.00,0.00,0.00,0.00,0.00,0,0
GM TRUCK GROUP FLINT ASSEMBLY PLANT,48551GMCTRG3100,2024,26049980000,"51,226",0,0,0,0,0,48551,G-3100 VAN SLYKE RD,"FLINT, MI","GENESEE, MI",42.96697513,-83.71257194,Ethylene glycol (107-21-1),336 Transportation Equipment,336370 Motor Vehicle Metal Stamping,GENERAL MOTORS LLC,0.00,0.00,0.00,0.00,0.00,0.00,0,0
GM TRUCK GROUP FLINT ASSEMBLY PLANT,48551GMCTRG3100,2024,26049980000,"51,226",0,0,0,0,0,48551,G-3100 VAN SLYKE RD,"FLINT, MI","GENESEE, MI",42.96697513,-83.71257194,Manganese (7439-96-5),336 Transportation Equipment,336110 Automobile and Light Duty Motor Vehicle Manufacturing,GENERAL MOTORS LLC,0.00,0.00,0.00,0.00,0.00,0.00,0,0
GM TRUCK GROUP FLINT ASSEMBLY PLANT,48551GMCTRG3100,2024,26049980000,"51,226",0,0,0,0,0,48551,G-3100 VAN SLYKE RD,"FLINT, MI","GENESEE, MI",42.96697513,-83.71257194,Manganese (7439-96-5),336 Transportation Equipment,336370 Motor Vehicle Metal Stamping,GENERAL MOTORS LLC,0.00,0.00,0.00,0.00,0.00,7.00,0,0
GM TRUCK GROUP FLINT ASSEMBLY PLANT,48551GMCTRG3100,2024,26049980000,"51,226",0,0,0,0,0,48551,G-3100 VAN SLYKE RD,"FLINT, MI","GENESEE, MI",42.96697513,-83.71257194,Methanol (67-56-1),336 Transportation Equipment,336350 Motor Vehicle Transmission and Power Train Parts Manufacturing,GENERAL MOTORS LLC,0.00,0.00,0.00,0.00,0.00,0.00,0,0
GM TRUCK GROUP FLINT ASSEMBLY PLANT,48551GMCTRG3100,2024,26049980000,"51,226",0,0,0,0,0,48551,G-3100 VAN SLYKE RD,"FLINT, MI","GENESEE, MI",42.96697513,-83.71257194,Methanol (67-56-1),336 Transportation Equipment,336370 Motor Vehicle Metal Stamping,GENERAL MOTORS LLC,0.00,0.00,0.00,0.00,0.00,0.00,0,0
GM TRUCK GROUP FLINT ASSEMBLY PLANT,48551GMCTRG3100,2024,26049980000,"51,226",0,0,0,0,0,48551,G-3100 VAN SLYKE RD,"FLINT, MI","GENESEE, MI",42.96697513,-83.71257194,n-Butyl alcohol (71-36-3),336 Transportation Equipment,336350 Motor Vehicle Transmission and Power Train Parts Manufacturing,GENERAL MOTORS LLC,0.00,0.00,0.00,0.00,0.00,0.00,0,0
GM TRUCK GROUP FLINT ASSEMBLY PLANT,48551GMCTRG3100,2024,26049980000,"51,226",0,0,0,0,0,48551,G-3100 VAN SLYKE RD,"FLINT, MI","GENESEE, MI",42.96697513,-83.71257194,Xylene (mixed isomers) (1330-20-7),336 Transportation Equipment,336350 Motor Vehicle Transmission and Power Train Parts Manufacturing,GENERAL MOTORS LLC,0.00,0.00,0.00,0.00,0.00,0.00,0,0
GM TRUCK GROUP FLINT ASSEMBLY PLANT,48551GMCTRG3100,2024,26049980000,"51,226",0,0,0,0,0,48551,G-3100 VAN SLYKE RD,"FLINT, MI","GENESEE, MI",42.96697513,-83.71257194,Xylene (mixed isomers) (1330-20-7),336 Transportation Equipment,336370 Motor Vehicle Metal Stamping,GENERAL MOTORS LLC,0.00,0.00,0.00,0.00,0.00,0.00,0,0
GMVM-LANSING GRAND RIVER ASSEMBLY,48921GMCGL920TO,2024,26065980200,"92,043",0,0,0,0,0,48933,920 TOWNSEND ST MAIL CODE: 489-066-600,"LANSING, MI","INGHAM, MI",42.72375252,-84.55561088,Cyclohexane (110-82-7),336 Transportation Equipment,336110 Automobile and Light Duty Motor Vehicle Manufacturing,GENERAL MOTORS LLC,0.00,0.00,0.00,0.00,0.00,220.00,0,0
GREENVILLE VENTURE PARTNERS LLC,4883WFRMST651FI,2024,26117971200,"10,434",57,64,0,0,41,48838,6501 FITZNER RD,"GREENVILLE, MI","MONTCALM, MI",43.20293,-85.2327938,Nitrate compounds (water dissociable) (N511),311 Food,311511 Fluid Milk Manufacturing,FOREMOST FARMS USA COOPERATIVE,0.00,0.00,0.00,0.00,0.00,"10,489.00",0,0
GREENVILLE VENTURE PARTNERS LLC,4883WFRMST651FI,2024,26117971200,"10,434",57,64,0,0,41,48838,6501 FITZNER RD,"GREENVILLE, MI","MONTCALM, MI",43.20293,-85.2327938,Nitric acid (7697-37-2),311 Food,311511 Fluid Milk Manufacturing,FOREMOST FARMS USA COOPERATIVE,0.00,0.00,0.00,0.00,0.00,"116,516.00",0,0
HOLLAND PURPLE COW CREAMERY,4942WHLLND234CH,2024,26139025101,-,86,47,86,0,65,49424,234 CHARLES DR,"HOLLAND, MI","OTTAWA, MI",42.80377803,-86.09898693,Nitric acid (7697-37-2),311 Food,311511 Fluid Milk Manufacturing,MEIJER DISTRIBUTION,0.00,0.00,0.00,0.00,0.00,"112,000.00",0,0
HYDRO-CHEM SYSTEMS,4931WHYDRC665BR,2024,26081014811,"10,408",80,14,83,0,37,49316,6605 BROADMOOR AVE SE,"CALEDONIA, MI","KENT, MI",42.84459466,-85.53431394,Ammonia (7664-41-7),325 Chemicals,325611 Soap and Other Detergent Manufacturing,NA,0.00,0.00,0.00,0.00,0.00,5.00,0,0
HYDRO-CHEM SYSTEMS,4931WHYDRC665BR,2024,26081014811,"10,408",80,14,83,0,37,49316,6605 BROADMOOR AVE SE,"CALEDONIA, MI","KENT, MI",42.84459466,-85.53431394,Hydrogen fluoride (7664-39-3),325 Chemicals,325611 Soap and Other Detergent Manufacturing,NA,0.00,0.00,0.00,0.00,0.00,5.00,0,0
HYDRO-CHEM SYSTEMS,4931WHYDRC665BR,2024,26081014811,"10,408",80,14,83,0,37,49316,6605 BROADMOOR AVE SE,"CALEDONIA, MI","KENT, MI",42.84459466,-85.53431394,Nitrilotriacetic acid (139-13-9),325 Chemicals,325611 Soap and Other Detergent Manufacturing,NA,0.00,0.00,0.00,0.00,0.00,5.00,0,0
HYDRO-CHEM SYSTEMS,4931WHYDRC665BR,2024,26081014811,"10,408",80,14,83,0,37,49316,6605 BROADMOOR AVE SE,"CALEDONIA, MI","KENT, MI",42.84459466,-85.53431394,Nonylphenol Ethoxylates (N535),325 Chemicals,325611 Soap and Other Detergent Manufacturing,NA,0.00,0.00,0.00,0.00,0.00,5.00,0,0
J H CAMPBELL GENERATING PLANT,49460JHCMP17000,2024,26139022002,"2,772",34,62,82,0,47,49460,17000 CROSWELL ST,"WEST OLIVE, MI","OTTAWA, MI",42.92085153,-86.20634501,Sulfuric acid (acid aerosols) (7664-93-9),2211 Electric Utilities,221112 Fossil Fuel Electric Power Generation,CMS ENERGY,0.00,0.00,0.00,0.00,0.00,"120,282.00",0,0
JCI JONES CHEMICALS INC.,48192JNSCH18000,2024,26163595000,"67,715",17,84,75,0,83,48193,18000 PAYNE AVE,"RIVERVIEW, MI","WAYNE, MI",42.17775769,-83.16786309,Chlorine (7782-50-5),4246 Chemical Wholesalers,424690 Other Chemical and Allied Products Merchant Wholesalers,JCI JONES CHEMICALS INC,0.00,0.00,0.00,0.00,0.00,"1,040.00",0,0
KNOLL INC,49443SHWWL2800E,2024,26121002300,"42,871",73,53,60,0,62,49441,2800 ESTES ST,"MUSKEGON, MI","MUSKEGON, MI",43.20190862,-86.28812541,Manganese (7439-96-5),337 Furniture,337214 Office Furniture (except Wood) Manufacturing,KNOLL INC,0.00,0.00,0.00,0.00,0.00,"35,738.00",0,1
KNOLL INC,49443SHWWL2800E,2024,26121002300,"42,871",73,53,60,0,62,49441,2800 ESTES ST,"MUSKEGON, MI","MUSKEGON, MI",43.20190862,-86.28812541,Nickel (7440-02-0),337 Furniture,337214 Office Furniture (except Wood) Manufacturing,KNOLL INC,0.00,0.00,0.00,0.00,0.00,"7,769.00",0,1
L & W  INC.,4811WLWNCX6771H,2024,26163587900,"31,407",65,30,64,0,63,48111,6771 HAGGERTY RD,"BELLEVILLE, MI","WAYNE, MI",42.25381636,-83.4457879,Lead (7439-92-1),336 Transportation Equipment,336370 Motor Vehicle Metal Stamping,AUTOKINITON US HOLDINGS INC,0.00,0.00,0.00,0.00,0.00,"26,075.00",0,0
LEPRINO FOODS CO,49340LPRNF311NS,2024,26107960200,"1,217",66,42,68,0,41,49340,311 N SHERIDAN,"REMUS, MI","MECOSTA, MI",43.59838501,-85.14546214,Nitrate compounds (water dissociable) (N511),311 Food,311513 Cheese Manufacturing,LEPRINO FOODS CO,0.00,0.00,0.00,0.00,0.00,"33,417.00",0,0
LEPRINO FOODS CO,49401LPRNF4700R,2024,26139024401,"14,007",26,9,35,0,28,49401,4700 RICH ST,"ALLENDALE, MI","OTTAWA, MI",42.97954415,-85.90321853,Nitrate compounds (water dissociable) (N511),311 Food,311513 Cheese Manufacturing,LEPRINO FOODS CO,0.00,0.00,0.00,0.00,0.00,"293,393.00",0,0
"LYMTAL INTERNATIONAL,INC.",48057HSPTR4150S,2024,26125128400,"31,968",73,50,30,71,73,48359,4150 S LAPEER RD,"LAKE ORION, MI","OAKLAND, MI",42.71882581,-83.24287105,Maleic anhydride (108-31-6),325 Chemicals,325510 Paint and Coating Manufacturing,NA,0.00,0.00,0.00,0.00,0.00,0.00,0,1
"LYMTAL INTERNATIONAL,INC.",48057HSPTR4150S,2024,26125128400,"31,968",73,50,30,71,73,48359,4150 S LAPEER RD,"LAKE ORION, MI","OAKLAND, MI",42.71882581,-83.24287105,Perfluorodecanoic acid (335-76-2),325 Chemicals,325510 Paint and Coating Manufacturing,NA,0.00,0.00,0.00,0.00,0.00,0.00,0,1
"LYMTAL INTERNATIONAL,INC.",48057HSPTR4150S,2024,26125128400,"31,968",73,50,30,71,73,48359,4150 S LAPEER RD,"LAKE ORION, MI","OAKLAND, MI",42.71882581,-83.24287105,Perfluorododecanoic acid (307-55-1),325 Chemicals,325510 Paint and Coating Manufacturing,NA,0.00,0.00,0.00,0.00,0.00,0.00,0,1
"LYMTAL INTERNATIONAL,INC.",48057HSPTR4150S,2024,26125128400,"31,968",73,50,30,71,73,48359,4150 S LAPEER RD,"LAKE ORION, MI","OAKLAND, MI",42.71882581,-83.24287105,Perfluorononanoic acid (375-95-1),325 Chemicals,325510 Paint and Coating Manufacturing,NA,0.00,0.00,0.00,0.00,0.00,0.00,0,1
MEC INC.,4931WMCNCX9984T,2024,-,-,-,-,-,-,-,49315,990 84TH STREET,"BYRON CENTER, MI","KENT, MI",42.81184363,-85.68828985,Chromium (7440-47-3),332 Fabricated Metals,332999 All Other Miscellaneous Fabricated Metal Product Manufacturing,MAYVILLE ENGINEERING CO INC,0.00,0.00,0.00,0.00,0.00,"85,164.00",0,0
MEC INC.,4931WMCNCX9984T,2024,-,-,-,-,-,-,-,49315,990 84TH STREET,"BYRON CENTER, MI","KENT, MI",42.81184363,-85.68828985,Nickel (7440-02-0),332 Fabricated Metals,332999 All Other Miscellaneous Fabricated Metal Product Manufacturing,MAYVILLE ENGINEERING CO INC,0.00,0.00,0.00,0.00,0.00,"42,582.00",0,0
MERCURY DISPLACEMENT INDUSTRIES INC.,49112MRCRY2528U,2024,26027001802,"7,678",41,79,23,0,50,49112,25028 U.S. 12 E,"EDWARDSBURG, MI","CASS, MI",41.79785563,-86.04994455,Lead (7439-92-1),335 Electrical Equipment,335314 Relay and Industrial Control Manufacturing,NA,0.00,0.00,0.00,0.00,0.00,0.00,0,0
MICHIGAN DAIRY,48150MCHGN29601,2024,26163558301,"91,985",0,0,-,0,0,48150,29601 INDUSTRIAL RD,"LIVONIA, MI","WAYNE, MI",42.38003598,-83.33627237,Nitrate compounds (water dissociable) (N511),311 Food,311511 Fluid Milk Manufacturing,THE KROGER CO,0.00,0.00,0.00,0.00,0.00,"42,138.00",0,1
MILLERKNOLL INC.-SPRING LAKE CAMPUS,49456MRDNN18558,2024,26139020504,"18,513",14,98,0,0,51,49456,18558 171ST AVE,"SPRING LAKE, MI","OTTAWA, MI",43.10539524,-86.21216028,Chromium (7440-47-3),337 Furniture,337214 Office Furniture (except Wood) Manufacturing,MILLERKNOLL INC,0.00,0.00,0.00,0.00,0.00,"43,649.00",0,1
MILLERKNOLL INC.-SPRING LAKE CAMPUS,49456MRDNN18558,2024,26139020504,"18,513",14,98,0,0,51,49456,18558 171ST AVE,"SPRING LAKE, MI","OTTAWA, MI",43.10539524,-86.21216028,Manganese (7439-96-5),337 Furniture,337214 Office Furniture (except Wood) Manufacturing,MILLERKNOLL INC,0.00,0.00,0.00,0.00,0.00,"80,297.00",0,1
MOTUS INTEGRATED TECHNOLOGIES MAPLEWOOD FACILITY,49423PRNCC8848T,2024,26005032401,"30,970",81,35,51,73,72,49423,88 E 48TH ST,"HOLLAND, MI","ALLEGAN, MI",42.75441707,-86.10277148,Diisocyanates (N120),336 Transportation Equipment,336390 Other Motor Vehicle Parts Manufacturing,NA,0.00,0.00,0.00,0.00,0.00,0.00,0,1
MPLX TERMINALS LLC - BAY CITY MI TERMINAL,48706BYCTY1806M,2024,26017285900,"44,145",62,94,90,0,62,48706,1806 MARQUETTE ST,"BAY CITY, MI","BAY, MI",43.61888918,-83.86460666,"Benzo[g,h,i]perylene (191-24-2)",4247 Petroleum Bulk Terminals,424710 Petroleum Bulk Stations and Terminals,MARATHON PETROLEUM CORP,0.00,0.00,0.00,0.00,0.00,0.10,0,0
MPLX TERMINALS LLC - FLINT MI TERMINAL,48458FLNTMG6065,2024,26049012201,"40,755",63,30,95,62,89,48458,G-6065 N DORT HWY,"MOUNT MORRIS, MI","GENESEE, MI",43.09121177,-83.67460617,"Benzo[g,h,i]perylene (191-24-2)",4247 Petroleum Bulk Terminals,424710 Petroleum Bulk Stations and Terminals,MARATHON PETROLEUM CORP,0.00,0.00,0.00,0.00,0.00,0.00,0,0
MPLX TERMINALS LLC - FLINT MI TERMINAL,48458FLNTMG6065,2024,26049012201,"40,755",63,30,95,62,89,48458,G-6065 N DORT HWY,"MOUNT MORRIS, MI","GENESEE, MI",43.09121177,-83.67460617,Polycyclic aromatic compounds (N590),4247 Petroleum Bulk Terminals,424710 Petroleum Bulk Stations and Terminals,MARATHON PETROLEUM CORP,0.00,0.00,0.00,0.00,0.00,0.00,0,0
MPLX TERMINALS LLC - JACKSON MI TERMINAL,49201JCKSN2090M,2024,26075005602,"12,883",22,72,28,0,50,49201,2090 MORRILL RD,"JACKSON, MI","JACKSON, MI",42.31003859,-84.42477118,"Benzo[g,h,i]perylene (191-24-2)",4247 Petroleum Bulk Terminals,424710 Petroleum Bulk Stations and Terminals,MARATHON PETROLEUM CORP,0.00,0.00,0.00,0.00,0.00,0.00,0,0
MPLX TERMINALS LLC - LANSING MI TERMINAL,48906LNSNG6300G,2024,26037010300,"16,298",64,43,0,0,29,48906,6300 W GRAND RIVER AVE,"LANSING, MI","CLINTON, MI",42.7810287,-84.64936291,"Benzo[g,h,i]perylene (191-24-2)",4247 Petroleum Bulk Terminals,424710 Petroleum Bulk Stations and Terminals,MARATHON PETROLEUM CORP,0.00,0.00,0.00,0.00,0.00,0.00,0,0
MPLX TERMINALS LLC - LANSING MI TERMINAL,48906LNSNG6300G,2024,26037010300,"16,298",64,43,0,0,29,48906,6300 W GRAND RIVER AVE,"LANSING, MI","CLINTON, MI",42.7810287,-84.64936291,Polycyclic aromatic compounds (N590),4247 Petroleum Bulk Terminals,424710 Petroleum Bulk Stations and Terminals,MARATHON PETROLEUM CORP,0.00,0.00,0.00,0.00,0.00,0.00,0,0
MPLX TERMINALS LLC - NORTH MUSKEGON MI TERMINAL,49445NRTHM3005H,2024,26121001500,"24,989",54,38,56,0,37,49445,3005 HOLTON RD,"NORTH MUSKEGON, MI","MUSKEGON, MI",43.27027437,-86.24517486,"Benzo[g,h,i]perylene (191-24-2)",4247 Petroleum Bulk Terminals,424710 Petroleum Bulk Stations and Terminals,MARATHON PETROLEUM CORP,0.00,0.00,0.00,0.00,0.00,0.00,0,0
MPLX TERMINALS LLC - NORTH MUSKEGON MI TERMINAL,49445NRTHM3005H,2024,26121001500,"24,989",54,38,56,0,37,49445,3005 HOLTON RD,"NORTH MUSKEGON, MI","MUSKEGON, MI",43.27027437,-86.24517486,Polycyclic aromatic compounds (N590),4247 Petroleum Bulk Terminals,424710 Petroleum Bulk Stations and Terminals,MARATHON PETROLEUM CORP,0.00,0.00,0.00,0.00,0.00,0.20,0,0
MPLX TERMINALS LLC - ROMULUS MI TERMINAL,48174RMLSR28000,2024,26163585500,"57,324",57,20,64,0,51,48174,28001 CITRIN DR,"ROMULUS, MI","WAYNE, MI",42.24555362,-83.30829788,"Benzo[g,h,i]perylene (191-24-2)",4247 Petroleum Bulk Terminals,424710 Petroleum Bulk Stations and Terminals,MARATHON PETROLEUM CORP,0.00,0.00,0.00,0.00,0.00,0.00,0,0
NILES STEEL TANK,4912WNLSST171AT,2024,26021020900,"19,370",69,39,37,0,25,49120,1701-A TERMINAL ROAD,"NILES, MI","BERRIEN, MI",41.85188436,-86.22904415,Diisocyanates (N120),332 Fabricated Metals,332420 Metal Tank (Heavy Gauge) Manufacturing,BRADFORD WHITE CORP,0.00,0.00,0.00,0.00,0.00,0.00,0,0
PLANT 817 - KOENIG - 7 MILE,4820WKNGFL5EAST,2024,26163509000,"154,630",0,26,97,0,94,48203,500 E SEVEN MILE RD,"DETROIT, MI","WAYNE, MI",42.43231661,-83.09798218,Nitrate compounds (water dissociable) (N511),327 Nonmetallic Mineral Product,327320 Ready-Mix Concrete Manufacturing,SMYRNA READY MIX LLC,0.00,0.00,0.00,0.00,0.00,0.00,0,0
PLANT 820 - DETROIT SPRINGWELLS,4820WMCCGC1441S,2024,26163984100,"65,628",0,0,0,0,0,48209,1441 SPRINGWELLS CT,"DETROIT, MI","WAYNE, MI",42.28872078,-83.10378396,Nitrate compounds (water dissociable) (N511),327 Nonmetallic Mineral Product,327320 Ready-Mix Concrete Manufacturing,SMYRNA READY MIX LLC,0.00,0.00,0.00,0.00,0.00,0.00,0,0
PLANT 822 - PROGRESSIVE,4818WPRGRS551CG,2024,26163566700,"56,445",14,15,80,62,67,48184,5501 COGSWELL RD,"WAYNE, MI","WAYNE, MI",42.2688475,-83.41597983,Nitrate compounds (water dissociable) (N511),327 Nonmetallic Mineral Product,327320 Ready-Mix Concrete Manufacturing,SMYRNA READY MIX LLC,0.00,0.00,0.00,0.00,0.00,0.00,0,0
PVS NOLWOOD CHEMICALS INC,48228PVSNL9000H,2024,26163535800,"182,394",0,84,97,0,88,48228,9000 HUBBELL AVE,"DETROIT, MI","WAYNE, MI",42.36127986,-83.18726371,Sodium nitrite (7632-00-0),4246 Chemical Wholesalers,424690 Other Chemical and Allied Products Merchant Wholesalers,PVS CHEMICALS INC,0.00,0.00,0.00,0.00,0.00,11.00,0,0
RAPID ENGINEERING,49321RPDNG11SEV,2024,26081011401,"14,456",37,66,61,60,51,49321,1100 SEVEN MILE RD NW,"COMSTOCK PARK, MI","KENT, MI",43.07260624,-85.69771311,Lead (7439-92-1),333 Machinery,333994 Industrial Process Furnace and Oven Manufacturing,NA,0.00,0.00,0.00,0.00,0.00,367.79,0,0
REFRESCO BEVERAGES US INC,49079CCCLF38279,2024,26159011802,"7,154",70,46,57,63,58,49079,38279 RED ARROW HWY,"PAW PAW, MI","VAN BUREN, MI",42.21405895,-85.91993138,Nitrate compounds (water dissociable) (N511),311 Food,"311411 Frozen Fruit, Juice, and Vegetable Manufacturing",REFRESCO US INC,0.00,0.00,0.00,0.00,0.00,"72,828.00",0,0
REFRESCO BEVERAGES US INC,49079CCCLF38279,2024,26159011802,"7,154",70,46,57,63,58,49079,38279 RED ARROW HWY,"PAW PAW, MI","VAN BUREN, MI",42.21405895,-85.91993138,Nitric acid (7697-37-2),311 Food,"311411 Frozen Fruit, Juice, and Vegetable Manufacturing",REFRESCO US INC,0.00,0.00,0.00,0.00,0.00,"53,983.00",0,0
REQUEST FOODS COLDQUEST,4942WRQSTF13125,2024,26139023102,"26,259",67,10,52,84,69,49424,13125 RANSOM ST,"HOLLAND, MI","OTTAWA, MI",42.84835845,-86.1064513,Ammonia (7664-41-7),311 Food,311412 Frozen Specialty Food Manufacturing,REQUEST FOODS INC,0.00,0.00,0.00,0.00,0.00,0.00,0,0
REQUEST FOODS QUINCY STREET PLANT,4942WRQSTF1344Q,2024,26139023102,"30,430",68,36,0,0,64,49424,13044 QUINCY ST,"HOLLAND, MI","OTTAWA, MI",42.84097581,-86.10391428,Ammonia (7664-41-7),311 Food,311412 Frozen Specialty Food Manufacturing,REQUEST FOODS INC,0.00,0.00,0.00,0.00,0.00,0.00,0,0
ROMAN MANUFACTURING INC,49509RMNMF86147,2024,26081014505,"86,743",40,66,32,93,87,49509,861 47TH ST SW,"GRAND RAPIDS, MI","KENT, MI",42.87898779,-85.68662924,Copper (7440-50-8),335 Electrical Equipment,"335311 Power, Distribution, and Specialty Transformer Manufacturing",ROMAN MANUFACTURING INC,0.00,0.00,0.00,0.00,0.00,"155,356.00",0,0
SAFETY-KLEEN SYSTEMS MASON (MMB),48854SFTYK700ZI,2024,26065006301,"9,676",53,10,22,0,39,48854,700 ZIMMERMAN RD,"MASON, MI","INGHAM, MI",42.59209314,-84.4540902,"Benzo[g,h,i]perylene (191-24-2)",562 Hazardous Waste,562112 Hazardous Waste Collection,CLEAN HARBORS INC,0.00,0.00,0.00,0.00,0.00,45.80,0,0
SAFETY-KLEEN SYSTEMS MASON (MMB),48854SFTYK700ZI,2024,26065006301,"9,676",53,10,22,0,39,48854,700 ZIMMERMAN RD,"MASON, MI","INGHAM, MI",42.59209314,-84.4540902,Polycyclic aromatic compounds (N590),562 Hazardous Waste,562112 Hazardous Waste Collection,CLEAN HARBORS INC,0.00,0.00,0.00,0.00,0.00,"1,116.60",0,0
SCHREIBER FOOD INC.,49548PRMLT5252C,2024,26081014300,"85,238",15,79,82,81,64,49548,5252 CLAY AVE,"GRAND RAPIDS, MI","KENT, MI",42.86951922,-85.67706506,Nitric acid (7697-37-2),311 Food,311511 Fluid Milk Manufacturing,SCHREIBER FOODS INC,0.00,0.00,0.00,0.00,0.00,"57,265.00",0,0
SHERWIN-WILLIAMS CO,49423GRDSM636E4,2024,26005032401,"30,689",81,35,51,73,72,49423,636 E 40TH ST,"HOLLAND, MI","ALLEGAN, MI",42.76200737,-86.07937104,Naphthalene (91-20-3),325 Chemicals,325510 Paint and Coating Manufacturing,THE SHERWIN-WILLIAMS CO,0.00,0.00,0.00,0.00,0.00,"1,078.00",0,0
SMR-AUTOMOTIVE SYSTEMS USA INC.,48040SCHFN1875B,2024,26147637300,"13,827",13,95,45,0,25,48040,1875 BUSHA HWY,"MARYSVILLE, MI","ST. CLAIR, MI",42.8982323,-82.48402708,Methyl isobutyl ketone (108-10-1),336 Transportation Equipment,336390 Other Motor Vehicle Parts Manufacturing,NA,0.00,0.00,0.00,0.00,0.00,"7,534.83",0,1
SPARTAN STEEL COATING,48162SPRTN3300W,2024,26115831300,"16,896",21,55,63,0,51,48162,3300 WOLVERINE DR,"MONROE, MI","MONROE, MI",41.96022702,-83.3504412,Lead (7439-92-1),332 Fabricated Metals,"332812 Metal Coating, Engraving (except Jewelry and Silverware), and Allied Services to Manufactur..",WORTHINGTON STEEL INC,0.00,0.00,0.00,0.00,0.00,0.00,0,0
ST MARYS CEMENT U.S. LLC,49720MDSCMBELLS,2024,26029000400,"3,587",37,95,51,57,37,49720,16000 BELLS BAY RD,"CHARLEVOIX, MI","CHARLEVOIX, MI",45.30794109,-85.30779401,Chromium (7440-47-3),327 Nonmetallic Mineral Product,327310 Cement Manufacturing,VCNA PRAIRIE LLC,0.00,0.00,0.00,0.00,0.00,0.00,0,0
ST MARYS CEMENT U.S. LLC,49720MDSCMBELLS,2024,26029000400,"3,587",37,95,51,57,37,49720,16000 BELLS BAY RD,"CHARLEVOIX, MI","CHARLEVOIX, MI",45.30794109,-85.30779401,Ethylene glycol (107-21-1),327 Nonmetallic Mineral Product,327310 Cement Manufacturing,VCNA PRAIRIE LLC,0.00,0.00,0.00,0.00,0.00,0.00,0,0
SUN CHEMICAL CORP MUSKEGON PLANT,49443SNCHM4925E,2024,26121003100,"15,493",42,59,66,0,51,49442,4925 EVANSTON AVE,"MUSKEGON, MI","MUSKEGON, MI",43.21312746,-86.12464853,o-Toluidine (95-53-4),325 Chemicals,325130 Synthetic Dye and Pigment Manufacturing,SUN CHEMICAL CORP,0.00,0.00,0.00,0.00,0.00,"5,736.50",0,0
VEHMA INTERNATIONAL,4808WVHMNT17BEL,2024,26125197400,"102,444",37,72,72,85,65,48083,1700 BELLINGHAM,"TROY, MI","OAKLAND, MI",42.55035482,-83.11234003,Copper (7440-50-8),336 Transportation Equipment,336390 Other Motor Vehicle Parts Manufacturing,MAGNA US HOLDING INC,0.00,0.00,0.00,0.00,0.00,692.00,0,0
WEBASTO ROOF SYSTEMS INC.,4817WWBSTR142NB,2024,26163561600,"69,941",23,77,67,0,30,48170,14200 N HAGGERTY RD,"PLYMOUTH, MI","WAYNE, MI",42.38397353,-83.44543024,Ethylene glycol (107-21-1),336 Transportation Equipment,336390 Other Motor Vehicle Parts Manufacturing,NA,0.00,0.00,0.00,0.00,0.00,"4,125.00",0,1
AALBERTS SURFACE TECHNOLOGIES LIVONIA INC.,48150PPLDP12238,2024,26163558301,"79,321",83,78,68,58,23,48150,12238 NEWBURGH RD,"LIVONIA, MI","WAYNE, MI",42.37365517,-83.4115282,Nitric acid (7697-37-2),332 Fabricated Metals,332811 Metal Heat Treating,AALBERTS US HOLDING CORP,No Releases Reported,0.00,0.00,0.00,0.00,"57,408.00",No RSEI Hazard,0
ADIENT US LLC BATTLE CREEK FACILITY,49015MRCNF76ARM,2024,26025002600,"8,109",56,21,66,71,74,49037,76 ARMSTRONG RD,"BATTLE CREEK, MI","CALHOUN, MI",42.3389135,-85.29778526,Manganese (7439-96-5),336 Transportation Equipment,336360 Motor Vehicle Seating and Interior Trim Manufacturing,ADIENT US LLC,No Releases Reported,0.00,0.00,0.00,0.00,No Waste Reported,No RSEI Hazard,0
ADM ANIMAL NUTRITION,48875CNTRL401EG,2024,26067031500,"7,431",19,38,0,0,57,48875,401 E GRAND RIVER AVE,"PORTLAND, MI","IONIA, MI",42.86969871,-84.89913936,Copper compounds (N100),311 Food,311119 Other Animal Food Manufacturing,ARCHER DANIELS MIDLAND CO,No Releases Reported,0.00,0.00,0.00,0.00,No Waste Reported,No RSEI Hazard,0
ADM ANIMAL NUTRITION,48875CNTRL401EG,2024,26067031500,"7,431",19,38,0,0,57,48875,401 E GRAND RIVER AVE,"PORTLAND, MI","IONIA, MI",42.86969871,-84.89913936,Manganese compounds (N450),311 Food,311119 Other Animal Food Manufacturing,ARCHER DANIELS MIDLAND CO,No Releases Reported,0.00,0.00,0.00,0.00,No Waste Reported,No RSEI Hazard,0
ADM ANIMAL NUTRITION,48875CNTRL401EG,2024,26067031500,"7,431",19,38,0,0,57,48875,401 E GRAND RIVER AVE,"PORTLAND, MI","IONIA, MI",42.86969871,-84.89913936,Zinc compounds (N982),311 Food,311119 Other Animal Food Manufacturing,ARCHER DANIELS MIDLAND CO,No Releases Reported,0.00,0.00,0.00,0.00,No Waste Reported,No RSEI Hazard,0
ADRIAN STEEL CO,49221DRNST96JAM,2024,26091061600,"26,635",28,37,99,74,85,49221,906 JAMES ST,"ADRIAN, MI","LENAWEE, MI",41.88729148,-84.02539974,Cobalt (7440-48-4),337 Furniture,"337215 Showcase, Partition, Shelving, and Locker Manufacturing",NA,No Releases Reported,0.00,0.00,0.00,0.00,"10,853.12",No RSEI Hazard,0
ADVANCED MICRONUTRIENT PRODUCTS INC,48757GRCCH2405S,2024,26145011200,"1,850",30,74,45,0,32,48757,2405 W VASSAR RD M-15,"REESE, MI","SAGINAW, MI",43.44175702,-83.75078382,Nitric acid (7697-37-2),325 Chemicals,325314 Fertilizer (Mixing Only) Manufacturing,NA,No Releases Reported,0.00,0.00,0.00,0.00,No Waste Reported,No RSEI Hazard,0
ADVANCED MICRONUTRIENT PRODUCTS INC,48757GRCCH2405S,2024,26145011200,"1,850",30,74,45,0,32,48757,2405 W VASSAR RD M-15,"REESE, MI","SAGINAW, MI",43.44175702,-83.75078382,Sulfuric acid (acid aerosols) (7664-93-9),325 Chemicals,325314 Fertilizer (Mixing Only) Manufacturing,NA,No Releases Reported,0.00,0.00,0.00,0.00,No Waste Reported,No RSEI Hazard,0
ADVANTAGE SINTERED METALS INC,49015TWDND5701W,2024,26025002600,"8,237",56,21,66,71,74,49037,5701 W DICKMAN RD,"BATTLE CREEK, MI","CALHOUN, MI",42.33704432,-85.29453438,Copper (7440-50-8),332 Fabricated Metals,332117 Powder Metallurgy Part Manufacturing,NA,No Releases Reported,0.00,0.00,0.00,0.00,No Waste Reported,No RSEI Hazard,0
ADVANTAGE SINTERED METALS INC,49015TWDND5701W,2024,26025002600,"8,237",56,21,66,71,74,49037,5701 W DICKMAN RD,"BATTLE CREEK, MI","CALHOUN, MI",42.33704432,-85.29453438,Nickel (7440-02-0),332 Fabricated Metals,332117 Powder Metallurgy Part Manufacturing,NA,No Releases Reported,0.00,0.00,0.00,0.00,No Waste Reported,No RSEI Hazard,0
AGROLIQUID - ASHLEY,4880WGRLQD32WSE,2024,26057000900,"1,046",58,77,75,0,74,48806,302 W SECTIONLINE RD,"ASHLEY, MI","GRATIOT, MI",43.19018636,-84.47896013,Copper compounds (N100),325 Chemicals,325314 Fertilizer (Mixing Only) Manufacturing,COG MARKETERS LTD,No Releases Reported,0.00,0.00,0.00,0.00,No Waste Reported,No RSEI Hazard,0
AGROLIQUID - ASHLEY,4880WGRLQD32WSE,2024,26057000900,"1,046",58,77,75,0,74,48806,302 W SECTIONLINE RD,"ASHLEY, MI","GRATIOT, MI",43.19018636,-84.47896013,Manganese compounds (N450),325 Chemicals,325314 Fertilizer (Mixing Only) Manufacturing,COG MARKETERS LTD,No Releases Reported,0.00,0.00,0.00,0.00,No Waste Reported,No RSEI Hazard,0
AGROLIQUID - ASHLEY,4880WGRLQD32WSE,2024,26057000900,"1,046",58,77,75,0,74,48806,302 W SECTIONLINE RD,"ASHLEY, MI","GRATIOT, MI",43.19018636,-84.47896013,Nitrate compounds (water dissociable) (N511),325 Chemicals,325314 Fertilizer (Mixing Only) Manufacturing,COG MARKETERS LTD,No Releases Reported,0.00,0.00,0.00,0.00,No Waste Reported,No RSEI Hazard,0
AGROLIQUID - ASHLEY,4880WGRLQD32WSE,2024,26057000900,"1,046",58,77,75,0,74,48806,302 W SECTIONLINE RD,"ASHLEY, MI","GRATIOT, MI",43.19018636,-84.47896013,Zinc compounds (N982),325 Chemicals,325314 Fertilizer (Mixing Only) Manufacturing,COG MARKETERS LTD,No Releases Reported,0.00,0.00,0.00,0.00,No Waste Reported,No RSEI Hazard,0
AJAX METAL PROCESSING INC,48207JXMTL4651B,2024,26163519200,"102,022",77,10,97,0,44,48207,4651 BELLEVUE AVE,"DETROIT, MI","WAYNE, MI",42.36922867,-83.02213289,Sodium dimethyldithiocarbamate (128-04-1),332 Fabricated Metals,"332813 Electroplating, Plating, Polishing, Anodizing, and Coloring",AJAX METAL PROCESSING INC,No Releases Reported,0.00,0.00,0.00,0.00,"43,176.00",No RSEI Hazard,0
AMERICAN AXLE & MANUFACTURING INC,49093GNRLM1HYDR,2024,26149040100,"11,927",19,17,33,0,38,49093,ONE MANUFACTURING DR,"THREE RIVERS, MI","ST JOSEPH, MI",41.95478453,-85.64178379,Chromium (7440-47-3),336 Transportation Equipment,336350 Motor Vehicle Transmission and Power Train Parts Manufacturing,AMERICAN AXLE & MANUFACTURING HOLDINGS INC,No Releases Reported,0.00,0.00,0.00,0.00,No Waste Reported,No RSEI Hazard,0
AMERICAN JETWAY CORP,4818WMRCNJ3737V,2024,26163566900,"85,493",33,61,0,0,75,48184,3737 VENOY RD,"WAYNE, MI","WAYNE, MI",42.2806406,-83.36305978,Zinc (fume or dust) (7440-66-6),325 Chemicals,325998 All Other Miscellaneous Chemical Product and Preparation Manufacturing,AMERICAN JETWAY CORP,No Releases Reported,0.00,0.00,0.00,0.00,No Waste Reported,No RSEI Hazard,0
AMERICAN JETWAY CORP,48184MRCNJ34136,2024,26163566800,"79,713",38,53,85,0,81,48184,34136 MYRTLE,"WAYNE, MI","WAYNE, MI",42.27925941,-83.3748709,Zinc (fume or dust) (7440-66-6),325 Chemicals,325998 All Other Miscellaneous Chemical Product and Preparation Manufacturing,AMERICAN JETWAY CORP,No Releases Reported,0.00,0.00,0.00,0.00,No Waste Reported,No RSEI Hazard,0
AMERICHEM SALES CO,48854MRCHM340NS,2024,26065006301,"9,702",53,10,22,0,39,48854,340 NORTH ST,"MASON, MI","INGHAM, MI",42.58427961,-84.44831437,"1,2,4-Trimethylbenzene (95-63-6)",325 Chemicals,325998 All Other Miscellaneous Chemical Product and Preparation Manufacturing,NA,No Releases Reported,0.00,0.00,0.00,0.00,No Waste Reported,No RSEI Hazard,0
AMERICHEM SALES CO,48854MRCHM340NS,2024,26065006301,"9,702",53,10,22,0,39,48854,340 NORTH ST,"MASON, MI","INGHAM, MI",42.58427961,-84.44831437,Certain glycol ethers (N230),325 Chemicals,325998 All Other Miscellaneous Chemical Product and Preparation Manufacturing,NA,No Releases Reported,0.00,0.00,0.00,0.00,No Waste Reported,No RSEI Hazard,0
AMERICHEM SALES CO,48854MRCHM340NS,2024,26065006301,"9,702",53,10,22,0,39,48854,340 NORTH ST,"MASON, MI","INGHAM, MI",42.58427961,-84.44831437,Ethylbenzene (100-41-4),325 Chemicals,325998 All Other Miscellaneous Chemical Product and Preparation Manufacturing,NA,No Releases Reported,0.00,0.00,0.00,0.00,No Waste Reported,No RSEI Hazard,0
AMERICHEM SALES CO,48854MRCHM340NS,2024,26065006301,"9,702",53,10,22,0,39,48854,340 NORTH ST,"MASON, MI","INGHAM, MI",42.58427961,-84.44831437,n-Hexane (110-54-3),325 Chemicals,325998 All Other Miscellaneous Chemical Product and Preparation Manufacturing,NA,No Releases Reported,0.00,0.00,0.00,0.00,No Waste Reported,No RSEI Hazard,0
AMERICHEM SALES CO,48854MRCHM340NS,2024,26065006301,"9,702",53,10,22,0,39,48854,340 NORTH ST,"MASON, MI","INGHAM, MI",42.58427961,-84.44831437,Naphthalene (91-20-3),325 Chemicals,325998 All Other Miscellaneous Chemical Product and Preparation Manufacturing,NA,No Releases Reported,0.00,0.00,0.00,0.00,No Waste Reported,No RSEI Hazard,0
AMERICHEM SALES CO,48854MRCHM340NS,2024,26065006301,"9,702",53,10,22,0,39,48854,340 NORTH ST,"MASON, MI","INGHAM, MI",42.58427961,-84.44831437,Xylene (mixed isomers) (1330-20-7),325 Chemicals,325998 All Other Miscellaneous Chemical Product and Preparation Manufacturing,NA,No Releases Reported,0.00,0.00,0.00,0.00,No Waste Reported,No RSEI Hazard,0
AMPHENOL BORISCH TECHNOLOGIES,4951WMPHNL4489E,2024,26081012604,"35,916",90,6,32,78,55,49512,4489 E PARIS AVE SE,"GRAND RAPIDS, MI","KENT, MI",42.88212545,-85.56699576,Lead (7439-92-1),334 Computers and Electronic Products,334417 Electronic Connector Manufacturing,AMPHENOL CORP,No Releases Reported,0.00,0.00,0.00,0.00,50.00,No RSEI Hazard,1
ANDERSON DEVELOPMENT CO,49221NDRSN1415E,2024,26091061301,"26,525",93,24,86,0,82,49221,1415 E MICHIGAN ST,"ADRIAN, MI","LENAWEE, MI",41.89404029,-84.01757843,"4,4'-Methylenebis(2-chloroaniline) (101-14-4)",325 Chemicals,325211 Plastics Material and Resin Manufacturing,MITSUI & CO (USA) INC,No Releases Reported,0.00,0.00,0.00,0.00,No Waste Reported,No RSEI Hazard,0
ANDERSON DEVELOPMENT CO,49221NDRSN1415E,2024,26091061301,"26,525",93,24,86,0,82,49221,1415 E MICHIGAN ST,"ADRIAN, MI","LENAWEE, MI",41.89404029,-84.01757843,Diisocyanates (N120),325 Chemicals,325211 Plastics Material and Resin Manufacturing,MITSUI & CO (USA) INC,No Releases Reported,0.00,0.00,0.00,0.00,No Waste Reported,No RSEI Hazard,0
ANDERSON DEVELOPMENT CO,49221NDRSN1415E,2024,26091061301,"26,525",93,24,86,0,82,49221,1415 E MICHIGAN ST,"ADRIAN, MI","LENAWEE, MI",41.89404029,-84.01757843,Maleic anhydride (108-31-6),325 Chemicals,325211 Plastics Material and Resin Manufacturing,MITSUI & CO (USA) INC,No Releases Reported,0.00,0.00,0.00,0.00,No Waste Reported,No RSEI Hazard,0
ANTOLIN HOWELL,48843VRSTR3075W,2024,26093724001,"10,572",0,99,-,0,0,48855,3705 W GRAND RIVER AVE,"HOWELL, MI","LIVINGSTON, MI",42.62802945,-83.98676952,Diisocyanates (N120),336 Transportation Equipment,336360 Motor Vehicle Seating and Interior Trim Manufacturing,GRUPO ANTOLIN NORTH AMERICA INC,No Releases Reported,0.00,0.00,0.00,0.00,550.00,No RSEI Hazard,1
ARCO ALLOYS CORP,48211RCLLY1891T,2024,26163985100,"133,961",0,5,96,0,80,48211,1891 TROMBLY,"DETROIT, MI","WAYNE, MI",42.37463183,-83.05327488,Copper (7440-50-8),331 Primary Metals,"331492 Secondary Smelting, Refining, and Alloying of Nonferrous Metal (except Copper and Aluminum)",NA,No Releases Reported,0.00,0.00,0.00,0.00,No Waste Reported,No RSEI Hazard,0
ARCOSA SHORING PRODUCTS 1596,49094GRSWL8530M,2024,26025002800,"2,954",36,71,66,0,49,49094,8530 M-60 E,"UNION CITY, MI","CALHOUN, MI",42.08066781,-85.1287528,Chromium (7440-47-3),332 Fabricated Metals,332312 Fabricated Structural Metal Manufacturing,ARCOSA INC,No Releases Reported,0.00,0.00,0.00,0.00,No Waste Reported,No RSEI Hazard,0
ARCOSA SHORING PRODUCTS 1596,49094GRSWL8530M,2024,26025002800,"2,954",36,71,66,0,49,49094,8530 M-60 E,"UNION CITY, MI","CALHOUN, MI",42.08066781,-85.1287528,Copper (7440-50-8),332 Fabricated Metals,332312 Fabricated Structural Metal Manufacturing,ARCOSA INC,No Releases Reported,0.00,0.00,0.00,0.00,No Waste Reported,No RSEI Hazard,0
ARCOSA SHORING PRODUCTS 1596,49094GRSWL8530M,2024,26025002800,"2,954",36,71,66,0,49,49094,8530 M-60 E,"UNION CITY, MI","CALHOUN, MI",42.08066781,-85.1287528,Manganese (7439-96-5),332 Fabricated Metals,332312 Fabricated Structural Metal Manufacturing,ARCOSA INC,No Releases Reported,0.00,0.00,0.00,0.00,No Waste Reported,No RSEI Hazard,0
ARCOSA SHORING PRODUCTS INC,4885WFFCNC685HU,2024,26065006302,"9,542",33,63,57,69,29,48854,685 HULL ROAD,"MASON, MI","INGHAM, MI",42.56151296,-84.4429284,Chromium (7440-47-3),332 Fabricated Metals,332312 Fabricated Structural Metal Manufacturing,ARCOSA INC,No Releases Reported,0.00,0.00,0.00,0.00,No Waste Reported,No RSEI Hazard,0
ARCOSA SHORING PRODUCTS INC,4885WFFCNC685HU,2024,26065006302,"9,542",33,63,57,69,29,48854,685 HULL ROAD,"MASON, MI","INGHAM, MI",42.56151296,-84.4429284,Manganese (7439-96-5),332 Fabricated Metals,332312 Fabricated Structural Metal Manufacturing,ARCOSA INC,No Releases Reported,0.00,0.00,0.00,0.00,No Waste Reported,No RSEI Hazard,0
ARCOSA SHORING PRODUCTS INC,4885WFFCNC685HU,2024,26065006302,"9,542",33,63,57,69,29,48854,685 HULL ROAD,"MASON, MI","INGHAM, MI",42.56151296,-84.4429284,Nickel (7440-02-0),332 Fabricated Metals,332312 Fabricated Structural Metal Manufacturing,ARCOSA INC,No Releases Reported,0.00,0.00,0.00,0.00,No Waste Reported,No RSEI Hazard,0
ARCOSA SHORING PRODUCTS INC,4909WRCSSH594ME,2024,26023950200,"3,201",14,82,83,0,24,49094,594 MENDON RD,"UNION CITY, MI","BRANCH, MI",42.06866789,-85.15826365,Copper (7440-50-8),332 Fabricated Metals,332312 Fabricated Structural Metal Manufacturing,ARCOSA INC,No Releases Reported,0.00,0.00,0.00,0.00,No Waste Reported,No RSEI Hazard,0
ARCOSA SHORING PRODUCTS INC,4909WRCSSH594ME,2024,26023950200,"3,201",14,82,83,0,24,49094,594 MENDON RD,"UNION CITY, MI","BRANCH, MI",42.06866789,-85.15826365,Manganese (7439-96-5),332 Fabricated Metals,332312 Fabricated Structural Metal Manufacturing,ARCOSA INC,No Releases Reported,0.00,0.00,0.00,0.00,No Waste Reported,No RSEI Hazard,0
ARKEMA INC,49507PLYMR1415S,2024,26081003800,"130,521",81,5,83,95,98,49507,1415 STEELE AVE SW,"GRAND RAPIDS, MI","KENT, MI",42.9387233,-85.67574584,"4,4'-Isopropylidenediphenol (80-05-7)",325 Chemicals,325211 Plastics Material and Resin Manufacturing,ARKEMA DELAWARE INC,No Releases Reported,0.00,0.00,0.00,0.00,No Waste Reported,No RSEI Hazard,0
ARKEMA INC,49507PLYMR1415S,2024,26081003800,"130,521",81,5,83,95,98,49507,1415 STEELE AVE SW,"GRAND RAPIDS, MI","KENT, MI",42.9387233,-85.67574584,Naphthalene (91-20-3),325 Chemicals,325211 Plastics Material and Resin Manufacturing,ARKEMA DELAWARE INC,No Releases Reported,0.00,0.00,0.00,0.00,No Waste Reported,No RSEI Hazard,0
ASAHI KASEI PLASTICS N.A.,48836THRMFONETH,2024,26093722300,"6,804",80,65,57,0,29,48836,900 E VAN RIPER,"FOWLERVILLE, MI","LIVINGSTON, MI",42.6503303,-84.05895269,Antimony compounds (N010),325 Chemicals,325991 Custom Compounding of Purchased Resins,ASAHI KASEI CHEMICAL CORP,No Releases Reported,0.00,0.00,0.00,0.00,No Waste Reported,No RSEI Hazard,0
ASAHI KASEI PLASTICS N.A.,48836THRMFONETH,2024,26093722300,"6,804",80,65,57,0,29,48836,900 E VAN RIPER,"FOWLERVILLE, MI","LIVINGSTON, MI",42.6503303,-84.05895269,Zinc compounds (N982),325 Chemicals,325991 Custom Compounding of Purchased Resins,ASAHI KASEI CHEMICAL CORP,No Releases Reported,0.00,0.00,0.00,0.00,No Waste Reported,No RSEI Hazard,0
ASCO L.P.,48471NMTCS360TH,2024,26151970900,"3,685",46,49,69,64,70,48471,360 THELMA,"SANDUSKY, MI","SANILAC, MI",43.41775202,-82.81678218,Diisocyanates (N120),332 Fabricated Metals,332912 Fluid Power Valve and Hose Fitting Manufacturing,EMERSON ELECTRIC CO,No Releases Reported,0.00,0.00,0.00,0.00,No Waste Reported,No RSEI Hazard,0
AURORA SPECIALTY CHEMISTRIES,4887WRRSPC97WGI,2024,26037010801,"9,749",21,79,59,0,12,48879,907 W GIBBS ST,"SAINT JOHNS, MI","CLINTON, MI",43.00878352,-84.5687843,Acrylamide (79-06-1),325 Chemicals,325998 All Other Miscellaneous Chemical Product and Preparation Manufacturing,AURORA SPECIALTY CHEMISTRIES,No Releases Reported,0.00,0.00,0.00,0.00,No Waste Reported,No RSEI Hazard,0
AURORA SPECIALTY CHEMISTRIES,4887WRRSPC97WGI,2024,26037010801,"9,749",21,79,59,0,12,48879,907 W GIBBS ST,"SAINT JOHNS, MI","CLINTON, MI",43.00878352,-84.5687843,Acrylonitrile (107-13-1),325 Chemicals,325998 All Other Miscellaneous Chemical Product and Preparation Manufacturing,AURORA SPECIALTY CHEMISTRIES,No Releases Reported,0.00,0.00,0.00,0.00,No Waste Reported,No RSEI Hazard,0
AURORA SPECIALTY CHEMISTRIES,48912NVRNM1520L,2024,26065000100,"65,427",56,29,84,64,69,48912,1520 LAKE LANSING RD,"LANSING, MI","INGHAM, MI",42.76047709,-84.53058706,Acrylamide (79-06-1),325 Chemicals,325998 All Other Miscellaneous Chemical Product and Preparation Manufacturing,AURORA SPECIALTY CHEMISTRIES,No Releases Reported,0.00,0.00,0.00,0.00,No Waste Reported,No RSEI Hazard,0
AURORA SPECIALTY CHEMISTRIES,48912NVRNM1520L,2024,26065000100,"65,427",56,29,84,64,69,48912,1520 LAKE LANSING RD,"LANSING, MI","INGHAM, MI",42.76047709,-84.53058706,Acrylic acid (79-10-7),325 Chemicals,325998 All Other Miscellaneous Chemical Product and Preparation Manufacturing,AURORA SPECIALTY CHEMISTRIES,No Releases Reported,0.00,0.00,0.00,0.00,No Waste Reported,No RSEI Hazard,0
AURORA SPECIALTY CHEMISTRIES,48912NVRNM1520L,2024,26065000100,"65,427",56,29,84,64,69,48912,1520 LAKE LANSING RD,"LANSING, MI","INGHAM, MI",42.76047709,-84.53058706,Dimethylamine (124-40-3),325 Chemicals,325998 All Other Miscellaneous Chemical Product and Preparation Manufacturing,AURORA SPECIALTY CHEMISTRIES,No Releases Reported,0.00,0.00,0.00,0.00,No Waste Reported,No RSEI Hazard,0
AURORA SPECIALTY CHEMISTRIES,48912NVRNM1520L,2024,26065000100,"65,427",56,29,84,64,69,48912,1520 LAKE LANSING RD,"LANSING, MI","INGHAM, MI",42.76047709,-84.53058706,Epichlorohydrin (106-89-8),325 Chemicals,325998 All Other Miscellaneous Chemical Product and Preparation Manufacturing,AURORA SPECIALTY CHEMISTRIES,No Releases Reported,0.00,0.00,0.00,0.00,No Waste Reported,No RSEI Hazard,0
AURORA SPECIALTY CHEMISTRIES,48912NVRNM1520L,2024,26065000100,"65,427",56,29,84,64,69,48912,1520 LAKE LANSING RD,"LANSING, MI","INGHAM, MI",42.76047709,-84.53058706,Methyl acrylate (96-33-3),325 Chemicals,325998 All Other Miscellaneous Chemical Product and Preparation Manufacturing,AURORA SPECIALTY CHEMISTRIES,No Releases Reported,0.00,0.00,0.00,0.00,No Waste Reported,No RSEI Hazard,0
AUTO ANODICS INC,48060TNDCS24071,2024,26147620000,"29,481",0,87,71,0,66,48060,2407 16TH ST,"PORT HURON, MI","ST. CLAIR, MI",42.95805467,-82.44212895,Nitric acid (7697-37-2),332 Fabricated Metals,"332813 Electroplating, Plating, Polishing, Anodizing, and Coloring",NA,No Releases Reported,0.00,0.00,0.00,0.00,"55,048.00",No RSEI Hazard,0
AXALTA COATING SYSTEMS USA LLC-MOUNT CLEMENS PLANT,48043DPNTM400GR,2024,26099245200,"69,774",78,62,35,0,89,48043,400 GROESBECK HWY,"MOUNT CLEMENS, MI","MACOMB, MI",42.61385915,-82.88881704,Diethanolamine (111-42-2),325 Chemicals,325510 Paint and Coating Manufacturing,AXALTA COATING SYSTEMS LLC,No Releases Reported,0.00,0.00,0.00,0.00,No Waste Reported,No RSEI Hazard,0
AXALTA COATING SYSTEMS USA LLC-MOUNT CLEMENS PLANT,48043DPNTM400GR,2024,26099245200,"69,774",78,62,35,0,89,48043,400 GROESBECK HWY,"MOUNT CLEMENS, MI","MACOMB, MI",42.61385915,-82.88881704,Diisocyanates (N120),325 Chemicals,325510 Paint and Coating Manufacturing,AXALTA COATING SYSTEMS LLC,No Releases Reported,0.00,0.00,0.00,0.00,"42,405.87",No RSEI Hazard,0
AXALTA COATING SYSTEMS USA LLC-MOUNT CLEMENS PLANT,48043DPNTM400GR,2024,26099245200,"69,774",78,62,35,0,89,48043,400 GROESBECK HWY,"MOUNT CLEMENS, MI","MACOMB, MI",42.61385915,-82.88881704,Methyl acrylate (96-33-3),325 Chemicals,325510 Paint and Coating Manufacturing,AXALTA COATING SYSTEMS LLC,No Releases Reported,0.00,0.00,0.00,0.00,No Waste Reported,No RSEI Hazard,0
AXALTA COATING SYSTEMS USA LLC-MOUNT CLEMENS PLANT,48043DPNTM400GR,2024,26099245200,"69,774",78,62,35,0,89,48043,400 GROESBECK HWY,"MOUNT CLEMENS, MI","MACOMB, MI",42.61385915,-82.88881704,Methyl methacrylate (80-62-6),325 Chemicals,325510 Paint and Coating Manufacturing,AXALTA COATING SYSTEMS LLC,No Releases Reported,0.00,0.00,0.00,0.00,No Waste Reported,No RSEI Hazard,0
AXALTA COATING SYSTEMS USA LLC-MOUNT CLEMENS PLANT,48043DPNTM400GR,2024,26099245200,"69,774",78,62,35,0,89,48043,400 GROESBECK HWY,"MOUNT CLEMENS, MI","MACOMB, MI",42.61385915,-82.88881704,N-Methyl-2-pyrrolidone (872-50-4),325 Chemicals,325510 Paint and Coating Manufacturing,AXALTA COATING SYSTEMS LLC,No Releases Reported,0.00,0.00,0.00,0.00,No Waste Reported,No RSEI Hazard,0
AXALTA COATING SYSTEMS USA LLC-MOUNT CLEMENS PLANT,48043DPNTM400GR,2024,26099245200,"69,774",78,62,35,0,89,48043,400 GROESBECK HWY,"MOUNT CLEMENS, MI","MACOMB, MI",42.61385915,-82.88881704,Naphthalene (91-20-3),325 Chemicals,325510 Paint and Coating Manufacturing,AXALTA COATING SYSTEMS LLC,No Releases Reported,0.00,0.00,0.00,0.00,No Waste Reported,No RSEI Hazard,0
AXALTA COATING SYSTEMS USA LLC-MOUNT CLEMENS PLANT,48043DPNTM400GR,2024,26099245200,"69,774",78,62,35,0,89,48043,400 GROESBECK HWY,"MOUNT CLEMENS, MI","MACOMB, MI",42.61385915,-82.88881704,"Toluene-2,4-diisocyanate (584-84-9)",325 Chemicals,325510 Paint and Coating Manufacturing,AXALTA COATING SYSTEMS LLC,No Releases Reported,0.00,0.00,0.00,0.00,No Waste Reported,No RSEI Hazard,0
AXALTA COATING SYSTEMS USA LLC-MOUNT CLEMENS PLANT,48043DPNTM400GR,2024,26099245200,"69,774",78,62,35,0,89,48043,400 GROESBECK HWY,"MOUNT CLEMENS, MI","MACOMB, MI",42.61385915,-82.88881704,Vanadium compounds (N770),325 Chemicals,325510 Paint and Coating Manufacturing,AXALTA COATING SYSTEMS LLC,No Releases Reported,0.00,0.00,0.00,0.00,No Waste Reported,No RSEI Hazard,0
AZON USA INC,49007ZNSYS2204R,2024,26077001503,"55,349",59,33,0,0,10,49004,2204 RAVINE RD,"KALAMAZOO, MI","KALAMAZOO, MI",42.31046188,-85.61688332,Diisocyanates (N120),325 Chemicals,325991 Custom Compounding of Purchased Resins,NA,No Releases Reported,0.00,0.00,0.00,0.00,No Waste Reported,No RSEI Hazard,0
AZON USA INC,49007ZNSYS2204R,2024,26077001503,"55,349",59,33,0,0,10,49004,2204 RAVINE RD,"KALAMAZOO, MI","KALAMAZOO, MI",42.31046188,-85.61688332,Ethylene glycol (107-21-1),325 Chemicals,325991 Custom Compounding of Purchased Resins,NA,No Releases Reported,0.00,0.00,0.00,0.00,No Waste Reported,No RSEI Hazard,0
BERKLEY SCREW MACHINE PRODUCTS INC,48309BRKLY21RYC,2024,26125194200,"57,803",24,18,29,73,22,48309,2100 ROYCE HALEY DR,"ROCHESTER HILLS, MI","OAKLAND, MI",42.65021574,-83.16828437,Lead (7439-92-1),332 Fabricated Metals,332721 Precision Turned Product Manufacturing,NA,No Releases Reported,0.00,0.00,0.00,0.00,"4,540.00",No RSEI Hazard,0
"BLUE DIAMOND STEEL CASTING,INC.",4841WBLDMN125ST,2024,26063950700,"1,631",68,53,76,0,31,48755,125 STURM RD.,"PIGEON, MI","HURON, MI",43.83113645,-83.25960173,Chromium (7440-47-3),331 Primary Metals,331513 Steel Foundries (except Investment),HURON CASTING INC,No Releases Reported,0.00,0.00,0.00,0.00,No Waste Reported,No RSEI Hazard,0
"BOAR'S HEAD PROVISIONS CO INC. - HOLLAND",49424TYSNF284RO,2024,26139025101,"56,772",86,47,86,0,65,49424,284 ROOST AVE,"HOLLAND, MI","OTTAWA, MI",42.80399131,-86.09733163,Ammonia (7664-41-7),311 Food,311612 Meat Processed from Carcasses,"BOAR'S HEAD PROVISIONS CO INC",No Releases Reported,0.00,0.00,0.00,0.00,No Waste Reported,No RSEI Hazard,0
BREMBO HOMER FOUNDRY,4924WBRMBH62593,2024,26075006403,"1,014",62,76,71,0,70,49245,6259 30 MILE ROAD,"HOMER, MI","CALHOUN, MI",42.10786532,-84.71024022,Diisocyanates (N120),331 Primary Metals,331511 Iron Foundries,BREMBO NORTH AMERICA INC,No Releases Reported,0.00,0.00,0.00,0.00,No Waste Reported,No RSEI Hazard,0
BUNTING BEARINGS LLC.,49002GLPCH4252E,2024,26077001802,"26,710",49,31,91,66,69,49002,4252 E KILGORE RD,"PORTAGE, MI","KALAMAZOO, MI",42.24491177,-85.53427004,Copper (7440-50-8),331 Primary Metals,331529 Other Nonferrous Metal Foundries (except Die-Casting),BUNTING BEARINGS LLC,No Releases Reported,0.00,0.00,0.00,0.00,"17,361.00",No RSEI Hazard,0
CAPITAL RESIN CORPORATION-MICHIGAN,48212DLTRS17350,2024,26163506400,"138,372",0,6,-,0,87,48212,17350 RYAN RD,"DETROIT, MI","WAYNE, MI",42.42167999,-83.06251499,Diisocyanates (N120),325 Chemicals,325211 Plastics Material and Resin Manufacturing,CAPITAL RESIN CORP,No Releases Reported,0.00,0.00,0.00,0.00,No Waste Reported,No RSEI Hazard,0
CARBON GREEN BIOENERGY,48849SBWDB7795S,2024,26045020700,"1,390",59,71,83,0,64,48849,7795 SADDLEBAG LAKE ROAD,"LAKE ODESSA, MI","BARRY, MI",42.76664184,-85.0743491,Benzene (71-43-2),325 Chemicals,325193 Ethyl Alcohol Manufacturing,NA,No Releases Reported,0.00,0.00,0.00,0.00,No Waste Reported,No RSEI Hazard,0
CARBON GREEN BIOENERGY,48849SBWDB7795S,2024,26045020700,"1,390",59,71,83,0,64,48849,7795 SADDLEBAG LAKE ROAD,"LAKE ODESSA, MI","BARRY, MI",42.76664184,-85.0743491,Cumene (98-82-8),325 Chemicals,325193 Ethyl Alcohol Manufacturing,NA,No Releases Reported,0.00,0.00,0.00,0.00,No Waste Reported,No RSEI Hazard,0
CARBON GREEN BIOENERGY,48849SBWDB7795S,2024,26045020700,"1,390",59,71,83,0,64,48849,7795 SADDLEBAG LAKE ROAD,"LAKE ODESSA, MI","BARRY, MI",42.76664184,-85.0743491,Cyclohexane (110-82-7),325 Chemicals,325193 Ethyl Alcohol Manufacturing,NA,No Releases Reported,0.00,0.00,0.00,0.00,No Waste Reported,No RSEI Hazard,0
CARBON GREEN BIOENERGY,48849SBWDB7795S,2024,26045020700,"1,390",59,71,83,0,64,48849,7795 SADDLEBAG LAKE ROAD,"LAKE ODESSA, MI","BARRY, MI",42.76664184,-85.0743491,Ethylbenzene (100-41-4),325 Chemicals,325193 Ethyl Alcohol Manufacturing,NA,No Releases Reported,0.00,0.00,0.00,0.00,No Waste Reported,No RSEI Hazard,0
CARBON GREEN BIOENERGY,48849SBWDB7795S,2024,26045020700,"1,390",59,71,83,0,64,48849,7795 SADDLEBAG LAKE ROAD,"LAKE ODESSA, MI","BARRY, MI",42.76664184,-85.0743491,Nitric acid (7697-37-2),325 Chemicals,325193 Ethyl Alcohol Manufacturing,NA,No Releases Reported,0.00,0.00,0.00,0.00,No Waste Reported,No RSEI Hazard,0
CARGILL FEED & NUTRITION OWOSSO,4886WCRGLL151HA,2024,26155030400,"21,076",84,84,0,0,33,48867,1510 HATHAWAY DR,"OWOSSO, MI","SHIAWASSEE, MI",42.996342,-84.174835,Copper compounds (N100),311 Food,311119 Other Animal Food Manufacturing,CARGILL INC,No Releases Reported,0.00,0.00,0.00,0.00,No Waste Reported,No RSEI Hazard,0
CARGILL FEED & NUTRITION OWOSSO,4886WCRGLL151HA,2024,26155030400,"21,076",84,84,0,0,33,48867,1510 HATHAWAY DR,"OWOSSO, MI","SHIAWASSEE, MI",42.996342,-84.174835,Manganese compounds (N450),311 Food,311119 Other Animal Food Manufacturing,CARGILL INC,No Releases Reported,0.00,0.00,0.00,0.00,No Waste Reported,No RSEI Hazard,0
CARGILL FEED & NUTRITION OWOSSO,4886WCRGLL151HA,2024,26155030400,"21,076",84,84,0,0,33,48867,1510 HATHAWAY DR,"OWOSSO, MI","SHIAWASSEE, MI",42.996342,-84.174835,Zinc compounds (N982),311 Food,311119 Other Animal Food Manufacturing,CARGILL INC,No Releases Reported,0.00,0.00,0.00,0.00,No Waste Reported,No RSEI Hazard,0
CERTAINTEED CEILINGS CORP,49946CLTXC200SO,2024,26013000100,"4,259",76,62,53,0,43,49946,200 S MAIN ST,"LANSE, MI","BARAGA, MI",46.7563569,-88.45627308,Chlorothalonil (1897-45-6),327 Nonmetallic Mineral Product,327999 All Other Miscellaneous Nonmetallic Mineral Product Manufacturing,SAINT-GOBAIN CORP,No Releases Reported,0.00,0.00,0.00,0.00,No Waste Reported,No RSEI Hazard,0
CHEMETALL US INC,4920WCHMTL11TEC,2024,26075005501,"24,746",0,14,40,58,13,49201,1100 TECHNOLOGY DR,"JACKSON, MI","JACKSON, MI",42.27282025,-84.47039049,Certain glycol ethers (N230),325 Chemicals,325611 Soap and Other Detergent Manufacturing,BASF CORP,No Releases Reported,0.00,0.00,0.00,0.00,No Waste Reported,No RSEI Hazard,0
CHEMETALL US INC,4920WCHMTL11TEC,2024,26075005501,"24,746",0,14,40,58,13,49201,1100 TECHNOLOGY DR,"JACKSON, MI","JACKSON, MI",42.27282025,-84.47039049,Diethanolamine (111-42-2),325 Chemicals,325611 Soap and Other Detergent Manufacturing,BASF CORP,No Releases Reported,0.00,0.00,0.00,0.00,No Waste Reported,No RSEI Hazard,0
CHEMETALL US INC,4920WCHMTL11TEC,2024,26075005501,"24,746",0,14,40,58,13,49201,1100 TECHNOLOGY DR,"JACKSON, MI","JACKSON, MI",42.27282025,-84.47039049,Hydrogen fluoride (7664-39-3),325 Chemicals,325611 Soap and Other Detergent Manufacturing,BASF CORP,No Releases Reported,0.00,0.00,0.00,0.00,No Waste Reported,No RSEI Hazard,0
CHEMETALL US INC,4920WCHMTL11TEC,2024,26075005501,"24,746",0,14,40,58,13,49201,1100 TECHNOLOGY DR,"JACKSON, MI","JACKSON, MI",42.27282025,-84.47039049,Maleic anhydride (108-31-6),325 Chemicals,325611 Soap and Other Detergent Manufacturing,BASF CORP,No Releases Reported,0.00,0.00,0.00,0.00,No Waste Reported,No RSEI Hazard,0
CHEMETALL US INC,4920WCHMTL11TEC,2024,26075005501,"24,746",0,14,40,58,13,49201,1100 TECHNOLOGY DR,"JACKSON, MI","JACKSON, MI",42.27282025,-84.47039049,Manganese compounds (N450),325 Chemicals,325611 Soap and Other Detergent Manufacturing,BASF CORP,No Releases Reported,0.00,0.00,0.00,0.00,No Waste Reported,No RSEI Hazard,0
CHEMETALL US INC,4920WCHMTL11TEC,2024,26075005501,"24,746",0,14,40,58,13,49201,1100 TECHNOLOGY DR,"JACKSON, MI","JACKSON, MI",42.27282025,-84.47039049,N-Methyl-2-pyrrolidone (872-50-4),325 Chemicals,325611 Soap and Other Detergent Manufacturing,BASF CORP,No Releases Reported,0.00,0.00,0.00,0.00,No Waste Reported,No RSEI Hazard,0
CHEMETALL US INC,4920WCHMTL11TEC,2024,26075005501,"24,746",0,14,40,58,13,49201,1100 TECHNOLOGY DR,"JACKSON, MI","JACKSON, MI",42.27282025,-84.47039049,sec-Butyl alcohol (78-92-2),325 Chemicals,325611 Soap and Other Detergent Manufacturing,BASF CORP,No Releases Reported,0.00,0.00,0.00,0.00,No Waste Reported,No RSEI Hazard,0
CHEMETALL US INC,4920WCHMTL11TEC,2024,26075005501,"24,746",0,14,40,58,13,49201,1100 TECHNOLOGY DR,"JACKSON, MI","JACKSON, MI",42.27282025,-84.47039049,Sodium nitrite (7632-00-0),325 Chemicals,325611 Soap and Other Detergent Manufacturing,BASF CORP,No Releases Reported,0.00,0.00,0.00,0.00,No Waste Reported,No RSEI Hazard,0
CHEMSTATION KALAMAZOO,4900WCHMST5933W,2024,26077002909,"43,052",79,2,53,0,26,49009,5933 W KL AVE,"KALAMAZOO, MI","KALAMAZOO, MI",42.28133457,-85.66563334,Certain glycol ethers (N230),325 Chemicals,325611 Soap and Other Detergent Manufacturing,CHEMSTATION INTERNATIONAL INC,No Releases Reported,0.00,0.00,0.00,0.00,No Waste Reported,No RSEI Hazard,0
CHEMSTATION KALAMAZOO,4900WCHMST5933W,2024,26077002909,"43,052",79,2,53,0,26,49009,5933 W KL AVE,"KALAMAZOO, MI","KALAMAZOO, MI",42.28133457,-85.66563334,Nitric acid (7697-37-2),325 Chemicals,325611 Soap and Other Detergent Manufacturing,CHEMSTATION INTERNATIONAL INC,No Releases Reported,0.00,0.00,0.00,0.00,No Waste Reported,No RSEI Hazard,0
CHEMSTATION KALAMAZOO,4900WCHMST5933W,2024,26077002909,"43,052",79,2,53,0,26,49009,5933 W KL AVE,"KALAMAZOO, MI","KALAMAZOO, MI",42.28133457,-85.66563334,Peracetic acid (79-21-0),325 Chemicals,325611 Soap and Other Detergent Manufacturing,CHEMSTATION INTERNATIONAL INC,No Releases Reported,0.00,0.00,0.00,0.00,No Waste Reported,No RSEI Hazard,0
CHRYSAN INDUSTRIES,4817WCHRYS1477K,2024,26163561700,"52,798",0,0,0,0,0,48170,14707 KEEL ST,"PLYMOUTH, MI","WAYNE, MI",42.3897353,-83.49673993,Ethylene glycol (107-21-1),324 Petroleum Products,324191 Petroleum Lubricating Oil and Grease Manufacturing,NA,No Releases Reported,0.00,0.00,0.00,0.00,"21,360.00",No RSEI Hazard,0
CLEVELAND-CLIFFS STEEL CORP DEARBORN WORKS,48121RGSTL3001M,2024,26163985700,"119,381",0,0,0,0,0,48120,4001 MILLER RD,"DEARBORN, MI","WAYNE, MI",42.31635335,-83.1621121,Aluminum (fume or dust) (7429-90-5),331 Primary Metals,331110 Iron and Steel Mills and Ferroalloy Manufacturing,CLEVELAND-CLIFFS INC,No Releases Reported,0.00,0.00,0.00,0.00,No Waste Reported,No RSEI Hazard,0
COMCAST URETHANE,49068CMCST425LE,2024,26025004000,"9,612",70,63,92,0,75,49068,425 LEGGITT RD,"MARSHALL, MI","CALHOUN, MI",42.25272707,-84.96571092,Diisocyanates (N120),326 Plastics and Rubber,326150 Urethane and Other Foam Product (except Polystyrene) Manufacturing,NA,No Releases Reported,0.00,0.00,0.00,0.00,No Waste Reported,No RSEI Hazard,0
CONDAT CORP,48176CNDTC25SIN,2024,26161423400,"19,586",40,67,90,0,16,48176,250 S INDUSTRIAL DR,"SALINE, MI","WASHTENAW, MI",42.17230458,-83.75733331,Certain glycol ethers (N230),324 Petroleum Products,324191 Petroleum Lubricating Oil and Grease Manufacturing,NA,No Releases Reported,0.00,0.00,0.00,0.00,No Waste Reported,No RSEI Hazard,0
CONDAT CORP,48176CNDTC25SIN,2024,26161423400,"19,586",40,67,90,0,16,48176,250 S INDUSTRIAL DR,"SALINE, MI","WASHTENAW, MI",42.17230458,-83.75733331,Zinc compounds (N982),324 Petroleum Products,324191 Petroleum Lubricating Oil and Grease Manufacturing,NA,No Releases Reported,0.00,0.00,0.00,0.00,No Waste Reported,No RSEI Hazard,0
CORTEVA AGRISCIENCE LLC - MIDLAND,4867WDWGRS71WAS,2024,26111290600,"30,090",74,14,85,0,68,48640,701 WASHINGTON ST,"MIDLAND, MI","MIDLAND, MI",43.60532757,-84.21757491,"2,4-D 2-ethylhexyl ester (1928-43-4)",325 Chemicals,325320 Pesticide and Other Agricultural Chemical Manufacturing,CORTEVA INC,No Releases Reported,0.00,0.00,0.00,0.00,"56,800.00",No RSEI Hazard,0
CORTEVA AGRISCIENCE LLC - MIDLAND,4867WDWGRS71WAS,2024,26111290600,"30,090",74,14,85,0,68,48640,701 WASHINGTON ST,"MIDLAND, MI","MIDLAND, MI",43.60532757,-84.21757491,"2,4,6-Trichlorophenol (88-06-2)",325 Chemicals,325320 Pesticide and Other Agricultural Chemical Manufacturing,CORTEVA INC,No Releases Reported,0.00,0.00,0.00,0.00,139.00,No RSEI Hazard,0
CORTEVA AGRISCIENCE LLC - MIDLAND,4867WDWGRS71WAS,2024,26111290600,"30,090",74,14,85,0,68,48640,701 WASHINGTON ST,"MIDLAND, MI","MIDLAND, MI",43.60532757,-84.21757491,Chlorophenols (N084),325 Chemicals,325320 Pesticide and Other Agricultural Chemical Manufacturing,CORTEVA INC,No Releases Reported,0.00,0.00,0.00,0.00,"1,506.00",No RSEI Hazard,0
CORTEVA AGRISCIENCE LLC - MIDLAND,4867WDWGRS71WAS,2024,26111290600,"30,090",74,14,85,0,68,48640,701 WASHINGTON ST,"MIDLAND, MI","MIDLAND, MI",43.60532757,-84.21757491,Crotonaldehyde (4170-30-3),325 Chemicals,325320 Pesticide and Other Agricultural Chemical Manufacturing,CORTEVA INC,No Releases Reported,0.00,0.00,0.00,0.00,"33,176.00",No RSEI Hazard,0
CORTEVA AGRISCIENCE LLC - MIDLAND,4867WDWGRS71WAS,2024,26111290600,"30,090",74,14,85,0,68,48640,701 WASHINGTON ST,"MIDLAND, MI","MIDLAND, MI",43.60532757,-84.21757491,Sulfuric acid (acid aerosols) (7664-93-9),325 Chemicals,325320 Pesticide and Other Agricultural Chemical Manufacturing,CORTEVA INC,No Releases Reported,0.00,0.00,0.00,0.00,"58,018.00",No RSEI Hazard,0
DAPCO INDUSTRIES,48130DPCND2500B,2024,26161454002,"11,489",89,69,38,0,39,48130,2500 BISHOP CIR E,"DEXTER, MI","WASHTENAW, MI",42.32424998,-83.87689035,Copper (7440-50-8),332 Fabricated Metals,332911 Industrial Valve Manufacturing,DAPCO INDUSTRIES,No Releases Reported,0.00,0.00,0.00,0.00,"287,375.00",No RSEI Hazard,0
DAPCO INDUSTRIES,48130DPCND2500B,2024,26161454002,"11,489",89,69,38,0,39,48130,2500 BISHOP CIR E,"DEXTER, MI","WASHTENAW, MI",42.32424998,-83.87689035,Manganese (7439-96-5),332 Fabricated Metals,332911 Industrial Valve Manufacturing,DAPCO INDUSTRIES,No Releases Reported,0.00,0.00,0.00,0.00,"17,227.00",No RSEI Hazard,0
DAYTON LAMINA CORP,49615LMNNC1000F,2024,26009960401,"2,444",46,84,40,0,13,49615,3650 S DERENZY RD,"BELLAIRE, MI","ANTRIM, MI",44.98078046,-85.19323818,Chromium (7440-47-3),332 Fabricated Metals,"332813 Electroplating, Plating, Polishing, Anodizing, and Coloring",DAYTON LAMINA CORP,No Releases Reported,0.00,0.00,0.00,0.00,No Waste Reported,No RSEI Hazard,0
DAYTON LAMINA CORP,49615LMNNC1000F,2024,26009960401,"2,444",46,84,40,0,13,49615,3650 S DERENZY RD,"BELLAIRE, MI","ANTRIM, MI",44.98078046,-85.19323818,Manganese (7439-96-5),332 Fabricated Metals,"332813 Electroplating, Plating, Polishing, Anodizing, and Coloring",DAYTON LAMINA CORP,No Releases Reported,0.00,0.00,0.00,0.00,No Waste Reported,No RSEI Hazard,0
DAYTON LAMINA CORP,49615LMNNC1000F,2024,26009960401,"2,444",46,84,40,0,13,49615,3650 S DERENZY RD,"BELLAIRE, MI","ANTRIM, MI",44.98078046,-85.19323818,Nickel (7440-02-0),332 Fabricated Metals,"332813 Electroplating, Plating, Polishing, Anodizing, and Coloring",DAYTON LAMINA CORP,No Releases Reported,0.00,0.00,0.00,0.00,No Waste Reported,No RSEI Hazard,0
DETROIT ASSEMBLY COMPLEX MACK,4821WDTRTS4STJE,2024,26163514100,"124,212",56,18,98,0,46,48214,4000 ST JEAN ST,"DETROIT, MI","WAYNE, MI",42.37978444,-82.97886412,Diisononyl Phthalates (DINP) (N125),336 Transportation Equipment,336110 Automobile and Light Duty Motor Vehicle Manufacturing,FCA US LLC,No Releases Reported,0.00,0.00,0.00,0.00,No Waste Reported,No RSEI Hazard,0
DETROIT AUTOMOTIVE TECHNOLOGIES,4891WLLNCN4521W,2024,26045020202,"58,890",78,95,85,0,12,48917,4521 W MOUNT HOPE HWY,"LANSING, MI","EATON, MI",42.71203024,-84.61381887,Diisocyanates (N120),336 Transportation Equipment,336390 Other Motor Vehicle Parts Manufacturing,NA,No Releases Reported,0.00,0.00,0.00,0.00,No Waste Reported,No RSEI Hazard,0
DEXTER FASTENER TECHNOLOGIES INC,48130DXTRF2110B,2024,26161454002,"11,792",89,69,38,0,39,48130,2110 BISHOP CIR E,"DEXTER, MI","WASHTENAW, MI",42.32161834,-83.87759208,Chromium (7440-47-3),332 Fabricated Metals,"332722 Bolt, Nut, Screw, Rivet, and Washer Manufacturing",DEXTER FASTENER TECHNOLOGIES INC,No Releases Reported,0.00,0.00,0.00,0.00,"12,520.00",No RSEI Hazard,2
DIPSOL OF AMERICA INC,48150DPSLF345SC,2024,26163558301,"79,125",83,78,68,58,23,48150,34005 SCHOOLCRAFT RD,"LIVONIA, MI","WAYNE, MI",42.38193134,-83.37900356,Chromium compounds (N090),325 Chemicals,325998 All Other Miscellaneous Chemical Product and Preparation Manufacturing,NA,No Releases Reported,0.00,0.00,0.00,0.00,No Waste Reported,No RSEI Hazard,0
DIPSOL OF AMERICA INC,48150DPSLF345SC,2024,26163558301,"79,125",83,78,68,58,23,48150,34005 SCHOOLCRAFT RD,"LIVONIA, MI","WAYNE, MI",42.38193134,-83.37900356,Cobalt compounds (N096),325 Chemicals,325998 All Other Miscellaneous Chemical Product and Preparation Manufacturing,NA,No Releases Reported,0.00,0.00,0.00,0.00,No Waste Reported,No RSEI Hazard,0
DIPSOL OF AMERICA INC,48150DPSLF345SC,2024,26163558301,"79,125",83,78,68,58,23,48150,34005 SCHOOLCRAFT RD,"LIVONIA, MI","WAYNE, MI",42.38193134,-83.37900356,Nitrate compounds (water dissociable) (N511),325 Chemicals,325998 All Other Miscellaneous Chemical Product and Preparation Manufacturing,NA,No Releases Reported,0.00,0.00,0.00,0.00,No Waste Reported,No RSEI Hazard,0
DIPSOL OF AMERICA INC,48150DPSLF345SC,2024,26163558301,"79,125",83,78,68,58,23,48150,34005 SCHOOLCRAFT RD,"LIVONIA, MI","WAYNE, MI",42.38193134,-83.37900356,Nitric acid (7697-37-2),325 Chemicals,325998 All Other Miscellaneous Chemical Product and Preparation Manufacturing,NA,No Releases Reported,0.00,0.00,0.00,0.00,No Waste Reported,No RSEI Hazard,0
DYNO NOBEL INC,49849RCNCRCORD4,2024,26103002200,"4,465",54,64,74,0,51,49849,9045 COUNTY RD 476,"ISHPEMING, MI","MARQUETTE, MI",46.44779895,-87.68433342,Nitrate compounds (water dissociable) (N511),325 Chemicals,325920 Explosives Manufacturing,DYNO NOBEL INC,No Releases Reported,0.00,0.00,0.00,0.00,"7,351.00",No RSEI Hazard,0
EBERSPAECHER N.A.,4839WBRSPC322AK,2024,26125133102,"31,771",0,0,0,0,0,48393,30220 OAK CREEK DR,"WIXOM, MI","OAKLAND, MI",42.51681133,-83.54424114,Chromium (7440-47-3),336 Transportation Equipment,336390 Other Motor Vehicle Parts Manufacturing,EBERSPAECHER NORTH AMERICA INC,No Releases Reported,0.00,0.00,0.00,0.00,No Waste Reported,No RSEI Hazard,0
EBERSPAECHER N.A. INC,4811WBRSPC235RC,2024,26093741100,"27,281",0,96,40,0,57,48116,2035 ORNDORF DR,"BRIGHTON, MI","LIVINGSTON, MI",42.54085074,-83.79798452,Chromium (7440-47-3),336 Transportation Equipment,336390 Other Motor Vehicle Parts Manufacturing,EBERSPAECHER NORTH AMERICA INC,No Releases Reported,0.00,0.00,0.00,0.00,No Waste Reported,No RSEI Hazard,0
EES COKE BATTERY LLC,48218SCKBT14ZUG,2024,26163985600,"69,556",0,0,0,0,0,48218,1400 ZUG ISLAND,"RIVER ROUGE, MI","WAYNE, MI",42.28876642,-83.11282517,Arsenic compounds (N020),324 Petroleum Products,324199 All Other Petroleum and Coal Products Manufacturing,DTE ENERGY CO,No Releases Reported,0.00,0.00,0.00,0.00,No Waste Reported,No RSEI Hazard,0
EES COKE BATTERY LLC,48218SCKBT14ZUG,2024,26163985600,"69,556",0,0,0,0,0,48218,1400 ZUG ISLAND,"RIVER ROUGE, MI","WAYNE, MI",42.28876642,-83.11282517,Barium compounds (N040),324 Petroleum Products,324199 All Other Petroleum and Coal Products Manufacturing,DTE ENERGY CO,No Releases Reported,0.00,0.00,0.00,0.00,No Waste Reported,No RSEI Hazard,0
EES COKE BATTERY LLC,48218SCKBT14ZUG,2024,26163985600,"69,556",0,0,0,0,0,48218,1400 ZUG ISLAND,"RIVER ROUGE, MI","WAYNE, MI",42.28876642,-83.11282517,Chromium compounds (N090),324 Petroleum Products,324199 All Other Petroleum and Coal Products Manufacturing,DTE ENERGY CO,No Releases Reported,0.00,0.00,0.00,0.00,No Waste Reported,No RSEI Hazard,0
EES COKE BATTERY LLC,48218SCKBT14ZUG,2024,26163985600,"69,556",0,0,0,0,0,48218,1400 ZUG ISLAND,"RIVER ROUGE, MI","WAYNE, MI",42.28876642,-83.11282517,Copper compounds (N100),324 Petroleum Products,324199 All Other Petroleum and Coal Products Manufacturing,DTE ENERGY CO,No Releases Reported,0.00,0.00,0.00,0.00,No Waste Reported,No RSEI Hazard,0
EES COKE BATTERY LLC,48218SCKBT14ZUG,2024,26163985600,"69,556",0,0,0,0,0,48218,1400 ZUG ISLAND,"RIVER ROUGE, MI","WAYNE, MI",42.28876642,-83.11282517,Manganese compounds (N450),324 Petroleum Products,324199 All Other Petroleum and Coal Products Manufacturing,DTE ENERGY CO,No Releases Reported,0.00,0.00,0.00,0.00,No Waste Reported,No RSEI Hazard,0
EES COKE BATTERY LLC,48218SCKBT14ZUG,2024,26163985600,"69,556",0,0,0,0,0,48218,1400 ZUG ISLAND,"RIVER ROUGE, MI","WAYNE, MI",42.28876642,-83.11282517,Molybdenum trioxide (1313-27-5),324 Petroleum Products,324199 All Other Petroleum and Coal Products Manufacturing,DTE ENERGY CO,No Releases Reported,0.00,0.00,0.00,0.00,No Waste Reported,No RSEI Hazard,0
EES COKE BATTERY LLC,48218SCKBT14ZUG,2024,26163985600,"69,556",0,0,0,0,0,48218,1400 ZUG ISLAND,"RIVER ROUGE, MI","WAYNE, MI",42.28876642,-83.11282517,Nickel compounds (N495),324 Petroleum Products,324199 All Other Petroleum and Coal Products Manufacturing,DTE ENERGY CO,No Releases Reported,0.00,0.00,0.00,0.00,No Waste Reported,No RSEI Hazard,0
ELECTROLUX PROFESSIONAL GROUP - WEIDMAN,48893RNDLL0520S,2024,26073000200,"3,684",34,94,46,0,22,48893,525 S COLDWATER RD,"WEIDMAN, MI","ISABELLA, MI",43.6328959,-84.98775118,Diisocyanates (N120),333 Machinery,333415 Air-Conditioning and Warm Air Heating Equipment and Commercial and Industrial Refrigeration..,DOVER CORP,No Releases Reported,0.00,0.00,0.00,0.00,No Waste Reported,No RSEI Hazard,0
ELM PLATING CO.,49203LMPLT1319S,2024,26075001200,"49,357",79,14,98,0,74,49203,1319 S ELM ST,"JACKSON, MI","JACKSON, MI",42.23815911,-84.38425524,Chromium compounds (N090),332 Fabricated Metals,"332813 Electroplating, Plating, Polishing, Anodizing, and Coloring",ELM PLATING CO,No Releases Reported,0.00,0.00,0.00,0.00,No Waste Reported,No RSEI Hazard,0
ELM PLATING CO.,49203LMPLT1319S,2024,26075001200,"49,357",79,14,98,0,74,49203,1319 S ELM ST,"JACKSON, MI","JACKSON, MI",42.23815911,-84.38425524,Nitric acid (7697-37-2),332 Fabricated Metals,"332813 Electroplating, Plating, Polishing, Anodizing, and Coloring",ELM PLATING CO,No Releases Reported,0.00,0.00,0.00,0.00,No Waste Reported,No RSEI Hazard,0
ELMET TECHNOLOGIES,49036CLMXS460JA,2024,26023951600,"13,495",57,63,22,90,50,49036,460 JAY ST,"COLDWATER, MI","BRANCH, MI",41.92888962,-85.01506275,Chromium (7440-47-3),332 Fabricated Metals,332117 Powder Metallurgy Part Manufacturing,ELMET TECHNOLOGIES LLC,No Releases Reported,0.00,0.00,0.00,0.00,No Waste Reported,No RSEI Hazard,0
ELMET TECHNOLOGIES,49036CLMXS460JA,2024,26023951600,"13,495",57,63,22,90,50,49036,460 JAY ST,"COLDWATER, MI","BRANCH, MI",41.92888962,-85.01506275,Cobalt (7440-48-4),332 Fabricated Metals,332117 Powder Metallurgy Part Manufacturing,ELMET TECHNOLOGIES LLC,No Releases Reported,0.00,0.00,0.00,0.00,No Waste Reported,No RSEI Hazard,0
ELMET TECHNOLOGIES,49036CLMXS460JA,2024,26023951600,"13,495",57,63,22,90,50,49036,460 JAY ST,"COLDWATER, MI","BRANCH, MI",41.92888962,-85.01506275,Molybdenum trioxide (1313-27-5),332 Fabricated Metals,332117 Powder Metallurgy Part Manufacturing,ELMET TECHNOLOGIES LLC,No Releases Reported,0.00,0.00,0.00,0.00,No Waste Reported,No RSEI Hazard,0
ELMET TECHNOLOGIES,49036CLMXS460JA,2024,26023951600,"13,495",57,63,22,90,50,49036,460 JAY ST,"COLDWATER, MI","BRANCH, MI",41.92888962,-85.01506275,Nickel (7440-02-0),332 Fabricated Metals,332117 Powder Metallurgy Part Manufacturing,ELMET TECHNOLOGIES LLC,No Releases Reported,0.00,0.00,0.00,0.00,No Waste Reported,No RSEI Hazard,0
EMERALD STEEL PROCESSING LLC - MADISON HEIGHTS FACILITY,48071STLPR31624,2024,26125181100,"116,262",0,0,0,0,0,48071,31624 STEPHENSON HWY,"MADISON HEIGHTS, MI","OAKLAND, MI",42.52497904,-83.11951882,Nitric acid (7697-37-2),332 Fabricated Metals,332811 Metal Heat Treating,NA,No Releases Reported,0.00,0.00,0.00,0.00,"27,242.00",No RSEI Hazard,0
EUCLID MANUFACTURING CO. INC.,4821WCLDMN15EEU,2024,26163985100,"130,787",0,5,96,0,80,48211,1500 E. EUCLID AVENUE,"DETROIT, MI","WAYNE, MI",42.38261108,-83.0629931,Chromium (7440-47-3),336 Transportation Equipment,336370 Motor Vehicle Metal Stamping,AUTOKINITON US HOLDINGS INC,No Releases Reported,0.00,0.00,0.00,0.00,"602,294.00",No RSEI Hazard,0
EUCLID MANUFACTURING CO. INC.,4821WCLDMN15EEU,2024,26163985100,"130,787",0,5,96,0,80,48211,1500 E. EUCLID AVENUE,"DETROIT, MI","WAYNE, MI",42.38261108,-83.0629931,Copper (7440-50-8),336 Transportation Equipment,336370 Motor Vehicle Metal Stamping,AUTOKINITON US HOLDINGS INC,No Releases Reported,0.00,0.00,0.00,0.00,"301,147.00",No RSEI Hazard,0
EUCLID MANUFACTURING CO. INC.,4821WCLDMN15EEU,2024,26163985100,"130,787",0,5,96,0,80,48211,1500 E. EUCLID AVENUE,"DETROIT, MI","WAYNE, MI",42.38261108,-83.0629931,Manganese (7439-96-5),336 Transportation Equipment,336370 Motor Vehicle Metal Stamping,AUTOKINITON US HOLDINGS INC,No Releases Reported,0.00,0.00,0.00,0.00,"361,376.00",No RSEI Hazard,0
EUCLID MANUFACTURING CO. INC.,4821WCLDMN15EEU,2024,26163985100,"130,787",0,5,96,0,80,48211,1500 E. EUCLID AVENUE,"DETROIT, MI","WAYNE, MI",42.38261108,-83.0629931,Nickel (7440-02-0),336 Transportation Equipment,336370 Motor Vehicle Metal Stamping,AUTOKINITON US HOLDINGS INC,No Releases Reported,0.00,0.00,0.00,0.00,"602,294.00",No RSEI Hazard,0
FCA US STERLING STAMPING PLANT,48077STRLN35777,2024,26099982002,"97,953",0,0,0,0,0,48312,35777 VAN DYKE,"STERLING HEIGHTS, MI","MACOMB, MI",42.55585784,-83.02948518,Sodium nitrite (7632-00-0),336 Transportation Equipment,336370 Motor Vehicle Metal Stamping,FCA US LLC,No Releases Reported,0.00,0.00,0.00,0.00,No Waste Reported,No RSEI Hazard,0
FCA US WARREN TRUCK ASSEMBLY PLANT,48091WRRNT21500,2024,26099982200,"130,932",0,0,0,0,93,48091,21500 MOUND RD,"WARREN, MI","MACOMB, MI",42.45531342,-83.04419136,Diisononyl Phthalates (DINP) (N125),336 Transportation Equipment,336110 Automobile and Light Duty Motor Vehicle Manufacturing,FCA US LLC,No Releases Reported,0.00,0.00,0.00,0.00,No Waste Reported,No RSEI Hazard,0
FEMA COMPONENT MANUFACTURING,4907WFMCMP555WA,2024,26005031800,"9,418",24,69,42,0,29,49078,555 WASHINGTON ST,"OTSEGO, MI","ALLEGAN, MI",42.45366451,-85.70991802,Lead (7439-92-1),332 Fabricated Metals,332721 Precision Turned Product Manufacturing,FEMA CORP,No Releases Reported,0.00,0.00,0.00,0.00,"2,361.87",No RSEI Hazard,1
FEMA CORP OF MICHIGAN INC,4902WFMCRP1716V,2024,26077002002,"29,689",49,73,40,0,18,49024,1716 VANDERBILT AVE,"PORTAGE, MI","KALAMAZOO, MI",42.18294569,-85.60931283,Lead (7439-92-1),332 Fabricated Metals,332912 Fluid Power Valve and Hose Fitting Manufacturing,FEMA CORP,No Releases Reported,0.00,0.00,0.00,0.00,836.90,No RSEI Hazard,1
FINTEX LLC,48174FNTXL89INK,2024,26163583700,"54,495",42,48,95,66,41,48174,8900 INKSTER RD,"ROMULUS, MI","WAYNE, MI",42.24180327,-83.30817142,Nitric acid (7697-37-2),332 Fabricated Metals,"332813 Electroplating, Plating, Polishing, Anodizing, and Coloring",NA,No Releases Reported,0.00,0.00,0.00,0.00,"46,908.00",No RSEI Hazard,0
FITZGERALD FINISHING LLC,48212FTZGR17450,2024,26163506300,"145,283",99,56,96,0,84,48212,17450 FILER AVE,"DETROIT, MI","WAYNE, MI",42.42260368,-83.03701756,Manganese compounds (N450),332 Fabricated Metals,"332812 Metal Coating, Engraving (except Jewelry and Silverware), and Allied Services to Manufactur..",NA,No Releases Reported,0.00,0.00,0.00,0.00,463.00,No RSEI Hazard,0
FITZGERALD FINISHING LLC,48212FTZGR17450,2024,26163506300,"145,283",99,56,96,0,84,48212,17450 FILER AVE,"DETROIT, MI","WAYNE, MI",42.42260368,-83.03701756,Nitrate compounds (water dissociable) (N511),332 Fabricated Metals,"332812 Metal Coating, Engraving (except Jewelry and Silverware), and Allied Services to Manufactur..",NA,No Releases Reported,0.00,0.00,0.00,0.00,"12,543.00",No RSEI Hazard,0
FLAT ROCK ASSEMBLY PLANT,48134MZDMT1MAZD,2024,26163982000,"48,834",0,0,0,0,0,48134,1 INTERNATIONAL DR,"FLAT ROCK, MI","WAYNE, MI",42.10296609,-83.2436186,Diisononyl Phthalates (DINP) (N125),336 Transportation Equipment,336370 Motor Vehicle Metal Stamping,FORD MOTOR CO,No Releases Reported,0.00,0.00,0.00,0.00,"3,300.00",No RSEI Hazard,0
FLAT ROCK ASSEMBLY PLANT,48134MZDMT1MAZD,2024,26163982000,"48,834",0,0,0,0,0,48134,1 INTERNATIONAL DR,"FLAT ROCK, MI","WAYNE, MI",42.10296609,-83.2436186,Sodium nitrite (7632-00-0),336 Transportation Equipment,336370 Motor Vehicle Metal Stamping,FORD MOTOR CO,No Releases Reported,0.00,0.00,0.00,0.00,No Waste Reported,No RSEI Hazard,0
FLEXIBLE STEEL LACING CO. D/B/A FLEXCO INC.,4954WFLXCN1854N,2024,26081011502,"38,005",14,44,0,0,52,49544,1854 NORTHRIDGE DRIVE NW,"WALKER, MI","KENT, MI",43.02519054,-85.71688849,Diisocyanates (N120),333 Machinery,333922 Conveyor and Conveying Equipment Manufacturing,FLEXIBLE STEEL LACING CO,No Releases Reported,0.00,0.00,0.00,0.00,No Waste Reported,No RSEI Hazard,0
FLOWSERVE CORP,49001DRMTL2100F,2024,26077001801,"56,946",79,14,29,0,50,49001,2100 FACTORY ST,"KALAMAZOO, MI","KALAMAZOO, MI",42.27107591,-85.5556818,Copper (7440-50-8),339 Miscellaneous Manufacturing,"339991 Gasket, Packing, and Sealing Device Manufacturing",FLOWSERVE CORP,No Releases Reported,0.00,0.00,0.00,0.00,No Waste Reported,No RSEI Hazard,0
FLOWSERVE CORP,49001DRMTL2100F,2024,26077001801,"56,946",79,14,29,0,50,49001,2100 FACTORY ST,"KALAMAZOO, MI","KALAMAZOO, MI",42.27107591,-85.5556818,Diisocyanates (N120),339 Miscellaneous Manufacturing,"339991 Gasket, Packing, and Sealing Device Manufacturing",FLOWSERVE CORP,No Releases Reported,0.00,0.00,0.00,0.00,No Waste Reported,No RSEI Hazard,0
FLOWSERVE CORP,49001DRMTL2100F,2024,26077001801,"56,946",79,14,29,0,50,49001,2100 FACTORY ST,"KALAMAZOO, MI","KALAMAZOO, MI",42.27107591,-85.5556818,Nickel (7440-02-0),339 Miscellaneous Manufacturing,"339991 Gasket, Packing, and Sealing Device Manufacturing",FLOWSERVE CORP,No Releases Reported,0.00,0.00,0.00,0.00,No Waste Reported,No RSEI Hazard,0
FORD MOTOR CO DEARBORN TRUCK PLANT,48121FRDM23001M,2024,26163985700,"123,088",0,0,0,0,0,48120,3001 MILLER RD,"DEARBORN, MI","WAYNE, MI",42.30886967,-83.15678743,Diisononyl Phthalates (DINP) (N125),336 Transportation Equipment,336110 Automobile and Light Duty Motor Vehicle Manufacturing,FORD MOTOR CO,No Releases Reported,0.00,0.00,0.00,0.00,884.00,No RSEI Hazard,0
FORD MOTOR CO DEARBORN TRUCK PLANT,48121FRDM23001M,2024,26163985700,"123,088",0,0,0,0,0,48120,3001 MILLER RD,"DEARBORN, MI","WAYNE, MI",42.30886967,-83.15678743,Polycyclic aromatic compounds (N590),336 Transportation Equipment,336110 Automobile and Light Duty Motor Vehicle Manufacturing,FORD MOTOR CO,No Releases Reported,0.00,0.00,0.00,0.00,No Waste Reported,No RSEI Hazard,0
FORD MOTOR CO MICHIGAN ASSEMBLY PLANT,48184FRDMT38303,2024,26163566700,"67,978",14,15,80,62,67,48184,38303 MICHIGAN AVE,"WAYNE, MI","WAYNE, MI",42.27796988,-83.41395208,Polycyclic aromatic compounds (N590),336 Transportation Equipment,336110 Automobile and Light Duty Motor Vehicle Manufacturing,FORD MOTOR CO,No Releases Reported,0.00,0.00,0.00,0.00,1.00,No RSEI Hazard,0
FORTECH PRODUCTS,4811WFRTCH76KEN,2024,26093744800,"17,590",41,33,47,0,25,48116,7600 KENSINGTON CT,"BRIGHTON, MI","LIVINGSTON, MI",42.49369065,-83.68746184,Ammonia (7664-41-7),325 Chemicals,325510 Paint and Coating Manufacturing,NA,No Releases Reported,0.00,0.00,0.00,0.00,No Waste Reported,No RSEI Hazard,0
FORTECH PRODUCTS,4811WFRTCH76KEN,2024,26093744800,"17,590",41,33,47,0,25,48116,7600 KENSINGTON CT,"BRIGHTON, MI","LIVINGSTON, MI",42.49369065,-83.68746184,Barium compounds (N040),325 Chemicals,325510 Paint and Coating Manufacturing,NA,No Releases Reported,0.00,0.00,0.00,0.00,No Waste Reported,No RSEI Hazard,0
FORTECH PRODUCTS,4811WFRTCH76KEN,2024,26093744800,"17,590",41,33,47,0,25,48116,7600 KENSINGTON CT,"BRIGHTON, MI","LIVINGSTON, MI",42.49369065,-83.68746184,Certain glycol ethers (N230),325 Chemicals,325510 Paint and Coating Manufacturing,NA,No Releases Reported,0.00,0.00,0.00,0.00,No Waste Reported,No RSEI Hazard,0
FORTECH PRODUCTS,4811WFRTCH76KEN,2024,26093744800,"17,590",41,33,47,0,25,48116,7600 KENSINGTON CT,"BRIGHTON, MI","LIVINGSTON, MI",42.49369065,-83.68746184,Xylene (mixed isomers) (1330-20-7),325 Chemicals,325510 Paint and Coating Manufacturing,NA,No Releases Reported,0.00,0.00,0.00,0.00,No Waste Reported,No RSEI Hazard,0
FORTECH PRODUCTS,4811WFRTCH76KEN,2024,26093744800,"17,590",41,33,47,0,25,48116,7600 KENSINGTON CT,"BRIGHTON, MI","LIVINGSTON, MI",42.49369065,-83.68746184,Zinc compounds (N982),325 Chemicals,325510 Paint and Coating Manufacturing,NA,No Releases Reported,0.00,0.00,0.00,0.00,No Waste Reported,No RSEI Hazard,0
FREIBORNE INDUSTRIES INC.,48342FRBRN15SIL,2024,26125142300,"64,987",40,12,39,0,89,48342,15 W SILVERDOME INDUSTRIAL PARK,"PONTIAC, MI","OAKLAND, MI",42.63701149,-83.25711645,Nitrate compounds (water dissociable) (N511),325 Chemicals,325510 Paint and Coating Manufacturing,NA,No Releases Reported,0.00,0.00,0.00,0.00,No Waste Reported,No RSEI Hazard,0
FREIBORNE INDUSTRIES INC.,48342FRBRN15SIL,2024,26125142300,"64,987",40,12,39,0,89,48342,15 W SILVERDOME INDUSTRIAL PARK,"PONTIAC, MI","OAKLAND, MI",42.63701149,-83.25711645,Nitric acid (7697-37-2),325 Chemicals,325510 Paint and Coating Manufacturing,NA,No Releases Reported,0.00,0.00,0.00,0.00,No Waste Reported,No RSEI Hazard,0
FREIBORNE INDUSTRIES INC.,48342FRBRN15SIL,2024,26125142300,"64,987",40,12,39,0,89,48342,15 W SILVERDOME INDUSTRIAL PARK,"PONTIAC, MI","OAKLAND, MI",42.63701149,-83.25711645,Zinc compounds (N982),325 Chemicals,325510 Paint and Coating Manufacturing,NA,No Releases Reported,0.00,0.00,0.00,0.00,No Waste Reported,No RSEI Hazard,0
FRITZ PRODUCTS,48218FRTZP255MA,2024,26163985600,"68,395",0,0,0,0,0,48218,255 MARION,"RIVER ROUGE, MI","WAYNE, MI",42.27538494,-83.12121019,Copper (7440-50-8),331 Primary Metals,331314 Secondary Smelting and Alloying of Aluminum,FRITZ ENTERPRISES INC,No Releases Reported,0.00,0.00,0.00,0.00,"25,280.00",No RSEI Hazard,0
FRITZ PRODUCTS,48218FRTZP255MA,2024,26163985600,"68,395",0,0,0,0,0,48218,255 MARION,"RIVER ROUGE, MI","WAYNE, MI",42.27538494,-83.12121019,Lead (7439-92-1),331 Primary Metals,331314 Secondary Smelting and Alloying of Aluminum,FRITZ ENTERPRISES INC,No Releases Reported,0.00,0.00,0.00,0.00,632.00,No RSEI Hazard,0
GCI GOKOH COLDWATER INC,4903WGKHCL1CNCE,2024,26023951400,"13,334",16,82,34,0,40,49036,100 CONCEPT DR,"COLDWATER, MI","BRANCH, MI",41.94927569,-84.97854904,Sulfuric acid (acid aerosols) (7664-93-9),331 Primary Metals,331511 Iron Foundries,NA,No Releases Reported,0.00,0.00,0.00,0.00,"20,581.00",No RSEI Hazard,0
GENERAL MILLS REED CITY YOPLAIT PLANT,49677YPLTS128ES,2024,26133970600,"4,297",35,81,92,0,88,49677,128 E SLOSSON AVE,"REED CITY, MI","OSCEOLA, MI",43.87489001,-85.50961387,Nitric acid (7697-37-2),311 Food,"311514 Dry, Condensed, and Evaporated Dairy Product Manufacturing",GENERAL MILLS INC,No Releases Reported,0.00,0.00,0.00,0.00,No Waste Reported,No RSEI Hazard,0
GENERAL MOTORS GM VA FACTORY ZERO ASSEMBLY PLANT,48211CDLLC2500E,2024,26163985100,"126,564",0,5,96,0,80,48211,2500 E GENERAL MOTORS BLVD,"DETROIT, MI","WAYNE, MI",42.37659651,-83.05238398,Ethylene glycol (107-21-1),336 Transportation Equipment,336110 Automobile and Light Duty Motor Vehicle Manufacturing,GENERAL MOTORS LLC,No Releases Reported,0.00,0.00,0.00,0.00,"4,500.00",No RSEI Hazard,0
GENERAL MOTORS GM VA FACTORY ZERO ASSEMBLY PLANT,48211CDLLC2500E,2024,26163985100,"126,564",0,5,96,0,80,48211,2500 E GENERAL MOTORS BLVD,"DETROIT, MI","WAYNE, MI",42.37659651,-83.05238398,Sodium nitrite (7632-00-0),336 Transportation Equipment,336110 Automobile and Light Duty Motor Vehicle Manufacturing,GENERAL MOTORS LLC,No Releases Reported,0.00,0.00,0.00,0.00,"30,000.00",No RSEI Hazard,0
GENERAL MOTORS LANSING DELTA TOWNSHIP,48917GNRLM85REL,2024,26045020302,"10,044",63,24,60,0,0,48917,8175 MILLETT HWY,"LANSING, MI","EATON, MI",42.69753322,-84.67379564,Nitric acid (7697-37-2),336 Transportation Equipment,336110 Automobile and Light Duty Motor Vehicle Manufacturing,GENERAL MOTORS LLC,No Releases Reported,0.00,0.00,0.00,0.00,"29,000.00",No RSEI Hazard,0
GENERAL MOTORS LANSING DELTA TOWNSHIP,48917GNRLM85REL,2024,26045020302,"10,044",63,24,60,0,0,48917,8175 MILLETT HWY,"LANSING, MI","EATON, MI",42.69753322,-84.67379564,Sodium nitrite (7632-00-0),336 Transportation Equipment,336110 Automobile and Light Duty Motor Vehicle Manufacturing,GENERAL MOTORS LLC,No Releases Reported,0.00,0.00,0.00,0.00,"29,000.00",No RSEI Hazard,0
GENERAL SHALE BRICK INC. - PLANT 66,48817MCHGN3820S,2024,26155031700,"6,150",81,67,79,0,35,48817,3820 SERR RD,"CORUNNA, MI","SHIAWASSEE, MI",42.99494709,-84.08838546,Barium compounds (N040),327 Nonmetallic Mineral Product,327120 Clay Building Material and Refractories Manufacturing,GENERAL SHALE BRICK INC,No Releases Reported,0.00,0.00,0.00,0.00,No Waste Reported,No RSEI Hazard,0
GENERAL SHALE BRICK INC. - PLANT 66,48817MCHGN3820S,2024,26155031700,"6,150",81,67,79,0,35,48817,3820 SERR RD,"CORUNNA, MI","SHIAWASSEE, MI",42.99494709,-84.08838546,Manganese compounds (N450),327 Nonmetallic Mineral Product,327120 Clay Building Material and Refractories Manufacturing,GENERAL SHALE BRICK INC,No Releases Reported,0.00,0.00,0.00,0.00,No Waste Reported,No RSEI Hazard,0
GERBER PRODUCTS CO,49412GRBRP405ST,2024,26123970500,"6,773",70,92,81,0,63,49412,405 STATE ST,"FREMONT, MI","NEWAYGO, MI",43.46944279,-85.95487563,Nitric acid (7697-37-2),311 Food,311422 Specialty Canning,NESTLE USA INC,No Releases Reported,0.00,0.00,0.00,0.00,"65,579.00",No RSEI Hazard,0
GERDAU SPECIAL STEEL NA,49204QNXCRPOBOX,2024,26075006202,"17,486",24,94,56,0,34,49203,3100 BROOKLYN RD,"JACKSON, MI","JACKSON, MI",42.19704038,-84.36369446,Chromium compounds (N090),331 Primary Metals,331110 Iron and Steel Mills and Ferroalloy Manufacturing,GERDAU USA INC,No Releases Reported,0.00,0.00,0.00,0.00,No Waste Reported,No RSEI Hazard,1
GERDAU SPECIAL STEEL NA,49204QNXCRPOBOX,2024,26075006202,"17,486",24,94,56,0,34,49203,3100 BROOKLYN RD,"JACKSON, MI","JACKSON, MI",42.19704038,-84.36369446,Manganese compounds (N450),331 Primary Metals,331110 Iron and Steel Mills and Ferroalloy Manufacturing,GERDAU USA INC,No Releases Reported,0.00,0.00,0.00,0.00,No Waste Reported,No RSEI Hazard,1
GERDAU SPECIAL STEEL NA,49204QNXCRPOBOX,2024,26075006202,"17,486",24,94,56,0,34,49203,3100 BROOKLYN RD,"JACKSON, MI","JACKSON, MI",42.19704038,-84.36369446,Nickel compounds (N495),331 Primary Metals,331110 Iron and Steel Mills and Ferroalloy Manufacturing,GERDAU USA INC,No Releases Reported,0.00,0.00,0.00,0.00,No Waste Reported,No RSEI Hazard,1
GESTAMP MASON LLC,48854SSBHR200KI,2024,26065006302,"9,469",13,90,86,0,36,48854,200 KIPP RD,"MASON, MI","INGHAM, MI",42.56768943,-84.44110868,Methanol (67-56-1),336 Transportation Equipment,336370 Motor Vehicle Metal Stamping,GESTAMP NORTH AMERICA,No Releases Reported,0.00,0.00,0.00,0.00,No Waste Reported,No RSEI Hazard,1
GLASTENDER INC,48604GLSTN1455A,2024,26145010200,"18,433",39,24,91,0,20,48604,1455 AGRICOLA DR,"SAGINAW, MI","SAGINAW, MI",43.48570117,-83.94522408,Diisocyanates (N120),332 Fabricated Metals,332322 Sheet Metal Work Manufacturing,NA,No Releases Reported,0.00,0.00,0.00,0.00,No Waste Reported,No RSEI Hazard,0
GM TRUCK GROUP FLINT ASSEMBLY PLANT,48551GMCTRG3100,2024,26049980000,"51,226",0,0,0,0,0,48551,G-3100 VAN SLYKE RD,"FLINT, MI","GENESEE, MI",42.96697513,-83.71257194,"1,2,4-Trimethylbenzene (95-63-6)",336 Transportation Equipment,336350 Motor Vehicle Transmission and Power Train Parts Manufacturing,GENERAL MOTORS LLC,No Releases Reported,0.00,0.00,0.00,0.00,No Waste Reported,No RSEI Hazard,0
GM TRUCK GROUP FLINT ASSEMBLY PLANT,48551GMCTRG3100,2024,26049980000,"51,226",0,0,0,0,0,48551,G-3100 VAN SLYKE RD,"FLINT, MI","GENESEE, MI",42.96697513,-83.71257194,Certain glycol ethers (N230),336 Transportation Equipment,336350 Motor Vehicle Transmission and Power Train Parts Manufacturing,GENERAL MOTORS LLC,No Releases Reported,0.00,0.00,0.00,0.00,No Waste Reported,No RSEI Hazard,0
GM TRUCK GROUP FLINT ASSEMBLY PLANT,48551GMCTRG3100,2024,26049980000,"51,226",0,0,0,0,0,48551,G-3100 VAN SLYKE RD,"FLINT, MI","GENESEE, MI",42.96697513,-83.71257194,Cyclohexane (110-82-7),336 Transportation Equipment,336350 Motor Vehicle Transmission and Power Train Parts Manufacturing,GENERAL MOTORS LLC,No Releases Reported,0.00,0.00,0.00,0.00,No Waste Reported,No RSEI Hazard,0
GM TRUCK GROUP FLINT ASSEMBLY PLANT,48551GMCTRG3100,2024,26049980000,"51,226",0,0,0,0,0,48551,G-3100 VAN SLYKE RD,"FLINT, MI","GENESEE, MI",42.96697513,-83.71257194,Cyclohexane (110-82-7),336 Transportation Equipment,336370 Motor Vehicle Metal Stamping,GENERAL MOTORS LLC,No Releases Reported,0.00,0.00,0.00,0.00,No Waste Reported,No RSEI Hazard,0
GM TRUCK GROUP FLINT ASSEMBLY PLANT,48551GMCTRG3100,2024,26049980000,"51,226",0,0,0,0,0,48551,G-3100 VAN SLYKE RD,"FLINT, MI","GENESEE, MI",42.96697513,-83.71257194,Diisononyl Phthalates (DINP) (N125),336 Transportation Equipment,336350 Motor Vehicle Transmission and Power Train Parts Manufacturing,GENERAL MOTORS LLC,No Releases Reported,0.00,0.00,0.00,0.00,No Waste Reported,No RSEI Hazard,0
GM TRUCK GROUP FLINT ASSEMBLY PLANT,48551GMCTRG3100,2024,26049980000,"51,226",0,0,0,0,0,48551,G-3100 VAN SLYKE RD,"FLINT, MI","GENESEE, MI",42.96697513,-83.71257194,Diisononyl Phthalates (DINP) (N125),336 Transportation Equipment,336370 Motor Vehicle Metal Stamping,GENERAL MOTORS LLC,No Releases Reported,0.00,0.00,0.00,0.00,No Waste Reported,No RSEI Hazard,0
GM TRUCK GROUP FLINT ASSEMBLY PLANT,48551GMCTRG3100,2024,26049980000,"51,226",0,0,0,0,0,48551,G-3100 VAN SLYKE RD,"FLINT, MI","GENESEE, MI",42.96697513,-83.71257194,Ethylene glycol (107-21-1),336 Transportation Equipment,336350 Motor Vehicle Transmission and Power Train Parts Manufacturing,GENERAL MOTORS LLC,No Releases Reported,0.00,0.00,0.00,0.00,No Waste Reported,No RSEI Hazard,0
GM TRUCK GROUP FLINT ASSEMBLY PLANT,48551GMCTRG3100,2024,26049980000,"51,226",0,0,0,0,0,48551,G-3100 VAN SLYKE RD,"FLINT, MI","GENESEE, MI",42.96697513,-83.71257194,Methyl isobutyl ketone (108-10-1),336 Transportation Equipment,336350 Motor Vehicle Transmission and Power Train Parts Manufacturing,GENERAL MOTORS LLC,No Releases Reported,0.00,0.00,0.00,0.00,No Waste Reported,No RSEI Hazard,0
GM TRUCK GROUP FLINT ASSEMBLY PLANT,48551GMCTRG3100,2024,26049980000,"51,226",0,0,0,0,0,48551,G-3100 VAN SLYKE RD,"FLINT, MI","GENESEE, MI",42.96697513,-83.71257194,Methyl isobutyl ketone (108-10-1),336 Transportation Equipment,336370 Motor Vehicle Metal Stamping,GENERAL MOTORS LLC,No Releases Reported,0.00,0.00,0.00,0.00,No Waste Reported,No RSEI Hazard,0
GM TRUCK GROUP FLINT ASSEMBLY PLANT,48551GMCTRG3100,2024,26049980000,"51,226",0,0,0,0,0,48551,G-3100 VAN SLYKE RD,"FLINT, MI","GENESEE, MI",42.96697513,-83.71257194,N-Methyl-2-pyrrolidone (872-50-4),336 Transportation Equipment,336350 Motor Vehicle Transmission and Power Train Parts Manufacturing,GENERAL MOTORS LLC,No Releases Reported,0.00,0.00,0.00,0.00,No Waste Reported,No RSEI Hazard,0
GM TRUCK GROUP FLINT ASSEMBLY PLANT,48551GMCTRG3100,2024,26049980000,"51,226",0,0,0,0,0,48551,G-3100 VAN SLYKE RD,"FLINT, MI","GENESEE, MI",42.96697513,-83.71257194,N-Methyl-2-pyrrolidone (872-50-4),336 Transportation Equipment,336370 Motor Vehicle Metal Stamping,GENERAL MOTORS LLC,No Releases Reported,0.00,0.00,0.00,0.00,No Waste Reported,No RSEI Hazard,0
GM TRUCK GROUP FLINT ASSEMBLY PLANT,48551GMCTRG3100,2024,26049980000,"51,226",0,0,0,0,0,48551,G-3100 VAN SLYKE RD,"FLINT, MI","GENESEE, MI",42.96697513,-83.71257194,Nitrate compounds (water dissociable) (N511),336 Transportation Equipment,336370 Motor Vehicle Metal Stamping,GENERAL MOTORS LLC,No Releases Reported,0.00,0.00,0.00,0.00,No Waste Reported,No RSEI Hazard,0
GM TRUCK GROUP FLINT ASSEMBLY PLANT,48551GMCTRG3100,2024,26049980000,"51,226",0,0,0,0,0,48551,G-3100 VAN SLYKE RD,"FLINT, MI","GENESEE, MI",42.96697513,-83.71257194,Sodium nitrite (7632-00-0),336 Transportation Equipment,336110 Automobile and Light Duty Motor Vehicle Manufacturing,GENERAL MOTORS LLC,No Releases Reported,0.00,0.00,0.00,0.00,"130,000.00",No RSEI Hazard,0
GM TRUCK GROUP FLINT ASSEMBLY PLANT,48551GMCTRG3100,2024,26049980000,"51,226",0,0,0,0,0,48551,G-3100 VAN SLYKE RD,"FLINT, MI","GENESEE, MI",42.96697513,-83.71257194,Sodium nitrite (7632-00-0),336 Transportation Equipment,336350 Motor Vehicle Transmission and Power Train Parts Manufacturing,GENERAL MOTORS LLC,No Releases Reported,0.00,0.00,0.00,0.00,No Waste Reported,No RSEI Hazard,0
GM TRUCK GROUP FLINT ASSEMBLY PLANT,48551GMCTRG3100,2024,26049980000,"51,226",0,0,0,0,0,48551,G-3100 VAN SLYKE RD,"FLINT, MI","GENESEE, MI",42.96697513,-83.71257194,Sodium nitrite (7632-00-0),336 Transportation Equipment,336370 Motor Vehicle Metal Stamping,GENERAL MOTORS LLC,No Releases Reported,0.00,0.00,0.00,0.00,No Waste Reported,No RSEI Hazard,0
GM TRUCK GROUP FLINT ASSEMBLY PLANT,48551GMCTRG3100,2024,26049980000,"51,226",0,0,0,0,0,48551,G-3100 VAN SLYKE RD,"FLINT, MI","GENESEE, MI",42.96697513,-83.71257194,Zinc (fume or dust) (7440-66-6),336 Transportation Equipment,336350 Motor Vehicle Transmission and Power Train Parts Manufacturing,GENERAL MOTORS LLC,No Releases Reported,0.00,0.00,0.00,0.00,No Waste Reported,No RSEI Hazard,0
GMVM-LANSING GRAND RIVER ASSEMBLY,48921GMCGL920TO,2024,26065980200,"92,043",0,0,0,0,0,48933,920 TOWNSEND ST MAIL CODE: 489-066-600,"LANSING, MI","INGHAM, MI",42.72375252,-84.55561088,Nitric acid (7697-37-2),336 Transportation Equipment,336110 Automobile and Light Duty Motor Vehicle Manufacturing,GENERAL MOTORS LLC,No Releases Reported,0.00,0.00,0.00,0.00,"13,000.00",No RSEI Hazard,0
GMVM-LANSING GRAND RIVER ASSEMBLY,48921GMCGL920TO,2024,26065980200,"92,043",0,0,0,0,0,48933,920 TOWNSEND ST MAIL CODE: 489-066-600,"LANSING, MI","INGHAM, MI",42.72375252,-84.55561088,Sodium nitrite (7632-00-0),336 Transportation Equipment,336110 Automobile and Light Duty Motor Vehicle Manufacturing,GENERAL MOTORS LLC,No Releases Reported,0.00,0.00,0.00,0.00,"21,000.00",No RSEI Hazard,0
GREAT LAKES CASTING CORP,4942WGRTLK1297R,2024,26139023102,-,67,10,52,84,69,49424,12970 RANSOM ST,"HOLLAND, MI","OTTAWA, MI",42.8481655,-86.10305145,Chromium (7440-47-3),332 Fabricated Metals,"332813 Electroplating, Plating, Polishing, Anodizing, and Coloring",RESERVE GROUP MANAGEMENT CO,No Releases Reported,0.00,0.00,0.00,0.00,No Waste Reported,No RSEI Hazard,0
GREAT LAKES CASTING CORP,4942WGRTLK1297R,2024,26139023102,-,67,10,52,84,69,49424,12970 RANSOM ST,"HOLLAND, MI","OTTAWA, MI",42.8481655,-86.10305145,Manganese (7439-96-5),332 Fabricated Metals,"332813 Electroplating, Plating, Polishing, Anodizing, and Coloring",RESERVE GROUP MANAGEMENT CO,No Releases Reported,0.00,0.00,0.00,0.00,No Waste Reported,No RSEI Hazard,0
GREAT LAKES CASTING CORP,4942WGRTLK1297R,2024,26139023102,-,67,10,52,84,69,49424,12970 RANSOM ST,"HOLLAND, MI","OTTAWA, MI",42.8481655,-86.10305145,Nickel (7440-02-0),332 Fabricated Metals,"332813 Electroplating, Plating, Polishing, Anodizing, and Coloring",RESERVE GROUP MANAGEMENT CO,No Releases Reported,0.00,0.00,0.00,0.00,No Waste Reported,No RSEI Hazard,0
GREAT LAKES CASTINGS LLC,49431GRTLK800NW,2024,26105950400,"11,558",90,53,51,0,37,49431,800 N WASHINGTON AVE,"LUDINGTON, MI","MASON, MI",43.96511134,-86.4392229,Diisocyanates (N120),331 Primary Metals,331511 Iron Foundries,RESERVE GROUP MANAGEMENT CO,No Releases Reported,0.00,0.00,0.00,0.00,No Waste Reported,No RSEI Hazard,0
GREDE LLC - IRON MOUNTAIN,49801GRDFN801SC,2024,26043950500,"15,138",71,84,32,0,34,49802,801 S CARPENTER AVE,"KINGSFORD, MI","DICKINSON, MI",45.79736011,-88.07155193,Diisocyanates (N120),331 Primary Metals,331511 Iron Foundries,GREDE HOLDINGS LLC,No Releases Reported,0.00,0.00,0.00,0.00,No Waste Reported,No RSEI Hazard,0
GREDE LLC - IRON MOUNTAIN,49801GRDFN801SC,2024,26043950500,"15,138",71,84,32,0,34,49802,801 S CARPENTER AVE,"KINGSFORD, MI","DICKINSON, MI",45.79736011,-88.07155193,Nickel (7440-02-0),331 Primary Metals,331511 Iron Foundries,GREDE HOLDINGS LLC,No Releases Reported,0.00,0.00,0.00,0.00,No Waste Reported,No RSEI Hazard,0
GRUPO ANTOLIN MARLETTE,48453GRPNT63EUC,2024,26151971000,"3,390",68,59,79,0,55,48453,6300 EUCLID ST,"MARLETTE, MI","SANILAC, MI",43.32062381,-83.07346937,Lead (7439-92-1),336 Transportation Equipment,336360 Motor Vehicle Seating and Interior Trim Manufacturing,GRUPO ANTOLIN NORTH AMERICA INC,No Releases Reported,0.00,0.00,0.00,0.00,No Waste Reported,No RSEI Hazard,0
HARBISONWALKER INTERNATIONAL INC,49349NRTHMM378T,2024,26123970700,"2,641",52,42,31,0,79,49349,1301 E 8TH ST,"WHITE CLOUD, MI","NEWAYGO, MI",43.53974701,-85.76870178,Ethylene glycol (107-21-1),327 Nonmetallic Mineral Product,327120 Clay Building Material and Refractories Manufacturing,PLATINUM EQUITY ADVISORS LLC,No Releases Reported,0.00,0.00,0.00,0.00,No Waste Reported,No RSEI Hazard,0
HAVILAND CONSUMER PRODUCTS INC.,4954WHVLND2168B,2024,26081011501,"84,853",67,46,0,0,51,49544,2168 AVASTAR AVENUE,"WALKER, MI","KENT, MI",43.00253242,-85.68701191,Copper compounds (N100),4246 Chemical Wholesalers,424690 Other Chemical and Allied Products Merchant Wholesalers,HAVILAND ENTERPRISES INC,No Releases Reported,0.00,0.00,0.00,0.00,No Waste Reported,No RSEI Hazard,0
HAVILAND CONSUMER PRODUCTS INC.,4954WHVLND2168B,2024,26081011501,"84,853",67,46,0,0,51,49544,2168 AVASTAR AVENUE,"WALKER, MI","KENT, MI",43.00253242,-85.68701191,Ethylene glycol (107-21-1),4246 Chemical Wholesalers,424690 Other Chemical and Allied Products Merchant Wholesalers,HAVILAND ENTERPRISES INC,No Releases Reported,0.00,0.00,0.00,0.00,No Waste Reported,No RSEI Hazard,0
HAVILAND ENTERPRISES INC,4950WHVLND421AN,2024,26081000800,"94,071",39,9,50,0,52,49504,421 ANN STREET NW,"GRAND RAPIDS, MI","KENT, MI",42.99586552,-85.6796008,Certain glycol ethers (N230),4246 Chemical Wholesalers,424690 Other Chemical and Allied Products Merchant Wholesalers,HAVILAND ENTERPRISES INC,No Releases Reported,0.00,0.00,0.00,0.00,No Waste Reported,No RSEI Hazard,0
HAVILAND ENTERPRISES INC,4950WHVLND421AN,2024,26081000800,"94,071",39,9,50,0,52,49504,421 ANN STREET NW,"GRAND RAPIDS, MI","KENT, MI",42.99586552,-85.6796008,Ethylene glycol (107-21-1),4246 Chemical Wholesalers,424690 Other Chemical and Allied Products Merchant Wholesalers,HAVILAND ENTERPRISES INC,No Releases Reported,0.00,0.00,0.00,0.00,No Waste Reported,No RSEI Hazard,0
HAVILAND ENTERPRISES INC,4950WHVLND421AN,2024,26081000800,"94,071",39,9,50,0,52,49504,421 ANN STREET NW,"GRAND RAPIDS, MI","KENT, MI",42.99586552,-85.6796008,Manganese (7439-96-5),4246 Chemical Wholesalers,424690 Other Chemical and Allied Products Merchant Wholesalers,HAVILAND ENTERPRISES INC,No Releases Reported,0.00,0.00,0.00,0.00,No Waste Reported,No RSEI Hazard,0
HAVILAND ENTERPRISES INC,4950WHVLND421AN,2024,26081000800,"94,071",39,9,50,0,52,49504,421 ANN STREET NW,"GRAND RAPIDS, MI","KENT, MI",42.99586552,-85.6796008,Manganese compounds (N450),4246 Chemical Wholesalers,424690 Other Chemical and Allied Products Merchant Wholesalers,HAVILAND ENTERPRISES INC,No Releases Reported,0.00,0.00,0.00,0.00,No Waste Reported,No RSEI Hazard,0
HAVILAND ENTERPRISES INC,4950WHVLND421AN,2024,26081000800,"94,071",39,9,50,0,52,49504,421 ANN STREET NW,"GRAND RAPIDS, MI","KENT, MI",42.99586552,-85.6796008,N-Methyl-2-pyrrolidone (872-50-4),4246 Chemical Wholesalers,424690 Other Chemical and Allied Products Merchant Wholesalers,HAVILAND ENTERPRISES INC,No Releases Reported,0.00,0.00,0.00,0.00,No Waste Reported,No RSEI Hazard,0
HAVILAND ENTERPRISES INC,4950WHVLND421AN,2024,26081000800,"94,071",39,9,50,0,52,49504,421 ANN STREET NW,"GRAND RAPIDS, MI","KENT, MI",42.99586552,-85.6796008,Nickel (7440-02-0),4246 Chemical Wholesalers,424690 Other Chemical and Allied Products Merchant Wholesalers,HAVILAND ENTERPRISES INC,No Releases Reported,0.00,0.00,0.00,0.00,No Waste Reported,No RSEI Hazard,0
HAVILAND ENTERPRISES INC,4950WHVLND421AN,2024,26081000800,"94,071",39,9,50,0,52,49504,421 ANN STREET NW,"GRAND RAPIDS, MI","KENT, MI",42.99586552,-85.6796008,Nickel compounds (N495),4246 Chemical Wholesalers,424690 Other Chemical and Allied Products Merchant Wholesalers,HAVILAND ENTERPRISES INC,No Releases Reported,0.00,0.00,0.00,0.00,No Waste Reported,No RSEI Hazard,0
HAVILAND PRODUCTS CO,4900WHVLND2722N,2024,26077001501,"51,830",14,53,92,0,48,49004,2722 N BURDICK ST,"KALAMAZOO, MI","KALAMAZOO, MI",42.31853039,-85.58384814,Ammonia (7664-41-7),4246 Chemical Wholesalers,424690 Other Chemical and Allied Products Merchant Wholesalers,HAVILAND ENTERPRISES INC,No Releases Reported,0.00,0.00,0.00,0.00,No Waste Reported,No RSEI Hazard,0
HAVILAND PRODUCTS CO,4900WHVLND2722N,2024,26077001501,"51,830",14,53,92,0,48,49004,2722 N BURDICK ST,"KALAMAZOO, MI","KALAMAZOO, MI",42.31853039,-85.58384814,Bis(2-chloroethyl) ether (111-44-4),4246 Chemical Wholesalers,424690 Other Chemical and Allied Products Merchant Wholesalers,HAVILAND ENTERPRISES INC,No Releases Reported,0.00,0.00,0.00,0.00,No Waste Reported,No RSEI Hazard,0
HAVILAND PRODUCTS CO,4900WHVLND2722N,2024,26077001501,"51,830",14,53,92,0,48,49004,2722 N BURDICK ST,"KALAMAZOO, MI","KALAMAZOO, MI",42.31853039,-85.58384814,Certain glycol ethers (N230),4246 Chemical Wholesalers,424690 Other Chemical and Allied Products Merchant Wholesalers,HAVILAND ENTERPRISES INC,No Releases Reported,0.00,0.00,0.00,0.00,No Waste Reported,No RSEI Hazard,0
HAVILAND PRODUCTS CO,4900WHVLND2722N,2024,26077001501,"51,830",14,53,92,0,48,49004,2722 N BURDICK ST,"KALAMAZOO, MI","KALAMAZOO, MI",42.31853039,-85.58384814,Copper (7440-50-8),4246 Chemical Wholesalers,424690 Other Chemical and Allied Products Merchant Wholesalers,HAVILAND ENTERPRISES INC,No Releases Reported,0.00,0.00,0.00,0.00,No Waste Reported,No RSEI Hazard,0
HAVILAND PRODUCTS CO,4900WHVLND2722N,2024,26077001501,"51,830",14,53,92,0,48,49004,2722 N BURDICK ST,"KALAMAZOO, MI","KALAMAZOO, MI",42.31853039,-85.58384814,Copper compounds (N100),4246 Chemical Wholesalers,424690 Other Chemical and Allied Products Merchant Wholesalers,HAVILAND ENTERPRISES INC,No Releases Reported,0.00,0.00,0.00,0.00,No Waste Reported,No RSEI Hazard,0
HAVILAND PRODUCTS CO,4900WHVLND2722N,2024,26077001501,"51,830",14,53,92,0,48,49004,2722 N BURDICK ST,"KALAMAZOO, MI","KALAMAZOO, MI",42.31853039,-85.58384814,Ethylene glycol (107-21-1),4246 Chemical Wholesalers,424690 Other Chemical and Allied Products Merchant Wholesalers,HAVILAND ENTERPRISES INC,No Releases Reported,0.00,0.00,0.00,0.00,No Waste Reported,No RSEI Hazard,0
HAVILAND PRODUCTS CO,4900WHVLND2722N,2024,26077001501,"51,830",14,53,92,0,48,49004,2722 N BURDICK ST,"KALAMAZOO, MI","KALAMAZOO, MI",42.31853039,-85.58384814,Naphthalene (91-20-3),4246 Chemical Wholesalers,424690 Other Chemical and Allied Products Merchant Wholesalers,HAVILAND ENTERPRISES INC,No Releases Reported,0.00,0.00,0.00,0.00,No Waste Reported,No RSEI Hazard,0
HAVILAND PRODUCTS CO,4900WHVLND2722N,2024,26077001501,"51,830",14,53,92,0,48,49004,2722 N BURDICK ST,"KALAMAZOO, MI","KALAMAZOO, MI",42.31853039,-85.58384814,Nickel (7440-02-0),4246 Chemical Wholesalers,424690 Other Chemical and Allied Products Merchant Wholesalers,HAVILAND ENTERPRISES INC,No Releases Reported,0.00,0.00,0.00,0.00,No Waste Reported,No RSEI Hazard,0
HAVILAND PRODUCTS CO,4900WHVLND2722N,2024,26077001501,"51,830",14,53,92,0,48,49004,2722 N BURDICK ST,"KALAMAZOO, MI","KALAMAZOO, MI",42.31853039,-85.58384814,Nickel compounds (N495),4246 Chemical Wholesalers,424690 Other Chemical and Allied Products Merchant Wholesalers,HAVILAND ENTERPRISES INC,No Releases Reported,0.00,0.00,0.00,0.00,No Waste Reported,No RSEI Hazard,0
HAVILAND PRODUCTS CO,4900WHVLND2722N,2024,26077001501,"51,830",14,53,92,0,48,49004,2722 N BURDICK ST,"KALAMAZOO, MI","KALAMAZOO, MI",42.31853039,-85.58384814,Triethylamine (121-44-8),4246 Chemical Wholesalers,424690 Other Chemical and Allied Products Merchant Wholesalers,HAVILAND ENTERPRISES INC,No Releases Reported,0.00,0.00,0.00,0.00,No Waste Reported,No RSEI Hazard,0
HEIDTMAN STEEL PRODUCTS INC.,48133HDTMN640LA,2024,26115833500,"33,126",59,56,92,62,53,48133,640 LAVOY RD,"ERIE, MI","MONROE, MI",41.79048,-83.498708,Nickel (7440-02-0),331 Primary Metals,"331492 Secondary Smelting, Refining, and Alloying of Nonferrous Metal (except Copper and Aluminum)",HEIDTMAN STEEL PRODUCTS INC,No Releases Reported,0.00,0.00,0.00,0.00,No Waste Reported,No RSEI Hazard,0
"HELEN,INC. DBA ENVIRONMENTAL COATINGS,INC.",49316NVRNM6450H,2024,26081014808,"36,914",42,35,50,0,57,49316,6450 HANNA LAKE AVE SE,"CALEDONIA, MI","KENT, MI",42.84842081,-85.58517192,Certain glycol ethers (N230),325 Chemicals,325510 Paint and Coating Manufacturing,NA,No Releases Reported,0.00,0.00,0.00,0.00,No Waste Reported,No RSEI Hazard,0
"HELEN,INC. DBA ENVIRONMENTAL COATINGS,INC.",49316NVRNM6450H,2024,26081014808,"36,914",42,35,50,0,57,49316,6450 HANNA LAKE AVE SE,"CALEDONIA, MI","KENT, MI",42.84842081,-85.58517192,Xylene (mixed isomers) (1330-20-7),325 Chemicals,325510 Paint and Coating Manufacturing,NA,No Releases Reported,0.00,0.00,0.00,0.00,No Waste Reported,No RSEI Hazard,0
HOFFMANN DIE CAST LLC,49085HFFMN229KE,2024,26021000900,"27,489",44,72,35,65,19,49085,229 KERTH ST,"SAINT JOSEPH, MI","BERRIEN, MI",42.07459867,-86.49776901,Copper (7440-50-8),331 Primary Metals,331523 Nonferrous Metal Die-Casting Foundries,NA,No Releases Reported,0.00,0.00,0.00,0.00,No Waste Reported,No RSEI Hazard,0
HOFFMANN DIE CAST LLC,49085HFFMN229KE,2024,26021000900,"27,489",44,72,35,65,19,49085,229 KERTH ST,"SAINT JOSEPH, MI","BERRIEN, MI",42.07459867,-86.49776901,Lead (7439-92-1),331 Primary Metals,331523 Nonferrous Metal Die-Casting Foundries,NA,No Releases Reported,0.00,0.00,0.00,0.00,No Waste Reported,No RSEI Hazard,0
HOLCIM (US) INC,49707LFRGCFORDA,2024,26007000400,"9,674",21,43,61,75,47,49707,1435 FORD AVE,"ALPENA, MI","ALPENA, MI",45.06479492,-83.4264411,Ethylene glycol (107-21-1),327 Nonmetallic Mineral Product,327310 Cement Manufacturing,HOLCIM PARTICIPATIONS (US) INC,No Releases Reported,0.00,0.00,0.00,0.00,No Waste Reported,No RSEI Hazard,0
HOOVER TREATED WOOD PRODUCTS INC,48212CNTNN7500E,2024,26163506300,"152,416",99,56,96,0,84,48212,7500 E DAVISON AVE,"DETROIT, MI","WAYNE, MI",42.42349427,-83.02677843,Arsenic compounds (N020),321 Wood Products,321999 All Other Miscellaneous Wood Product Manufacturing,GRAHAM HOLDINGS CO,No Releases Reported,0.00,0.00,0.00,0.00,No Waste Reported,No RSEI Hazard,0
HOOVER TREATED WOOD PRODUCTS INC,48212CNTNN7500E,2024,26163506300,"152,416",99,56,96,0,84,48212,7500 E DAVISON AVE,"DETROIT, MI","WAYNE, MI",42.42349427,-83.02677843,Chromium compounds (N090),321 Wood Products,321999 All Other Miscellaneous Wood Product Manufacturing,GRAHAM HOLDINGS CO,No Releases Reported,0.00,0.00,0.00,0.00,No Waste Reported,No RSEI Hazard,0
HOOVER TREATED WOOD PRODUCTS INC,48212CNTNN7500E,2024,26163506300,"152,416",99,56,96,0,84,48212,7500 E DAVISON AVE,"DETROIT, MI","WAYNE, MI",42.42349427,-83.02677843,Copper compounds (N100),321 Wood Products,321999 All Other Miscellaneous Wood Product Manufacturing,GRAHAM HOLDINGS CO,No Releases Reported,0.00,0.00,0.00,0.00,No Waste Reported,No RSEI Hazard,0
HUNTSMAN ADVANCED MATERIALS,48823CBGGY4917D,2024,26065004302,"52,765",0,4,51,84,49,48823,4917 DAWN AVE,"EAST LANSING, MI","INGHAM, MI",42.72476401,-84.4512915,"4,4'-Isopropylidenediphenol (80-05-7)",325 Chemicals,325211 Plastics Material and Resin Manufacturing,HUNTSMAN CORP,No Releases Reported,0.00,0.00,0.00,0.00,No Waste Reported,No RSEI Hazard,0
HUNTSMAN ADVANCED MATERIALS,48823CBGGY4917D,2024,26065004302,"52,765",0,4,51,84,49,48823,4917 DAWN AVE,"EAST LANSING, MI","INGHAM, MI",42.72476401,-84.4512915,Diisocyanates (N120),325 Chemicals,325211 Plastics Material and Resin Manufacturing,HUNTSMAN CORP,No Releases Reported,0.00,0.00,0.00,0.00,No Waste Reported,No RSEI Hazard,0
HURON CASTING INC,48755HRNCSPOBOX,2024,26063950700,"1,632",80,78,29,0,38,48755,7050 HARTLEY ST,"PIGEON, MI","HURON, MI",43.82661291,-83.26230233,Chromium (7440-47-3),331 Primary Metals,331513 Steel Foundries (except Investment),HURON CASTING INC,No Releases Reported,0.00,0.00,0.00,0.00,No Waste Reported,No RSEI Hazard,0
HURON CASTING INC,48755HRNCSPOBOX,2024,26063950700,"1,632",80,78,29,0,38,48755,7050 HARTLEY ST,"PIGEON, MI","HURON, MI",43.82661291,-83.26230233,Nickel (7440-02-0),331 Primary Metals,331513 Steel Foundries (except Investment),HURON CASTING INC,No Releases Reported,0.00,0.00,0.00,0.00,No Waste Reported,No RSEI Hazard,0
HUTCHINSON ANTIVIBRATION SYSTEMS INC,49501PLSTR460FU,2024,26081002200,"117,781",81,13,0,0,20,49503,460 FULLER AVE NE,"GRAND RAPIDS, MI","KENT, MI",42.97166799,-85.63971031,Ethylene glycol (107-21-1),326 Plastics and Rubber,326291 Rubber Product Manufacturing for Mechanical Use,HUTCHINSON NORTH AMERICA,No Releases Reported,0.00,0.00,0.00,0.00,"24,783.00",No RSEI Hazard,0
HUTCHINSON ANTIVIBRATION SYSTEMS INC,49601PLSTR6007T,2024,26165380700,"12,868",76,20,69,0,73,49601,600 7TH ST,"CADILLAC, MI","WEXFORD, MI",44.26074658,-85.41339726,Ethylene glycol (107-21-1),326 Plastics and Rubber,326291 Rubber Product Manufacturing for Mechanical Use,HUTCHINSON NORTH AMERICA,No Releases Reported,0.00,0.00,0.00,0.00,"17,754.00",No RSEI Hazard,0
HYDROLAKE INC,49657HYDRL411GE,2024,26113960300,"1,423",50,35,85,0,53,49657,6151 W GERWOUDE DR,"MC BAIN, MI","MISSAUKEE, MI",44.20189877,-85.21504809,Arsenic (7440-38-2),321 Wood Products,321114 Wood Preservation,UTILITY SUPPLY & CONSTRUCTION CO,No Releases Reported,0.00,0.00,0.00,0.00,No Waste Reported,No RSEI Hazard,0
HYDROLAKE INC,49657HYDRL411GE,2024,26113960300,"1,423",50,35,85,0,53,49657,6151 W GERWOUDE DR,"MC BAIN, MI","MISSAUKEE, MI",44.20189877,-85.21504809,Chromium (7440-47-3),321 Wood Products,321114 Wood Preservation,UTILITY SUPPLY & CONSTRUCTION CO,No Releases Reported,0.00,0.00,0.00,0.00,No Waste Reported,No RSEI Hazard,0
HYDROLAKE INC,49657HYDRL411GE,2024,26113960300,"1,423",50,35,85,0,53,49657,6151 W GERWOUDE DR,"MC BAIN, MI","MISSAUKEE, MI",44.20189877,-85.21504809,Copper (7440-50-8),321 Wood Products,321114 Wood Preservation,UTILITY SUPPLY & CONSTRUCTION CO,No Releases Reported,0.00,0.00,0.00,0.00,No Waste Reported,No RSEI Hazard,0
INTERNATIONAL CASTING CORP,48047NTRNT37087,2024,26099220004,"23,225",28,87,69,0,48,48047,37087 GREEN ST,"NEW BALTIMORE, MI","MACOMB, MI",42.68610181,-82.72963001,Diisocyanates (N120),331 Primary Metals,331513 Steel Foundries (except Investment),NA,No Releases Reported,0.00,0.00,0.00,0.00,No Waste Reported,No RSEI Hazard,0
JBS PLAINWELL,49080MRCNC11ELE,2024,26005032100,"9,792",84,71,0,0,20,49080,11 11TH ST,"PLAINWELL, MI","ALLEGAN, MI",42.42106805,-85.64985654,Peracetic acid (79-21-0),311 Food,311611 Animal (except Poultry) Slaughtering,JBS USA FOOD CO,No Releases Reported,0.00,0.00,0.00,0.00,"218,857.00",No RSEI Hazard,0
KAIS-AIR,4844WKSRXX2QUAL,2024,-,-,-,-,-,-,-,48442,200 QUALITY WAY,"HOLLY, MI","GENESEE, MI",42.88434012,-83.62840576,Diisocyanates (N120),333 Machinery,333415 Air-Conditioning and Warm Air Heating Equipment and Commercial and Industrial Refrigeration..,NA,No Releases Reported,0.00,0.00,0.00,0.00,No Waste Reported,No RSEI Hazard,0
KALSEC INC,49007KLSCN3713W,2024,26077001502,"61,333",43,37,49,0,28,49006,3713 W MAIN ST,"KALAMAZOO, MI","KALAMAZOO, MI",42.29617048,-85.63615251,Peracetic acid (79-21-0),311 Food,311942 Spice and Extract Manufacturing,NA,No Releases Reported,0.00,0.00,0.00,0.00,No Waste Reported,No RSEI Hazard,0
KAMAX,48446KMXLP1194R,2024,26087333500,"13,575",22,60,73,0,32,48446,1194 ROODS LAKE RD,"LAPEER, MI","LAPEER, MI",43.06478563,-83.27628155,Chromium (7440-47-3),332 Fabricated Metals,"332722 Bolt, Nut, Screw, Rivet, and Washer Manufacturing",NA,No Releases Reported,0.00,0.00,0.00,0.00,"1,118,895.00",No RSEI Hazard,0
KAMAX,48446KMXLP1194R,2024,26087333500,"13,575",22,60,73,0,32,48446,1194 ROODS LAKE RD,"LAPEER, MI","LAPEER, MI",43.06478563,-83.27628155,Manganese (7439-96-5),332 Fabricated Metals,"332722 Bolt, Nut, Screw, Rivet, and Washer Manufacturing",NA,No Releases Reported,0.00,0.00,0.00,0.00,"58,305.00",No RSEI Hazard,0
KAMAX,48446KMXLP1194R,2024,26087333500,"13,575",22,60,73,0,32,48446,1194 ROODS LAKE RD,"LAPEER, MI","LAPEER, MI",43.06478563,-83.27628155,Nickel (7440-02-0),332 Fabricated Metals,"332722 Bolt, Nut, Screw, Rivet, and Washer Manufacturing",NA,No Releases Reported,0.00,0.00,0.00,0.00,"22,385.00",No RSEI Hazard,0
KASSOUNI MFG INC.,4880WKSSNM815SF,2024,26067030200,"7,895",39,21,51,0,53,48809,815 S. FRONT ST,"BELDING, MI","IONIA, MI",43.09132183,-85.23370915,Dazomet (533-74-4),325 Chemicals,325998 All Other Miscellaneous Chemical Product and Preparation Manufacturing,NA,No Releases Reported,0.00,0.00,0.00,0.00,No Waste Reported,No RSEI Hazard,0
KELLY FUELS INC,49203KLLYF74ESS,2024,26075001200,"49,571",79,14,98,0,74,49203,740 E S ST,"JACKSON, MI","JACKSON, MI",42.2298427,-84.4120443,n-Hexane (110-54-3),4247 Petroleum Bulk Terminals,424710 Petroleum Bulk Stations and Terminals,NA,No Releases Reported,0.00,0.00,0.00,0.00,No Waste Reported,No RSEI Hazard,0
KELLY FUELS INC,49203KLLYF74ESS,2024,26075001200,"49,571",79,14,98,0,74,49203,740 E S ST,"JACKSON, MI","JACKSON, MI",42.2298427,-84.4120443,Naphthalene (91-20-3),4247 Petroleum Bulk Terminals,424710 Petroleum Bulk Stations and Terminals,NA,No Releases Reported,0.00,0.00,0.00,0.00,No Waste Reported,No RSEI Hazard,0
KELLY FUELS INC,49203KLLYF74ESS,2024,26075001200,"49,571",79,14,98,0,74,49203,740 E S ST,"JACKSON, MI","JACKSON, MI",42.2298427,-84.4120443,Toluene (108-88-3),4247 Petroleum Bulk Terminals,424710 Petroleum Bulk Stations and Terminals,NA,No Releases Reported,0.00,0.00,0.00,0.00,No Waste Reported,No RSEI Hazard,0
KELLY FUELS INC,49203KLLYF74ESS,2024,26075001200,"49,571",79,14,98,0,74,49203,740 E S ST,"JACKSON, MI","JACKSON, MI",42.2298427,-84.4120443,Xylene (mixed isomers) (1330-20-7),4247 Petroleum Bulk Terminals,424710 Petroleum Bulk Stations and Terminals,NA,No Releases Reported,0.00,0.00,0.00,0.00,No Waste Reported,No RSEI Hazard,0
KENT FOUNDRY,48838KNTFN1413C,2024,26117971200,"10,319",17,78,0,0,44,48838,1413 CALLAGHAN ST,"GREENVILLE, MI","MONTCALM, MI",43.18660349,-85.22768736,Diisocyanates (N120),331 Primary Metals,331511 Iron Foundries,NA,No Releases Reported,0.00,0.00,0.00,0.00,No Waste Reported,No RSEI Hazard,0
KREHER WIRE PROCESSING,48174KRHRW34822,2024,26163985400,"14,845",0,0,0,0,0,48174,34822 GODDARD RD,"ROMULUS, MI","WAYNE, MI",42.22318233,-83.38038033,Methanol (67-56-1),331 Primary Metals,331222 Steel Wire Drawing,KREHER STEEL LLC,No Releases Reported,0.00,0.00,0.00,0.00,No Waste Reported,No RSEI Hazard,0
KREHER WIRE PROCESSING,48174KRHRW34822,2024,26163985400,"14,845",0,0,0,0,0,48174,34822 GODDARD RD,"ROMULUS, MI","WAYNE, MI",42.22318233,-83.38038033,Nitric acid (7697-37-2),331 Primary Metals,331222 Steel Wire Drawing,KREHER STEEL LLC,No Releases Reported,0.00,0.00,0.00,0.00,No Waste Reported,No RSEI Hazard,0
LA COLOMBE MANUFACTURING,4944WLCLMB6366N,2024,-,-,-,-,-,-,-,49441,6366 NORTON CENTER DR,"MUSKEGON, MI","MUSKEGON, MI",43.13703913,-86.21777072,Nitric acid (7697-37-2),311 Food,311920 Coffee and Tea Manufacturing,CHOBANI GLOBAL HOLDINGS LLC,No Releases Reported,0.00,0.00,0.00,0.00,No Waste Reported,No RSEI Hazard,0
LACKS WHEEL TRIM SYSTEMS BARDEN PLATER,49512LCKSW49BAR,2024,26081012604,"28,019",90,6,32,78,55,49512,4090 BARDEN SE,"KENTWOOD, MI","KENT, MI",42.87548335,-85.56225835,Lead (7439-92-1),332 Fabricated Metals,"332813 Electroplating, Plating, Polishing, Anodizing, and Coloring",LACKS ENTERPRISES INC,No Releases Reported,0.00,0.00,0.00,0.00,0.00,No RSEI Hazard,0
LC MANUFACTURING LLC,49651LKCTY415NW,2024,26113960102,589,76,33,43,0,61,49651,4150 N WOLCOTT RD,"LAKE CITY, MI","MISSAUKEE, MI",44.40322414,-85.21203595,Chromium (7440-47-3),332 Fabricated Metals,332111 Iron and Steel Forging,LC MANUFACTURING LLC,No Releases Reported,0.00,0.00,0.00,0.00,No Waste Reported,No RSEI Hazard,0
LC MANUFACTURING LLC,49651LKCTY415NW,2024,26113960102,589,76,33,43,0,61,49651,4150 N WOLCOTT RD,"LAKE CITY, MI","MISSAUKEE, MI",44.40322414,-85.21203595,Manganese (7439-96-5),332 Fabricated Metals,332111 Iron and Steel Forging,LC MANUFACTURING LLC,No Releases Reported,0.00,0.00,0.00,0.00,No Waste Reported,No RSEI Hazard,0
LEAR CORP FARWELL PLANT,48622RNSLC505HO,2024,26035000400,"4,147",23,72,65,0,65,48622,505 HOOVER ST,"FARWELL, MI","CLARE, MI",43.84159658,-84.87099925,Diisocyanates (N120),326 Plastics and Rubber,326150 Urethane and Other Foam Product (except Polystyrene) Manufacturing,LEAR CORP,No Releases Reported,0.00,0.00,0.00,0.00,No Waste Reported,No RSEI Hazard,1
LEAR CORP FARWELL PLANT,48622RNSLC505HO,2024,26035000400,"4,147",23,72,65,0,65,48622,505 HOOVER ST,"FARWELL, MI","CLARE, MI",43.84159658,-84.87099925,"Toluene-2,4-diisocyanate (584-84-9)",326 Plastics and Rubber,326150 Urethane and Other Foam Product (except Polystyrene) Manufacturing,LEAR CORP,No Releases Reported,0.00,0.00,0.00,0.00,No Waste Reported,No RSEI Hazard,1
LEAR CORP FARWELL PLANT,48622RNSLC505HO,2024,26035000400,"4,147",23,72,65,0,65,48622,505 HOOVER ST,"FARWELL, MI","CLARE, MI",43.84159658,-84.87099925,"Toluene-2,6-diisocyanate (91-08-7)",326 Plastics and Rubber,326150 Urethane and Other Foam Product (except Polystyrene) Manufacturing,LEAR CORP,No Releases Reported,0.00,0.00,0.00,0.00,No Waste Reported,No RSEI Hazard,1
LECO CORP,49085LCCRP3000L,2024,26021000900,"31,370",44,72,35,65,19,49085,3000 LAKEVIEW AVE,"SAINT JOSEPH, MI","BERRIEN, MI",42.08128136,-86.49047011,Diisocyanates (N120),334 Computers and Electronic Products,334516 Analytical Laboratory Instrument Manufacturing,NA,No Releases Reported,0.00,0.00,0.00,0.00,No Waste Reported,No RSEI Hazard,0
LG ENERGY SOLUTION MICHIGAN INC.,4942WLGCHM1LGWA,2024,26005032401,"25,102",81,35,51,73,72,49423,1 LG WAY,"HOLLAND, MI","ALLEGAN, MI",42.75548554,-86.06953225,Copper (7440-50-8),335 Electrical Equipment,335910 Battery Manufacturing,LG ENERGY SOLUTION MICHIGAN INC,No Releases Reported,0.00,0.00,0.00,0.00,"408,140.40",No RSEI Hazard,0
"LYMTAL INTERNATIONAL,INC.",48057HSPTR4150S,2024,26125128400,"31,968",73,50,30,71,73,48359,4150 S LAPEER RD,"LAKE ORION, MI","OAKLAND, MI",42.71882581,-83.24287105,Benzoyl chloride (98-88-4),325 Chemicals,325510 Paint and Coating Manufacturing,NA,No Releases Reported,0.00,0.00,0.00,0.00,No Waste Reported,No RSEI Hazard,0
"LYMTAL INTERNATIONAL,INC.",48057HSPTR4150S,2024,26125128400,"31,968",73,50,30,71,73,48359,4150 S LAPEER RD,"LAKE ORION, MI","OAKLAND, MI",42.71882581,-83.24287105,Ethyl acrylate (140-88-5),325 Chemicals,325510 Paint and Coating Manufacturing,NA,No Releases Reported,0.00,0.00,0.00,0.00,No Waste Reported,No RSEI Hazard,0
"LYMTAL INTERNATIONAL,INC.",48057HSPTR4150S,2024,26125128400,"31,968",73,50,30,71,73,48359,4150 S LAPEER RD,"LAKE ORION, MI","OAKLAND, MI",42.71882581,-83.24287105,Methanol (67-56-1),325 Chemicals,325510 Paint and Coating Manufacturing,NA,No Releases Reported,0.00,0.00,0.00,0.00,No Waste Reported,No RSEI Hazard,0
"LYMTAL INTERNATIONAL,INC.",48057HSPTR4150S,2024,26125128400,"31,968",73,50,30,71,73,48359,4150 S LAPEER RD,"LAKE ORION, MI","OAKLAND, MI",42.71882581,-83.24287105,n-Butyl alcohol (71-36-3),325 Chemicals,325510 Paint and Coating Manufacturing,NA,No Releases Reported,0.00,0.00,0.00,0.00,No Waste Reported,No RSEI Hazard,0
"LYMTAL INTERNATIONAL,INC.",48057HSPTR4150S,2024,26125128400,"31,968",73,50,30,71,73,48359,4150 S LAPEER RD,"LAKE ORION, MI","OAKLAND, MI",42.71882581,-83.24287105,"Toluene-2,4-diisocyanate (584-84-9)",325 Chemicals,325510 Paint and Coating Manufacturing,NA,No Releases Reported,0.00,0.00,0.00,0.00,No Waste Reported,No RSEI Hazard,0
"LYMTAL INTERNATIONAL,INC.",48057HSPTR4150S,2024,26125128400,"31,968",73,50,30,71,73,48359,4150 S LAPEER RD,"LAKE ORION, MI","OAKLAND, MI",42.71882581,-83.24287105,"Toluene-2,6-diisocyanate (91-08-7)",325 Chemicals,325510 Paint and Coating Manufacturing,NA,No Releases Reported,0.00,0.00,0.00,0.00,No Waste Reported,No RSEI Hazard,0
"LYMTAL INTERNATIONAL,INC.",48057HSPTR4150S,2024,26125128400,"31,968",73,50,30,71,73,48359,4150 S LAPEER RD,"LAKE ORION, MI","OAKLAND, MI",42.71882581,-83.24287105,Triethylamine (121-44-8),325 Chemicals,325510 Paint and Coating Manufacturing,NA,No Releases Reported,0.00,0.00,0.00,0.00,No Waste Reported,No RSEI Hazard,0
MACLEAN MASTER,4817WMCLNM4485S,2024,26163561600,-,23,77,67,0,30,48170,40485 SCHOOLCRAFT RD,"PLYMOUTH, MI","WAYNE, MI",42.38419492,-83.44231616,Manganese (7439-96-5),332 Fabricated Metals,332721 Precision Turned Product Manufacturing,MACLEAN-FOGG CO,No Releases Reported,0.00,0.00,0.00,0.00,250.00,No RSEI Hazard,1
MACLEAN MASTER,4817WMCLNM4485S,2024,26163561600,-,23,77,67,0,30,48170,40485 SCHOOLCRAFT RD,"PLYMOUTH, MI","WAYNE, MI",42.38419492,-83.44231616,Nickel (7440-02-0),332 Fabricated Metals,332721 Precision Turned Product Manufacturing,MACLEAN-FOGG CO,No Releases Reported,0.00,0.00,0.00,0.00,250.00,No RSEI Hazard,1
MACLEAN-FOGG COMPONENT SOLUTIONS-CHESTERFIELD,4805WMCLNM5855E,2024,26099221100,"37,994",88,18,0,0,49,48051,50855 E RUSSELL SCHMIDT BLVD,"NEW BALTIMORE, MI","MACOMB, MI",42.67199708,-82.84435557,Chromium (7440-47-3),332 Fabricated Metals,"332722 Bolt, Nut, Screw, Rivet, and Washer Manufacturing",MACLEAN-FOGG CO,No Releases Reported,0.00,0.00,0.00,0.00,"15,114.00",No RSEI Hazard,0
MACLEAN-FOGG COMPONENT SOLUTIONS-CHESTERFIELD,4805WMCLNM5855E,2024,26099221100,"37,994",88,18,0,0,49,48051,50855 E RUSSELL SCHMIDT BLVD,"NEW BALTIMORE, MI","MACOMB, MI",42.67199708,-82.84435557,Nickel (7440-02-0),332 Fabricated Metals,"332722 Bolt, Nut, Screw, Rivet, and Washer Manufacturing",MACLEAN-FOGG CO,No Releases Reported,0.00,0.00,0.00,0.00,"27,887.00",No RSEI Hazard,0
MACLEAN-FOGG FARMINGTON HILLS,4833WMCLNF234HA,2024,26125168400,-,0,0,0,0,0,48335,23400 HAGGERTY RD,"FARMINGTON, MI","OAKLAND, MI",42.46232931,-83.43459621,Chromium (7440-47-3),332 Fabricated Metals,"332722 Bolt, Nut, Screw, Rivet, and Washer Manufacturing",MACLEAN-FOGG CO,No Releases Reported,0.00,0.00,0.00,0.00,"133,280.00",No RSEI Hazard,0
MACLEAN-FOGG FARMINGTON HILLS,4833WMCLNF234HA,2024,26125168400,-,0,0,0,0,0,48335,23400 HAGGERTY RD,"FARMINGTON, MI","OAKLAND, MI",42.46232931,-83.43459621,Manganese (7439-96-5),332 Fabricated Metals,"332722 Bolt, Nut, Screw, Rivet, and Washer Manufacturing",MACLEAN-FOGG CO,No Releases Reported,0.00,0.00,0.00,0.00,"14,040.00",No RSEI Hazard,0
MACLEAN-FOGG FARMINGTON HILLS,4833WMCLNF234HA,2024,26125168400,-,0,0,0,0,0,48335,23400 HAGGERTY RD,"FARMINGTON, MI","OAKLAND, MI",42.46232931,-83.43459621,Nickel (7440-02-0),332 Fabricated Metals,"332722 Bolt, Nut, Screw, Rivet, and Washer Manufacturing",MACLEAN-FOGG CO,No Releases Reported,0.00,0.00,0.00,0.00,"59,079.00",No RSEI Hazard,0
MARSH PLATING CORP,48198MRSHP103NG,2024,26161410800,"62,710",16,32,88,0,40,48198,103 N GROVE,"YPSILANTI, MI","WASHTENAW, MI",42.24181001,-83.60403353,Nickel compounds (N495),332 Fabricated Metals,"332813 Electroplating, Plating, Polishing, Anodizing, and Coloring",NA,No Releases Reported,0.00,0.00,0.00,0.00,No Waste Reported,No RSEI Hazard,0
MARYSVILLE ETHANOL LLC,4804WMRYSV251BU,2024,-,"12,364",-,-,-,-,-,48040,2512 BUSHA HWY,"MARYSVILLE, MI","ST. CLAIR, MI",42.88346038,-82.49083171,Nitric acid (7697-37-2),325 Chemicals,325193 Ethyl Alcohol Manufacturing,NA,No Releases Reported,0.00,0.00,0.00,0.00,No Waste Reported,No RSEI Hazard,0
MCGEAN-ROHCO INC,48150MCGNR38521,2024,26163983301,"75,202",0,0,0,0,0,48150,38521 SCHOOLCRAFT AVE,"LIVONIA, MI","WAYNE, MI",42.38143278,-83.42303723,Cobalt compounds (N096),325 Chemicals,325180 Other Basic Inorganic Chemical Manufacturing,MCGEAN-ROHCO INC,No Releases Reported,0.00,0.00,0.00,0.00,No Waste Reported,No RSEI Hazard,0
MCGEAN-ROHCO INC,48150MCGNR38521,2024,26163983301,"75,202",0,0,0,0,0,48150,38521 SCHOOLCRAFT AVE,"LIVONIA, MI","WAYNE, MI",42.38143278,-83.42303723,Nitrate compounds (water dissociable) (N511),325 Chemicals,325180 Other Basic Inorganic Chemical Manufacturing,MCGEAN-ROHCO INC,No Releases Reported,0.00,0.00,0.00,0.00,No Waste Reported,No RSEI Hazard,0
MCGEAN-ROHCO INC,48150MCGNR38521,2024,26163983301,"75,202",0,0,0,0,0,48150,38521 SCHOOLCRAFT AVE,"LIVONIA, MI","WAYNE, MI",42.38143278,-83.42303723,Nitric acid (7697-37-2),325 Chemicals,325180 Other Basic Inorganic Chemical Manufacturing,MCGEAN-ROHCO INC,No Releases Reported,0.00,0.00,0.00,0.00,No Waste Reported,No RSEI Hazard,0
MCGEAN-ROHCO INC,48150MCGNR38521,2024,26163983301,"75,202",0,0,0,0,0,48150,38521 SCHOOLCRAFT AVE,"LIVONIA, MI","WAYNE, MI",42.38143278,-83.42303723,Nonylphenol Ethoxylates (N535),325 Chemicals,325180 Other Basic Inorganic Chemical Manufacturing,MCGEAN-ROHCO INC,No Releases Reported,0.00,0.00,0.00,0.00,No Waste Reported,No RSEI Hazard,0
MCGEAN-ROHCO INC,48150MCGNR38521,2024,26163983301,"75,202",0,0,0,0,0,48150,38521 SCHOOLCRAFT AVE,"LIVONIA, MI","WAYNE, MI",42.38143278,-83.42303723,Vanadium compounds (N770),325 Chemicals,325180 Other Basic Inorganic Chemical Manufacturing,MCGEAN-ROHCO INC,No Releases Reported,0.00,0.00,0.00,0.00,No Waste Reported,No RSEI Hazard,0
MENNEL MILLING CO OF MICHIGAN,4904WMNNLM19SMI,2024,26027002100,"8,462",66,74,87,72,71,49047,109 S MILL ST,"DOWAGIAC, MI","CASS, MI",41.9835999639,-86.1024069803,Chlorine (7782-50-5),311 Food,311211 Flour Milling,NA,No Releases Reported,0.00,0.00,0.00,0.00,No Waste Reported,No RSEI Hazard,0
MENNEL MILLING CO OF MICHIGAN,49047MNNLM109SO,2024,26027002100,"8,458",66,74,87,72,71,49047,301 S MILL ST,"DOWAGIAC, MI","CASS, MI",41.98263103,-86.10239119,Chlorine (7782-50-5),311 Food,311211 Flour Milling,THE MENNEL MILLING CO,No Releases Reported,0.00,0.00,0.00,0.00,No Waste Reported,No RSEI Hazard,0
MERSEN USA GS CORP - BAY CITY,48708CRBNF900HA,2024,26017280900,"35,953",96,82,93,0,89,48708,900 HARRISON ST,"BAY CITY, MI","BAY, MI",43.56381401,-83.9011382,Chlorine (7782-50-5),335 Electrical Equipment,335991 Carbon and Graphite Product Manufacturing,MERSEN USA HOLDING CORP,No Releases Reported,0.00,0.00,0.00,0.00,No Waste Reported,No RSEI Hazard,0
MICHIGAN DIE CASTINGS,49047SLDPW51241,2024,26027002000,"1,663",42,90,91,0,80,49047,51241 M-51 N,"DOWAGIAC, MI","CASS, MI",42.0527575,-86.10768065,Copper (7440-50-8),331 Primary Metals,331523 Nonferrous Metal Die-Casting Foundries,MICHIGAN DIE CASTING,No Releases Reported,0.00,0.00,0.00,0.00,No Waste Reported,No RSEI Hazard,0
MICHIGAN DIE CASTINGS,49047SLDPW51241,2024,26027002000,"1,663",42,90,91,0,80,49047,51241 M-51 N,"DOWAGIAC, MI","CASS, MI",42.0527575,-86.10768065,Lead (7439-92-1),331 Primary Metals,331523 Nonferrous Metal Die-Casting Foundries,MICHIGAN DIE CASTING,No Releases Reported,0.00,0.00,0.00,0.00,No Waste Reported,No RSEI Hazard,0
MICHIGAN DIE CASTINGS,49047SLDPW51241,2024,26027002000,"1,663",42,90,91,0,80,49047,51241 M-51 N,"DOWAGIAC, MI","CASS, MI",42.0527575,-86.10768065,Nickel (7440-02-0),331 Primary Metals,331523 Nonferrous Metal Die-Casting Foundries,MICHIGAN DIE CASTING,No Releases Reported,0.00,0.00,0.00,0.00,No Waste Reported,No RSEI Hazard,0
MICHIGAN METAL COATINGS,48060STVNS2015D,2024,26147620000,"30,088",0,0,0,0,0,48060,2015 DOVE ST,"PORT HURON, MI","ST. CLAIR, MI",42.95192632,-82.44889921,Copper (7440-50-8),332 Fabricated Metals,"332812 Metal Coating, Engraving (except Jewelry and Silverware), and Allied Services to Manufactur..",MMC SYSTEMS,No Releases Reported,0.00,0.00,0.00,0.00,No Waste Reported,No RSEI Hazard,0
MICHIGAN METAL COATINGS PLANT 2,4806WMCHGN172DV,2024,26147620000,-,0,0,0,0,0,48060,1720 DOVE ST,"PORT HURON, MI","ST. CLAIR, MI",42.95201479,-82.44590698,Chromium (7440-47-3),332 Fabricated Metals,"332812 Metal Coating, Engraving (except Jewelry and Silverware), and Allied Services to Manufactur..",MMC SYSTEMS,No Releases Reported,0.00,0.00,0.00,0.00,No Waste Reported,No RSEI Hazard,0
MICHIGAN METAL COATINGS PLANT 2,4806WMCHGN172DV,2024,26147620000,-,0,0,0,0,0,48060,1720 DOVE ST,"PORT HURON, MI","ST. CLAIR, MI",42.95201479,-82.44590698,Cobalt (7440-48-4),332 Fabricated Metals,"332812 Metal Coating, Engraving (except Jewelry and Silverware), and Allied Services to Manufactur..",MMC SYSTEMS,No Releases Reported,0.00,0.00,0.00,0.00,No Waste Reported,No RSEI Hazard,0
MICHIGAN METAL COATINGS PLANT 2,4806WMCHGN172DV,2024,26147620000,-,0,0,0,0,0,48060,1720 DOVE ST,"PORT HURON, MI","ST. CLAIR, MI",42.95201479,-82.44590698,Nickel (7440-02-0),332 Fabricated Metals,"332812 Metal Coating, Engraving (except Jewelry and Silverware), and Allied Services to Manufactur..",MMC SYSTEMS,No Releases Reported,0.00,0.00,0.00,0.00,No Waste Reported,No RSEI Hazard,0
MICHIGAN PRODUCTION MACHINING PLANT 1 & 2,4804WMCHGN1672B,2024,-,-,-,-,-,-,-,48044,16700 23 MILE RD,"MACOMB, MI","MACOMB, MI",42.67139975,-82.95700599,Chromium (7440-47-3),336 Transportation Equipment,336350 Motor Vehicle Transmission and Power Train Parts Manufacturing,NA,No Releases Reported,0.00,0.00,0.00,0.00,"37,730.00",No RSEI Hazard,0
MICHIGAN PRODUCTION MACHINING PLANT 1 & 2,4804WMCHGN1672B,2024,-,-,-,-,-,-,-,48044,16700 23 MILE RD,"MACOMB, MI","MACOMB, MI",42.67139975,-82.95700599,Lead (7439-92-1),336 Transportation Equipment,336350 Motor Vehicle Transmission and Power Train Parts Manufacturing,NA,No Releases Reported,0.00,0.00,0.00,0.00,"2,765.40",No RSEI Hazard,0
MICHIGAN PRODUCTION MACHINING PLANT 1 & 2,4804WMCHGN1672B,2024,-,-,-,-,-,-,-,48044,16700 23 MILE RD,"MACOMB, MI","MACOMB, MI",42.67139975,-82.95700599,Manganese (7439-96-5),336 Transportation Equipment,336350 Motor Vehicle Transmission and Power Train Parts Manufacturing,NA,No Releases Reported,0.00,0.00,0.00,0.00,"40,656.00",No RSEI Hazard,0
MICHIGAN PRODUCTION MACHINING PLANT 1 & 2,4804WMCHGN1672B,2024,-,-,-,-,-,-,-,48044,16700 23 MILE RD,"MACOMB, MI","MACOMB, MI",42.67139975,-82.95700599,Nickel (7440-02-0),336 Transportation Equipment,336350 Motor Vehicle Transmission and Power Train Parts Manufacturing,NA,No Releases Reported,0.00,0.00,0.00,0.00,"38,881.00",No RSEI Hazard,0
MICHIGAN PRODUCTION MACHINING PLANT 3,4804WMCHGN51261,2024,-,-,-,-,-,-,-,48042,51261 MILANO DR,"MACOMB, MI","MACOMB, MI",42.67294854,-82.96656157,Chromium (7440-47-3),336 Transportation Equipment,336350 Motor Vehicle Transmission and Power Train Parts Manufacturing,NA,No Releases Reported,0.00,0.00,0.00,0.00,"18,317.00",No RSEI Hazard,0
MICHIGAN PRODUCTION MACHINING PLANT 3,4804WMCHGN51261,2024,-,-,-,-,-,-,-,48042,51261 MILANO DR,"MACOMB, MI","MACOMB, MI",42.67294854,-82.96656157,Lead (7439-92-1),336 Transportation Equipment,336350 Motor Vehicle Transmission and Power Train Parts Manufacturing,NA,No Releases Reported,0.00,0.00,0.00,0.00,"2,212.02",No RSEI Hazard,0
MICHIGAN PRODUCTION MACHINING PLANT 3,4804WMCHGN51261,2024,-,-,-,-,-,-,-,48042,51261 MILANO DR,"MACOMB, MI","MACOMB, MI",42.67294854,-82.96656157,Manganese (7439-96-5),336 Transportation Equipment,336350 Motor Vehicle Transmission and Power Train Parts Manufacturing,NA,No Releases Reported,0.00,0.00,0.00,0.00,"18,866.00",No RSEI Hazard,0
MICHIGAN SUGAR CO - BAY CITY FACTORY,48707MNTRS2600S,2024,26017281000,"43,799",0,23,97,0,75,48706,2600 S EUCLID AVE BAY CITY FACTORY,"BAY CITY, MI","BAY, MI",43.57657935,-83.91595145,Peracetic acid (79-21-0),311 Food,311313 Beet Sugar Manufacturing,MICHIGAN SUGAR CO,No Releases Reported,0.00,0.00,0.00,0.00,"71,300.00",No RSEI Hazard,0
MICRON MANUFACTURING CO,4950WMCRNM1722K,2024,26081011502,"65,901",14,44,0,0,52,49504,1722 KLOET ST NW,"GRAND RAPIDS, MI","KENT, MI",43.00329353,-85.71113371,Copper (7440-50-8),332 Fabricated Metals,332721 Precision Turned Product Manufacturing,NA,No Releases Reported,0.00,0.00,0.00,0.00,"6,278.00",No RSEI Hazard,0
MICRON MANUFACTURING CO,4950WMCRNM1722K,2024,26081011502,"65,901",14,44,0,0,52,49504,1722 KLOET ST NW,"GRAND RAPIDS, MI","KENT, MI",43.00329353,-85.71113371,Lead (7439-92-1),332 Fabricated Metals,332721 Precision Turned Product Manufacturing,NA,No Releases Reported,0.00,0.00,0.00,0.00,155.00,No RSEI Hazard,0
MID STATE PLATING CO.,48506MDSTT624KE,2024,26049003100,"61,764",63,42,94,59,46,48506,602 KELSO ST,"FLINT, MI","GENESEE, MI",43.02136663,-83.65198877,Lead compounds (N420),332 Fabricated Metals,"332813 Electroplating, Plating, Polishing, Anodizing, and Coloring",NA,No Releases Reported,0.00,0.00,0.00,0.00,No Waste Reported,No RSEI Hazard,0
MID STATE PLATING CO.,48506MDSTT624KE,2024,26049003100,"61,764",63,42,94,59,46,48506,602 KELSO ST,"FLINT, MI","GENESEE, MI",43.02136663,-83.65198877,Nitrate compounds (water dissociable) (N511),332 Fabricated Metals,"332813 Electroplating, Plating, Polishing, Anodizing, and Coloring",NA,No Releases Reported,0.00,0.00,0.00,0.00,No Waste Reported,No RSEI Hazard,1
MID STATE PLATING CO.,48506MDSTT624KE,2024,26049003100,"61,764",63,42,94,59,46,48506,602 KELSO ST,"FLINT, MI","GENESEE, MI",43.02136663,-83.65198877,Zinc compounds (N982),332 Fabricated Metals,"332813 Electroplating, Plating, Polishing, Anodizing, and Coloring",NA,No Releases Reported,0.00,0.00,0.00,0.00,No Waste Reported,No RSEI Hazard,1
MID-TOWN PETROLEUM ACQUISITIONS LLC,4831WMDTWN49992,2024,-,-,-,-,-,-,-,48317,4999 22 MILE RD,"UTICA, MI","MACOMB, MI",42.65738514,-83.06273567,Zinc compounds (N982),4247 Petroleum Bulk Terminals,424710 Petroleum Bulk Stations and Terminals,RELADYNE LLC,No Releases Reported,0.00,0.00,0.00,0.00,No Waste Reported,No RSEI Hazard,0
MID-TOWN PETROLEUM ACQUISTION LLC,4806WMDTWN33MAK,2024,26147636000,"29,746",69,51,39,0,71,48060,3030 MOAK STREET - SUITE 1,"PORT HURON, MI","ST. CLAIR, MI",42.94417851,-82.4593841,"1,2,4-Trimethylbenzene (95-63-6)",4247 Petroleum Bulk Terminals,424710 Petroleum Bulk Stations and Terminals,RELADYNE LLC,No Releases Reported,0.00,0.00,0.00,0.00,No Waste Reported,No RSEI Hazard,0
MID-TOWN PETROLEUM ACQUISTION LLC,4806WMDTWN33MAK,2024,26147636000,"29,746",69,51,39,0,71,48060,3030 MOAK STREET - SUITE 1,"PORT HURON, MI","ST. CLAIR, MI",42.94417851,-82.4593841,Benzene (71-43-2),4247 Petroleum Bulk Terminals,424710 Petroleum Bulk Stations and Terminals,RELADYNE LLC,No Releases Reported,0.00,0.00,0.00,0.00,No Waste Reported,No RSEI Hazard,0
MID-TOWN PETROLEUM ACQUISTION LLC,4806WMDTWN33MAK,2024,26147636000,"29,746",69,51,39,0,71,48060,3030 MOAK STREET - SUITE 1,"PORT HURON, MI","ST. CLAIR, MI",42.94417851,-82.4593841,Cumene (98-82-8),4247 Petroleum Bulk Terminals,424710 Petroleum Bulk Stations and Terminals,RELADYNE LLC,No Releases Reported,0.00,0.00,0.00,0.00,No Waste Reported,No RSEI Hazard,0
MID-TOWN PETROLEUM ACQUISTION LLC,4806WMDTWN33MAK,2024,26147636000,"29,746",69,51,39,0,71,48060,3030 MOAK STREET - SUITE 1,"PORT HURON, MI","ST. CLAIR, MI",42.94417851,-82.4593841,Ethylbenzene (100-41-4),4247 Petroleum Bulk Terminals,424710 Petroleum Bulk Stations and Terminals,RELADYNE LLC,No Releases Reported,0.00,0.00,0.00,0.00,No Waste Reported,No RSEI Hazard,0
MID-TOWN PETROLEUM ACQUISTION LLC,4806WMDTWN33MAK,2024,26147636000,"29,746",69,51,39,0,71,48060,3030 MOAK STREET - SUITE 1,"PORT HURON, MI","ST. CLAIR, MI",42.94417851,-82.4593841,n-Hexane (110-54-3),4247 Petroleum Bulk Terminals,424710 Petroleum Bulk Stations and Terminals,RELADYNE LLC,No Releases Reported,0.00,0.00,0.00,0.00,No Waste Reported,No RSEI Hazard,0
MID-TOWN PETROLEUM ACQUISTION LLC,4806WMDTWN33MAK,2024,26147636000,"29,746",69,51,39,0,71,48060,3030 MOAK STREET - SUITE 1,"PORT HURON, MI","ST. CLAIR, MI",42.94417851,-82.4593841,Naphthalene (91-20-3),4247 Petroleum Bulk Terminals,424710 Petroleum Bulk Stations and Terminals,RELADYNE LLC,No Releases Reported,0.00,0.00,0.00,0.00,No Waste Reported,No RSEI Hazard,0
MID-TOWN PETROLEUM ACQUISTION LLC,4806WMDTWN33MAK,2024,26147636000,"29,746",69,51,39,0,71,48060,3030 MOAK STREET - SUITE 1,"PORT HURON, MI","ST. CLAIR, MI",42.94417851,-82.4593841,Toluene (108-88-3),4247 Petroleum Bulk Terminals,424710 Petroleum Bulk Stations and Terminals,RELADYNE LLC,No Releases Reported,0.00,0.00,0.00,0.00,No Waste Reported,No RSEI Hazard,0
MID-TOWN PETROLEUM ACQUISTION LLC,4806WMDTWN33MAK,2024,26147636000,"29,746",69,51,39,0,71,48060,3030 MOAK STREET - SUITE 1,"PORT HURON, MI","ST. CLAIR, MI",42.94417851,-82.4593841,Xylene (mixed isomers) (1330-20-7),4247 Petroleum Bulk Terminals,424710 Petroleum Bulk Stations and Terminals,RELADYNE LLC,No Releases Reported,0.00,0.00,0.00,0.00,No Waste Reported,No RSEI Hazard,0
MID-TOWN PETROLEUM ACQUISTION LLC,4806WMDTWN33MAK,2024,26147636000,"29,746",69,51,39,0,71,48060,3030 MOAK STREET - SUITE 1,"PORT HURON, MI","ST. CLAIR, MI",42.94417851,-82.4593841,Zinc compounds (N982),4247 Petroleum Bulk Terminals,424710 Petroleum Bulk Stations and Terminals,RELADYNE LLC,No Releases Reported,0.00,0.00,0.00,0.00,"4,428.00",No RSEI Hazard,0
MIDWEST RUBBER CO,48427MDWST3525R,2024,26151970200,"1,541",72,49,68,0,45,48427,3525 RANGELINE RD,"DECKERVILLE, MI","SANILAC, MI",43.52683904,-82.75458095,Diisocyanates (N120),326 Plastics and Rubber,326299 All Other Rubber Product Manufacturing,NA,No Releases Reported,0.00,0.00,0.00,0.00,No Waste Reported,No RSEI Hazard,0
MIDWEST TIMBER INC,49112MDWST210KR,2024,26027001802,"11,846",66,39,0,0,81,49112,69875 KRAUS RD,"EDWARDSBURG, MI","CASS, MI",41.78569651,-86.09335468,Arsenic compounds (N020),321 Wood Products,321114 Wood Preservation,NA,No Releases Reported,0.00,0.00,0.00,0.00,No Waste Reported,No RSEI Hazard,0
MIDWEST TIMBER INC,49112MDWST210KR,2024,26027001802,"11,846",66,39,0,0,81,49112,69875 KRAUS RD,"EDWARDSBURG, MI","CASS, MI",41.78569651,-86.09335468,Chromium compounds (N090),321 Wood Products,321114 Wood Preservation,NA,No Releases Reported,0.00,0.00,0.00,0.00,No Waste Reported,No RSEI Hazard,0
MIDWEST TIMBER INC,49112MDWST210KR,2024,26027001802,"11,846",66,39,0,0,81,49112,69875 KRAUS RD,"EDWARDSBURG, MI","CASS, MI",41.78569651,-86.09335468,Copper compounds (N100),321 Wood Products,321114 Wood Preservation,NA,No Releases Reported,0.00,0.00,0.00,0.00,No Waste Reported,No RSEI Hazard,0
MISA SPECIALTY PROCESSING,4920WWRTHN495SM,2024,26075005100,"12,639",50,63,0,74,28,49201,4905 S MERIDIAN RD,"JACKSON, MI","JACKSON, MI",42.18804726,-84.36961059,Chromium (7440-47-3),336 Transportation Equipment,336370 Motor Vehicle Metal Stamping,MARUBENI-ITOCHU STEEL AMERICA INC,No Releases Reported,0.00,0.00,0.00,0.00,No Waste Reported,No RSEI Hazard,0
MISA SPECIALTY PROCESSING,4920WWRTHN495SM,2024,26075005100,"12,639",50,63,0,74,28,49201,4905 S MERIDIAN RD,"JACKSON, MI","JACKSON, MI",42.18804726,-84.36961059,Lead (7439-92-1),336 Transportation Equipment,336370 Motor Vehicle Metal Stamping,MARUBENI-ITOCHU STEEL AMERICA INC,No Releases Reported,0.00,0.00,0.00,0.00,No Waste Reported,No RSEI Hazard,0
MISA SPECIALTY PROCESSING,4920WWRTHN495SM,2024,26075005100,"12,639",50,63,0,74,28,49201,4905 S MERIDIAN RD,"JACKSON, MI","JACKSON, MI",42.18804726,-84.36961059,Manganese (7439-96-5),336 Transportation Equipment,336370 Motor Vehicle Metal Stamping,MARUBENI-ITOCHU STEEL AMERICA INC,No Releases Reported,0.00,0.00,0.00,0.00,No Waste Reported,No RSEI Hazard,0
MNP CORP,48087MNPCR44225,2024,26099228100,"78,882",67,77,63,0,72,48317,44225 UTICA RD,"UTICA, MI","MACOMB, MI",42.61962513,-83.03822835,Manganese (7439-96-5),332 Fabricated Metals,"332722 Bolt, Nut, Screw, Rivet, and Washer Manufacturing",MNP CORP,No Releases Reported,0.00,0.00,0.00,0.00,"7,006.30",No RSEI Hazard,0
MNP CORP,48087MNPCR44225,2024,26099228100,"78,882",67,77,63,0,72,48317,44225 UTICA RD,"UTICA, MI","MACOMB, MI",42.61962513,-83.03822835,Propylene (115-07-1),332 Fabricated Metals,"332722 Bolt, Nut, Screw, Rivet, and Washer Manufacturing",MNP CORP,No Releases Reported,0.00,0.00,0.00,0.00,No Waste Reported,No RSEI Hazard,0
MOELLER MANUFACTURING CO. INC.,4839WMLLRM31BEC,2024,26125133102,"40,129",76,23,0,0,0,48393,30100 BECK RD.,"WIXOM, MI","OAKLAND, MI",42.51450235,-83.51685791,Nickel (7440-02-0),336 Transportation Equipment,336412 Aircraft Engine and Engine Parts Manufacturing,NA,No Releases Reported,0.00,0.00,0.00,0.00,"31,293.00",No RSEI Hazard,0
MUELLER IMPACTS CO,48040MLLRB2409W,2024,26147637300,"12,255",35,36,42,83,58,48040,2409 WILLS ST,"MARYSVILLE, MI","ST. CLAIR, MI",42.88611686,-82.4835838,Nitric acid (7697-37-2),332 Fabricated Metals,332112 Nonferrous Forging,MUELLER INDUSTRIES INC,No Releases Reported,0.00,0.00,0.00,0.00,"23,904.00",No RSEI Hazard,0
MUSASHI AUTO PARTS-MI INC.,49015TCHNC195BR,2024,26025002600,"13,210",56,21,66,71,74,49037,195 BRYDGES DR,"BATTLE CREEK, MI","CALHOUN, MI",42.34153638,-85.2755843,Ammonia (7664-41-7),336 Transportation Equipment,336350 Motor Vehicle Transmission and Power Train Parts Manufacturing,NA,No Releases Reported,0.00,0.00,0.00,0.00,No Waste Reported,No RSEI Hazard,0
MUSASHI AUTO PARTS-MI INC.,49015TCHNC195BR,2024,26025002600,"13,210",56,21,66,71,74,49037,195 BRYDGES DR,"BATTLE CREEK, MI","CALHOUN, MI",42.34153638,-85.2755843,Chromium (7440-47-3),336 Transportation Equipment,336350 Motor Vehicle Transmission and Power Train Parts Manufacturing,NA,No Releases Reported,0.00,0.00,0.00,0.00,"30,231.00",No RSEI Hazard,0
MUSASHI AUTO PARTS-MI INC.,49015TCHNC195BR,2024,26025002600,"13,210",56,21,66,71,74,49037,195 BRYDGES DR,"BATTLE CREEK, MI","CALHOUN, MI",42.34153638,-85.2755843,Copper (7440-50-8),336 Transportation Equipment,336350 Motor Vehicle Transmission and Power Train Parts Manufacturing,NA,No Releases Reported,0.00,0.00,0.00,0.00,"21,807.00",No RSEI Hazard,0
MUSASHI AUTO PARTS-MI INC.,49015TCHNC195BR,2024,26025002600,"13,210",56,21,66,71,74,49037,195 BRYDGES DR,"BATTLE CREEK, MI","CALHOUN, MI",42.34153638,-85.2755843,Manganese (7439-96-5),336 Transportation Equipment,336350 Motor Vehicle Transmission and Power Train Parts Manufacturing,NA,No Releases Reported,0.00,0.00,0.00,0.00,"62,844.00",No RSEI Hazard,0
MUSASHI AUTO PARTS-MI INC.,49015TCHNC195BR,2024,26025002600,"13,210",56,21,66,71,74,49037,195 BRYDGES DR,"BATTLE CREEK, MI","CALHOUN, MI",42.34153638,-85.2755843,Nickel (7440-02-0),336 Transportation Equipment,336350 Motor Vehicle Transmission and Power Train Parts Manufacturing,NA,No Releases Reported,0.00,0.00,0.00,0.00,"53,774.00",No RSEI Hazard,0
MUSKEGON COMPOSITES INC.,49441GRGMR1355W,2024,26121002200,"51,763",82,67,64,0,25,49441,1355 W SHERMAN BLVD,"MUSKEGON, MI","MUSKEGON, MI",43.20544059,-86.27709725,Polychlorinated biphenyls (PCBs) (1336-36-3),326 Plastics and Rubber,326199 All Other Plastics Product Manufacturing,EJ USA INC,No Releases Reported,0.00,0.00,0.00,0.00,422.40,No RSEI Hazard,0
MWC MICHIGAN LLC.,4887WMWCLL164TE,2024,26037010901,"9,294",38,63,23,0,55,48879,1640 TECHNICAL DR,"SAINT JOHNS, MI","CLINTON, MI",43.0209765,-84.55437296,Benzoyl peroxide (94-36-0),311 Food,311513 Cheese Manufacturing,NA,No Releases Reported,0.00,0.00,0.00,0.00,No Waste Reported,No RSEI Hazard,0
MWC MICHIGAN LLC.,4887WMWCLL164TE,2024,26037010901,"9,294",38,63,23,0,55,48879,1640 TECHNICAL DR,"SAINT JOHNS, MI","CLINTON, MI",43.0209765,-84.55437296,Lead (7439-92-1),311 Food,311513 Cheese Manufacturing,NA,No Releases Reported,0.00,0.00,0.00,0.00,No Waste Reported,No RSEI Hazard,0
MWC MICHIGAN LLC.,4887WMWCLL164TE,2024,26037010901,"9,294",38,63,23,0,55,48879,1640 TECHNICAL DR,"SAINT JOHNS, MI","CLINTON, MI",43.0209765,-84.55437296,Nitric acid (7697-37-2),311 Food,311513 Cheese Manufacturing,NA,No Releases Reported,0.00,0.00,0.00,0.00,No Waste Reported,No RSEI Hazard,0
MWC MICHIGAN LLC.,4887WMWCLL164TE,2024,26037010901,"9,294",38,63,23,0,55,48879,1640 TECHNICAL DR,"SAINT JOHNS, MI","CLINTON, MI",43.0209765,-84.55437296,Peracetic acid (79-21-0),311 Food,311513 Cheese Manufacturing,NA,No Releases Reported,0.00,0.00,0.00,0.00,No Waste Reported,No RSEI Hazard,0
NCOC INC,48237NTNLC21251,2024,26125171600,"162,859",0,98,100,0,0,48237,21251 MEYERS RD,"OAK PARK, MI","OAKLAND, MI",42.45115785,-83.17185283,3-Iodo-2-propynyl butylcarbamate (55406-53-6),325 Chemicals,325998 All Other Miscellaneous Chemical Product and Preparation Manufacturing,NA,No Releases Reported,0.00,0.00,0.00,0.00,No Waste Reported,No RSEI Hazard,0
NCOC INC,48237NTNLC21251,2024,26125171600,"162,859",0,98,100,0,0,48237,21251 MEYERS RD,"OAK PARK, MI","OAKLAND, MI",42.45115785,-83.17185283,Barium compounds (N040),325 Chemicals,325998 All Other Miscellaneous Chemical Product and Preparation Manufacturing,NA,No Releases Reported,0.00,0.00,0.00,0.00,No Waste Reported,No RSEI Hazard,0
NCOC INC,48237NTNLC21251,2024,26125171600,"162,859",0,98,100,0,0,48237,21251 MEYERS RD,"OAK PARK, MI","OAKLAND, MI",42.45115785,-83.17185283,Certain glycol ethers (N230),325 Chemicals,325998 All Other Miscellaneous Chemical Product and Preparation Manufacturing,NA,No Releases Reported,0.00,0.00,0.00,0.00,No Waste Reported,No RSEI Hazard,0
NCOC INC,48237NTNLC21251,2024,26125171600,"162,859",0,98,100,0,0,48237,21251 MEYERS RD,"OAK PARK, MI","OAKLAND, MI",42.45115785,-83.17185283,Sodium nitrite (7632-00-0),325 Chemicals,325998 All Other Miscellaneous Chemical Product and Preparation Manufacturing,NA,No Releases Reported,0.00,0.00,0.00,0.00,No Waste Reported,No RSEI Hazard,0
NEW GLDC LLC,49441DLSCC1806B,2024,26121000800,"58,413",34,75,0,0,16,49441,1940 HENRY ST,"MUSKEGON, MI","MUSKEGON, MI",43.21726449,-86.26275993,Copper (7440-50-8),331 Primary Metals,331523 Nonferrous Metal Die-Casting Foundries,NA,No Releases Reported,0.00,0.00,0.00,0.00,No Waste Reported,No RSEI Hazard,0
NILES ALUMINUM PRODUCTS INC,49120NLSLM1434S,2024,26021020700,"22,413",0,96,0,0,50,49120,1434 S 9TH ST,"NILES, MI","BERRIEN, MI",41.81210441,-86.25030314,Lead (7439-92-1),332 Fabricated Metals,332321 Metal Window and Door Manufacturing,NA,No Releases Reported,0.00,0.00,0.00,0.00,No Waste Reported,No RSEI Hazard,0
NORDIC SPAS LLC,4951WNRDCS4655P,2024,26081012604,-,90,6,32,78,55,49512,4655 PATTERSON AVE SE,"GRAND RAPIDS, MI","KENT, MI",42.87876746,-85.54699549,Diisocyanates (N120),326 Plastics and Rubber,326191 Plastics Plumbing Fixture Manufacturing,NA,No Releases Reported,0.00,0.00,0.00,0.00,No Waste Reported,No RSEI Hazard,0
NSS TECHNOLOGIES INC,4818WNSSTC868NH,2024,26163563300,"86,283",24,79,61,79,22,48187,8680 N HAGGERTY RD,"CANTON, MI","WAYNE, MI",42.35086751,-83.44451873,Chromium (7440-47-3),331 Primary Metals,331222 Steel Wire Drawing,BERKSHIRE HATHAWAY INC,No Releases Reported,0.00,0.00,0.00,0.00,"34,243.00",No RSEI Hazard,0
NSS TECHNOLOGIES INC,4818WNSSTC868NH,2024,26163563300,"86,283",24,79,61,79,22,48187,8680 N HAGGERTY RD,"CANTON, MI","WAYNE, MI",42.35086751,-83.44451873,Copper (7440-50-8),331 Primary Metals,331222 Steel Wire Drawing,BERKSHIRE HATHAWAY INC,No Releases Reported,0.00,0.00,0.00,0.00,"32,867.00",No RSEI Hazard,0
NSS TECHNOLOGIES INC,4818WNSSTC868NH,2024,26163563300,"86,283",24,79,61,79,22,48187,8680 N HAGGERTY RD,"CANTON, MI","WAYNE, MI",42.35086751,-83.44451873,Manganese (7439-96-5),331 Primary Metals,331222 Steel Wire Drawing,BERKSHIRE HATHAWAY INC,No Releases Reported,0.00,0.00,0.00,0.00,"169,806.00",No RSEI Hazard,0
NSS TECHNOLOGIES INC,4818WNSSTC868NH,2024,26163563300,"86,283",24,79,61,79,22,48187,8680 N HAGGERTY RD,"CANTON, MI","WAYNE, MI",42.35086751,-83.44451873,Nickel (7440-02-0),331 Primary Metals,331222 Steel Wire Drawing,BERKSHIRE HATHAWAY INC,No Releases Reported,0.00,0.00,0.00,0.00,"13,544.00",No RSEI Hazard,0
OAKLAND STAMPING LLC,4821WKLNDS12WDL,2024,26163511400,"144,311",0,0,0,0,0,48211,1200 WOODLAND ST,"DETROIT, MI","WAYNE, MI",42.39713778,-83.07624151,Chromium (7440-47-3),336 Transportation Equipment,336370 Motor Vehicle Metal Stamping,AUTOKINITON US HOLDINGS INC,No Releases Reported,0.00,0.00,0.00,0.00,"615,189.00",No RSEI Hazard,0
OAKLAND STAMPING LLC,4821WKLNDS12WDL,2024,26163511400,"144,311",0,0,0,0,0,48211,1200 WOODLAND ST,"DETROIT, MI","WAYNE, MI",42.39713778,-83.07624151,Copper (7440-50-8),336 Transportation Equipment,336370 Motor Vehicle Metal Stamping,AUTOKINITON US HOLDINGS INC,No Releases Reported,0.00,0.00,0.00,0.00,"318,987.00",No RSEI Hazard,0
OAKLAND STAMPING LLC,4821WKLNDS12WDL,2024,26163511400,"144,311",0,0,0,0,0,48211,1200 WOODLAND ST,"DETROIT, MI","WAYNE, MI",42.39713778,-83.07624151,Manganese (7439-96-5),336 Transportation Equipment,336370 Motor Vehicle Metal Stamping,AUTOKINITON US HOLDINGS INC,No Releases Reported,0.00,0.00,0.00,0.00,"375,081.00",No RSEI Hazard,0
OAKLAND STAMPING LLC,4821WKLNDS12WDL,2024,26163511400,"144,311",0,0,0,0,0,48211,1200 WOODLAND ST,"DETROIT, MI","WAYNE, MI",42.39713778,-83.07624151,Nickel (7440-02-0),336 Transportation Equipment,336370 Motor Vehicle Metal Stamping,AUTOKINITON US HOLDINGS INC,No Releases Reported,0.00,0.00,0.00,0.00,"616,495.00",No RSEI Hazard,0
OAKLAND STAMPING LLC,4821WKLNDS12WDL,2024,26163511400,"144,311",0,0,0,0,0,48211,1200 WOODLAND ST,"DETROIT, MI","WAYNE, MI",42.39713778,-83.07624151,Zinc compounds (N982),336 Transportation Equipment,336370 Motor Vehicle Metal Stamping,AUTOKINITON US HOLDINGS INC,No Releases Reported,0.00,0.00,0.00,0.00,No Waste Reported,No RSEI Hazard,0
ODYSSEY ELECTRONICS INC,4815WDYSSY12886,2024,26163558301,"82,727",83,78,68,58,23,48150,12886 FAIRLANE ST,"LIVONIA, MI","WAYNE, MI",42.37674419,-83.38596927,Lead compounds (N420),334 Computers and Electronic Products,334111 Electronic Computer Manufacturing,NA,No Releases Reported,0.00,0.00,0.00,0.00,307.53,No RSEI Hazard,1
OZINGA READY MIX CONCRETE-NEW BUFFALO PLANT,4911WZNGRD825SW,2024,26021011301,"3,326",19,92,96,0,34,49117,825 S WHITTAKER,"NEW BUFFALO, MI","BERRIEN, MI",41.78472611,-86.73652636,Nitrate compounds (water dissociable) (N511),327 Nonmetallic Mineral Product,327320 Ready-Mix Concrete Manufacturing,OZINGA BROS INC,No Releases Reported,0.00,0.00,0.00,0.00,No Waste Reported,No RSEI Hazard,0
PARKER HANNIFIN CORP,48842PRKRH1355S,2024,26065005502,"20,778",95,31,83,0,13,48854,1355 N CEDAR RD,"MASON, MI","INGHAM, MI",42.62168875,-84.50036516,Lead (7439-92-1),332 Fabricated Metals,332912 Fluid Power Valve and Hose Fitting Manufacturing,PARKER HANNIFIN CORP,No Releases Reported,0.00,0.00,0.00,0.00,"12,051.00",No RSEI Hazard,1
PARKER HANNIFIN CORP,48842PRKRH1355S,2024,26065005502,"20,778",95,31,83,0,13,48854,1355 N CEDAR RD,"MASON, MI","INGHAM, MI",42.62168875,-84.50036516,Manganese (7439-96-5),332 Fabricated Metals,332912 Fluid Power Valve and Hose Fitting Manufacturing,PARKER HANNIFIN CORP,No Releases Reported,0.00,0.00,0.00,0.00,"48,420.00",No RSEI Hazard,1
PARKER HANNIFIN HPD,49078PRKRH100PA,2024,26005031900,"11,601",48,33,0,0,71,49078,100 PARKER DR,"OTSEGO, MI","ALLEGAN, MI",42.44985368,-85.69981984,Diisocyanates (N120),333 Machinery,333996 Fluid Power Pump and Motor Manufacturing,PARKER HANNIFIN CORP,No Releases Reported,0.00,0.00,0.00,0.00,No Waste Reported,No RSEI Hazard,1
PARKER HANNIFIN PNEUMATIC DIV,4908WPRKRH8676E,2024,26077002702,"5,404",93,63,28,0,23,49083,8676 EAST M-89,"RICHLAND, MI","KALAMAZOO, MI",42.39066378,-85.47522238,Copper compounds (N100),332 Fabricated Metals,332999 All Other Miscellaneous Fabricated Metal Product Manufacturing,PARKER HANNIFIN CORP,No Releases Reported,0.00,0.00,0.00,0.00,"3,600.00",No RSEI Hazard,1
PECO CARWASH SYSTEMS,4832WPCCRP244RE,2024,26125140700,"54,448",84,58,43,0,63,48326,244 REX BLVD,"AUBURN HILLS, MI","OAKLAND, MI",42.63526608,-83.23519932,Chromium (7440-47-3),333 Machinery,333310 Commercial and Service Industry Machinery Manufacturing,"SONNY'S ENTERPRISES",No Releases Reported,0.00,0.00,0.00,0.00,800.00,No RSEI Hazard,0
PECO CARWASH SYSTEMS,4832WPCCRP244RE,2024,26125140700,"54,448",84,58,43,0,63,48326,244 REX BLVD,"AUBURN HILLS, MI","OAKLAND, MI",42.63526608,-83.23519932,Nickel (7440-02-0),333 Machinery,333310 Commercial and Service Industry Machinery Manufacturing,"SONNY'S ENTERPRISES",No Releases Reported,0.00,0.00,0.00,0.00,400.00,No RSEI Hazard,0
PLASCORE INC,49464PLSCR615NF,2024,26139022900,"20,630",97,10,0,0,63,49464,615 N FAIRVIEW,"ZEELAND, MI","OTTAWA, MI",42.82477632,-85.99949106,Aluminum (fume or dust) (7429-90-5),332 Fabricated Metals,332999 All Other Miscellaneous Fabricated Metal Product Manufacturing,PLASCORE INC,No Releases Reported,0.00,0.00,0.00,0.00,"65,339.00",No RSEI Hazard,0
PLASTOMER CORP,48150PLSTM37819,2024,26163983301,"77,562",0,0,0,0,0,48150,37819 SCHOOLCRAFT RD,"LIVONIA, MI","WAYNE, MI",42.38105149,-83.4178222,"Tris(1,3-dichloro-2-propyl) phosphate (13674-87-8)",326 Plastics and Rubber,326150 Urethane and Other Foam Product (except Polystyrene) Manufacturing,NA,No Releases Reported,0.00,0.00,0.00,0.00,No Waste Reported,No RSEI Hazard,0
POLYCHEMIE INC,48184XCHMN38070,2024,26163566700,"54,462",14,15,80,62,67,48184,38070 VAN BORN RD,"WAYNE, MI","WAYNE, MI",42.26614028,-83.41350379,Acrylamide (79-06-1),325 Chemicals,325998 All Other Miscellaneous Chemical Product and Preparation Manufacturing,SNF HOLDING CO,No Releases Reported,0.00,0.00,0.00,0.00,No Waste Reported,No RSEI Hazard,0
POLYCHEMIE INC,48184XCHMN38070,2024,26163566700,"54,462",14,15,80,62,67,48184,38070 VAN BORN RD,"WAYNE, MI","WAYNE, MI",42.26614028,-83.41350379,Methanol (67-56-1),325 Chemicals,325998 All Other Miscellaneous Chemical Product and Preparation Manufacturing,SNF HOLDING CO,No Releases Reported,0.00,0.00,0.00,0.00,No Waste Reported,No RSEI Hazard,0
POREX TECHNOLOGIES CORP,48655LNDLL5301S,2024,26145011902,"3,006",36,63,61,0,30,48655,5301 S GRAHAM RD,"SAINT CHARLES, MI","SAGINAW, MI",43.34656439,-84.14122433,Antimony (7440-36-0),326 Plastics and Rubber,326150 Urethane and Other Foam Product (except Polystyrene) Manufacturing,FILTRATION GROUP CORP,No Releases Reported,0.00,0.00,0.00,0.00,No Waste Reported,No RSEI Hazard,0
POREX TECHNOLOGIES CORP,48655LNDLL5301S,2024,26145011902,"3,006",36,63,61,0,30,48655,5301 S GRAHAM RD,"SAINT CHARLES, MI","SAGINAW, MI",43.34656439,-84.14122433,Arsenic (7440-38-2),326 Plastics and Rubber,326150 Urethane and Other Foam Product (except Polystyrene) Manufacturing,FILTRATION GROUP CORP,No Releases Reported,0.00,0.00,0.00,0.00,No Waste Reported,No RSEI Hazard,0
POREX TECHNOLOGIES CORP,48655LNDLL5301S,2024,26145011902,"3,006",36,63,61,0,30,48655,5301 S GRAHAM RD,"SAINT CHARLES, MI","SAGINAW, MI",43.34656439,-84.14122433,Lead (7439-92-1),326 Plastics and Rubber,326150 Urethane and Other Foam Product (except Polystyrene) Manufacturing,FILTRATION GROUP CORP,No Releases Reported,0.00,0.00,0.00,0.00,No Waste Reported,No RSEI Hazard,0
PORT CITY DIE CAST,49442BKRTC2121L,2024,26121000402,-,32,25,94,0,82,49442,2121 LATIMER DR,"MUSKEGON, MI","MUSKEGON, MI",43.21407858,-86.19261644,Certain glycol ethers (N230),331 Primary Metals,331523 Nonferrous Metal Die-Casting Foundries,PACE INDUSTRIES LLC,No Releases Reported,0.00,0.00,0.00,0.00,"87,013.53",No RSEI Hazard,0
PORT CITY METAL PRODUCTS,49444PRTCT2350B,2024,26121000402,"48,956",32,25,94,0,82,49444,2350 BLACK CREEK RD,"MUSKEGON, MI","MUSKEGON, MI",43.20785213,-86.1897761,Certain glycol ethers (N230),331 Primary Metals,331523 Nonferrous Metal Die-Casting Foundries,PACE INDUSTRIES LLC,No Releases Reported,0.00,0.00,0.00,0.00,"1,393.57",No RSEI Hazard,0
PRIMETALS TECHNOLOGIES USA LLC,49022SMTCN470NP,2024,26021000300,"30,539",31,61,75,0,91,49022,470 N PAW PAW AVE,"BENTON HARBOR, MI","BERRIEN, MI",42.12280302,-86.44784804,Copper compounds (N100),333 Machinery,333519 Rolling Mill and Other Metalworking Machinery Manufacturing,PRIMETALS TECHNOLOGIES USA LLC,No Releases Reported,0.00,0.00,0.00,0.00,0.00,No RSEI Hazard,0
PRIMETALS TECHNOLOGIES USA LLC,49022SMTCN470NP,2024,26021000300,"30,539",31,61,75,0,91,49022,470 N PAW PAW AVE,"BENTON HARBOR, MI","BERRIEN, MI",42.12280302,-86.44784804,Nickel compounds (N495),333 Machinery,333519 Rolling Mill and Other Metalworking Machinery Manufacturing,PRIMETALS TECHNOLOGIES USA LLC,No Releases Reported,0.00,0.00,0.00,0.00,No Waste Reported,No RSEI Hazard,0
PRO FARM MICHIGAN MANUFACTURING,4901WMRRNM7INDU,2024,26159012001,"3,560",90,25,65,72,87,49013,700 INDUSTRIAL PARK ROAD,"BANGOR, MI","VAN BUREN, MI",42.29690251,-86.1261166,Mixture (MIXTURE),325 Chemicals,325320 Pesticide and Other Agricultural Chemical Manufacturing,NA,No Releases Reported,0.00,0.00,0.00,0.00,No Waste Reported,No RSEI Hazard,0
PROAMPAC,49854MNSTQ453SM,2024,26153000300,"4,042",52,82,78,0,72,49854,402 W ELK ST,"MANISTIQUE, MI","SCHOOLCRAFT, MI",45.96144582,-86.25614819,Nitrate compounds (water dissociable) (N511),322 Paper,322120 Paper Mills,PROAMPAC HOLDINGS INC,No Releases Reported,0.00,0.00,0.00,0.00,"102,039.00",No RSEI Hazard,0
PROGRESSIVE DYNAMICS ENTERPRISES LLC,49068PRGRS507IN,2024,26025004000,"9,833",0,48,58,0,62,49068,507 INDUSTRIAL RD,"MARSHALL, MI","CALHOUN, MI",42.26625146,-84.96647839,Lead (7439-92-1),335 Electrical Equipment,335999 All Other Miscellaneous Electrical Equipment and Component Manufacturing,NA,No Releases Reported,0.00,0.00,0.00,0.00,"3,300.00",No RSEI Hazard,1
PROLIANT DAIRY MICHIGAN LLC,4887WPRLNT166TE,2024,26037010901,"9,325",38,63,23,0,55,48879,1660 TECHNICAL DR,"SAINT JOHNS, MI","CLINTON, MI",43.02101728,-84.55437436,Nitrate compounds (water dissociable) (N511),311 Food,311513 Cheese Manufacturing,LAURIDSEN GROUP INC,No Releases Reported,0.00,0.00,0.00,0.00,"278,958.00",No RSEI Hazard,0
PURINA ANIMAL NUTRITION LLC - LANSING,48917PRNML5620M,2024,26045020202,"39,387",78,95,85,0,12,48917,5620 MILLET HWY,"LANSING, MI","EATON, MI",42.69762752,-84.63014631,Manganese compounds (N450),311 Food,311119 Other Animal Food Manufacturing,LAND O LAKES INC,No Releases Reported,0.00,0.00,0.00,0.00,No Waste Reported,No RSEI Hazard,0
PURINA ANIMAL NUTRITION LLC - LANSING,48917PRNML5620M,2024,26045020202,"39,387",78,95,85,0,12,48917,5620 MILLET HWY,"LANSING, MI","EATON, MI",42.69762752,-84.63014631,Zinc compounds (N982),311 Food,311119 Other Animal Food Manufacturing,LAND O LAKES INC,No Releases Reported,0.00,0.00,0.00,0.00,No Waste Reported,No RSEI Hazard,0
PVS TECHNOLOGIES INC,48213PVSTC6500F,2024,26163505700,"138,627",42,61,98,0,65,48213,10825 HARPER AVE,"DETROIT, MI","WAYNE, MI",42.39523383,-82.9962994,Lead compounds (N420),325 Chemicals,325180 Other Basic Inorganic Chemical Manufacturing,PVS CHEMICALS INC,No Releases Reported,0.00,0.00,0.00,0.00,No Waste Reported,No RSEI Hazard,0
QUAKER HOUGHTON DETROIT,48228PPRTL9100F,2024,26163535800,"182,088",0,84,97,0,88,48228,9100 FREELAND AVE,"DETROIT, MI","WAYNE, MI",42.36102028,-83.18359428,Certain glycol ethers (N230),324 Petroleum Products,324191 Petroleum Lubricating Oil and Grease Manufacturing,QUAKER HOUGHTON,No Releases Reported,0.00,0.00,0.00,0.00,No Waste Reported,No RSEI Hazard,0
QUAKER HOUGHTON DETROIT,48228PPRTL9100F,2024,26163535800,"182,088",0,84,97,0,88,48228,9100 FREELAND AVE,"DETROIT, MI","WAYNE, MI",42.36102028,-83.18359428,Sodium nitrite (7632-00-0),324 Petroleum Products,324191 Petroleum Lubricating Oil and Grease Manufacturing,QUAKER HOUGHTON,No Releases Reported,0.00,0.00,0.00,0.00,No Waste Reported,No RSEI Hazard,0
QUANTUM COMPOSITES INC.,48706QNTMC1310S,2024,26017285500,"5,154",34,75,0,0,39,48706,1310 S VALLEY CENTER DR,"BAY CITY, MI","BAY, MI",43.59032648,-83.99902223,Diisocyanates (N120),325 Chemicals,325991 Custom Compounding of Purchased Resins,LYONDELLBASELL FINANCE CO,No Releases Reported,0.00,0.00,0.00,0.00,No Waste Reported,No RSEI Hazard,0
QUANTUM COMPOSITES INC.,48706QNTMC1310S,2024,26017285500,"5,154",34,75,0,0,39,48706,1310 S VALLEY CENTER DR,"BAY CITY, MI","BAY, MI",43.59032648,-83.99902223,Maleic anhydride (108-31-6),325 Chemicals,325991 Custom Compounding of Purchased Resins,LYONDELLBASELL FINANCE CO,No Releases Reported,0.00,0.00,0.00,0.00,No Waste Reported,No RSEI Hazard,0
REQUEST FOODS GREENLY STREET PLANT,4942WRQSTF12875,2024,26139023102,"33,200",68,36,0,0,64,49424,12875 GREENLY ST.,"HOLLAND, MI","OTTAWA, MI",42.83374041,-86.10036851,Nitrate compounds (water dissociable) (N511),311 Food,311412 Frozen Specialty Food Manufacturing,REQUEST FOODS INC,No Releases Reported,0.00,0.00,0.00,0.00,"113,493.00",No RSEI Hazard,0
REQUEST FOODS GREENLY STREET PLANT,4942WRQSTF12875,2024,26139023102,"33,200",68,36,0,0,64,49424,12875 GREENLY ST.,"HOLLAND, MI","OTTAWA, MI",42.83374041,-86.10036851,Nitric acid (7697-37-2),311 Food,311412 Frozen Specialty Food Manufacturing,REQUEST FOODS INC,No Releases Reported,0.00,0.00,0.00,0.00,"84,125.00",No RSEI Hazard,0
REQUEST FOODS INC,49424RQSTF3460J,2024,26139023102,"33,498",19,51,29,83,0,49424,3460 JOHN F DONNELLY DR,"HOLLAND, MI","OTTAWA, MI",42.83060658,-86.10438201,Nitrate compounds (water dissociable) (N511),311 Food,311412 Frozen Specialty Food Manufacturing,NA,No Releases Reported,0.00,0.00,0.00,0.00,"173,525.00",No RSEI Hazard,0
REQUEST FOODS INC,49424RQSTF3460J,2024,26139023102,"33,498",19,51,29,83,0,49424,3460 JOHN F DONNELLY DR,"HOLLAND, MI","OTTAWA, MI",42.83060658,-86.10438201,Nitric acid (7697-37-2),311 Food,311412 Frozen Specialty Food Manufacturing,NA,No Releases Reported,0.00,0.00,0.00,0.00,"128,627.00",No RSEI Hazard,0
REQUEST FOODS QUINCY STREET PLANT,4942WRQSTF1344Q,2024,26139023102,"30,430",68,36,0,0,64,49424,13044 QUINCY ST,"HOLLAND, MI","OTTAWA, MI",42.84097581,-86.10391428,Nitrate compounds (water dissociable) (N511),311 Food,311412 Frozen Specialty Food Manufacturing,REQUEST FOODS INC,No Releases Reported,0.00,0.00,0.00,0.00,"20,916.00",No RSEI Hazard,0
REQUEST FOODS QUINCY STREET PLANT,4942WRQSTF1344Q,2024,26139023102,"30,430",68,36,0,0,64,49424,13044 QUINCY ST,"HOLLAND, MI","OTTAWA, MI",42.84097581,-86.10391428,Nitric acid (7697-37-2),311 Food,311412 Frozen Specialty Food Manufacturing,REQUEST FOODS INC,No Releases Reported,0.00,0.00,0.00,0.00,"15,504.00",No RSEI Hazard,0
RICHWOOD INDUSTRIES INC,49548RCHWD27BUC,2024,26081013600,"124,650",44,8,57,0,65,49548,2700 BUCHANAN AVE SW,"GRAND RAPIDS, MI","KENT, MI",42.91470467,-85.67093319,Diisocyanates (N120),321 Wood Products,321219 Reconstituted Wood Product Manufacturing,ARGOSY PRIVATE EQUITY,No Releases Reported,0.00,0.00,0.00,0.00,No Waste Reported,No RSEI Hazard,0
ROBROY ENCLOSURES,48809RBRYN500MA,2024,26067030200,"7,868",39,21,51,0,53,48809,500 MAPLE ST,"BELDING, MI","IONIA, MI",43.09369893,-85.23372515,Zinc compounds (N982),326 Plastics and Rubber,326199 All Other Plastics Product Manufacturing,ROBROY INDUSTRIES,No Releases Reported,0.00,0.00,0.00,0.00,No Waste Reported,No RSEI Hazard,0
SAGINAW METAL CASTING OPERATIONS,48605SGNWG1629N,2024,26145000100,"38,543",90,25,99,0,50,48601,1629 N WASHINGTON ST,"SAGINAW, MI","SAGINAW, MI",43.44762415,-83.91899086,Nickel (7440-02-0),331 Primary Metals,331524 Aluminum Foundries (except Die-Casting),GENERAL MOTORS LLC,No Releases Reported,0.00,0.00,0.00,0.00,No Waste Reported,No RSEI Hazard,0
SALINE LECTRONICS INC,4817WSLNLC71NMA,2024,26161423400,"19,644",40,67,90,0,16,48176,710 N MAPLE RD,"SALINE, MI","WASHTENAW, MI",42.17932402,-83.77402553,Lead (7439-92-1),334 Computers and Electronic Products,334418 Printed Circuit Assembly (Electronic Assembly) Manufacturing,MEGATRONICS US ULTIMATE HOLDCO LLC,No Releases Reported,0.00,0.00,0.00,0.00,249.00,No RSEI Hazard,0
SHANNON PRECISION FASTENER,4844WSHNNN616ST,2024,00000000000,-,-,-,-,-,-,48442,6160 STONY RUN,"HOLLY, MI","OAKLAND, MI",42.789433,-83.616149,Manganese (7439-96-5),332 Fabricated Metals,"332722 Bolt, Nut, Screw, Rivet, and Washer Manufacturing",SHANNON PRECISION FASTENER LLC,No Releases Reported,0.00,0.00,0.00,0.00,No Waste Reported,No RSEI Hazard,1
SHANNON PRECISION FASTENER,48071FRNDL31600,2024,26125181100,"115,630",0,0,0,0,0,48071,31600 STEPHENSON HWY,"MADISON HEIGHTS, MI","OAKLAND, MI",42.52394964,-83.11946074,Manganese (7439-96-5),332 Fabricated Metals,332811 Metal Heat Treating,SHANNON PRECISION FASTENER LLC,No Releases Reported,0.00,0.00,0.00,0.00,No Waste Reported,No RSEI Hazard,1
SHANNON PRECISION FASTENER LLC,4832WSHNNN4425P,2024,26125981400,"36,443",0,0,-,0,93,48326,4425 PURKS RD,"AUBURN HILLS, MI","OAKLAND, MI",42.70486931,-83.25934956,Chromium (7440-47-3),332 Fabricated Metals,332811 Metal Heat Treating,SHANNON PRECISION FASTENER LLC,No Releases Reported,0.00,0.00,0.00,0.00,No Waste Reported,No RSEI Hazard,0
SHANNON PRECISION FASTENER LLC,4832WSHNNN4425P,2024,26125981400,"36,443",0,0,-,0,93,48326,4425 PURKS RD,"AUBURN HILLS, MI","OAKLAND, MI",42.70486931,-83.25934956,Manganese (7439-96-5),332 Fabricated Metals,332811 Metal Heat Treating,SHANNON PRECISION FASTENER LLC,No Releases Reported,0.00,0.00,0.00,0.00,No Waste Reported,No RSEI Hazard,0
SHAPE 1820,49417FNSHC1820H,2024,26139021204,"25,808",40,17,0,0,74,49417,1820 HAYES ST,"GRAND HAVEN, MI","OTTAWA, MI",43.03021274,-86.19614468,Sodium nitrite (7632-00-0),332 Fabricated Metals,"332812 Metal Coating, Engraving (except Jewelry and Silverware), and Allied Services to Manufactur..",SHAPE CORP,No Releases Reported,0.00,0.00,0.00,0.00,No Waste Reported,No RSEI Hazard,0
SHELL FOWLERVILLE,4883WSHLLF485EV,2024,26093722300,"6,626",80,65,57,0,29,48836,485 E VAN RIPER RD,"FOWLERVILLE, MI","LIVINGSTON, MI",42.65033092,-84.06539688,Diethanolamine (111-42-2),325 Chemicals,325998 All Other Miscellaneous Chemical Product and Preparation Manufacturing,SHELL PETROLEUM INC,No Releases Reported,0.00,0.00,0.00,0.00,No Waste Reported,No RSEI Hazard,0
SHELL OIL PRODUCTS US RIVER ROUGE PLANT,48218TXCLB245MA,2024,26163985600,"69,579",0,0,0,0,0,48218,245 MARION AVE,"RIVER ROUGE, MI","WAYNE, MI",42.27553341,-83.12178736,Zinc compounds (N982),324 Petroleum Products,324191 Petroleum Lubricating Oil and Grease Manufacturing,SHELL PETROLEUM INC,No Releases Reported,0.00,0.00,0.00,0.00,No Waste Reported,No RSEI Hazard,0
SHERWIN-WILLIAMS CO,49423GRDSM636E4,2024,26005032401,"30,689",81,35,51,73,72,49423,636 E 40TH ST,"HOLLAND, MI","ALLEGAN, MI",42.76200737,-86.07937104,Zinc compounds (N982),325 Chemicals,325510 Paint and Coating Manufacturing,THE SHERWIN-WILLIAMS CO,No Releases Reported,0.00,0.00,0.00,0.00,No Waste Reported,No RSEI Hazard,0
SILBOND CORP,49289KZCHM9901S,2024,26091062000,852,68,72,37,0,38,49289,9901 SAND CREEK HWY,"WESTON, MI","LENAWEE, MI",41.77183002,-84.0981264,Certain glycol ethers (N230),325 Chemicals,325180 Other Basic Inorganic Chemical Manufacturing,EVONIK CORP,No Releases Reported,0.00,0.00,0.00,0.00,"105,042.00",No RSEI Hazard,1
SMW MFG AMSTED AUTOMOTIVE GROUP-BELLEVILLE,4811WSMWMF877SA,2024,26163587900,"28,696",87,26,98,0,59,48111,8707 SAMUEL BARTON DRIVE,"BELLEVILLE, MI","WAYNE, MI",42.23872544,-83.44198656,Manganese (7439-96-5),332 Fabricated Metals,"332722 Bolt, Nut, Screw, Rivet, and Washer Manufacturing",AMSTED INDUSTRIES INC,No Releases Reported,0.00,0.00,0.00,0.00,"42,566.00",No RSEI Hazard,0
SMW MFG AMSTED AUTOMOTIVE GROUP-MUNITH,4925WSMWMF115PL,2024,26075006801,"1,753",61,78,58,64,33,49259,11500 PLUM ORCHARD ROAD,"MUNITH, MI","JACKSON, MI",42.4029902,-84.23738751,Manganese compounds (N450),332 Fabricated Metals,"332722 Bolt, Nut, Screw, Rivet, and Washer Manufacturing",AMSTED INDUSTRIES INC,No Releases Reported,0.00,0.00,0.00,0.00,"3,610.00",No RSEI Hazard,0
SPARTAN STEEL COATING,48162SPRTN3300W,2024,26115831300,"16,896",21,55,63,0,51,48162,3300 WOLVERINE DR,"MONROE, MI","MONROE, MI",41.96022702,-83.3504412,Manganese (7439-96-5),332 Fabricated Metals,"332812 Metal Coating, Engraving (except Jewelry and Silverware), and Allied Services to Manufactur..",WORTHINGTON STEEL INC,No Releases Reported,0.00,0.00,0.00,0.00,No Waste Reported,No RSEI Hazard,0
SPARTAN STEEL COATING,48162SPRTN3300W,2024,26115831300,"16,896",21,55,63,0,51,48162,3300 WOLVERINE DR,"MONROE, MI","MONROE, MI",41.96022702,-83.3504412,Nickel (7440-02-0),332 Fabricated Metals,"332812 Metal Coating, Engraving (except Jewelry and Silverware), and Allied Services to Manufactur..",WORTHINGTON STEEL INC,No Releases Reported,0.00,0.00,0.00,0.00,No Waste Reported,No RSEI Hazard,0
STAR OF THE WEST MILLING CO,4873WSTRFT121ET,2024,26145011301,"6,712",64,65,66,0,10,48734,121 E TUSCOLA ST,"FRANKENMUTH, MI","SAGINAW, MI",43.33165075,-83.73789203,Chlorine (7782-50-5),311 Food,311211 Flour Milling,STAR OF THE WEST MILLING CO,No Releases Reported,0.00,0.00,0.00,0.00,No Waste Reported,No RSEI Hazard,0
STAR OF THE WEST MILLING CO,49082STRFT14CHU,2024,26023950900,"3,905",40,69,85,0,59,49082,14 CHURCH ST,"QUINCY, MI","BRANCH, MI",41.94440709,-84.88635722,Chlorine (7782-50-5),311 Food,311211 Flour Milling,STAR OF THE WEST MILLING CO,No Releases Reported,0.00,0.00,0.00,0.00,No Waste Reported,No RSEI Hazard,0
STEEL INDUSTRIES PLANT 1,48239FRGNG126BE,2024,26163554900,"103,884",88,22,77,0,42,48239,12600 BEECH DALY,"REDFORD, MI","WAYNE, MI",42.37827017,-83.29477772,Chromium (7440-47-3),332 Fabricated Metals,332111 Iron and Steel Forging,ARLINGTON CAPITAL PARTNERS,No Releases Reported,0.00,0.00,0.00,0.00,No Waste Reported,No RSEI Hazard,0
STEEL INDUSTRIES PLANT 1,48239FRGNG126BE,2024,26163554900,"103,884",88,22,77,0,42,48239,12600 BEECH DALY,"REDFORD, MI","WAYNE, MI",42.37827017,-83.29477772,Copper (7440-50-8),332 Fabricated Metals,332111 Iron and Steel Forging,ARLINGTON CAPITAL PARTNERS,No Releases Reported,0.00,0.00,0.00,0.00,No Waste Reported,No RSEI Hazard,0
STEEL INDUSTRIES PLANT 1,48239FRGNG126BE,2024,26163554900,"103,884",88,22,77,0,42,48239,12600 BEECH DALY,"REDFORD, MI","WAYNE, MI",42.37827017,-83.29477772,Manganese (7439-96-5),332 Fabricated Metals,332111 Iron and Steel Forging,ARLINGTON CAPITAL PARTNERS,No Releases Reported,0.00,0.00,0.00,0.00,No Waste Reported,No RSEI Hazard,0
STEEL INDUSTRIES PLANT 1,48239FRGNG126BE,2024,26163554900,"103,884",88,22,77,0,42,48239,12600 BEECH DALY,"REDFORD, MI","WAYNE, MI",42.37827017,-83.29477772,Nickel (7440-02-0),332 Fabricated Metals,332111 Iron and Steel Forging,ARLINGTON CAPITAL PARTNERS,No Releases Reported,0.00,0.00,0.00,0.00,No Waste Reported,No RSEI Hazard,0
STEEL INDUSTRIES PLANT 4,48239SRVCM12555,2024,26163554900,"102,074",88,22,77,0,42,48239,26555 FULLERTON,"REDFORD, MI","WAYNE, MI",42.37834714,-83.3041684,Chromium (7440-47-3),332 Fabricated Metals,332710 Machine Shops,ARLINGTON CAPITAL PARTNERS,No Releases Reported,0.00,0.00,0.00,0.00,No Waste Reported,No RSEI Hazard,0
STEEL INDUSTRIES PLANT 4,48239SRVCM12555,2024,26163554900,"102,074",88,22,77,0,42,48239,26555 FULLERTON,"REDFORD, MI","WAYNE, MI",42.37834714,-83.3041684,Copper (7440-50-8),332 Fabricated Metals,332710 Machine Shops,ARLINGTON CAPITAL PARTNERS,No Releases Reported,0.00,0.00,0.00,0.00,No Waste Reported,No RSEI Hazard,0
STEEL INDUSTRIES PLANT 4,48239SRVCM12555,2024,26163554900,"102,074",88,22,77,0,42,48239,26555 FULLERTON,"REDFORD, MI","WAYNE, MI",42.37834714,-83.3041684,Nickel (7440-02-0),332 Fabricated Metals,332710 Machine Shops,ARLINGTON CAPITAL PARTNERS,No Releases Reported,0.00,0.00,0.00,0.00,No Waste Reported,No RSEI Hazard,0
STEEL TECHNOLOGIES LLC,48188STLTC5501B,2024,26163564503,"42,302",95,38,64,58,28,48188,5501 BELLEVILLE RD,"CANTON, MI","WAYNE, MI",42.26656282,-83.48696146,Manganese (7439-96-5),331 Primary Metals,331221 Rolled Steel Shape Manufacturing,NUMIT LLC,No Releases Reported,0.00,0.00,0.00,0.00,"4,678.00",No RSEI Hazard,0
STEELTECH LLC,49507STLTC1251P,2024,26081003600,"132,019",99,4,93,71,93,49507,1251 PHILLIPS AVE SW,"GRAND RAPIDS, MI","KENT, MI",42.94061021,-85.67358082,Chromium (7440-47-3),331 Primary Metals,331513 Steel Foundries (except Investment),NA,No Releases Reported,0.00,0.00,0.00,0.00,No Waste Reported,No RSEI Hazard,0
STEELTECH LLC,49507STLTC1251P,2024,26081003600,"132,019",99,4,93,71,93,49507,1251 PHILLIPS AVE SW,"GRAND RAPIDS, MI","KENT, MI",42.94061021,-85.67358082,Nickel (7440-02-0),331 Primary Metals,331513 Steel Foundries (except Investment),NA,No Releases Reported,0.00,0.00,0.00,0.00,No Waste Reported,No RSEI Hazard,0
STRAITS WOOD TREATING,48706STRTS4804E,2024,26017281300,"40,157",59,19,50,62,60,48706,4868 WILDER RD,"BAY CITY, MI","BAY, MI",43.62312868,-83.86060106,Arsenic compounds (N020),321 Wood Products,321114 Wood Preservation,NA,No Releases Reported,0.00,0.00,0.00,0.00,No Waste Reported,No RSEI Hazard,0
STRAITS WOOD TREATING,48706STRTS4804E,2024,26017281300,"40,157",59,19,50,62,60,48706,4868 WILDER RD,"BAY CITY, MI","BAY, MI",43.62312868,-83.86060106,Chromium compounds (N090),321 Wood Products,321114 Wood Preservation,NA,No Releases Reported,0.00,0.00,0.00,0.00,No Waste Reported,No RSEI Hazard,0
STRAITS WOOD TREATING,48706STRTS4804E,2024,26017281300,"40,157",59,19,50,62,60,48706,4868 WILDER RD,"BAY CITY, MI","BAY, MI",43.62312868,-83.86060106,Copper compounds (N100),321 Wood Products,321114 Wood Preservation,NA,No Releases Reported,0.00,0.00,0.00,0.00,No Waste Reported,No RSEI Hazard,0
STRUCTURAL CONCEPTS - PLANT 2,4944WSTRCT5566G,2024,26121002602,-,59,82,51,0,29,49441,5566 GRAND HAVEN RD,"MUSKEGON, MI","MUSKEGON, MI",43.1512422,-86.22049738,Diisocyanates (N120),333 Machinery,333415 Air-Conditioning and Warm Air Heating Equipment and Commercial and Industrial Refrigeration..,SC HOLDING CORP,No Releases Reported,0.00,0.00,0.00,0.00,No Waste Reported,No RSEI Hazard,0
STRYKER INSTRUMENTS,4900WSTRYK41EMI,2024,26077001905,"24,386",66,12,0,69,34,49002,6201 SPRINKLE RD,"PORTAGE, MI","KALAMAZOO, MI",42.23018337,-85.54046775,Diisocyanates (N120),339 Miscellaneous Manufacturing,339112 Surgical and Medical Instrument Manufacturing,STRYKER CORP,No Releases Reported,0.00,0.00,0.00,0.00,No Waste Reported,No RSEI Hazard,0
SUNRISE WINDOWS LTD,48182SNRSW2ENTE,2024,26115833500,"40,117",68,59,95,0,50,48182,200 ENTERPRISE DR,"TEMPERANCE, MI","MONROE, MI",41.74383158,-83.55418481,Diisocyanates (N120),326 Plastics and Rubber,326199 All Other Plastics Product Manufacturing,MI WINDOWS & DOORS LLC,No Releases Reported,0.00,0.00,0.00,0.00,No Waste Reported,No RSEI Hazard,0
SUPERIOR MATERIAILS PLANT 02,48205SPRRM2565H,2024,26163505600,"143,522",89,37,79,0,64,48205,20565 HOOVER RD,"DETROIT, MI","WAYNE, MI",42.44806461,-83.00528175,Nitrate compounds (water dissociable) (N511),327 Nonmetallic Mineral Product,327320 Ready-Mix Concrete Manufacturing,VCNA PRAIRIE LLC,No Releases Reported,0.00,0.00,0.00,0.00,No Waste Reported,No RSEI Hazard,0
SUPERIOR MATERIALS 35,4817WSPRRM391WH,2024,26163586300,"23,300",54,76,0,57,54,48174,39001 W HURON RIVER RD,"ROMULUS, MI","WAYNE, MI",42.21545948,-83.42075357,Nitrate compounds (water dissociable) (N511),327 Nonmetallic Mineral Product,327320 Ready-Mix Concrete Manufacturing,VCNA PRAIRIE LLC,No Releases Reported,0.00,0.00,0.00,0.00,No Waste Reported,No RSEI Hazard,0
SUPERIOR MATERIALS 36,4834WSPRRM247AU,2024,26125140600,"55,773",31,43,51,66,61,48326,2470 AUBURN RD,"AUBURN HILLS, MI","OAKLAND, MI",42.63455146,-83.2393316,Nitrate compounds (water dissociable) (N511),327 Nonmetallic Mineral Product,327320 Ready-Mix Concrete Manufacturing,VCNA PRAIRIE LLC,No Releases Reported,0.00,0.00,0.00,0.00,No Waste Reported,No RSEI Hazard,0
SUPERIOR MATERIALS 102,48375SPRTN44922,2024,26125136602,"45,678",0,0,0,0,0,48375,44922 GRAND RIVER RD,"NOVI, MI","OAKLAND, MI",42.48440133,-83.49144124,Nitrate compounds (water dissociable) (N511),327 Nonmetallic Mineral Product,327320 Ready-Mix Concrete Manufacturing,VCNA PRAIRIE LLC,No Releases Reported,0.00,0.00,0.00,0.00,No Waste Reported,No RSEI Hazard,0
SUPERIOR MATERIALS PLANT 20,48505SPRRMG53ND,2024,26049012202,"47,538",85,34,99,0,68,48505,G-5300 N DORT HWY,"FLINT, MI","GENESEE, MI",43.0620375,-83.67387449,Nitrate compounds (water dissociable) (N511),327 Nonmetallic Mineral Product,327320 Ready-Mix Concrete Manufacturing,VCNA PRAIRIE LLC,No Releases Reported,0.00,0.00,0.00,0.00,No Waste Reported,No RSEI Hazard,0
SUPERIOR MATERIALS PLANT 101,4830WSPRRM4FLRA,2024,26099245300,"83,487",43,16,68,0,45,48043,40 FLORAL AVE,"MOUNT CLEMENS, MI","MACOMB, MI",42.59642995,-82.89297688,Nitrate compounds (water dissociable) (N511),327 Nonmetallic Mineral Product,327320 Ready-Mix Concrete Manufacturing,VCNA PRAIRIE LLC,No Releases Reported,0.00,0.00,0.00,0.00,No Waste Reported,No RSEI Hazard,0
SUPERIOR STONE PRODUCTS - WAYLAND,4934WSPRRS1147M,2024,-,-,-,-,-,-,-,49348,1147 MORREN CT,"WAYLAND, MI","ALLEGAN, MI",42.72814743,-85.65913202,Methyl methacrylate (80-62-6),325 Chemicals,325520 Adhesive Manufacturing,NA,No Releases Reported,0.00,0.00,0.00,0.00,No Waste Reported,No RSEI Hazard,0
SUPERIOR STONE PRODUCTS - WAYLAND,4934WSPRRS1147M,2024,-,-,-,-,-,-,-,49348,1147 MORREN CT,"WAYLAND, MI","ALLEGAN, MI",42.72814743,-85.65913202,Styrene (100-42-5),325 Chemicals,325520 Adhesive Manufacturing,NA,No Releases Reported,0.00,0.00,0.00,0.00,No Waste Reported,No RSEI Hazard,0
SUPERIOR STONE PRODUCTS INC.,49315SPRRS858BY,2024,26081014605,"24,243",27,21,0,76,30,49315,8580 BYRON COMMERCE DR,"BYRON CENTER, MI","KENT, MI",42.80826911,-85.67503288,Benzoyl peroxide (94-36-0),325 Chemicals,325520 Adhesive Manufacturing,NA,No Releases Reported,0.00,0.00,0.00,0.00,No Waste Reported,No RSEI Hazard,0
SUPERIOR STONE PRODUCTS INC.,49315SPRRS858BY,2024,26081014605,"24,243",27,21,0,76,30,49315,8580 BYRON COMMERCE DR,"BYRON CENTER, MI","KENT, MI",42.80826911,-85.67503288,Methyl methacrylate (80-62-6),325 Chemicals,325520 Adhesive Manufacturing,NA,No Releases Reported,0.00,0.00,0.00,0.00,No Waste Reported,No RSEI Hazard,0
SUPERIOR STONE PRODUCTS INC.,49315SPRRS858BY,2024,26081014605,"24,243",27,21,0,76,30,49315,8580 BYRON COMMERCE DR,"BYRON CENTER, MI","KENT, MI",42.80826911,-85.67503288,Styrene (100-42-5),325 Chemicals,325520 Adhesive Manufacturing,NA,No Releases Reported,0.00,0.00,0.00,0.00,No Waste Reported,No RSEI Hazard,0
SUPREME CASTING INC.,49127SPRMC3389L,2024,26021001500,"8,469",64,74,72,64,16,49127,3389 LINCO RD,"STEVENSVILLE, MI","BERRIEN, MI",41.98555195,-86.53412559,Copper compounds (N100),331 Primary Metals,331313 Alumina Refining and Primary Aluminum Production,SUPREME CASTING INC,No Releases Reported,0.00,0.00,0.00,0.00,"6,217.00",No RSEI Hazard,0
SUPREME CASTING INC.,49127SPRMC3389L,2024,26021001500,"8,469",64,74,72,64,16,49127,3389 LINCO RD,"STEVENSVILLE, MI","BERRIEN, MI",41.98555195,-86.53412559,Manganese compounds (N450),331 Primary Metals,331313 Alumina Refining and Primary Aluminum Production,SUPREME CASTING INC,No Releases Reported,0.00,0.00,0.00,0.00,777.00,No RSEI Hazard,0
SUPREME CASTING INC.,49127SPRMC3389L,2024,26021001500,"8,469",64,74,72,64,16,49127,3389 LINCO RD,"STEVENSVILLE, MI","BERRIEN, MI",41.98555195,-86.53412559,Nickel compounds (N495),331 Primary Metals,331313 Alumina Refining and Primary Aluminum Production,SUPREME CASTING INC,No Releases Reported,0.00,0.00,0.00,0.00,777.00,No RSEI Hazard,0
SUPREME CASTING INC.,49127SPRMC3389L,2024,26021001500,"8,469",64,74,72,64,16,49127,3389 LINCO RD,"STEVENSVILLE, MI","BERRIEN, MI",41.98555195,-86.53412559,Zinc compounds (N982),331 Primary Metals,331313 Alumina Refining and Primary Aluminum Production,SUPREME CASTING INC,No Releases Reported,0.00,0.00,0.00,0.00,"4,663.00",No RSEI Hazard,0
SUPREME MACHINED PRODUCTS,49456SPRMM18686,2024,26139020504,"17,731",14,98,0,0,51,49456,18686 172ND AVE,"SPRING LAKE, MI","OTTAWA, MI",43.10826264,-86.21305425,Chromium (7440-47-3),332 Fabricated Metals,332721 Precision Turned Product Manufacturing,NA,No Releases Reported,0.00,0.00,0.00,0.00,No Waste Reported,No RSEI Hazard,0
SUPREME MACHINED PRODUCTS,49456SPRMM18686,2024,26139020504,"17,731",14,98,0,0,51,49456,18686 172ND AVE,"SPRING LAKE, MI","OTTAWA, MI",43.10826264,-86.21305425,Manganese (7439-96-5),332 Fabricated Metals,332721 Precision Turned Product Manufacturing,NA,No Releases Reported,0.00,0.00,0.00,0.00,No Waste Reported,No RSEI Hazard,0
SUPREME MACHINED PRODUCTS,49456SPRMM18686,2024,26139020504,"17,731",14,98,0,0,51,49456,18686 172ND AVE,"SPRING LAKE, MI","OTTAWA, MI",43.10826264,-86.21305425,Nickel (7440-02-0),332 Fabricated Metals,332721 Precision Turned Product Manufacturing,NA,No Releases Reported,0.00,0.00,0.00,0.00,No Waste Reported,No RSEI Hazard,0
SYSTEMS CONTROL,49801SYSTM1809N,2024,26043950200,"10,799",26,81,53,0,20,49801,3201 E INDUSTRIAL DR,"IRON MOUNTAIN, MI","DICKINSON, MI",45.84400452,-88.04241663,Copper (7440-50-8),332 Fabricated Metals,332311 Prefabricated Metal Building and Component Manufacturing,HUBBELL INC,No Releases Reported,0.00,0.00,0.00,0.00,"6,256.00",No RSEI Hazard,0
SYSTEMS CONTROL,49801SYSTM1809N,2024,26043950200,"10,799",26,81,53,0,20,49801,3201 E INDUSTRIAL DR,"IRON MOUNTAIN, MI","DICKINSON, MI",45.84400452,-88.04241663,Manganese (7439-96-5),332 Fabricated Metals,332311 Prefabricated Metal Building and Component Manufacturing,HUBBELL INC,No Releases Reported,0.00,0.00,0.00,0.00,"33,686.00",No RSEI Hazard,0
TAC MANUFACTURING INC,49201TCMNF4111C,2024,26075005501,"20,523",0,14,40,58,13,49201,4111 COUNTY FARM RD,"JACKSON, MI","JACKSON, MI",42.2765017,-84.47494623,Lead (7439-92-1),336 Transportation Equipment,336320 Motor Vehicle Electrical and Electronic Equipment Manufacturing,TRAM INC,No Releases Reported,0.00,0.00,0.00,0.00,1.01,No RSEI Hazard,0
TAC MANUFACTURING INC,49201TCMNF4111C,2024,26075005501,"20,523",0,14,40,58,13,49201,4111 COUNTY FARM RD,"JACKSON, MI","JACKSON, MI",42.2765017,-84.47494623,Manganese (7439-96-5),336 Transportation Equipment,336320 Motor Vehicle Electrical and Electronic Equipment Manufacturing,TRAM INC,No Releases Reported,0.00,0.00,0.00,0.00,38.79,No RSEI Hazard,1
TAILOR WELDED BLANKS,48161TWBCR1600N,2024,26115831300,"14,762",21,55,63,0,51,48162,1600 NADEAU RD,"MONROE, MI","MONROE, MI",41.96424402,-83.34629785,Chromium (7440-47-3),332 Fabricated Metals,332999 All Other Miscellaneous Fabricated Metal Product Manufacturing,WORTHINGTON STEEL INC,No Releases Reported,0.00,0.00,0.00,0.00,No Waste Reported,No RSEI Hazard,0
TAILOR WELDED BLANKS,48187GRNFL7295H,2024,26163563300,"95,402",24,79,61,79,22,48187,7295 HAGGERTY RD,"CANTON, MI","WAYNE, MI",42.33878012,-83.44471049,Chromium (7440-47-3),336 Transportation Equipment,336370 Motor Vehicle Metal Stamping,WORTHINGTON STEEL INC,No Releases Reported,0.00,0.00,0.00,0.00,No Waste Reported,No RSEI Hazard,0
TAILOR WELDED BLANKS,48187GRNFL7295H,2024,26163563300,"95,402",24,79,61,79,22,48187,7295 HAGGERTY RD,"CANTON, MI","WAYNE, MI",42.33878012,-83.44471049,Lead (7439-92-1),336 Transportation Equipment,336370 Motor Vehicle Metal Stamping,WORTHINGTON STEEL INC,No Releases Reported,0.00,0.00,0.00,0.00,No Waste Reported,No RSEI Hazard,0
TAILOR WELDED BLANKS,48187GRNFL7295H,2024,26163563300,"95,402",24,79,61,79,22,48187,7295 HAGGERTY RD,"CANTON, MI","WAYNE, MI",42.33878012,-83.44471049,Manganese (7439-96-5),336 Transportation Equipment,336370 Motor Vehicle Metal Stamping,WORTHINGTON STEEL INC,No Releases Reported,0.00,0.00,0.00,0.00,No Waste Reported,No RSEI Hazard,0
TAILOR WELDED BLANKS,48187GRNFL7295H,2024,26163563300,"95,402",24,79,61,79,22,48187,7295 HAGGERTY RD,"CANTON, MI","WAYNE, MI",42.33878012,-83.44471049,Nickel (7440-02-0),336 Transportation Equipment,336370 Motor Vehicle Metal Stamping,WORTHINGTON STEEL INC,No Releases Reported,0.00,0.00,0.00,0.00,No Waste Reported,No RSEI Hazard,0
TAYLOR ENTRANCE SYSTEMS,48661TYLRB631NF,2024,26129950500,"4,041",50,72,82,0,49,48661,631 N FIRST ST,"WEST BRANCH, MI","OGEMAW, MI",44.28419214,-84.23599938,Diisocyanates (N120),332 Fabricated Metals,332321 Metal Window and Door Manufacturing,WAUSAU SUPPLY CO,No Releases Reported,0.00,0.00,0.00,0.00,No Waste Reported,No RSEI Hazard,0
TEMPERFORM CORP,48376TMPRF25425,2024,26125136601,"50,557",82,9,0,93,28,48376,25425 TRANS-X RD,"NOVI, MI","OAKLAND, MI",42.47535646,-83.47264901,Chromium (7440-47-3),331 Primary Metals,331513 Steel Foundries (except Investment),THE LAWTON STANDARD CO,No Releases Reported,0.00,0.00,0.00,0.00,No Waste Reported,No RSEI Hazard,0
TEMPERFORM CORP,48376TMPRF25425,2024,26125136601,"50,557",82,9,0,93,28,48376,25425 TRANS-X RD,"NOVI, MI","OAKLAND, MI",42.47535646,-83.47264901,Diisocyanates (N120),331 Primary Metals,331513 Steel Foundries (except Investment),THE LAWTON STANDARD CO,No Releases Reported,0.00,0.00,0.00,0.00,No Waste Reported,No RSEI Hazard,0
TEMPERFORM CORP,48376TMPRF25425,2024,26125136601,"50,557",82,9,0,93,28,48376,25425 TRANS-X RD,"NOVI, MI","OAKLAND, MI",42.47535646,-83.47264901,Nickel (7440-02-0),331 Primary Metals,331513 Steel Foundries (except Investment),THE LAWTON STANDARD CO,No Releases Reported,0.00,0.00,0.00,0.00,No Waste Reported,No RSEI Hazard,0
THE ANDERSONS INC. - LAINGSBURG,4884WTHNDR9542B,2024,-,-,-,-,-,-,-,48848,9542 BEARD RD,"LAINGSBURG, MI","SHIAWASSEE, MI",42.80485683,-84.34252295,Manganese compounds (N450),325 Chemicals,325998 All Other Miscellaneous Chemical Product and Preparation Manufacturing,THE ANDERSONS INC,No Releases Reported,0.00,0.00,0.00,0.00,No Waste Reported,No RSEI Hazard,0
THE ANDERSONS MARATHON HOLDINGS LLC - ALBION FACILITY,49224NDRSN2625B,2024,26025003600,"9,110",56,64,26,0,89,49224,26250 B DR N,"ALBION, MI","CALHOUN, MI",42.26143646,-84.79500403,Benzene (71-43-2),325 Chemicals,325193 Ethyl Alcohol Manufacturing,THE ANDERSONS INC,No Releases Reported,0.00,0.00,0.00,0.00,No Waste Reported,No RSEI Hazard,0
THE ANDERSONS MARATHON HOLDINGS LLC - ALBION FACILITY,49224NDRSN2625B,2024,26025003600,"9,110",56,64,26,0,89,49224,26250 B DR N,"ALBION, MI","CALHOUN, MI",42.26143646,-84.79500403,Ethylene glycol (107-21-1),325 Chemicals,325193 Ethyl Alcohol Manufacturing,THE ANDERSONS INC,No Releases Reported,0.00,0.00,0.00,0.00,No Waste Reported,No RSEI Hazard,0
THE DELFIELD CO,48858THDLF980SO,2024,26073940300,"20,825",31,81,59,0,43,48858,980 S ISABELLA RD,"MOUNT PLEASANT, MI","ISABELLA, MI",43.62652872,-84.74829505,Diisocyanates (N120),333 Machinery,333415 Air-Conditioning and Warm Air Heating Equipment and Commercial and Industrial Refrigeration..,THE DELFIELD CO,No Releases Reported,0.00,0.00,0.00,0.00,No Waste Reported,No RSEI Hazard,0
THE HILLSHIRE BRANDS CO,49464BLMRF83009,2024,26139022001,"4,282",53,28,0,66,30,49464,8300 96TH AVE,"ZEELAND, MI","OTTAWA, MI",42.9197795,-86.02217819,Hydrogen sulfide (2148878),311 Food,311612 Meat Processed from Carcasses,TYSON FOODS INC,No Releases Reported,0.00,0.00,0.00,0.00,"26,180.00",No RSEI Hazard,0
THE HILLSHIRE BRANDS CO,49464BLMRF83009,2024,26139022001,"4,282",53,28,0,66,30,49464,8300 96TH AVE,"ZEELAND, MI","OTTAWA, MI",42.9197795,-86.02217819,Nitric acid (7697-37-2),311 Food,311612 Meat Processed from Carcasses,TYSON FOODS INC,No Releases Reported,0.00,0.00,0.00,0.00,"40,925.00",No RSEI Hazard,0
THUMB TOOL & ENGINEERING,4841WTHMBT354LI,2024,26063951000,"4,666",0,83,65,60,61,48413,354 LIBERTY ST,"BAD AXE, MI","HURON, MI",43.79144162,-82.99603567,Ammonia (7664-41-7),333 Machinery,"333514 Special Die and Tool, Die Set, Jig, and Fixture Manufacturing",NA,No Releases Reported,0.00,0.00,0.00,0.00,No Waste Reported,No RSEI Hazard,0
TORCH SURFACE TECHNOLOGIES,48189TRCHS1781P,2024,26093744600,"15,782",67,29,77,0,28,48189,10781 PLAZA DR,"WHITMORE LAKE, MI","LIVINGSTON, MI",42.44548698,-83.76398018,N-Methyl-2-pyrrolidone (872-50-4),325 Chemicals,325611 Soap and Other Detergent Manufacturing,NA,No Releases Reported,0.00,0.00,0.00,0.00,No Waste Reported,No RSEI Hazard,0
TORCH SURFACE TECHNOLOGIES,48189TRCHS1781P,2024,26093744600,"15,782",67,29,77,0,28,48189,10781 PLAZA DR,"WHITMORE LAKE, MI","LIVINGSTON, MI",42.44548698,-83.76398018,Nitric acid (7697-37-2),325 Chemicals,325611 Soap and Other Detergent Manufacturing,NA,No Releases Reported,0.00,0.00,0.00,0.00,No Waste Reported,No RSEI Hazard,0
TORCH SURFACE TECHNOLOGIES,48189TRCHS1781P,2024,26093744600,"15,782",67,29,77,0,28,48189,10781 PLAZA DR,"WHITMORE LAKE, MI","LIVINGSTON, MI",42.44548698,-83.76398018,Sodium nitrite (7632-00-0),325 Chemicals,325611 Soap and Other Detergent Manufacturing,NA,No Releases Reported,0.00,0.00,0.00,0.00,No Waste Reported,No RSEI Hazard,0
TORCH SURFACE TECHNOLOGIES,48189TRCHS1781P,2024,26093744600,"15,782",67,29,77,0,28,48189,10781 PLAZA DR,"WHITMORE LAKE, MI","LIVINGSTON, MI",42.44548698,-83.76398018,Zinc compounds (N982),325 Chemicals,325611 Soap and Other Detergent Manufacturing,NA,No Releases Reported,0.00,0.00,0.00,0.00,No Waste Reported,No RSEI Hazard,0
TOWER AUTOMOTIVE OPERATIONS USA I LLC,48731TWRTM81DRE,2024,26063950600,"1,477",67,55,47,64,50,48731,81 DRETTMAN DR,"ELKTON, MI","HURON, MI",43.81620048,-83.1776236,Chromium (7440-47-3),336 Transportation Equipment,336370 Motor Vehicle Metal Stamping,AUTOKINITON US HOLDINGS INC,No Releases Reported,0.00,0.00,0.00,0.00,"1,481,610.00",No RSEI Hazard,0
TOWER AUTOMOTIVE OPERATIONS USA I LLC,48731TWRTM81DRE,2024,26063950600,"1,477",67,55,47,64,50,48731,81 DRETTMAN DR,"ELKTON, MI","HURON, MI",43.81620048,-83.1776236,Copper (7440-50-8),336 Transportation Equipment,336370 Motor Vehicle Metal Stamping,AUTOKINITON US HOLDINGS INC,No Releases Reported,0.00,0.00,0.00,0.00,"911,939.00",No RSEI Hazard,0
TOWER AUTOMOTIVE OPERATIONS USA I LLC,48731TWRTM81DRE,2024,26063950600,"1,477",67,55,47,64,50,48731,81 DRETTMAN DR,"ELKTON, MI","HURON, MI",43.81620048,-83.1776236,Lead (7439-92-1),336 Transportation Equipment,336370 Motor Vehicle Metal Stamping,AUTOKINITON US HOLDINGS INC,No Releases Reported,0.00,0.00,0.00,0.00,"159,398.00",No RSEI Hazard,0
TOWER AUTOMOTIVE OPERATIONS USA I LLC,48731TWRTM81DRE,2024,26063950600,"1,477",67,55,47,64,50,48731,81 DRETTMAN DR,"ELKTON, MI","HURON, MI",43.81620048,-83.1776236,Manganese (7439-96-5),336 Transportation Equipment,336370 Motor Vehicle Metal Stamping,AUTOKINITON US HOLDINGS INC,No Releases Reported,0.00,0.00,0.00,0.00,"930,284.00",No RSEI Hazard,0
TOWER AUTOMOTIVE OPERATIONS USA I LLC,48731TWRTM81DRE,2024,26063950600,"1,477",67,55,47,64,50,48731,81 DRETTMAN DR,"ELKTON, MI","HURON, MI",43.81620048,-83.1776236,Nickel (7440-02-0),336 Transportation Equipment,336370 Motor Vehicle Metal Stamping,AUTOKINITON US HOLDINGS INC,No Releases Reported,0.00,0.00,0.00,0.00,"1,469,696.00",No RSEI Hazard,0
TOWER AUTOMOTIVE OPERATIONS USA I LLC,48731TWRTM81DRE,2024,26063950600,"1,477",67,55,47,64,50,48731,81 DRETTMAN DR,"ELKTON, MI","HURON, MI",43.81620048,-83.1776236,Zinc compounds (N982),336 Transportation Equipment,336370 Motor Vehicle Metal Stamping,AUTOKINITON US HOLDINGS INC,No Releases Reported,0.00,0.00,0.00,0.00,15.00,No RSEI Hazard,0
TRAMEC SLOAN FLEET ENGINEERS DIV,49442FLTNG1800E,2024,26121000402,"53,818",32,25,94,0,82,49442,1800 E KEATING AVE,"MUSKEGON, MI","MUSKEGON, MI",43.21613595,-86.19811815,Chromium (7440-47-3),336 Transportation Equipment,336212 Truck Trailer Manufacturing,TRAMEC SLOAN LLC,No Releases Reported,0.00,0.00,0.00,0.00,No Waste Reported,No RSEI Hazard,0
TRANSFORM AUTOMOTIVE,4831WTRNSF726SC,2024,26099982002,"97,127",0,0,0,0,0,48312,7026 STERLING PONDS CT,"STERLING HEIGHTS, MI","MACOMB, MI",42.5407223,-83.03762981,Chromium (7440-47-3),336 Transportation Equipment,336370 Motor Vehicle Metal Stamping,NA,No Releases Reported,0.00,0.00,0.00,0.00,"14,022.00",No RSEI Hazard,0
TRAVERSE CITY LIGHT & POWER,4968WTRVRS1131H,2024,-,-,-,-,-,-,-,49686,1131 HASTINGS ST,"TRAVERSE CITY, MI","GRAND TRAVERSE, MI",44.74676947,-85.5927151,Lead (7439-92-1),2211 Electric Utilities,221122 Electric Power Distribution,NA,No Releases Reported,0.00,0.00,0.00,0.00,No Waste Reported,No RSEI Hazard,0
TRINSEO LLC-MI OPERATIONS,4866WSTYRN164BU,2024,26111290700,"31,609",34,73,38,77,47,48667,1604 BUILDING,"MIDLAND, MI","MIDLAND, MI",43.6095201,-84.2393991,Perfluorooctanoic acid (335-67-1),325 Chemicals,325211 Plastics Material and Resin Manufacturing,TRINSEO US HOLDING INC,No Releases Reported,0.00,0.00,0.00,0.00,1.43,No RSEI Hazard,1
TRMI INC,49015TKRKS100HI,2024,26025002600,"13,888",56,21,66,71,74,49037,100 HILL BRADY RD,"BATTLE CREEK, MI","CALHOUN, MI",42.33385612,-85.27609657,Copper (7440-50-8),336 Transportation Equipment,336320 Motor Vehicle Electrical and Electronic Equipment Manufacturing,TRAM INC,No Releases Reported,0.00,0.00,0.00,0.00,"24,493.00",No RSEI Hazard,0
TRMI INC,49015TKRKS100HI,2024,26025002600,"13,888",56,21,66,71,74,49037,100 HILL BRADY RD,"BATTLE CREEK, MI","CALHOUN, MI",42.33385612,-85.27609657,Lead (7439-92-1),336 Transportation Equipment,336320 Motor Vehicle Electrical and Electronic Equipment Manufacturing,TRAM INC,No Releases Reported,0.00,0.00,0.00,0.00,495.60,No RSEI Hazard,1
UFP LANSING LLC,48917QLTYW2509S,2024,26045020202,"51,494",78,95,85,0,12,48917,2509 SNOW RD,"LANSING, MI","EATON, MI",42.70739051,-84.62270097,Copper compounds (N100),321 Wood Products,321114 Wood Preservation,UFP INDUSTRIES INC,No Releases Reported,0.00,0.00,0.00,0.00,No Waste Reported,No RSEI Hazard,0
UNIVAR SOLUTIONS USA,48174CHMCN13395,2024,26163586300,"16,932",54,76,0,57,54,48174,13395 HURON RIVER DR,"ROMULUS, MI","WAYNE, MI",42.20712845,-83.4044377,n-Hexane (110-54-3),4246 Chemical Wholesalers,424690 Other Chemical and Allied Products Merchant Wholesalers,UNIVAR SOLUTIONS USA INC,No Releases Reported,0.00,0.00,0.00,0.00,No Waste Reported,No RSEI Hazard,0
UNIVAR SOLUTIONS USA,48174CHMCN13395,2024,26163586300,"16,932",54,76,0,57,54,48174,13395 HURON RIVER DR,"ROMULUS, MI","WAYNE, MI",42.20712845,-83.4044377,Naphthalene (91-20-3),4246 Chemical Wholesalers,424690 Other Chemical and Allied Products Merchant Wholesalers,UNIVAR SOLUTIONS USA INC,No Releases Reported,0.00,0.00,0.00,0.00,No Waste Reported,No RSEI Hazard,0
US STEEL CORP GREAT LAKES WORKS,48229GRTLKNO1QU,2024,26163987000,-,0,0,0,0,0,48229,1 QUALITY DR,"ECORSE, MI","WAYNE, MI",42.2562099,-83.13423533,Sodium nitrite (7632-00-0),331 Primary Metals,331110 Iron and Steel Mills and Ferroalloy Manufacturing,US STEEL CORP,No Releases Reported,0.00,0.00,0.00,0.00,"18,142.00",No RSEI Hazard,0
VAIL RUBBER WORKS INC,49085VLRBB521LA,2024,26021001000,"32,478",40,89,42,0,17,49085,521 LANGLEY AVE,"SAINT JOSEPH, MI","BERRIEN, MI",42.10241838,-86.47524997,"4,4'-Methylenebis(2-chloroaniline) (101-14-4)",326 Plastics and Rubber,326299 All Other Rubber Product Manufacturing,VAIL RUBBER WORKS INC,No Releases Reported,0.00,0.00,0.00,0.00,No Waste Reported,No RSEI Hazard,0
VICO PRODUCTS CO.,48170VCPRD41555,2024,26163562800,"77,805",73,61,28,0,15,48170,41555 ANN ARBOR RD,"PLYMOUTH, MI","WAYNE, MI",42.35913514,-83.44985247,Manganese (7439-96-5),332 Fabricated Metals,"332722 Bolt, Nut, Screw, Rivet, and Washer Manufacturing",NA,No Releases Reported,0.00,0.00,0.00,0.00,794.00,No RSEI Hazard,1
VIKING CORP,49058VKNGC21NIN,2024,26015011402,"10,775",32,95,65,0,54,49058,210 N INDUSTRIAL PARK DR,"HASTINGS, MI","BARRY, MI",42.64976325,-85.30321132,Copper (7440-50-8),332 Fabricated Metals,332999 All Other Miscellaneous Fabricated Metal Product Manufacturing,VIKING GROUP INC,No Releases Reported,0.00,0.00,0.00,0.00,"771,331.00",No RSEI Hazard,1
VIKING CORP,49058VKNGC21NIN,2024,26015011402,"10,775",32,95,65,0,54,49058,210 N INDUSTRIAL PARK DR,"HASTINGS, MI","BARRY, MI",42.64976325,-85.30321132,Nickel (7440-02-0),332 Fabricated Metals,332999 All Other Miscellaneous Fabricated Metal Product Manufacturing,VIKING GROUP INC,No Releases Reported,0.00,0.00,0.00,0.00,"34,328.00",No RSEI Hazard,1
WACKER CHEMICAL CORP,49221WCKRS3301S,2024,26091060701,"7,387",80,38,53,0,31,49221,3301 SUTTON RD,"ADRIAN, MI","LENAWEE, MI",41.94877475,-83.95996504,Toluene (108-88-3),325 Chemicals,325212 Synthetic Rubber Manufacturing,WACKER CHEMICAL CORP,No Releases Reported,0.00,0.00,0.00,0.00,7.00,No RSEI Hazard,0
WATERFRONT PETRO TERM-MILLER,4812WWTRFR171MI,2024,26163573501,"106,493",76,12,89,91,96,48120,1071 MILLER ROAD,"DEARBORN, MI","WAYNE, MI",42.29420815,-83.14373091,Ethylbenzene (100-41-4),4247 Petroleum Bulk Terminals,424710 Petroleum Bulk Stations and Terminals,WARNER PETROLEUM CORP,No Releases Reported,0.00,0.00,0.00,0.00,No Waste Reported,No RSEI Hazard,0
WEBASTO ROOF SYSTEMS INC. (NEW HUDSON),4816WWBSTR55111,2024,26125138600,-,34,13,0,65,0,48165,55111 GRAND RIVER AVE,"NEW HUDSON, MI","OAKLAND, MI",42.50689795,-83.59385926,Diisocyanates (N120),336 Transportation Equipment,336390 Other Motor Vehicle Parts Manufacturing,NA,No Releases Reported,0.00,0.00,0.00,0.00,"36,126.30",No RSEI Hazard,1
WEBB CHEMICAL SERVICE CORP,49444WBBCH2708J,2024,26121004300,"60,581",56,21,98,0,61,49444,2708 JARMAN,"MUSKEGON HEIGHTS, MI","MUSKEGON, MI",43.20207671,-86.23092135,"1,2,4-Trimethylbenzene (95-63-6)",4246 Chemical Wholesalers,424690 Other Chemical and Allied Products Merchant Wholesalers,NA,No Releases Reported,0.00,0.00,0.00,0.00,No Waste Reported,No RSEI Hazard,0
WEBB CHEMICAL SERVICE CORP,49444WBBCH2708J,2024,26121004300,"60,581",56,21,98,0,61,49444,2708 JARMAN,"MUSKEGON HEIGHTS, MI","MUSKEGON, MI",43.20207671,-86.23092135,Diethanolamine (111-42-2),4246 Chemical Wholesalers,424690 Other Chemical and Allied Products Merchant Wholesalers,NA,No Releases Reported,0.00,0.00,0.00,0.00,No Waste Reported,No RSEI Hazard,0
WEBB CHEMICAL SERVICE CORP,49444WBBCH2708J,2024,26121004300,"60,581",56,21,98,0,61,49444,2708 JARMAN,"MUSKEGON HEIGHTS, MI","MUSKEGON, MI",43.20207671,-86.23092135,Formic acid (64-18-6),4246 Chemical Wholesalers,424690 Other Chemical and Allied Products Merchant Wholesalers,NA,No Releases Reported,0.00,0.00,0.00,0.00,No Waste Reported,No RSEI Hazard,0
WEBB CHEMICAL SERVICE CORP,49444WBBCH2708J,2024,26121004300,"60,581",56,21,98,0,61,49444,2708 JARMAN,"MUSKEGON HEIGHTS, MI","MUSKEGON, MI",43.20207671,-86.23092135,Methyl isobutyl ketone (108-10-1),4246 Chemical Wholesalers,424690 Other Chemical and Allied Products Merchant Wholesalers,NA,No Releases Reported,0.00,0.00,0.00,0.00,No Waste Reported,No RSEI Hazard,0
WEBB CHEMICAL SERVICE CORP,49444WBBCH2708J,2024,26121004300,"60,581",56,21,98,0,61,49444,2708 JARMAN,"MUSKEGON HEIGHTS, MI","MUSKEGON, MI",43.20207671,-86.23092135,n-Butyl alcohol (71-36-3),4246 Chemical Wholesalers,424690 Other Chemical and Allied Products Merchant Wholesalers,NA,No Releases Reported,0.00,0.00,0.00,0.00,No Waste Reported,No RSEI Hazard,0
WEBB CHEMICAL SERVICE CORP,49444WBBCH2708J,2024,26121004300,"60,581",56,21,98,0,61,49444,2708 JARMAN,"MUSKEGON HEIGHTS, MI","MUSKEGON, MI",43.20207671,-86.23092135,n-Hexane (110-54-3),4246 Chemical Wholesalers,424690 Other Chemical and Allied Products Merchant Wholesalers,NA,No Releases Reported,0.00,0.00,0.00,0.00,No Waste Reported,No RSEI Hazard,0
WEBB CHEMICAL SERVICE CORP,49444WBBCH2708J,2024,26121004300,"60,581",56,21,98,0,61,49444,2708 JARMAN,"MUSKEGON HEIGHTS, MI","MUSKEGON, MI",43.20207671,-86.23092135,N-Methyl-2-pyrrolidone (872-50-4),4246 Chemical Wholesalers,424690 Other Chemical and Allied Products Merchant Wholesalers,NA,No Releases Reported,0.00,0.00,0.00,0.00,No Waste Reported,No RSEI Hazard,0
WEBB CHEMICAL SERVICE CORP,49444WBBCH2708J,2024,26121004300,"60,581",56,21,98,0,61,49444,2708 JARMAN,"MUSKEGON HEIGHTS, MI","MUSKEGON, MI",43.20207671,-86.23092135,Naphthalene (91-20-3),4246 Chemical Wholesalers,424690 Other Chemical and Allied Products Merchant Wholesalers,NA,No Releases Reported,0.00,0.00,0.00,0.00,No Waste Reported,No RSEI Hazard,0
WEBB CHEMICAL SERVICE CORP,49444WBBCH2708J,2024,26121004300,"60,581",56,21,98,0,61,49444,2708 JARMAN,"MUSKEGON HEIGHTS, MI","MUSKEGON, MI",43.20207671,-86.23092135,Nonylphenol Ethoxylates (N535),4246 Chemical Wholesalers,424690 Other Chemical and Allied Products Merchant Wholesalers,NA,No Releases Reported,0.00,0.00,0.00,0.00,No Waste Reported,No RSEI Hazard,0
WEBB CHEMICAL SERVICE CORP,49444WBBCH2708J,2024,26121004300,"60,581",56,21,98,0,61,49444,2708 JARMAN,"MUSKEGON HEIGHTS, MI","MUSKEGON, MI",43.20207671,-86.23092135,tert-Butyl alcohol (75-65-0),4246 Chemical Wholesalers,424690 Other Chemical and Allied Products Merchant Wholesalers,NA,No Releases Reported,0.00,0.00,0.00,0.00,No Waste Reported,No RSEI Hazard,0
WIELAND NATIONAL BRONZE,4806WWLNDN287HA,2024,26099255500,-,44,65,97,0,62,48066,28070 HAYES RD,"ROSEVILLE, MI","MACOMB, MI",42.50233225,-82.9678996,Copper compounds (N100),332 Fabricated Metals,332710 Machine Shops,WIELAND HOLDINGS INC,No Releases Reported,0.00,0.00,0.00,0.00,"220,709.37",No RSEI Hazard,2
WIELAND NATIONAL BRONZE,4806WWLNDN287HA,2024,26099255500,-,44,65,97,0,62,48066,28070 HAYES RD,"ROSEVILLE, MI","MACOMB, MI",42.50233225,-82.9678996,Lead (7439-92-1),332 Fabricated Metals,332710 Machine Shops,WIELAND HOLDINGS INC,No Releases Reported,0.00,0.00,0.00,0.00,"13,317.36",No RSEI Hazard,0
WOLVERINE BRONZE CO,48066WLVRN28178,2024,26099255500,"137,953",44,65,97,0,62,48066,28178 HAYES RD,"ROSEVILLE, MI","MACOMB, MI",42.50408003,-82.96798208,Diisocyanates (N120),331 Primary Metals,331524 Aluminum Foundries (except Die-Casting),NA,No Releases Reported,0.00,0.00,0.00,0.00,No Waste Reported,No RSEI Hazard,0
WOODBRIDGE CORP,48174WDBRD15573,2024,26163586300,"11,209",54,76,0,57,54,48174,15573 OAKWOOD DR,"ROMULUS, MI","WAYNE, MI",42.18775131,-83.39113065,Diethanolamine (111-42-2),326 Plastics and Rubber,326150 Urethane and Other Foam Product (except Polystyrene) Manufacturing,WOODBRIDGE HOLDINGS INC,No Releases Reported,0.00,0.00,0.00,0.00,No Waste Reported,No RSEI Hazard,0
WOODBRIDGE CORP,48174WDBRD15573,2024,26163586300,"11,209",54,76,0,57,54,48174,15573 OAKWOOD DR,"ROMULUS, MI","WAYNE, MI",42.18775131,-83.39113065,Toluene diisocyanate (mixed isomers) (26471-62-5),326 Plastics and Rubber,326150 Urethane and Other Foam Product (except Polystyrene) Manufacturing,WOODBRIDGE HOLDINGS INC,No Releases Reported,0.00,0.00,0.00,0.00,No Waste Reported,No RSEI Hazard,0
XALT ENERGY LLC,4864WDWKKM27SUT,2024,26111290600,"29,962",74,14,85,0,68,48640,2700 SOUTH SAGINAW ROAD,"MIDLAND, MI","MIDLAND, MI",43.60792532,-84.20824713,Cobalt compounds (N096),335 Electrical Equipment,335910 Battery Manufacturing,NA,No Releases Reported,0.00,0.00,0.00,0.00,"24,421.00",No RSEI Hazard,0
XALT ENERGY LLC,4864WDWKKM27SUT,2024,26111290600,"29,962",74,14,85,0,68,48640,2700 SOUTH SAGINAW ROAD,"MIDLAND, MI","MIDLAND, MI",43.60792532,-84.20824713,Copper (7440-50-8),335 Electrical Equipment,335910 Battery Manufacturing,NA,No Releases Reported,0.00,0.00,0.00,0.00,"133,128.00",No RSEI Hazard,0
XALT ENERGY LLC,4864WDWKKM27SUT,2024,26111290600,"29,962",74,14,85,0,68,48640,2700 SOUTH SAGINAW ROAD,"MIDLAND, MI","MIDLAND, MI",43.60792532,-84.20824713,Manganese compounds (N450),335 Electrical Equipment,335910 Battery Manufacturing,NA,No Releases Reported,0.00,0.00,0.00,0.00,"24,450.00",No RSEI Hazard,0
XALT ENERGY LLC,4864WDWKKM27SUT,2024,26111290600,"29,962",74,14,85,0,68,48640,2700 SOUTH SAGINAW ROAD,"MIDLAND, MI","MIDLAND, MI",43.60792532,-84.20824713,Nickel compounds (N495),335 Electrical Equipment,335910 Battery Manufacturing,NA,No Releases Reported,0.00,0.00,0.00,0.00,"27,491.00",No RSEI Hazard,0
ZF,48430KLSYH9475C,2024,26093710300,"6,442",38,56,29,58,23,48430,9475 CENTER RD,"FENTON, MI","LIVINGSTON, MI",42.73697108,-83.76842616,Copper (7440-50-8),332 Fabricated Metals,332999 All Other Miscellaneous Fabricated Metal Product Manufacturing,ZF NORTH AMERICA INC,No Releases Reported,0.00,0.00,0.00,0.00,"1,159.00",No RSEI Hazard,0
ZF,48430KLSYH9475C,2024,26093710300,"6,442",38,56,29,58,23,48430,9475 CENTER RD,"FENTON, MI","LIVINGSTON, MI",42.73697108,-83.76842616,Lead (7439-92-1),332 Fabricated Metals,332999 All Other Miscellaneous Fabricated Metal Product Manufacturing,ZF NORTH AMERICA INC,No Releases Reported,0.00,0.00,0.00,0.00,32.00,No RSEI Hazard,0
